evidence_id,candidate_id,job_id,skill_id,evidence_type,source_document,source_text,evidence_strength,confidence_score,created_at
EV00001,CAN001,,SKILL_151,assessment,assessment,Completed Vendor Management coding challenge with above-average performance.,weak,0.61,2026-09-15T10:00:00
EV00002,CAN001,,SKILL_090,interview,interview,Demonstrated strong Brand Management knowledge during technical interview.,strong,0.68,2026-09-15T10:00:00
EV00003,CAN001,,SKILL_030,interview,interview,Answered MongoDB related questions with practical examples.,strong,0.56,2026-09-15T10:00:00
EV00004,CAN001,,SKILL_093,assessment,assessment,Scored 87% in Compensation and Benefits assessment test.,strong,0.77,2026-09-15T10:00:00
EV00005,CAN001,,SKILL_065,assessment,assessment,Completed Kanban coding challenge with above-average performance.,strong,0.67,2026-09-15T10:00:00
EV00006,CAN002,,SKILL_110,certification,certification,Holds System Administration certification from recognized institution.,strong,0.9,2026-09-15T10:00:00
EV00007,CAN002,,SKILL_134,project,project,Created Apache Airflow-based microservices serving 10K+ requests/sec.,weak,0.43,2026-09-15T10:00:00
EV00008,CAN002,,SKILL_009,assessment,assessment,Completed PHP coding challenge with above-average performance.,strong,0.59,2026-09-15T10:00:00
EV00009,CAN002,,SKILL_105,assessment,assessment,Completed Figma coding challenge with above-average performance.,strong,0.82,2026-09-15T10:00:00
EV00010,CAN002,,SKILL_027,assessment,assessment,Completed SQL coding challenge with above-average performance.,strong,0.87,2026-09-15T10:00:00
EV00011,CAN002,,SKILL_081,interview,interview,Answered Accounting related questions with practical examples.,strong,0.49,2026-09-15T10:00:00
EV00012,CAN002,,SKILL_083,interview,interview,Answered Market Analysis related questions with practical examples.,weak,0.52,2026-09-15T10:00:00
EV00013,CAN002,,SKILL_048,interview,interview,Answered Computer Vision related questions with practical examples.,moderate,0.36,2026-09-15T10:00:00
EV00014,CAN003,,SKILL_141,interview,interview,Answered Augmented Reality related questions with practical examples.,moderate,0.53,2026-09-15T10:00:00
EV00015,CAN003,,SKILL_121,project,project,Developed data pipeline using Selenium processing 1M+ records daily.,weak,0.31,2026-09-15T10:00:00
EV00016,CAN003,,SKILL_122,resume,resume,Listed Performance Testing as key skill in resume.,weak,0.42,2026-09-15T10:00:00
EV00017,CAN003,,SKILL_124,assessment,assessment,Completed Android Development coding challenge with above-average performance.,strong,0.8,2026-09-15T10:00:00
EV00018,CAN004,,SKILL_042,certification,certification,Completed advanced Terraform certification course.,moderate,0.59,2026-09-15T10:00:00
EV00019,CAN004,,SKILL_058,project,project,Created Cybersecurity-based microservices serving 10K+ requests/sec.,weak,0.7,2026-09-15T10:00:00
EV00020,CAN004,,SKILL_044,project,project,Built REST APIs using Ansible for an e-commerce platform.,weak,0.52,2026-09-15T10:00:00
EV00021,CAN004,,SKILL_072,project,project,Built REST APIs using Teamwork for an e-commerce platform.,moderate,0.54,2026-09-15T10:00:00
EV00022,CAN004,,SKILL_153,project,project,Implemented Strategic Planning solution for real-time analytics dashboard.,weak,0.59,2026-09-15T10:00:00
EV00023,CAN004,,SKILL_144,interview,interview,Answered Customer Relationship Management related questions with practical examples.,weak,0.76,2026-09-15T10:00:00
EV00024,CAN004,,SKILL_136,resume,resume,Listed Google Analytics as key skill in resume.,moderate,0.85,2026-09-15T10:00:00
EV00025,CAN004,,SKILL_127,project,project,Built REST APIs using Git/Version Control for an e-commerce platform.,moderate,0.49,2026-09-15T10:00:00
EV00026,CAN005,,SKILL_004,assessment,assessment,Completed TypeScript coding challenge with above-average performance.,moderate,0.88,2026-09-15T10:00:00
EV00027,CAN005,,SKILL_126,interview,interview,Demonstrated strong React Native knowledge during technical interview.,strong,0.84,2026-09-15T10:00:00
EV00028,CAN005,,SKILL_079,project,project,Developed data pipeline using Mentoring processing 1M+ records daily.,moderate,0.57,2026-09-15T10:00:00
EV00029,CAN005,,SKILL_083,assessment,assessment,Completed Market Analysis coding challenge with above-average performance.,weak,0.84,2026-09-15T10:00:00
EV00030,CAN005,,SKILL_028,assessment,assessment,Completed PostgreSQL coding challenge with above-average performance.,moderate,0.79,2026-09-15T10:00:00
EV00031,CAN006,,SKILL_139,interview,interview,Answered Blockchain related questions with practical examples.,moderate,0.82,2026-09-15T10:00:00
EV00032,CAN006,,SKILL_032,assessment,assessment,Scored 77% in Elasticsearch assessment test.,strong,0.7,2026-09-15T10:00:00
EV00033,CAN006,,SKILL_088,resume,resume,Mentioned SEO/SEM in resume with 3 years experience.,weak,0.34,2026-09-15T10:00:00
EV00034,CAN006,,SKILL_132,interview,interview,Demonstrated strong Data Warehousing knowledge during technical interview.,weak,0.82,2026-09-15T10:00:00
EV00035,CAN007,,SKILL_058,project,project,Created Cybersecurity-based microservices serving 10K+ requests/sec.,strong,0.36,2026-09-15T10:00:00
EV00036,CAN007,,SKILL_077,project,project,Developed data pipeline using Negotiation processing 1M+ records daily.,weak,0.57,2026-09-15T10:00:00
EV00037,CAN007,,SKILL_053,project,project,Created Pandas-based microservices serving 10K+ requests/sec.,moderate,0.84,2026-09-15T10:00:00
EV00038,CAN007,,SKILL_152,certification,certification,Completed advanced Stakeholder Management certification course.,weak,0.8,2026-09-15T10:00:00
EV00039,CAN008,,SKILL_150,interview,interview,Demonstrated strong Compliance Management knowledge during technical interview.,moderate,0.75,2026-09-15T10:00:00
EV00040,CAN008,,SKILL_074,project,project,Developed data pipeline using Critical Thinking processing 1M+ records daily.,weak,0.7,2026-09-15T10:00:00
EV00041,CAN008,,SKILL_125,project,project,Developed data pipeline using iOS Development processing 1M+ records daily.,weak,0.8,2026-09-15T10:00:00
EV00042,CAN008,,SKILL_082,project,project,Built REST APIs using Budgeting for an e-commerce platform.,strong,0.7,2026-09-15T10:00:00
EV00043,CAN008,,SKILL_105,interview,interview,Answered Figma related questions with practical examples.,weak,0.47,2026-09-15T10:00:00
EV00044,CAN008,,SKILL_088,interview,interview,Demonstrated strong SEO/SEM knowledge during technical interview.,weak,0.46,2026-09-15T10:00:00
EV00045,CAN008,,SKILL_081,assessment,assessment,Scored 91% in Accounting assessment test.,weak,0.85,2026-09-15T10:00:00
EV00046,CAN009,,SKILL_153,assessment,assessment,Scored 67% in Strategic Planning assessment test.,strong,1.0,2026-09-15T10:00:00
EV00047,CAN009,,SKILL_108,certification,certification,Completed advanced User Research certification course.,weak,0.54,2026-09-15T10:00:00
EV00048,CAN009,,SKILL_014,resume,resume,Mentioned R in resume with 5 years experience.,strong,0.39,2026-09-15T10:00:00
EV00049,CAN009,,SKILL_154,project,project,Created Business Process Automation-based microservices serving 10K+ requests/sec.,moderate,0.58,2026-09-15T10:00:00
EV00050,CAN009,,SKILL_150,assessment,assessment,Completed Compliance Management coding challenge with above-average performance.,moderate,0.66,2026-09-15T10:00:00
EV00051,CAN009,,SKILL_086,certification,certification,Completed advanced Salesforce certification course.,strong,0.79,2026-09-15T10:00:00
EV00052,CAN010,,SKILL_123,certification,certification,Completed advanced Test Automation certification course.,moderate,0.66,2026-09-15T10:00:00
EV00053,CAN010,,SKILL_008,assessment,assessment,Completed Rust coding challenge with above-average performance.,moderate,0.95,2026-09-15T10:00:00
EV00054,CAN010,,SKILL_002,certification,certification,Holds Java certification from recognized institution.,moderate,0.93,2026-09-15T10:00:00
EV00055,CAN010,,SKILL_067,assessment,assessment,Scored 87% in Project Management assessment test.,weak,0.91,2026-09-15T10:00:00
EV00056,CAN011,,SKILL_006,assessment,assessment,Scored 95% in C# assessment test.,moderate,0.75,2026-09-15T10:00:00
EV00057,CAN011,,SKILL_014,project,project,Developed data pipeline using R processing 1M+ records daily.,strong,0.81,2026-09-15T10:00:00
EV00058,CAN011,,SKILL_105,resume,resume,Mentioned Figma in resume with 1 years experience.,weak,0.53,2026-09-15T10:00:00
EV00059,CAN011,,SKILL_072,certification,certification,Holds Teamwork certification from recognized institution.,weak,0.95,2026-09-15T10:00:00
EV00060,CAN011,,SKILL_115,interview,interview,Demonstrated strong System Design knowledge during technical interview.,strong,0.41,2026-09-15T10:00:00
EV00061,CAN011,,SKILL_102,resume,resume,Listed Six Sigma as key skill in resume.,moderate,0.76,2026-09-15T10:00:00
EV00062,CAN012,,SKILL_035,resume,resume,Mentioned Amazon DynamoDB in resume with 4 years experience.,strong,0.58,2026-09-15T10:00:00
EV00063,CAN012,,SKILL_122,resume,resume,Listed Performance Testing as key skill in resume.,strong,0.32,2026-09-15T10:00:00
EV00064,CAN012,,SKILL_026,resume,resume,Listed GraphQL as key skill in resume.,weak,0.46,2026-09-15T10:00:00
EV00065,CAN012,,SKILL_145,interview,interview,Demonstrated strong Active Listening knowledge during technical interview.,strong,0.78,2026-09-15T10:00:00
EV00066,CAN012,,SKILL_096,assessment,assessment,Scored 60% in HR Analytics assessment test.,moderate,0.7,2026-09-15T10:00:00
EV00067,CAN012,,SKILL_044,interview,interview,Demonstrated strong Ansible knowledge during technical interview.,moderate,0.85,2026-09-15T10:00:00
EV00068,CAN013,,SKILL_115,resume,resume,Listed System Design as key skill in resume.,strong,0.32,2026-09-15T10:00:00
EV00069,CAN013,,SKILL_015,interview,interview,Answered HTML/CSS related questions with practical examples.,moderate,0.57,2026-09-15T10:00:00
EV00070,CAN013,,SKILL_007,assessment,assessment,Completed Go coding challenge with above-average performance.,weak,0.78,2026-09-15T10:00:00
EV00071,CAN013,,SKILL_119,project,project,Created Unit Testing-based microservices serving 10K+ requests/sec.,moderate,0.55,2026-09-15T10:00:00
EV00072,CAN013,,SKILL_120,assessment,assessment,Scored 88% in Integration Testing assessment test.,strong,0.71,2026-09-15T10:00:00
EV00073,CAN014,,SKILL_052,project,project,Implemented PyTorch solution for real-time analytics dashboard.,moderate,0.35,2026-09-15T10:00:00
EV00074,CAN014,,SKILL_025,assessment,assessment,Scored 68% in REST API Design assessment test.,weak,0.95,2026-09-15T10:00:00
EV00075,CAN014,,SKILL_016,interview,interview,Demonstrated strong React knowledge during technical interview.,moderate,0.48,2026-09-15T10:00:00
EV00076,CAN014,,SKILL_069,interview,interview,Demonstrated strong Product Management knowledge during technical interview.,strong,0.4,2026-09-15T10:00:00
EV00077,CAN014,,SKILL_150,interview,interview,Demonstrated strong Compliance Management knowledge during technical interview.,weak,0.67,2026-09-15T10:00:00
EV00078,CAN015,,SKILL_093,interview,interview,Demonstrated strong Compensation and Benefits knowledge during technical interview.,strong,0.79,2026-09-15T10:00:00
EV00079,CAN015,,SKILL_155,interview,interview,Demonstrated strong Data Visualization knowledge during technical interview.,strong,0.33,2026-09-15T10:00:00
EV00080,CAN015,,SKILL_065,assessment,assessment,Completed Kanban coding challenge with above-average performance.,moderate,0.63,2026-09-15T10:00:00
EV00081,CAN015,,SKILL_107,project,project,Built REST APIs using Prototyping for an e-commerce platform.,weak,0.57,2026-09-15T10:00:00
EV00082,CAN015,,SKILL_122,certification,certification,Completed advanced Performance Testing certification course.,strong,0.96,2026-09-15T10:00:00
EV00083,CAN016,,SKILL_066,certification,certification,Completed advanced Waterfall certification course.,weak,0.88,2026-09-15T10:00:00
EV00084,CAN016,,SKILL_149,project,project,Developed data pipeline using Risk Management processing 1M+ records daily.,strong,0.48,2026-09-15T10:00:00
EV00085,CAN016,,SKILL_035,interview,interview,Answered Amazon DynamoDB related questions with practical examples.,moderate,0.5,2026-09-15T10:00:00
EV00086,CAN016,,SKILL_005,assessment,assessment,Completed C++ coding challenge with above-average performance.,moderate,0.73,2026-09-15T10:00:00
EV00087,CAN016,,SKILL_107,certification,certification,Completed advanced Prototyping certification course.,strong,0.77,2026-09-15T10:00:00
EV00088,CAN016,,SKILL_133,assessment,assessment,Scored 61% in Apache Kafka assessment test.,moderate,0.5,2026-09-15T10:00:00
EV00089,CAN016,,SKILL_135,resume,resume,Resume highlights Data Modeling expertise in multiple projects.,strong,0.38,2026-09-15T10:00:00
EV00090,CAN017,,SKILL_093,certification,certification,Holds Compensation and Benefits certification from recognized institution.,moderate,0.61,2026-09-15T10:00:00
EV00091,CAN017,,SKILL_035,certification,certification,Completed advanced Amazon DynamoDB certification course.,moderate,0.76,2026-09-15T10:00:00
EV00092,CAN017,,SKILL_066,resume,resume,Mentioned Waterfall in resume with 3 years experience.,strong,0.39,2026-09-15T10:00:00
EV00093,CAN017,,SKILL_078,certification,certification,Holds Conflict Resolution certification from recognized institution.,moderate,0.95,2026-09-15T10:00:00
EV00094,CAN017,,SKILL_034,assessment,assessment,Scored 71% in Apache Cassandra assessment test.,strong,0.62,2026-09-15T10:00:00
EV00095,CAN017,,SKILL_025,certification,certification,Holds REST API Design certification from recognized institution.,moderate,0.66,2026-09-15T10:00:00
EV00096,CAN017,,SKILL_155,resume,resume,Mentioned Data Visualization in resume with 2 years experience.,strong,0.58,2026-09-15T10:00:00
EV00097,CAN018,,SKILL_001,resume,resume,Mentioned Python in resume with 3 years experience.,moderate,0.64,2026-09-15T10:00:00
EV00098,CAN018,,SKILL_037,resume,resume,Resume highlights Microsoft Azure expertise in multiple projects.,moderate,0.74,2026-09-15T10:00:00
EV00099,CAN018,,SKILL_119,project,project,Built REST APIs using Unit Testing for an e-commerce platform.,weak,0.79,2026-09-15T10:00:00
EV00100,CAN018,,SKILL_024,interview,interview,Answered .NET Framework related questions with practical examples.,strong,0.35,2026-09-15T10:00:00
EV00101,CAN018,,SKILL_117,resume,resume,Mentioned High Availability Architecture in resume with 4 years experience.,weak,0.59,2026-09-15T10:00:00
EV00102,CAN018,,SKILL_144,interview,interview,Answered Customer Relationship Management related questions with practical examples.,moderate,0.59,2026-09-15T10:00:00
EV00103,CAN018,,SKILL_110,assessment,assessment,Completed System Administration coding challenge with above-average performance.,moderate,0.67,2026-09-15T10:00:00
EV00104,CAN019,,SKILL_027,assessment,assessment,Scored 66% in SQL assessment test.,strong,0.8,2026-09-15T10:00:00
EV00105,CAN019,,SKILL_038,project,project,Developed data pipeline using Google Cloud Platform processing 1M+ records daily.,moderate,0.64,2026-09-15T10:00:00
EV00106,CAN019,,SKILL_035,interview,interview,Demonstrated strong Amazon DynamoDB knowledge during technical interview.,moderate,0.49,2026-09-15T10:00:00
EV00107,CAN019,,SKILL_041,certification,certification,Holds CI/CD Pipelines certification from recognized institution.,moderate,0.64,2026-09-15T10:00:00
EV00108,CAN019,,SKILL_149,project,project,Built REST APIs using Risk Management for an e-commerce platform.,moderate,0.4,2026-09-15T10:00:00
EV00109,CAN019,,SKILL_069,resume,resume,Resume highlights Product Management expertise in multiple projects.,moderate,0.39,2026-09-15T10:00:00
EV00110,CAN019,,SKILL_075,project,project,Built REST APIs using Time Management for an e-commerce platform.,strong,0.71,2026-09-15T10:00:00
EV00111,CAN020,,SKILL_059,resume,resume,Mentioned Network Security in resume with 2 years experience.,strong,0.36,2026-09-15T10:00:00
EV00112,CAN020,,SKILL_078,resume,resume,Resume highlights Conflict Resolution expertise in multiple projects.,moderate,0.69,2026-09-15T10:00:00
EV00113,CAN020,,SKILL_101,assessment,assessment,Scored 87% in Process Improvement assessment test.,strong,0.81,2026-09-15T10:00:00
EV00114,CAN020,,SKILL_077,resume,resume,Listed Negotiation as key skill in resume.,moderate,0.71,2026-09-15T10:00:00
EV00115,CAN021,,SKILL_110,resume,resume,Listed System Administration as key skill in resume.,moderate,0.53,2026-09-15T10:00:00
EV00116,CAN021,,SKILL_137,certification,certification,Holds A/B Testing certification from recognized institution.,strong,0.54,2026-09-15T10:00:00
EV00117,CAN021,,SKILL_049,project,project,Developed data pipeline using Data Analysis processing 1M+ records daily.,strong,0.33,2026-09-15T10:00:00
EV00118,CAN021,,SKILL_152,certification,certification,Holds Stakeholder Management certification from recognized institution.,strong,0.6,2026-09-15T10:00:00
EV00119,CAN021,,SKILL_111,project,project,Developed data pipeline using Linux processing 1M+ records daily.,strong,0.71,2026-09-15T10:00:00
EV00120,CAN021,,SKILL_106,assessment,assessment,Completed Adobe Creative Suite coding challenge with above-average performance.,moderate,0.7,2026-09-15T10:00:00
EV00121,CAN021,,SKILL_052,project,project,Built REST APIs using PyTorch for an e-commerce platform.,moderate,0.55,2026-09-15T10:00:00
EV00122,CAN021,,SKILL_088,resume,resume,Mentioned SEO/SEM in resume with 5 years experience.,moderate,0.73,2026-09-15T10:00:00
EV00123,CAN022,,SKILL_038,project,project,Created Google Cloud Platform-based microservices serving 10K+ requests/sec.,strong,0.66,2026-09-15T10:00:00
EV00124,CAN022,,SKILL_083,resume,resume,Mentioned Market Analysis in resume with 2 years experience.,weak,0.74,2026-09-15T10:00:00
EV00125,CAN022,,SKILL_012,assessment,assessment,Scored 87% in Swift assessment test.,strong,0.83,2026-09-15T10:00:00
EV00126,CAN022,,SKILL_018,project,project,Developed data pipeline using Vue.js processing 1M+ records daily.,strong,0.51,2026-09-15T10:00:00
EV00127,CAN022,,SKILL_110,resume,resume,Listed System Administration as key skill in resume.,weak,0.78,2026-09-15T10:00:00
EV00128,CAN022,,SKILL_025,resume,resume,Resume highlights REST API Design expertise in multiple projects.,strong,0.62,2026-09-15T10:00:00
EV00129,CAN022,,SKILL_104,interview,interview,Demonstrated strong UI/UX Design knowledge during technical interview.,weak,0.5,2026-09-15T10:00:00
EV00130,CAN023,,SKILL_123,certification,certification,Holds Test Automation certification from recognized institution.,strong,0.63,2026-09-15T10:00:00
EV00131,CAN023,,SKILL_116,project,project,Implemented Distributed Systems solution for real-time analytics dashboard.,moderate,0.59,2026-09-15T10:00:00
EV00132,CAN023,,SKILL_020,interview,interview,Demonstrated strong Django knowledge during technical interview.,strong,0.32,2026-09-15T10:00:00
EV00133,CAN023,,SKILL_070,project,project,Developed data pipeline using Communication processing 1M+ records daily.,moderate,0.84,2026-09-15T10:00:00
EV00134,CAN024,,SKILL_035,project,project,Created Amazon DynamoDB-based microservices serving 10K+ requests/sec.,moderate,0.72,2026-09-15T10:00:00
EV00135,CAN024,,SKILL_094,assessment,assessment,Scored 66% in Performance Management assessment test.,weak,0.6,2026-09-15T10:00:00
EV00136,CAN024,,SKILL_130,resume,resume,Listed API Gateway Management as key skill in resume.,moderate,0.72,2026-09-15T10:00:00
EV00137,CAN024,,SKILL_036,certification,certification,Holds AWS certification from recognized institution.,weak,0.6,2026-09-15T10:00:00
EV00138,CAN024,,SKILL_072,interview,interview,Answered Teamwork related questions with practical examples.,moderate,0.54,2026-09-15T10:00:00
EV00139,CAN024,,SKILL_102,project,project,Created Six Sigma-based microservices serving 10K+ requests/sec.,moderate,0.39,2026-09-15T10:00:00
EV00140,CAN024,,SKILL_146,project,project,Developed data pipeline using Empathy processing 1M+ records daily.,moderate,0.6,2026-09-15T10:00:00
EV00141,CAN024,,SKILL_076,interview,interview,Answered Presentation Skills related questions with practical examples.,moderate,0.52,2026-09-15T10:00:00
EV00142,CAN025,,SKILL_077,certification,certification,Completed advanced Negotiation certification course.,strong,0.87,2026-09-15T10:00:00
EV00143,CAN025,,SKILL_027,certification,certification,Holds SQL certification from recognized institution.,strong,0.92,2026-09-15T10:00:00
EV00144,CAN025,,SKILL_015,interview,interview,Answered HTML/CSS related questions with practical examples.,moderate,0.66,2026-09-15T10:00:00
EV00145,CAN025,,SKILL_014,certification,certification,Holds R certification from recognized institution.,strong,0.62,2026-09-15T10:00:00
EV00146,CAN025,,SKILL_004,project,project,Implemented TypeScript solution for real-time analytics dashboard.,strong,0.35,2026-09-15T10:00:00
EV00147,CAN026,,SKILL_138,certification,certification,Completed advanced Mixpanel certification course.,weak,0.66,2026-09-15T10:00:00
EV00148,CAN026,,SKILL_027,resume,resume,Resume highlights SQL expertise in multiple projects.,weak,0.64,2026-09-15T10:00:00
EV00149,CAN026,,SKILL_060,interview,interview,Answered Penetration Testing related questions with practical examples.,strong,0.53,2026-09-15T10:00:00
EV00150,CAN026,,SKILL_037,resume,resume,Mentioned Microsoft Azure in resume with 5 years experience.,moderate,0.63,2026-09-15T10:00:00
EV00151,CAN027,,SKILL_114,resume,resume,Listed IT Service Management as key skill in resume.,strong,0.5,2026-09-15T10:00:00
EV00152,CAN027,,SKILL_062,resume,resume,Resume highlights Identity and Access Management expertise in multiple projects.,moderate,0.63,2026-09-15T10:00:00
EV00153,CAN027,,SKILL_096,interview,interview,Answered HR Analytics related questions with practical examples.,weak,0.75,2026-09-15T10:00:00
EV00154,CAN027,,SKILL_154,assessment,assessment,Completed Business Process Automation coding challenge with above-average performance.,strong,0.94,2026-09-15T10:00:00
EV00155,CAN027,,SKILL_133,resume,resume,Mentioned Apache Kafka in resume with 3 years experience.,moderate,0.43,2026-09-15T10:00:00
EV00156,CAN027,,SKILL_004,project,project,Built REST APIs using TypeScript for an e-commerce platform.,weak,0.35,2026-09-15T10:00:00
EV00157,CAN027,,SKILL_103,resume,resume,Mentioned Lean Management in resume with 3 years experience.,moderate,0.4,2026-09-15T10:00:00
EV00158,CAN027,,SKILL_142,interview,interview,Answered Edge Computing related questions with practical examples.,strong,0.41,2026-09-15T10:00:00
EV00159,CAN028,,SKILL_149,certification,certification,Completed advanced Risk Management certification course.,weak,0.94,2026-09-15T10:00:00
EV00160,CAN028,,SKILL_154,certification,certification,Completed advanced Business Process Automation certification course.,moderate,0.82,2026-09-15T10:00:00
EV00161,CAN028,,SKILL_155,certification,certification,Completed advanced Data Visualization certification course.,weak,0.89,2026-09-15T10:00:00
EV00162,CAN028,,SKILL_051,project,project,Developed data pipeline using TensorFlow processing 1M+ records daily.,strong,0.33,2026-09-15T10:00:00
EV00163,CAN029,,SKILL_042,project,project,Created Terraform-based microservices serving 10K+ requests/sec.,moderate,0.4,2026-09-15T10:00:00
EV00164,CAN029,,SKILL_102,interview,interview,Answered Six Sigma related questions with practical examples.,strong,0.74,2026-09-15T10:00:00
EV00165,CAN029,,SKILL_118,certification,certification,Holds Scalability Patterns certification from recognized institution.,moderate,0.78,2026-09-15T10:00:00
EV00166,CAN029,,SKILL_145,certification,certification,Holds Active Listening certification from recognized institution.,weak,0.67,2026-09-15T10:00:00
EV00167,CAN029,,SKILL_127,certification,certification,Holds Git/Version Control certification from recognized institution.,moderate,0.86,2026-09-15T10:00:00
EV00168,CAN029,,SKILL_141,project,project,Developed data pipeline using Augmented Reality processing 1M+ records daily.,weak,0.59,2026-09-15T10:00:00
EV00169,CAN029,,SKILL_010,resume,resume,Mentioned Ruby in resume with 1 years experience.,weak,0.57,2026-09-15T10:00:00
EV00170,CAN029,,SKILL_028,interview,interview,Answered PostgreSQL related questions with practical examples.,weak,0.32,2026-09-15T10:00:00
EV00171,CAN030,,SKILL_088,certification,certification,Holds SEO/SEM certification from recognized institution.,moderate,0.93,2026-09-15T10:00:00
EV00172,CAN030,,SKILL_039,certification,certification,Holds Docker certification from recognized institution.,weak,0.66,2026-09-15T10:00:00
EV00173,CAN030,,SKILL_122,resume,resume,Resume highlights Performance Testing expertise in multiple projects.,weak,0.71,2026-09-15T10:00:00
EV00174,CAN030,,SKILL_030,assessment,assessment,Completed MongoDB coding challenge with above-average performance.,weak,0.64,2026-09-15T10:00:00
EV00175,CAN030,,SKILL_078,assessment,assessment,Completed Conflict Resolution coding challenge with above-average performance.,moderate,0.6,2026-09-15T10:00:00
EV00176,CAN030,,SKILL_106,resume,resume,Listed Adobe Creative Suite as key skill in resume.,strong,0.43,2026-09-15T10:00:00
EV00177,CAN030,,SKILL_109,certification,certification,Holds Networking certification from recognized institution.,moderate,0.59,2026-09-15T10:00:00
EV00178,CAN030,,SKILL_049,project,project,Built REST APIs using Data Analysis for an e-commerce platform.,weak,0.34,2026-09-15T10:00:00
EV00179,CAN031,,SKILL_068,resume,resume,Mentioned JIRA in resume with 4 years experience.,strong,0.74,2026-09-15T10:00:00
EV00180,CAN031,,SKILL_149,certification,certification,Completed advanced Risk Management certification course.,moderate,0.57,2026-09-15T10:00:00
EV00181,CAN031,,SKILL_037,interview,interview,Answered Microsoft Azure related questions with practical examples.,weak,0.61,2026-09-15T10:00:00
EV00182,CAN031,,SKILL_081,interview,interview,Answered Accounting related questions with practical examples.,strong,0.66,2026-09-15T10:00:00
EV00183,CAN031,,SKILL_026,certification,certification,Holds GraphQL certification from recognized institution.,weak,0.82,2026-09-15T10:00:00
EV00184,CAN032,,SKILL_079,interview,interview,Answered Mentoring related questions with practical examples.,moderate,0.48,2026-09-15T10:00:00
EV00185,CAN032,,SKILL_011,resume,resume,Mentioned Kotlin in resume with 1 years experience.,moderate,0.54,2026-09-15T10:00:00
EV00186,CAN032,,SKILL_075,assessment,assessment,Completed Time Management coding challenge with above-average performance.,strong,0.93,2026-09-15T10:00:00
EV00187,CAN032,,SKILL_102,assessment,assessment,Completed Six Sigma coding challenge with above-average performance.,strong,0.55,2026-09-15T10:00:00
EV00188,CAN033,,SKILL_154,resume,resume,Listed Business Process Automation as key skill in resume.,moderate,0.32,2026-09-15T10:00:00
EV00189,CAN033,,SKILL_102,resume,resume,Resume highlights Six Sigma expertise in multiple projects.,weak,0.55,2026-09-15T10:00:00
EV00190,CAN033,,SKILL_135,resume,resume,Resume highlights Data Modeling expertise in multiple projects.,weak,0.78,2026-09-15T10:00:00
EV00191,CAN033,,SKILL_054,project,project,Implemented NumPy solution for real-time analytics dashboard.,strong,0.8,2026-09-15T10:00:00
EV00192,CAN034,,SKILL_116,certification,certification,Holds Distributed Systems certification from recognized institution.,strong,0.54,2026-09-15T10:00:00
EV00193,CAN034,,SKILL_064,project,project,Implemented Scrum solution for real-time analytics dashboard.,strong,0.76,2026-09-15T10:00:00
EV00194,CAN034,,SKILL_132,interview,interview,Answered Data Warehousing related questions with practical examples.,moderate,0.56,2026-09-15T10:00:00
EV00195,CAN034,,SKILL_125,project,project,Implemented iOS Development solution for real-time analytics dashboard.,moderate,0.45,2026-09-15T10:00:00
EV00196,CAN034,,SKILL_028,certification,certification,Completed advanced PostgreSQL certification course.,moderate,0.55,2026-09-15T10:00:00
EV00197,CAN034,,SKILL_124,resume,resume,Resume highlights Android Development expertise in multiple projects.,weak,0.69,2026-09-15T10:00:00
EV00198,CAN034,,SKILL_145,project,project,Implemented Active Listening solution for real-time analytics dashboard.,moderate,0.56,2026-09-15T10:00:00
EV00199,CAN034,,SKILL_056,project,project,Implemented Tableau solution for real-time analytics dashboard.,strong,0.4,2026-09-15T10:00:00
EV00200,CAN035,,SKILL_048,certification,certification,Holds Computer Vision certification from recognized institution.,weak,0.93,2026-09-15T10:00:00
EV00201,CAN035,,SKILL_063,assessment,assessment,Scored 90% in Agile Methodology assessment test.,moderate,0.82,2026-09-15T10:00:00
EV00202,CAN035,,SKILL_035,assessment,assessment,Completed Amazon DynamoDB coding challenge with above-average performance.,weak,0.69,2026-09-15T10:00:00
EV00203,CAN035,,SKILL_155,resume,resume,Listed Data Visualization as key skill in resume.,weak,0.76,2026-09-15T10:00:00
EV00204,CAN035,,SKILL_072,assessment,assessment,Scored 68% in Teamwork assessment test.,strong,0.67,2026-09-15T10:00:00
EV00205,CAN035,,SKILL_093,assessment,assessment,Scored 86% in Compensation and Benefits assessment test.,moderate,0.67,2026-09-15T10:00:00
EV00206,CAN035,,SKILL_051,project,project,Implemented TensorFlow solution for real-time analytics dashboard.,strong,0.76,2026-09-15T10:00:00
EV00207,CAN036,,SKILL_013,assessment,assessment,Scored 66% in Scala assessment test.,weak,0.61,2026-09-15T10:00:00
EV00208,CAN036,,SKILL_010,certification,certification,Holds Ruby certification from recognized institution.,strong,0.82,2026-09-15T10:00:00
EV00209,CAN036,,SKILL_044,interview,interview,Demonstrated strong Ansible knowledge during technical interview.,moderate,0.56,2026-09-15T10:00:00
EV00210,CAN036,,SKILL_152,resume,resume,Resume highlights Stakeholder Management expertise in multiple projects.,moderate,0.37,2026-09-15T10:00:00
EV00211,CAN036,,SKILL_062,assessment,assessment,Scored 82% in Identity and Access Management assessment test.,strong,0.7,2026-09-15T10:00:00
EV00212,CAN036,,SKILL_131,certification,certification,Holds ETL Pipelines certification from recognized institution.,strong,0.85,2026-09-15T10:00:00
EV00213,CAN037,,SKILL_127,interview,interview,Demonstrated strong Git/Version Control knowledge during technical interview.,moderate,0.69,2026-09-15T10:00:00
EV00214,CAN037,,SKILL_043,assessment,assessment,Scored 80% in Jenkins assessment test.,weak,0.86,2026-09-15T10:00:00
EV00215,CAN037,,SKILL_135,resume,resume,Listed Data Modeling as key skill in resume.,moderate,0.35,2026-09-15T10:00:00
EV00216,CAN037,,SKILL_084,project,project,Created Business Strategy-based microservices serving 10K+ requests/sec.,strong,0.71,2026-09-15T10:00:00
EV00217,CAN037,,SKILL_002,project,project,Created Java-based microservices serving 10K+ requests/sec.,weak,0.46,2026-09-15T10:00:00
EV00218,CAN038,,SKILL_061,project,project,Implemented OWASP Security solution for real-time analytics dashboard.,moderate,0.41,2026-09-15T10:00:00
EV00219,CAN038,,SKILL_015,project,project,Implemented HTML/CSS solution for real-time analytics dashboard.,weak,0.43,2026-09-15T10:00:00
EV00220,CAN038,,SKILL_115,assessment,assessment,Completed System Design coding challenge with above-average performance.,moderate,0.56,2026-09-15T10:00:00
EV00221,CAN038,,SKILL_049,assessment,assessment,Scored 89% in Data Analysis assessment test.,weak,0.97,2026-09-15T10:00:00
EV00222,CAN039,,SKILL_138,certification,certification,Completed advanced Mixpanel certification course.,strong,0.53,2026-09-15T10:00:00
EV00223,CAN039,,SKILL_114,project,project,Implemented IT Service Management solution for real-time analytics dashboard.,weak,0.53,2026-09-15T10:00:00
EV00224,CAN039,,SKILL_055,interview,interview,Answered Apache Spark related questions with practical examples.,strong,0.74,2026-09-15T10:00:00
EV00225,CAN039,,SKILL_035,assessment,assessment,Scored 85% in Amazon DynamoDB assessment test.,strong,0.93,2026-09-15T10:00:00
EV00226,CAN040,,SKILL_091,assessment,assessment,Completed Talent Acquisition coding challenge with above-average performance.,strong,0.95,2026-09-15T10:00:00
EV00227,CAN040,,SKILL_007,assessment,assessment,Scored 80% in Go assessment test.,strong,0.54,2026-09-15T10:00:00
EV00228,CAN040,,SKILL_085,assessment,assessment,Scored 64% in CRM Systems assessment test.,strong,0.65,2026-09-15T10:00:00
EV00229,CAN040,,SKILL_023,certification,certification,Holds Spring Boot certification from recognized institution.,strong,0.79,2026-09-15T10:00:00
EV00230,CAN040,,SKILL_043,resume,resume,Listed Jenkins as key skill in resume.,weak,0.34,2026-09-15T10:00:00
EV00231,CAN040,,SKILL_115,interview,interview,Answered System Design related questions with practical examples.,weak,0.68,2026-09-15T10:00:00
EV00232,CAN040,,SKILL_102,assessment,assessment,Completed Six Sigma coding challenge with above-average performance.,weak,0.71,2026-09-15T10:00:00
EV00233,CAN041,,SKILL_032,certification,certification,Completed advanced Elasticsearch certification course.,weak,0.57,2026-09-15T10:00:00
EV00234,CAN041,,SKILL_125,resume,resume,Resume highlights iOS Development expertise in multiple projects.,moderate,0.38,2026-09-15T10:00:00
EV00235,CAN041,,SKILL_113,resume,resume,Resume highlights Technical Writing expertise in multiple projects.,strong,0.41,2026-09-15T10:00:00
EV00236,CAN041,,SKILL_150,resume,resume,Mentioned Compliance Management in resume with 1 years experience.,moderate,0.39,2026-09-15T10:00:00
EV00237,CAN041,,SKILL_127,project,project,Built REST APIs using Git/Version Control for an e-commerce platform.,strong,0.45,2026-09-15T10:00:00
EV00238,CAN042,,SKILL_127,interview,interview,Answered Git/Version Control related questions with practical examples.,moderate,0.66,2026-09-15T10:00:00
EV00239,CAN042,,SKILL_040,project,project,Developed data pipeline using Kubernetes processing 1M+ records daily.,weak,0.73,2026-09-15T10:00:00
EV00240,CAN042,,SKILL_064,assessment,assessment,Completed Scrum coding challenge with above-average performance.,moderate,0.79,2026-09-15T10:00:00
EV00241,CAN042,,SKILL_057,project,project,Implemented Power BI solution for real-time analytics dashboard.,strong,0.31,2026-09-15T10:00:00
EV00242,CAN042,,SKILL_051,assessment,assessment,Scored 85% in TensorFlow assessment test.,strong,0.94,2026-09-15T10:00:00
EV00243,CAN042,,SKILL_009,certification,certification,Holds PHP certification from recognized institution.,strong,0.54,2026-09-15T10:00:00
EV00244,CAN042,,SKILL_124,project,project,Developed data pipeline using Android Development processing 1M+ records daily.,weak,0.58,2026-09-15T10:00:00
EV00245,CAN042,,SKILL_048,assessment,assessment,Completed Computer Vision coding challenge with above-average performance.,strong,0.53,2026-09-15T10:00:00
EV00246,CAN043,,SKILL_062,project,project,Developed data pipeline using Identity and Access Management processing 1M+ records daily.,strong,0.66,2026-09-15T10:00:00
EV00247,CAN043,,SKILL_092,resume,resume,Listed Employee Relations as key skill in resume.,moderate,0.38,2026-09-15T10:00:00
EV00248,CAN043,,SKILL_058,resume,resume,Listed Cybersecurity as key skill in resume.,moderate,0.55,2026-09-15T10:00:00
EV00249,CAN043,,SKILL_153,resume,resume,Listed Strategic Planning as key skill in resume.,weak,0.38,2026-09-15T10:00:00
EV00250,CAN043,,SKILL_042,interview,interview,Demonstrated strong Terraform knowledge during technical interview.,strong,0.46,2026-09-15T10:00:00
EV00251,CAN043,,SKILL_134,assessment,assessment,Completed Apache Airflow coding challenge with above-average performance.,strong,0.68,2026-09-15T10:00:00
EV00252,CAN043,,SKILL_036,certification,certification,Holds AWS certification from recognized institution.,strong,0.67,2026-09-15T10:00:00
EV00253,CAN043,,SKILL_014,certification,certification,Completed advanced R certification course.,moderate,0.55,2026-09-15T10:00:00
EV00254,CAN044,,SKILL_071,assessment,assessment,Completed Leadership coding challenge with above-average performance.,moderate,0.99,2026-09-15T10:00:00
EV00255,CAN044,,SKILL_084,assessment,assessment,Completed Business Strategy coding challenge with above-average performance.,weak,0.9,2026-09-15T10:00:00
EV00256,CAN044,,SKILL_113,assessment,assessment,Scored 61% in Technical Writing assessment test.,moderate,0.82,2026-09-15T10:00:00
EV00257,CAN044,,SKILL_044,certification,certification,Holds Ansible certification from recognized institution.,weak,0.65,2026-09-15T10:00:00
EV00258,CAN044,,SKILL_018,assessment,assessment,Scored 73% in Vue.js assessment test.,strong,0.62,2026-09-15T10:00:00
EV00259,CAN044,,SKILL_047,interview,interview,Demonstrated strong Natural Language Processing knowledge during technical interview.,weak,0.53,2026-09-15T10:00:00
EV00260,CAN045,,SKILL_146,project,project,Built REST APIs using Empathy for an e-commerce platform.,strong,0.54,2026-09-15T10:00:00
EV00261,CAN045,,SKILL_142,resume,resume,Resume highlights Edge Computing expertise in multiple projects.,weak,0.47,2026-09-15T10:00:00
EV00262,CAN045,,SKILL_030,certification,certification,Holds MongoDB certification from recognized institution.,strong,0.89,2026-09-15T10:00:00
EV00263,CAN045,,SKILL_126,project,project,Created React Native-based microservices serving 10K+ requests/sec.,strong,0.31,2026-09-15T10:00:00
EV00264,CAN045,,SKILL_088,resume,resume,Mentioned SEO/SEM in resume with 5 years experience.,strong,0.56,2026-09-15T10:00:00
EV00265,CAN045,,SKILL_151,project,project,Developed data pipeline using Vendor Management processing 1M+ records daily.,weak,0.42,2026-09-15T10:00:00
EV00266,CAN046,,SKILL_149,project,project,Developed data pipeline using Risk Management processing 1M+ records daily.,weak,0.49,2026-09-15T10:00:00
EV00267,CAN046,,SKILL_033,assessment,assessment,Scored 68% in Oracle Database assessment test.,weak,0.83,2026-09-15T10:00:00
EV00268,CAN046,,SKILL_141,interview,interview,Answered Augmented Reality related questions with practical examples.,weak,0.62,2026-09-15T10:00:00
EV00269,CAN046,,SKILL_074,project,project,Developed data pipeline using Critical Thinking processing 1M+ records daily.,moderate,0.38,2026-09-15T10:00:00
EV00270,CAN047,,SKILL_120,resume,resume,Resume highlights Integration Testing expertise in multiple projects.,strong,0.41,2026-09-15T10:00:00
EV00271,CAN047,,SKILL_064,certification,certification,Completed advanced Scrum certification course.,moderate,0.58,2026-09-15T10:00:00
EV00272,CAN047,,SKILL_110,assessment,assessment,Scored 74% in System Administration assessment test.,moderate,0.96,2026-09-15T10:00:00
EV00273,CAN047,,SKILL_078,certification,certification,Holds Conflict Resolution certification from recognized institution.,moderate,0.64,2026-09-15T10:00:00
EV00274,CAN047,,SKILL_076,project,project,Implemented Presentation Skills solution for real-time analytics dashboard.,weak,0.63,2026-09-15T10:00:00
EV00275,CAN047,,SKILL_071,project,project,Implemented Leadership solution for real-time analytics dashboard.,strong,0.52,2026-09-15T10:00:00
EV00276,CAN047,,SKILL_116,certification,certification,Holds Distributed Systems certification from recognized institution.,weak,0.88,2026-09-15T10:00:00
EV00277,CAN047,,SKILL_146,interview,interview,Answered Empathy related questions with practical examples.,moderate,0.7,2026-09-15T10:00:00
EV00278,CAN048,,SKILL_079,resume,resume,Mentioned Mentoring in resume with 3 years experience.,moderate,0.55,2026-09-15T10:00:00
EV00279,CAN048,,SKILL_003,assessment,assessment,Completed JavaScript coding challenge with above-average performance.,moderate,0.88,2026-09-15T10:00:00
EV00280,CAN048,,SKILL_112,resume,resume,Listed Windows Server as key skill in resume.,strong,0.38,2026-09-15T10:00:00
EV00281,CAN048,,SKILL_073,interview,interview,Answered Problem Solving related questions with practical examples.,moderate,0.51,2026-09-15T10:00:00
EV00282,CAN048,,SKILL_033,assessment,assessment,Scored 66% in Oracle Database assessment test.,strong,0.54,2026-09-15T10:00:00
EV00283,CAN048,,SKILL_129,resume,resume,Listed Event-Driven Architecture as key skill in resume.,strong,0.49,2026-09-15T10:00:00
EV00284,CAN049,,SKILL_073,project,project,Built REST APIs using Problem Solving for an e-commerce platform.,strong,0.71,2026-09-15T10:00:00
EV00285,CAN049,,SKILL_064,certification,certification,Completed advanced Scrum certification course.,weak,0.83,2026-09-15T10:00:00
EV00286,CAN049,,SKILL_041,project,project,Implemented CI/CD Pipelines solution for real-time analytics dashboard.,weak,0.33,2026-09-15T10:00:00
EV00287,CAN049,,SKILL_153,resume,resume,Listed Strategic Planning as key skill in resume.,weak,0.32,2026-09-15T10:00:00
EV00288,CAN049,,SKILL_008,assessment,assessment,Completed Rust coding challenge with above-average performance.,strong,0.78,2026-09-15T10:00:00
EV00289,CAN050,,SKILL_120,assessment,assessment,Scored 60% in Integration Testing assessment test.,weak,0.62,2026-09-15T10:00:00
EV00290,CAN050,,SKILL_084,resume,resume,Mentioned Business Strategy in resume with 4 years experience.,strong,0.79,2026-09-15T10:00:00
EV00291,CAN050,,SKILL_135,assessment,assessment,Scored 71% in Data Modeling assessment test.,strong,0.75,2026-09-15T10:00:00
EV00292,CAN050,,SKILL_064,project,project,Created Scrum-based microservices serving 10K+ requests/sec.,strong,0.51,2026-09-15T10:00:00
EV00293,CAN051,,SKILL_024,project,project,Developed data pipeline using .NET Framework processing 1M+ records daily.,weak,0.69,2026-09-15T10:00:00
EV00294,CAN051,,SKILL_138,interview,interview,Answered Mixpanel related questions with practical examples.,strong,0.43,2026-09-15T10:00:00
EV00295,CAN051,,SKILL_141,project,project,Built REST APIs using Augmented Reality for an e-commerce platform.,weak,0.56,2026-09-15T10:00:00
EV00296,CAN051,,SKILL_108,interview,interview,Demonstrated strong User Research knowledge during technical interview.,strong,0.5,2026-09-15T10:00:00
EV00297,CAN052,,SKILL_033,interview,interview,Demonstrated strong Oracle Database knowledge during technical interview.,weak,0.65,2026-09-15T10:00:00
EV00298,CAN052,,SKILL_129,interview,interview,Answered Event-Driven Architecture related questions with practical examples.,weak,0.44,2026-09-15T10:00:00
EV00299,CAN052,,SKILL_144,certification,certification,Completed advanced Customer Relationship Management certification course.,weak,0.95,2026-09-15T10:00:00
EV00300,CAN052,,SKILL_103,certification,certification,Completed advanced Lean Management certification course.,strong,0.77,2026-09-15T10:00:00
EV00301,CAN052,,SKILL_141,certification,certification,Holds Augmented Reality certification from recognized institution.,moderate,0.96,2026-09-15T10:00:00
EV00302,CAN053,,SKILL_129,certification,certification,Completed advanced Event-Driven Architecture certification course.,moderate,0.87,2026-09-15T10:00:00
EV00303,CAN053,,SKILL_118,assessment,assessment,Completed Scalability Patterns coding challenge with above-average performance.,moderate,0.77,2026-09-15T10:00:00
EV00304,CAN053,,SKILL_076,interview,interview,Answered Presentation Skills related questions with practical examples.,weak,0.3,2026-09-15T10:00:00
EV00305,CAN053,,SKILL_081,certification,certification,Holds Accounting certification from recognized institution.,moderate,0.77,2026-09-15T10:00:00
EV00306,CAN053,,SKILL_113,project,project,Implemented Technical Writing solution for real-time analytics dashboard.,strong,0.56,2026-09-15T10:00:00
EV00307,CAN054,,SKILL_077,resume,resume,Resume highlights Negotiation expertise in multiple projects.,strong,0.75,2026-09-15T10:00:00
EV00308,CAN054,,SKILL_088,resume,resume,Listed SEO/SEM as key skill in resume.,weak,0.38,2026-09-15T10:00:00
EV00309,CAN054,,SKILL_101,interview,interview,Answered Process Improvement related questions with practical examples.,weak,0.83,2026-09-15T10:00:00
EV00310,CAN054,,SKILL_114,interview,interview,Answered IT Service Management related questions with practical examples.,strong,0.33,2026-09-15T10:00:00
EV00311,CAN054,,SKILL_111,resume,resume,Listed Linux as key skill in resume.,strong,0.76,2026-09-15T10:00:00
EV00312,CAN054,,SKILL_041,project,project,Created CI/CD Pipelines-based microservices serving 10K+ requests/sec.,weak,0.62,2026-09-15T10:00:00
EV00313,CAN055,,SKILL_072,project,project,Built REST APIs using Teamwork for an e-commerce platform.,moderate,0.64,2026-09-15T10:00:00
EV00314,CAN055,,SKILL_068,assessment,assessment,Scored 89% in JIRA assessment test.,weak,0.84,2026-09-15T10:00:00
EV00315,CAN055,,SKILL_124,resume,resume,Listed Android Development as key skill in resume.,moderate,0.69,2026-09-15T10:00:00
EV00316,CAN055,,SKILL_071,project,project,Built REST APIs using Leadership for an e-commerce platform.,weak,0.58,2026-09-15T10:00:00
EV00317,CAN055,,SKILL_009,certification,certification,Completed advanced PHP certification course.,weak,0.74,2026-09-15T10:00:00
EV00318,CAN055,,SKILL_154,certification,certification,Completed advanced Business Process Automation certification course.,weak,0.73,2026-09-15T10:00:00
EV00319,CAN056,,SKILL_132,project,project,Created Data Warehousing-based microservices serving 10K+ requests/sec.,moderate,0.32,2026-09-15T10:00:00
EV00320,CAN056,,SKILL_030,project,project,Implemented MongoDB solution for real-time analytics dashboard.,moderate,0.48,2026-09-15T10:00:00
EV00321,CAN056,,SKILL_155,certification,certification,Holds Data Visualization certification from recognized institution.,moderate,0.92,2026-09-15T10:00:00
EV00322,CAN056,,SKILL_098,assessment,assessment,Scored 72% in Supply Chain Management assessment test.,strong,0.84,2026-09-15T10:00:00
EV00323,CAN056,,SKILL_062,interview,interview,Demonstrated strong Identity and Access Management knowledge during technical interview.,moderate,0.47,2026-09-15T10:00:00
EV00324,CAN056,,SKILL_147,project,project,Built REST APIs using Issue Resolution for an e-commerce platform.,weak,0.68,2026-09-15T10:00:00
EV00325,CAN056,,SKILL_130,resume,resume,Mentioned API Gateway Management in resume with 3 years experience.,strong,0.73,2026-09-15T10:00:00
EV00326,CAN057,,SKILL_088,certification,certification,Holds SEO/SEM certification from recognized institution.,moderate,0.74,2026-09-15T10:00:00
EV00327,CAN057,,SKILL_126,certification,certification,Holds React Native certification from recognized institution.,weak,0.81,2026-09-15T10:00:00
EV00328,CAN057,,SKILL_125,assessment,assessment,Completed iOS Development coding challenge with above-average performance.,strong,0.61,2026-09-15T10:00:00
EV00329,CAN057,,SKILL_072,certification,certification,Holds Teamwork certification from recognized institution.,moderate,0.95,2026-09-15T10:00:00
EV00330,CAN057,,SKILL_121,certification,certification,Holds Selenium certification from recognized institution.,weak,0.56,2026-09-15T10:00:00
EV00331,CAN057,,SKILL_023,interview,interview,Demonstrated strong Spring Boot knowledge during technical interview.,weak,0.68,2026-09-15T10:00:00
EV00332,CAN057,,SKILL_048,resume,resume,Resume highlights Computer Vision expertise in multiple projects.,weak,0.33,2026-09-15T10:00:00
EV00333,CAN057,,SKILL_055,assessment,assessment,Scored 87% in Apache Spark assessment test.,moderate,0.82,2026-09-15T10:00:00
EV00334,CAN058,,SKILL_005,project,project,Created C++-based microservices serving 10K+ requests/sec.,weak,0.35,2026-09-15T10:00:00
EV00335,CAN058,,SKILL_049,project,project,Developed data pipeline using Data Analysis processing 1M+ records daily.,strong,0.78,2026-09-15T10:00:00
EV00336,CAN058,,SKILL_154,interview,interview,Demonstrated strong Business Process Automation knowledge during technical interview.,moderate,0.79,2026-09-15T10:00:00
EV00337,CAN058,,SKILL_094,certification,certification,Completed advanced Performance Management certification course.,weak,0.82,2026-09-15T10:00:00
EV00338,CAN058,,SKILL_124,resume,resume,Mentioned Android Development in resume with 4 years experience.,weak,0.85,2026-09-15T10:00:00
EV00339,CAN058,,SKILL_073,project,project,Created Problem Solving-based microservices serving 10K+ requests/sec.,moderate,0.69,2026-09-15T10:00:00
EV00340,CAN059,,SKILL_092,resume,resume,Resume highlights Employee Relations expertise in multiple projects.,weak,0.35,2026-09-15T10:00:00
EV00341,CAN059,,SKILL_032,resume,resume,Resume highlights Elasticsearch expertise in multiple projects.,strong,0.33,2026-09-15T10:00:00
EV00342,CAN059,,SKILL_045,project,project,Implemented Machine Learning solution for real-time analytics dashboard.,strong,0.61,2026-09-15T10:00:00
EV00343,CAN059,,SKILL_095,certification,certification,Holds Training and Development certification from recognized institution.,moderate,0.63,2026-09-15T10:00:00
EV00344,CAN060,,SKILL_038,project,project,Implemented Google Cloud Platform solution for real-time analytics dashboard.,strong,0.4,2026-09-15T10:00:00
EV00345,CAN060,,SKILL_066,interview,interview,Demonstrated strong Waterfall knowledge during technical interview.,weak,0.32,2026-09-15T10:00:00
EV00346,CAN060,,SKILL_034,certification,certification,Holds Apache Cassandra certification from recognized institution.,moderate,0.54,2026-09-15T10:00:00
EV00347,CAN060,,SKILL_143,resume,resume,Listed Generative AI as key skill in resume.,moderate,0.82,2026-09-15T10:00:00
EV00348,CAN060,,SKILL_002,certification,certification,Holds Java certification from recognized institution.,strong,0.62,2026-09-15T10:00:00
EV00349,CAN060,,SKILL_098,project,project,Built REST APIs using Supply Chain Management for an e-commerce platform.,moderate,0.46,2026-09-15T10:00:00
EV00350,CAN060,,SKILL_082,interview,interview,Answered Budgeting related questions with practical examples.,moderate,0.5,2026-09-15T10:00:00
EV00351,CAN060,,SKILL_131,assessment,assessment,Scored 64% in ETL Pipelines assessment test.,strong,0.71,2026-09-15T10:00:00
EV00352,CAN061,,SKILL_100,resume,resume,Listed Quality Assurance as key skill in resume.,moderate,0.63,2026-09-15T10:00:00
EV00353,CAN061,,SKILL_065,project,project,Built REST APIs using Kanban for an e-commerce platform.,moderate,0.55,2026-09-15T10:00:00
EV00354,CAN061,,SKILL_072,certification,certification,Completed advanced Teamwork certification course.,weak,0.89,2026-09-15T10:00:00
EV00355,CAN061,,SKILL_139,interview,interview,Answered Blockchain related questions with practical examples.,weak,0.32,2026-09-15T10:00:00
EV00356,CAN061,,SKILL_069,certification,certification,Completed advanced Product Management certification course.,weak,0.68,2026-09-15T10:00:00
EV00357,CAN061,,SKILL_061,resume,resume,Listed OWASP Security as key skill in resume.,weak,0.84,2026-09-15T10:00:00
EV00358,CAN061,,SKILL_132,project,project,Implemented Data Warehousing solution for real-time analytics dashboard.,strong,0.84,2026-09-15T10:00:00
EV00359,CAN062,,SKILL_035,project,project,Implemented Amazon DynamoDB solution for real-time analytics dashboard.,moderate,0.45,2026-09-15T10:00:00
EV00360,CAN062,,SKILL_097,project,project,Created Labor Law Compliance-based microservices serving 10K+ requests/sec.,strong,0.59,2026-09-15T10:00:00
EV00361,CAN062,,SKILL_029,certification,certification,Completed advanced MySQL certification course.,moderate,0.7,2026-09-15T10:00:00
EV00362,CAN062,,SKILL_128,resume,resume,Listed Microservices Architecture as key skill in resume.,moderate,0.67,2026-09-15T10:00:00
EV00363,CAN062,,SKILL_104,certification,certification,Holds UI/UX Design certification from recognized institution.,moderate,0.95,2026-09-15T10:00:00
EV00364,CAN062,,SKILL_049,resume,resume,Resume highlights Data Analysis expertise in multiple projects.,weak,0.69,2026-09-15T10:00:00
EV00365,CAN062,,SKILL_137,interview,interview,Demonstrated strong A/B Testing knowledge during technical interview.,strong,0.6,2026-09-15T10:00:00
EV00366,CAN062,,SKILL_059,interview,interview,Answered Network Security related questions with practical examples.,moderate,0.66,2026-09-15T10:00:00
EV00367,CAN063,,SKILL_062,assessment,assessment,Scored 79% in Identity and Access Management assessment test.,weak,0.74,2026-09-15T10:00:00
EV00368,CAN063,,SKILL_107,interview,interview,Answered Prototyping related questions with practical examples.,strong,0.74,2026-09-15T10:00:00
EV00369,CAN063,,SKILL_019,interview,interview,Answered Node.js related questions with practical examples.,moderate,0.62,2026-09-15T10:00:00
EV00370,CAN063,,SKILL_082,assessment,assessment,Completed Budgeting coding challenge with above-average performance.,weak,0.55,2026-09-15T10:00:00
EV00371,CAN063,,SKILL_119,certification,certification,Completed advanced Unit Testing certification course.,strong,0.56,2026-09-15T10:00:00
EV00372,CAN063,,SKILL_068,interview,interview,Demonstrated strong JIRA knowledge during technical interview.,weak,0.8,2026-09-15T10:00:00
EV00373,CAN064,,SKILL_017,project,project,Created Angular-based microservices serving 10K+ requests/sec.,weak,0.51,2026-09-15T10:00:00
EV00374,CAN064,,SKILL_006,certification,certification,Completed advanced C# certification course.,weak,0.69,2026-09-15T10:00:00
EV00375,CAN064,,SKILL_058,resume,resume,Mentioned Cybersecurity in resume with 5 years experience.,weak,0.54,2026-09-15T10:00:00
EV00376,CAN064,,SKILL_064,certification,certification,Holds Scrum certification from recognized institution.,strong,0.79,2026-09-15T10:00:00
EV00377,CAN064,,SKILL_034,project,project,Built REST APIs using Apache Cassandra for an e-commerce platform.,moderate,0.67,2026-09-15T10:00:00
EV00378,CAN064,,SKILL_055,certification,certification,Holds Apache Spark certification from recognized institution.,moderate,0.74,2026-09-15T10:00:00
EV00379,CAN065,,SKILL_097,resume,resume,Mentioned Labor Law Compliance in resume with 3 years experience.,strong,0.7,2026-09-15T10:00:00
EV00380,CAN065,,SKILL_117,resume,resume,Resume highlights High Availability Architecture expertise in multiple projects.,weak,0.44,2026-09-15T10:00:00
EV00381,CAN065,,SKILL_071,resume,resume,Resume highlights Leadership expertise in multiple projects.,strong,0.57,2026-09-15T10:00:00
EV00382,CAN065,,SKILL_147,resume,resume,Listed Issue Resolution as key skill in resume.,moderate,0.82,2026-09-15T10:00:00
EV00383,CAN065,,SKILL_059,project,project,Developed data pipeline using Network Security processing 1M+ records daily.,moderate,0.77,2026-09-15T10:00:00
EV00384,CAN065,,SKILL_013,project,project,Implemented Scala solution for real-time analytics dashboard.,moderate,0.55,2026-09-15T10:00:00
EV00385,CAN065,,SKILL_153,assessment,assessment,Completed Strategic Planning coding challenge with above-average performance.,weak,0.93,2026-09-15T10:00:00
EV00386,CAN065,,SKILL_029,interview,interview,Demonstrated strong MySQL knowledge during technical interview.,moderate,0.57,2026-09-15T10:00:00
EV00387,CAN066,,SKILL_087,certification,certification,Holds Digital Marketing certification from recognized institution.,strong,0.87,2026-09-15T10:00:00
EV00388,CAN066,,SKILL_033,assessment,assessment,Completed Oracle Database coding challenge with above-average performance.,strong,0.96,2026-09-15T10:00:00
EV00389,CAN066,,SKILL_118,project,project,Implemented Scalability Patterns solution for real-time analytics dashboard.,strong,0.63,2026-09-15T10:00:00
EV00390,CAN066,,SKILL_136,project,project,Built REST APIs using Google Analytics for an e-commerce platform.,strong,0.58,2026-09-15T10:00:00
EV00391,CAN066,,SKILL_009,resume,resume,Mentioned PHP in resume with 2 years experience.,strong,0.43,2026-09-15T10:00:00
EV00392,CAN066,,SKILL_001,interview,interview,Demonstrated strong Python knowledge during technical interview.,weak,0.66,2026-09-15T10:00:00
EV00393,CAN066,,SKILL_041,interview,interview,Answered CI/CD Pipelines related questions with practical examples.,strong,0.51,2026-09-15T10:00:00
EV00394,CAN067,,SKILL_054,assessment,assessment,Scored 71% in NumPy assessment test.,weak,0.78,2026-09-15T10:00:00
EV00395,CAN067,,SKILL_085,interview,interview,Answered CRM Systems related questions with practical examples.,strong,0.38,2026-09-15T10:00:00
EV00396,CAN067,,SKILL_081,assessment,assessment,Scored 89% in Accounting assessment test.,moderate,0.76,2026-09-15T10:00:00
EV00397,CAN067,,SKILL_121,interview,interview,Demonstrated strong Selenium knowledge during technical interview.,weak,0.57,2026-09-15T10:00:00
EV00398,CAN068,,SKILL_126,certification,certification,Holds React Native certification from recognized institution.,moderate,0.98,2026-09-15T10:00:00
EV00399,CAN068,,SKILL_096,assessment,assessment,Scored 92% in HR Analytics assessment test.,moderate,0.66,2026-09-15T10:00:00
EV00400,CAN068,,SKILL_072,interview,interview,Demonstrated strong Teamwork knowledge during technical interview.,moderate,0.65,2026-09-15T10:00:00
EV00401,CAN068,,SKILL_002,project,project,Implemented Java solution for real-time analytics dashboard.,strong,0.84,2026-09-15T10:00:00
EV00402,CAN068,,SKILL_095,interview,interview,Answered Training and Development related questions with practical examples.,moderate,0.47,2026-09-15T10:00:00
EV00403,CAN069,,SKILL_113,project,project,Created Technical Writing-based microservices serving 10K+ requests/sec.,weak,0.84,2026-09-15T10:00:00
EV00404,CAN069,,SKILL_038,assessment,assessment,Completed Google Cloud Platform coding challenge with above-average performance.,weak,0.68,2026-09-15T10:00:00
EV00405,CAN069,,SKILL_033,project,project,Implemented Oracle Database solution for real-time analytics dashboard.,strong,0.65,2026-09-15T10:00:00
EV00406,CAN069,,SKILL_108,assessment,assessment,Scored 92% in User Research assessment test.,strong,0.86,2026-09-15T10:00:00
EV00407,CAN069,,SKILL_072,interview,interview,Answered Teamwork related questions with practical examples.,moderate,0.62,2026-09-15T10:00:00
EV00408,CAN069,,SKILL_083,project,project,Implemented Market Analysis solution for real-time analytics dashboard.,strong,0.63,2026-09-15T10:00:00
EV00409,CAN069,,SKILL_101,project,project,Developed data pipeline using Process Improvement processing 1M+ records daily.,moderate,0.8,2026-09-15T10:00:00
EV00410,CAN069,,SKILL_051,resume,resume,Listed TensorFlow as key skill in resume.,strong,0.61,2026-09-15T10:00:00
EV00411,CAN070,,SKILL_154,assessment,assessment,Completed Business Process Automation coding challenge with above-average performance.,moderate,0.9,2026-09-15T10:00:00
EV00412,CAN070,,SKILL_108,project,project,Implemented User Research solution for real-time analytics dashboard.,strong,0.78,2026-09-15T10:00:00
EV00413,CAN070,,SKILL_054,certification,certification,Completed advanced NumPy certification course.,moderate,0.75,2026-09-15T10:00:00
EV00414,CAN070,,SKILL_001,certification,certification,Holds Python certification from recognized institution.,strong,0.68,2026-09-15T10:00:00
EV00415,CAN070,,SKILL_070,certification,certification,Completed advanced Communication certification course.,strong,0.64,2026-09-15T10:00:00
EV00416,CAN070,,SKILL_097,project,project,Developed data pipeline using Labor Law Compliance processing 1M+ records daily.,weak,0.75,2026-09-15T10:00:00
EV00417,CAN070,,SKILL_120,assessment,assessment,Completed Integration Testing coding challenge with above-average performance.,strong,0.53,2026-09-15T10:00:00
EV00418,CAN071,,SKILL_079,resume,resume,Resume highlights Mentoring expertise in multiple projects.,moderate,0.56,2026-09-15T10:00:00
EV00419,CAN071,,SKILL_017,assessment,assessment,Completed Angular coding challenge with above-average performance.,strong,0.5,2026-09-15T10:00:00
EV00420,CAN071,,SKILL_100,certification,certification,Completed advanced Quality Assurance certification course.,moderate,0.71,2026-09-15T10:00:00
EV00421,CAN071,,SKILL_114,certification,certification,Holds IT Service Management certification from recognized institution.,strong,0.65,2026-09-15T10:00:00
EV00422,CAN071,,SKILL_003,interview,interview,Answered JavaScript related questions with practical examples.,moderate,0.44,2026-09-15T10:00:00
EV00423,CAN071,,SKILL_127,project,project,Developed data pipeline using Git/Version Control processing 1M+ records daily.,strong,0.63,2026-09-15T10:00:00
EV00424,CAN071,,SKILL_136,resume,resume,Resume highlights Google Analytics expertise in multiple projects.,moderate,0.8,2026-09-15T10:00:00
EV00425,CAN071,,SKILL_059,assessment,assessment,Completed Network Security coding challenge with above-average performance.,strong,0.8,2026-09-15T10:00:00
EV00426,CAN072,,SKILL_071,project,project,Developed data pipeline using Leadership processing 1M+ records daily.,strong,0.38,2026-09-15T10:00:00
EV00427,CAN072,,SKILL_127,project,project,Built REST APIs using Git/Version Control for an e-commerce platform.,weak,0.37,2026-09-15T10:00:00
EV00428,CAN072,,SKILL_046,project,project,Developed data pipeline using Deep Learning processing 1M+ records daily.,strong,0.73,2026-09-15T10:00:00
EV00429,CAN072,,SKILL_121,interview,interview,Answered Selenium related questions with practical examples.,moderate,0.68,2026-09-15T10:00:00
EV00430,CAN073,,SKILL_002,project,project,Developed data pipeline using Java processing 1M+ records daily.,weak,0.83,2026-09-15T10:00:00
EV00431,CAN073,,SKILL_041,assessment,assessment,Scored 83% in CI/CD Pipelines assessment test.,weak,0.5,2026-09-15T10:00:00
EV00432,CAN073,,SKILL_141,project,project,Developed data pipeline using Augmented Reality processing 1M+ records daily.,moderate,0.37,2026-09-15T10:00:00
EV00433,CAN073,,SKILL_022,resume,resume,Mentioned FastAPI in resume with 5 years experience.,strong,0.56,2026-09-15T10:00:00
EV00434,CAN074,,SKILL_102,certification,certification,Holds Six Sigma certification from recognized institution.,weak,0.68,2026-09-15T10:00:00
EV00435,CAN074,,SKILL_015,certification,certification,Completed advanced HTML/CSS certification course.,strong,0.53,2026-09-15T10:00:00
EV00436,CAN074,,SKILL_127,certification,certification,Completed advanced Git/Version Control certification course.,strong,0.59,2026-09-15T10:00:00
EV00437,CAN074,,SKILL_098,certification,certification,Completed advanced Supply Chain Management certification course.,moderate,0.75,2026-09-15T10:00:00
EV00438,CAN074,,SKILL_099,assessment,assessment,Completed Logistics Management coding challenge with above-average performance.,weak,0.6,2026-09-15T10:00:00
EV00439,CAN074,,SKILL_108,interview,interview,Answered User Research related questions with practical examples.,strong,0.66,2026-09-15T10:00:00
EV00440,CAN074,,SKILL_147,project,project,Created Issue Resolution-based microservices serving 10K+ requests/sec.,strong,0.62,2026-09-15T10:00:00
EV00441,CAN074,,SKILL_049,certification,certification,Completed advanced Data Analysis certification course.,strong,0.55,2026-09-15T10:00:00
EV00442,CAN075,,SKILL_013,resume,resume,Resume highlights Scala expertise in multiple projects.,strong,0.63,2026-09-15T10:00:00
EV00443,CAN075,,SKILL_131,resume,resume,Listed ETL Pipelines as key skill in resume.,strong,0.47,2026-09-15T10:00:00
EV00444,CAN075,,SKILL_125,certification,certification,Holds iOS Development certification from recognized institution.,weak,0.62,2026-09-15T10:00:00
EV00445,CAN075,,SKILL_030,assessment,assessment,Scored 66% in MongoDB assessment test.,moderate,0.67,2026-09-15T10:00:00
EV00446,CAN075,,SKILL_064,certification,certification,Holds Scrum certification from recognized institution.,strong,0.79,2026-09-15T10:00:00
EV00447,CAN076,,SKILL_072,assessment,assessment,Completed Teamwork coding challenge with above-average performance.,moderate,0.9,2026-09-15T10:00:00
EV00448,CAN076,,SKILL_038,certification,certification,Holds Google Cloud Platform certification from recognized institution.,moderate,0.64,2026-09-15T10:00:00
EV00449,CAN076,,SKILL_054,certification,certification,Completed advanced NumPy certification course.,moderate,0.64,2026-09-15T10:00:00
EV00450,CAN076,,SKILL_050,project,project,Implemented Statistical Modeling solution for real-time analytics dashboard.,strong,0.73,2026-09-15T10:00:00
EV00451,CAN076,,SKILL_115,interview,interview,Demonstrated strong System Design knowledge during technical interview.,strong,0.33,2026-09-15T10:00:00
EV00452,CAN076,,SKILL_057,interview,interview,Demonstrated strong Power BI knowledge during technical interview.,weak,0.37,2026-09-15T10:00:00
EV00453,CAN077,,SKILL_141,interview,interview,Demonstrated strong Augmented Reality knowledge during technical interview.,moderate,0.4,2026-09-15T10:00:00
EV00454,CAN077,,SKILL_030,interview,interview,Answered MongoDB related questions with practical examples.,strong,0.71,2026-09-15T10:00:00
EV00455,CAN077,,SKILL_109,project,project,Developed data pipeline using Networking processing 1M+ records daily.,moderate,0.71,2026-09-15T10:00:00
EV00456,CAN077,,SKILL_123,resume,resume,Resume highlights Test Automation expertise in multiple projects.,moderate,0.63,2026-09-15T10:00:00
EV00457,CAN077,,SKILL_090,interview,interview,Demonstrated strong Brand Management knowledge during technical interview.,strong,0.49,2026-09-15T10:00:00
EV00458,CAN077,,SKILL_103,interview,interview,Answered Lean Management related questions with practical examples.,weak,0.75,2026-09-15T10:00:00
EV00459,CAN077,,SKILL_104,assessment,assessment,Scored 92% in UI/UX Design assessment test.,weak,0.8,2026-09-15T10:00:00
EV00460,CAN077,,SKILL_102,certification,certification,Completed advanced Six Sigma certification course.,weak,0.5,2026-09-15T10:00:00
EV00461,CAN078,,SKILL_009,resume,resume,Listed PHP as key skill in resume.,strong,0.75,2026-09-15T10:00:00
EV00462,CAN078,,SKILL_011,assessment,assessment,Completed Kotlin coding challenge with above-average performance.,strong,0.8,2026-09-15T10:00:00
EV00463,CAN078,,SKILL_030,interview,interview,Answered MongoDB related questions with practical examples.,weak,0.6,2026-09-15T10:00:00
EV00464,CAN078,,SKILL_072,project,project,Developed data pipeline using Teamwork processing 1M+ records daily.,weak,0.47,2026-09-15T10:00:00
EV00465,CAN078,,SKILL_040,interview,interview,Answered Kubernetes related questions with practical examples.,weak,0.7,2026-09-15T10:00:00
EV00466,CAN078,,SKILL_047,project,project,Implemented Natural Language Processing solution for real-time analytics dashboard.,weak,0.37,2026-09-15T10:00:00
EV00467,CAN078,,SKILL_095,assessment,assessment,Scored 62% in Training and Development assessment test.,strong,0.53,2026-09-15T10:00:00
EV00468,CAN078,,SKILL_053,assessment,assessment,Scored 78% in Pandas assessment test.,moderate,0.6,2026-09-15T10:00:00
EV00469,CAN079,,SKILL_024,interview,interview,Answered .NET Framework related questions with practical examples.,moderate,0.68,2026-09-15T10:00:00
EV00470,CAN079,,SKILL_151,resume,resume,Listed Vendor Management as key skill in resume.,strong,0.78,2026-09-15T10:00:00
EV00471,CAN079,,SKILL_079,resume,resume,Mentioned Mentoring in resume with 5 years experience.,weak,0.66,2026-09-15T10:00:00
EV00472,CAN079,,SKILL_058,assessment,assessment,Scored 90% in Cybersecurity assessment test.,weak,0.54,2026-09-15T10:00:00
EV00473,CAN079,,SKILL_013,resume,resume,Mentioned Scala in resume with 2 years experience.,moderate,0.71,2026-09-15T10:00:00
EV00474,CAN080,,SKILL_142,project,project,Created Edge Computing-based microservices serving 10K+ requests/sec.,weak,0.82,2026-09-15T10:00:00
EV00475,CAN080,,SKILL_099,project,project,Implemented Logistics Management solution for real-time analytics dashboard.,strong,0.62,2026-09-15T10:00:00
EV00476,CAN080,,SKILL_055,project,project,Built REST APIs using Apache Spark for an e-commerce platform.,weak,0.45,2026-09-15T10:00:00
EV00477,CAN080,,SKILL_029,project,project,Created MySQL-based microservices serving 10K+ requests/sec.,strong,0.82,2026-09-15T10:00:00
EV00478,CAN081,,SKILL_074,resume,resume,Mentioned Critical Thinking in resume with 1 years experience.,weak,0.37,2026-09-15T10:00:00
EV00479,CAN081,,SKILL_027,assessment,assessment,Scored 60% in SQL assessment test.,strong,0.68,2026-09-15T10:00:00
EV00480,CAN081,,SKILL_034,assessment,assessment,Scored 80% in Apache Cassandra assessment test.,moderate,0.92,2026-09-15T10:00:00
EV00481,CAN081,,SKILL_141,certification,certification,Completed advanced Augmented Reality certification course.,weak,0.52,2026-09-15T10:00:00
EV00482,CAN081,,SKILL_011,resume,resume,Mentioned Kotlin in resume with 4 years experience.,weak,0.77,2026-09-15T10:00:00
EV00483,CAN081,,SKILL_107,certification,certification,Holds Prototyping certification from recognized institution.,weak,0.71,2026-09-15T10:00:00
EV00484,CAN082,,SKILL_125,interview,interview,Answered iOS Development related questions with practical examples.,strong,0.79,2026-09-15T10:00:00
EV00485,CAN082,,SKILL_051,project,project,Created TensorFlow-based microservices serving 10K+ requests/sec.,weak,0.51,2026-09-15T10:00:00
EV00486,CAN082,,SKILL_154,project,project,Built REST APIs using Business Process Automation for an e-commerce platform.,weak,0.69,2026-09-15T10:00:00
EV00487,CAN082,,SKILL_080,project,project,Developed data pipeline using Financial Analysis processing 1M+ records daily.,strong,0.83,2026-09-15T10:00:00
EV00488,CAN082,,SKILL_138,certification,certification,Holds Mixpanel certification from recognized institution.,moderate,0.74,2026-09-15T10:00:00
EV00489,CAN083,,SKILL_142,project,project,Developed data pipeline using Edge Computing processing 1M+ records daily.,strong,0.56,2026-09-15T10:00:00
EV00490,CAN083,,SKILL_106,interview,interview,Answered Adobe Creative Suite related questions with practical examples.,weak,0.58,2026-09-15T10:00:00
EV00491,CAN083,,SKILL_062,project,project,Developed data pipeline using Identity and Access Management processing 1M+ records daily.,strong,0.75,2026-09-15T10:00:00
EV00492,CAN083,,SKILL_105,assessment,assessment,Scored 79% in Figma assessment test.,strong,0.84,2026-09-15T10:00:00
EV00493,CAN084,,SKILL_060,project,project,Developed data pipeline using Penetration Testing processing 1M+ records daily.,weak,0.69,2026-09-15T10:00:00
EV00494,CAN084,,SKILL_021,project,project,Built REST APIs using Flask for an e-commerce platform.,strong,0.32,2026-09-15T10:00:00
EV00495,CAN084,,SKILL_034,project,project,Implemented Apache Cassandra solution for real-time analytics dashboard.,weak,0.85,2026-09-15T10:00:00
EV00496,CAN084,,SKILL_142,certification,certification,Holds Edge Computing certification from recognized institution.,weak,0.76,2026-09-15T10:00:00
EV00497,CAN084,,SKILL_122,interview,interview,Answered Performance Testing related questions with practical examples.,strong,0.31,2026-09-15T10:00:00
EV00498,CAN085,,SKILL_023,certification,certification,Completed advanced Spring Boot certification course.,weak,0.88,2026-09-15T10:00:00
EV00499,CAN085,,SKILL_148,resume,resume,Mentioned Service Level Management in resume with 2 years experience.,weak,0.74,2026-09-15T10:00:00
EV00500,CAN085,,SKILL_018,interview,interview,Demonstrated strong Vue.js knowledge during technical interview.,moderate,0.6,2026-09-15T10:00:00
EV00501,CAN085,,SKILL_008,certification,certification,Completed advanced Rust certification course.,moderate,0.68,2026-09-15T10:00:00
EV00502,CAN085,,SKILL_141,interview,interview,Demonstrated strong Augmented Reality knowledge during technical interview.,moderate,0.33,2026-09-15T10:00:00
EV00503,CAN086,,SKILL_132,interview,interview,Demonstrated strong Data Warehousing knowledge during technical interview.,weak,0.57,2026-09-15T10:00:00
EV00504,CAN086,,SKILL_003,interview,interview,Answered JavaScript related questions with practical examples.,moderate,0.4,2026-09-15T10:00:00
EV00505,CAN086,,SKILL_032,certification,certification,Holds Elasticsearch certification from recognized institution.,strong,0.83,2026-09-15T10:00:00
EV00506,CAN086,,SKILL_128,project,project,Developed data pipeline using Microservices Architecture processing 1M+ records daily.,weak,0.74,2026-09-15T10:00:00
EV00507,CAN086,,SKILL_119,certification,certification,Holds Unit Testing certification from recognized institution.,weak,0.8,2026-09-15T10:00:00
EV00508,CAN086,,SKILL_017,project,project,Developed data pipeline using Angular processing 1M+ records daily.,moderate,0.53,2026-09-15T10:00:00
EV00509,CAN086,,SKILL_095,assessment,assessment,Completed Training and Development coding challenge with above-average performance.,moderate,0.9,2026-09-15T10:00:00
EV00510,CAN087,,SKILL_021,interview,interview,Answered Flask related questions with practical examples.,strong,0.74,2026-09-15T10:00:00
EV00511,CAN087,,SKILL_038,project,project,Developed data pipeline using Google Cloud Platform processing 1M+ records daily.,weak,0.38,2026-09-15T10:00:00
EV00512,CAN087,,SKILL_033,certification,certification,Holds Oracle Database certification from recognized institution.,moderate,0.55,2026-09-15T10:00:00
EV00513,CAN087,,SKILL_036,assessment,assessment,Completed AWS coding challenge with above-average performance.,moderate,0.87,2026-09-15T10:00:00
EV00514,CAN087,,SKILL_041,resume,resume,Mentioned CI/CD Pipelines in resume with 2 years experience.,moderate,0.75,2026-09-15T10:00:00
EV00515,CAN087,,SKILL_028,assessment,assessment,Completed PostgreSQL coding challenge with above-average performance.,moderate,0.53,2026-09-15T10:00:00
EV00516,CAN087,,SKILL_091,certification,certification,Completed advanced Talent Acquisition certification course.,weak,0.65,2026-09-15T10:00:00
EV00517,CAN088,,SKILL_005,resume,resume,Listed C++ as key skill in resume.,weak,0.48,2026-09-15T10:00:00
EV00518,CAN088,,SKILL_151,assessment,assessment,Completed Vendor Management coding challenge with above-average performance.,strong,0.57,2026-09-15T10:00:00
EV00519,CAN088,,SKILL_076,interview,interview,Demonstrated strong Presentation Skills knowledge during technical interview.,strong,0.84,2026-09-15T10:00:00
EV00520,CAN088,,SKILL_033,project,project,Developed data pipeline using Oracle Database processing 1M+ records daily.,weak,0.61,2026-09-15T10:00:00
EV00521,CAN088,,SKILL_056,assessment,assessment,Completed Tableau coding challenge with above-average performance.,weak,0.5,2026-09-15T10:00:00
EV00522,CAN088,,SKILL_052,assessment,assessment,Completed PyTorch coding challenge with above-average performance.,strong,0.51,2026-09-15T10:00:00
EV00523,CAN088,,SKILL_109,assessment,assessment,Completed Networking coding challenge with above-average performance.,weak,0.51,2026-09-15T10:00:00
EV00524,CAN088,,SKILL_003,assessment,assessment,Scored 77% in JavaScript assessment test.,weak,0.59,2026-09-15T10:00:00
EV00525,CAN089,,SKILL_054,resume,resume,Listed NumPy as key skill in resume.,weak,0.85,2026-09-15T10:00:00
EV00526,CAN089,,SKILL_138,interview,interview,Answered Mixpanel related questions with practical examples.,weak,0.68,2026-09-15T10:00:00
EV00527,CAN089,,SKILL_143,assessment,assessment,Completed Generative AI coding challenge with above-average performance.,moderate,0.9,2026-09-15T10:00:00
EV00528,CAN089,,SKILL_148,resume,resume,Listed Service Level Management as key skill in resume.,moderate,0.73,2026-09-15T10:00:00
EV00529,CAN089,,SKILL_024,resume,resume,Mentioned .NET Framework in resume with 2 years experience.,weak,0.64,2026-09-15T10:00:00
EV00530,CAN089,,SKILL_141,certification,certification,Holds Augmented Reality certification from recognized institution.,moderate,0.63,2026-09-15T10:00:00
EV00531,CAN089,,SKILL_020,project,project,Developed data pipeline using Django processing 1M+ records daily.,strong,0.74,2026-09-15T10:00:00
EV00532,CAN089,,SKILL_051,project,project,Developed data pipeline using TensorFlow processing 1M+ records daily.,strong,0.39,2026-09-15T10:00:00
EV00533,CAN090,,SKILL_049,project,project,Created Data Analysis-based microservices serving 10K+ requests/sec.,moderate,0.74,2026-09-15T10:00:00
EV00534,CAN090,,SKILL_102,project,project,Created Six Sigma-based microservices serving 10K+ requests/sec.,strong,0.39,2026-09-15T10:00:00
EV00535,CAN090,,SKILL_029,interview,interview,Answered MySQL related questions with practical examples.,strong,0.67,2026-09-15T10:00:00
EV00536,CAN090,,SKILL_045,project,project,Created Machine Learning-based microservices serving 10K+ requests/sec.,weak,0.51,2026-09-15T10:00:00
EV00537,CAN091,,SKILL_127,assessment,assessment,Completed Git/Version Control coding challenge with above-average performance.,weak,0.84,2026-09-15T10:00:00
EV00538,CAN091,,SKILL_083,resume,resume,Mentioned Market Analysis in resume with 1 years experience.,weak,0.8,2026-09-15T10:00:00
EV00539,CAN091,,SKILL_025,resume,resume,Listed REST API Design as key skill in resume.,weak,0.73,2026-09-15T10:00:00
EV00540,CAN091,,SKILL_119,project,project,Created Unit Testing-based microservices serving 10K+ requests/sec.,weak,0.61,2026-09-15T10:00:00
EV00541,CAN091,,SKILL_042,project,project,Built REST APIs using Terraform for an e-commerce platform.,strong,0.49,2026-09-15T10:00:00
EV00542,CAN091,,SKILL_063,interview,interview,Answered Agile Methodology related questions with practical examples.,moderate,0.37,2026-09-15T10:00:00
EV00543,CAN091,,SKILL_036,assessment,assessment,Scored 89% in AWS assessment test.,moderate,0.83,2026-09-15T10:00:00
EV00544,CAN091,,SKILL_099,resume,resume,Mentioned Logistics Management in resume with 4 years experience.,strong,0.3,2026-09-15T10:00:00
EV00545,CAN092,,SKILL_021,assessment,assessment,Completed Flask coding challenge with above-average performance.,moderate,0.86,2026-09-15T10:00:00
EV00546,CAN092,,SKILL_100,interview,interview,Answered Quality Assurance related questions with practical examples.,strong,0.84,2026-09-15T10:00:00
EV00547,CAN092,,SKILL_057,certification,certification,Completed advanced Power BI certification course.,weak,0.99,2026-09-15T10:00:00
EV00548,CAN092,,SKILL_147,certification,certification,Completed advanced Issue Resolution certification course.,strong,0.5,2026-09-15T10:00:00
EV00549,CAN092,,SKILL_034,resume,resume,Mentioned Apache Cassandra in resume with 3 years experience.,moderate,0.69,2026-09-15T10:00:00
EV00550,CAN092,,SKILL_152,resume,resume,Resume highlights Stakeholder Management expertise in multiple projects.,strong,0.68,2026-09-15T10:00:00
EV00551,CAN093,,SKILL_022,assessment,assessment,Scored 94% in FastAPI assessment test.,strong,0.74,2026-09-15T10:00:00
EV00552,CAN093,,SKILL_136,assessment,assessment,Scored 72% in Google Analytics assessment test.,moderate,0.93,2026-09-15T10:00:00
EV00553,CAN093,,SKILL_133,project,project,Built REST APIs using Apache Kafka for an e-commerce platform.,moderate,0.49,2026-09-15T10:00:00
EV00554,CAN093,,SKILL_058,resume,resume,Mentioned Cybersecurity in resume with 5 years experience.,weak,0.34,2026-09-15T10:00:00
EV00555,CAN093,,SKILL_068,resume,resume,Listed JIRA as key skill in resume.,moderate,0.33,2026-09-15T10:00:00
EV00556,CAN093,,SKILL_148,resume,resume,Mentioned Service Level Management in resume with 3 years experience.,weak,0.6,2026-09-15T10:00:00
EV00557,CAN093,,SKILL_146,project,project,Created Empathy-based microservices serving 10K+ requests/sec.,moderate,0.55,2026-09-15T10:00:00
EV00558,CAN093,,SKILL_029,interview,interview,Answered MySQL related questions with practical examples.,moderate,0.5,2026-09-15T10:00:00
EV00559,CAN094,,SKILL_108,certification,certification,Holds User Research certification from recognized institution.,moderate,1.0,2026-09-15T10:00:00
EV00560,CAN094,,SKILL_142,resume,resume,Resume highlights Edge Computing expertise in multiple projects.,strong,0.46,2026-09-15T10:00:00
EV00561,CAN094,,SKILL_015,resume,resume,Mentioned HTML/CSS in resume with 2 years experience.,weak,0.49,2026-09-15T10:00:00
EV00562,CAN094,,SKILL_089,assessment,assessment,Completed Content Marketing coding challenge with above-average performance.,moderate,0.63,2026-09-15T10:00:00
EV00563,CAN094,,SKILL_125,assessment,assessment,Completed iOS Development coding challenge with above-average performance.,weak,0.91,2026-09-15T10:00:00
EV00564,CAN094,,SKILL_105,certification,certification,Holds Figma certification from recognized institution.,strong,0.53,2026-09-15T10:00:00
EV00565,CAN095,,SKILL_049,interview,interview,Answered Data Analysis related questions with practical examples.,strong,0.46,2026-09-15T10:00:00
EV00566,CAN095,,SKILL_017,assessment,assessment,Completed Angular coding challenge with above-average performance.,moderate,0.56,2026-09-15T10:00:00
EV00567,CAN095,,SKILL_086,resume,resume,Resume highlights Salesforce expertise in multiple projects.,strong,0.83,2026-09-15T10:00:00
EV00568,CAN095,,SKILL_036,interview,interview,Demonstrated strong AWS knowledge during technical interview.,weak,0.47,2026-09-15T10:00:00
EV00569,CAN096,,SKILL_009,certification,certification,Completed advanced PHP certification course.,strong,0.99,2026-09-15T10:00:00
EV00570,CAN096,,SKILL_036,interview,interview,Demonstrated strong AWS knowledge during technical interview.,moderate,0.34,2026-09-15T10:00:00
EV00571,CAN096,,SKILL_041,project,project,Created CI/CD Pipelines-based microservices serving 10K+ requests/sec.,moderate,0.66,2026-09-15T10:00:00
EV00572,CAN096,,SKILL_137,project,project,Implemented A/B Testing solution for real-time analytics dashboard.,moderate,0.5,2026-09-15T10:00:00
EV00573,CAN097,,SKILL_038,assessment,assessment,Scored 81% in Google Cloud Platform assessment test.,moderate,0.94,2026-09-15T10:00:00
EV00574,CAN097,,SKILL_110,resume,resume,Listed System Administration as key skill in resume.,moderate,0.37,2026-09-15T10:00:00
EV00575,CAN097,,SKILL_058,certification,certification,Completed advanced Cybersecurity certification course.,weak,0.58,2026-09-15T10:00:00
EV00576,CAN097,,SKILL_095,certification,certification,Completed advanced Training and Development certification course.,moderate,0.91,2026-09-15T10:00:00
EV00577,CAN098,,SKILL_066,interview,interview,Demonstrated strong Waterfall knowledge during technical interview.,strong,0.83,2026-09-15T10:00:00
EV00578,CAN098,,SKILL_150,project,project,Implemented Compliance Management solution for real-time analytics dashboard.,weak,0.46,2026-09-15T10:00:00
EV00579,CAN098,,SKILL_103,assessment,assessment,Completed Lean Management coding challenge with above-average performance.,strong,0.65,2026-09-15T10:00:00
EV00580,CAN098,,SKILL_029,assessment,assessment,Completed MySQL coding challenge with above-average performance.,weak,0.69,2026-09-15T10:00:00
EV00581,CAN098,,SKILL_033,certification,certification,Holds Oracle Database certification from recognized institution.,strong,0.78,2026-09-15T10:00:00
EV00582,CAN098,,SKILL_149,project,project,Implemented Risk Management solution for real-time analytics dashboard.,moderate,0.54,2026-09-15T10:00:00
EV00583,CAN098,,SKILL_081,project,project,Implemented Accounting solution for real-time analytics dashboard.,weak,0.46,2026-09-15T10:00:00
EV00584,CAN098,,SKILL_079,project,project,Developed data pipeline using Mentoring processing 1M+ records daily.,weak,0.33,2026-09-15T10:00:00
EV00585,CAN099,,SKILL_074,assessment,assessment,Scored 63% in Critical Thinking assessment test.,strong,0.97,2026-09-15T10:00:00
EV00586,CAN099,,SKILL_121,certification,certification,Holds Selenium certification from recognized institution.,weak,0.76,2026-09-15T10:00:00
EV00587,CAN099,,SKILL_082,assessment,assessment,Scored 94% in Budgeting assessment test.,strong,0.95,2026-09-15T10:00:00
EV00588,CAN099,,SKILL_095,interview,interview,Answered Training and Development related questions with practical examples.,strong,0.58,2026-09-15T10:00:00
EV00589,CAN099,,SKILL_053,resume,resume,Resume highlights Pandas expertise in multiple projects.,strong,0.66,2026-09-15T10:00:00
EV00590,CAN099,,SKILL_014,certification,certification,Completed advanced R certification course.,moderate,0.9,2026-09-15T10:00:00
EV00591,CAN099,,SKILL_024,assessment,assessment,Completed .NET Framework coding challenge with above-average performance.,moderate,0.72,2026-09-15T10:00:00
EV00592,CAN100,,SKILL_150,project,project,Created Compliance Management-based microservices serving 10K+ requests/sec.,weak,0.72,2026-09-15T10:00:00
EV00593,CAN100,,SKILL_130,interview,interview,Demonstrated strong API Gateway Management knowledge during technical interview.,moderate,0.75,2026-09-15T10:00:00
EV00594,CAN100,,SKILL_022,project,project,Developed data pipeline using FastAPI processing 1M+ records daily.,weak,0.57,2026-09-15T10:00:00
EV00595,CAN100,,SKILL_055,assessment,assessment,Scored 75% in Apache Spark assessment test.,strong,0.78,2026-09-15T10:00:00
EV00596,CAN101,,SKILL_123,resume,resume,Mentioned Test Automation in resume with 5 years experience.,moderate,0.39,2026-09-15T10:00:00
EV00597,CAN101,,SKILL_114,assessment,assessment,Completed IT Service Management coding challenge with above-average performance.,strong,0.56,2026-09-15T10:00:00
EV00598,CAN101,,SKILL_134,certification,certification,Holds Apache Airflow certification from recognized institution.,moderate,0.85,2026-09-15T10:00:00
EV00599,CAN101,,SKILL_090,resume,resume,Resume highlights Brand Management expertise in multiple projects.,moderate,0.85,2026-09-15T10:00:00
EV00600,CAN102,,SKILL_127,interview,interview,Answered Git/Version Control related questions with practical examples.,moderate,0.71,2026-09-15T10:00:00
EV00601,CAN102,,SKILL_147,interview,interview,Demonstrated strong Issue Resolution knowledge during technical interview.,weak,0.51,2026-09-15T10:00:00
EV00602,CAN102,,SKILL_089,certification,certification,Holds Content Marketing certification from recognized institution.,strong,0.76,2026-09-15T10:00:00
EV00603,CAN102,,SKILL_078,resume,resume,Listed Conflict Resolution as key skill in resume.,weak,0.73,2026-09-15T10:00:00
EV00604,CAN102,,SKILL_024,interview,interview,Answered .NET Framework related questions with practical examples.,strong,0.74,2026-09-15T10:00:00
EV00605,CAN102,,SKILL_112,assessment,assessment,Scored 76% in Windows Server assessment test.,strong,0.71,2026-09-15T10:00:00
EV00606,CAN103,,SKILL_116,interview,interview,Answered Distributed Systems related questions with practical examples.,moderate,0.42,2026-09-15T10:00:00
EV00607,CAN103,,SKILL_124,project,project,Implemented Android Development solution for real-time analytics dashboard.,strong,0.53,2026-09-15T10:00:00
EV00608,CAN103,,SKILL_059,certification,certification,Completed advanced Network Security certification course.,moderate,0.91,2026-09-15T10:00:00
EV00609,CAN103,,SKILL_058,assessment,assessment,Completed Cybersecurity coding challenge with above-average performance.,strong,0.94,2026-09-15T10:00:00
EV00610,CAN103,,SKILL_032,project,project,Created Elasticsearch-based microservices serving 10K+ requests/sec.,moderate,0.32,2026-09-15T10:00:00
EV00611,CAN103,,SKILL_118,interview,interview,Answered Scalability Patterns related questions with practical examples.,moderate,0.54,2026-09-15T10:00:00
EV00612,CAN104,,SKILL_011,resume,resume,Listed Kotlin as key skill in resume.,weak,0.41,2026-09-15T10:00:00
EV00613,CAN104,,SKILL_117,certification,certification,Completed advanced High Availability Architecture certification course.,moderate,0.56,2026-09-15T10:00:00
EV00614,CAN104,,SKILL_042,project,project,Developed data pipeline using Terraform processing 1M+ records daily.,moderate,0.35,2026-09-15T10:00:00
EV00615,CAN104,,SKILL_087,interview,interview,Answered Digital Marketing related questions with practical examples.,strong,0.6,2026-09-15T10:00:00
EV00616,CAN104,,SKILL_091,interview,interview,Demonstrated strong Talent Acquisition knowledge during technical interview.,moderate,0.49,2026-09-15T10:00:00
EV00617,CAN104,,SKILL_017,interview,interview,Demonstrated strong Angular knowledge during technical interview.,weak,0.8,2026-09-15T10:00:00
EV00618,CAN104,,SKILL_138,assessment,assessment,Completed Mixpanel coding challenge with above-average performance.,moderate,0.82,2026-09-15T10:00:00
EV00619,CAN105,,SKILL_006,interview,interview,Answered C# related questions with practical examples.,strong,0.58,2026-09-15T10:00:00
EV00620,CAN105,,SKILL_033,assessment,assessment,Scored 80% in Oracle Database assessment test.,strong,0.55,2026-09-15T10:00:00
EV00621,CAN105,,SKILL_065,resume,resume,Mentioned Kanban in resume with 3 years experience.,strong,0.78,2026-09-15T10:00:00
EV00622,CAN105,,SKILL_154,resume,resume,Listed Business Process Automation as key skill in resume.,strong,0.69,2026-09-15T10:00:00
EV00623,CAN105,,SKILL_018,certification,certification,Completed advanced Vue.js certification course.,strong,0.58,2026-09-15T10:00:00
EV00624,CAN105,,SKILL_060,certification,certification,Holds Penetration Testing certification from recognized institution.,weak,0.6,2026-09-15T10:00:00
EV00625,CAN105,,SKILL_040,interview,interview,Answered Kubernetes related questions with practical examples.,weak,0.77,2026-09-15T10:00:00
EV00626,CAN106,,SKILL_117,interview,interview,Demonstrated strong High Availability Architecture knowledge during technical interview.,strong,0.42,2026-09-15T10:00:00
EV00627,CAN106,,SKILL_018,project,project,Developed data pipeline using Vue.js processing 1M+ records daily.,weak,0.58,2026-09-15T10:00:00
EV00628,CAN106,,SKILL_132,assessment,assessment,Completed Data Warehousing coding challenge with above-average performance.,moderate,0.9,2026-09-15T10:00:00
EV00629,CAN106,,SKILL_094,interview,interview,Answered Performance Management related questions with practical examples.,moderate,0.69,2026-09-15T10:00:00
EV00630,CAN107,,SKILL_061,project,project,Created OWASP Security-based microservices serving 10K+ requests/sec.,strong,0.85,2026-09-15T10:00:00
EV00631,CAN107,,SKILL_106,interview,interview,Answered Adobe Creative Suite related questions with practical examples.,moderate,0.45,2026-09-15T10:00:00
EV00632,CAN107,,SKILL_041,interview,interview,Answered CI/CD Pipelines related questions with practical examples.,weak,0.72,2026-09-15T10:00:00
EV00633,CAN107,,SKILL_043,resume,resume,Mentioned Jenkins in resume with 4 years experience.,moderate,0.84,2026-09-15T10:00:00
EV00634,CAN107,,SKILL_142,interview,interview,Answered Edge Computing related questions with practical examples.,strong,0.38,2026-09-15T10:00:00
EV00635,CAN107,,SKILL_096,resume,resume,Resume highlights HR Analytics expertise in multiple projects.,strong,0.85,2026-09-15T10:00:00
EV00636,CAN107,,SKILL_095,project,project,Built REST APIs using Training and Development for an e-commerce platform.,weak,0.52,2026-09-15T10:00:00
EV00637,CAN108,,SKILL_060,resume,resume,Resume highlights Penetration Testing expertise in multiple projects.,moderate,0.72,2026-09-15T10:00:00
EV00638,CAN108,,SKILL_055,project,project,Built REST APIs using Apache Spark for an e-commerce platform.,strong,0.81,2026-09-15T10:00:00
EV00639,CAN108,,SKILL_023,certification,certification,Holds Spring Boot certification from recognized institution.,moderate,0.82,2026-09-15T10:00:00
EV00640,CAN108,,SKILL_074,certification,certification,Holds Critical Thinking certification from recognized institution.,weak,0.97,2026-09-15T10:00:00
EV00641,CAN108,,SKILL_016,certification,certification,Holds React certification from recognized institution.,moderate,0.75,2026-09-15T10:00:00
EV00642,CAN108,,SKILL_085,interview,interview,Answered CRM Systems related questions with practical examples.,moderate,0.37,2026-09-15T10:00:00
EV00643,CAN108,,SKILL_130,certification,certification,Completed advanced API Gateway Management certification course.,strong,0.72,2026-09-15T10:00:00
EV00644,CAN108,,SKILL_034,resume,resume,Mentioned Apache Cassandra in resume with 5 years experience.,strong,0.71,2026-09-15T10:00:00
EV00645,CAN109,,SKILL_110,certification,certification,Completed advanced System Administration certification course.,strong,0.55,2026-09-15T10:00:00
EV00646,CAN109,,SKILL_007,interview,interview,Demonstrated strong Go knowledge during technical interview.,strong,0.45,2026-09-15T10:00:00
EV00647,CAN109,,SKILL_047,certification,certification,Holds Natural Language Processing certification from recognized institution.,weak,0.91,2026-09-15T10:00:00
EV00648,CAN109,,SKILL_004,assessment,assessment,Completed TypeScript coding challenge with above-average performance.,weak,0.56,2026-09-15T10:00:00
EV00649,CAN109,,SKILL_003,interview,interview,Demonstrated strong JavaScript knowledge during technical interview.,moderate,0.77,2026-09-15T10:00:00
EV00650,CAN109,,SKILL_035,resume,resume,Listed Amazon DynamoDB as key skill in resume.,strong,0.5,2026-09-15T10:00:00
EV00651,CAN110,,SKILL_039,project,project,Built REST APIs using Docker for an e-commerce platform.,strong,0.61,2026-09-15T10:00:00
EV00652,CAN110,,SKILL_002,interview,interview,Answered Java related questions with practical examples.,weak,0.73,2026-09-15T10:00:00
EV00653,CAN110,,SKILL_129,assessment,assessment,Scored 91% in Event-Driven Architecture assessment test.,moderate,0.76,2026-09-15T10:00:00
EV00654,CAN110,,SKILL_114,resume,resume,Mentioned IT Service Management in resume with 2 years experience.,strong,0.41,2026-09-15T10:00:00
EV00655,CAN110,,SKILL_036,certification,certification,Completed advanced AWS certification course.,strong,0.58,2026-09-15T10:00:00
EV00656,CAN110,,SKILL_099,interview,interview,Answered Logistics Management related questions with practical examples.,moderate,0.76,2026-09-15T10:00:00
EV00657,CAN111,,SKILL_067,resume,resume,Listed Project Management as key skill in resume.,strong,0.33,2026-09-15T10:00:00
EV00658,CAN111,,SKILL_031,interview,interview,Answered Redis related questions with practical examples.,moderate,0.5,2026-09-15T10:00:00
EV00659,CAN111,,SKILL_090,interview,interview,Answered Brand Management related questions with practical examples.,moderate,0.75,2026-09-15T10:00:00
EV00660,CAN111,,SKILL_100,assessment,assessment,Scored 91% in Quality Assurance assessment test.,weak,0.75,2026-09-15T10:00:00
EV00661,CAN111,,SKILL_079,project,project,Created Mentoring-based microservices serving 10K+ requests/sec.,weak,0.69,2026-09-15T10:00:00
EV00662,CAN112,,SKILL_038,resume,resume,Resume highlights Google Cloud Platform expertise in multiple projects.,strong,0.35,2026-09-15T10:00:00
EV00663,CAN112,,SKILL_145,project,project,Developed data pipeline using Active Listening processing 1M+ records daily.,weak,0.35,2026-09-15T10:00:00
EV00664,CAN112,,SKILL_020,project,project,Developed data pipeline using Django processing 1M+ records daily.,strong,0.6,2026-09-15T10:00:00
EV00665,CAN112,,SKILL_102,certification,certification,Holds Six Sigma certification from recognized institution.,weak,0.75,2026-09-15T10:00:00
EV00666,CAN112,,SKILL_113,assessment,assessment,Scored 84% in Technical Writing assessment test.,strong,0.8,2026-09-15T10:00:00
EV00667,CAN112,,SKILL_015,interview,interview,Answered HTML/CSS related questions with practical examples.,weak,0.35,2026-09-15T10:00:00
EV00668,CAN112,,SKILL_089,assessment,assessment,Scored 94% in Content Marketing assessment test.,strong,0.84,2026-09-15T10:00:00
EV00669,CAN113,,SKILL_001,assessment,assessment,Scored 73% in Python assessment test.,moderate,0.75,2026-09-15T10:00:00
EV00670,CAN113,,SKILL_058,project,project,Built REST APIs using Cybersecurity for an e-commerce platform.,weak,0.33,2026-09-15T10:00:00
EV00671,CAN113,,SKILL_014,certification,certification,Holds R certification from recognized institution.,moderate,0.52,2026-09-15T10:00:00
EV00672,CAN113,,SKILL_002,project,project,Developed data pipeline using Java processing 1M+ records daily.,moderate,0.73,2026-09-15T10:00:00
EV00673,CAN114,,SKILL_139,certification,certification,Holds Blockchain certification from recognized institution.,weak,0.88,2026-09-15T10:00:00
EV00674,CAN114,,SKILL_055,assessment,assessment,Completed Apache Spark coding challenge with above-average performance.,moderate,0.83,2026-09-15T10:00:00
EV00675,CAN114,,SKILL_024,assessment,assessment,Completed .NET Framework coding challenge with above-average performance.,strong,0.88,2026-09-15T10:00:00
EV00676,CAN114,,SKILL_047,project,project,Developed data pipeline using Natural Language Processing processing 1M+ records daily.,moderate,0.8,2026-09-15T10:00:00
EV00677,CAN114,,SKILL_036,certification,certification,Completed advanced AWS certification course.,strong,0.85,2026-09-15T10:00:00
EV00678,CAN114,,SKILL_074,interview,interview,Demonstrated strong Critical Thinking knowledge during technical interview.,strong,0.83,2026-09-15T10:00:00
EV00679,CAN114,,SKILL_078,certification,certification,Holds Conflict Resolution certification from recognized institution.,weak,0.96,2026-09-15T10:00:00
EV00680,CAN114,,SKILL_136,project,project,Created Google Analytics-based microservices serving 10K+ requests/sec.,weak,0.5,2026-09-15T10:00:00
EV00681,CAN115,,SKILL_111,interview,interview,Demonstrated strong Linux knowledge during technical interview.,weak,0.71,2026-09-15T10:00:00
EV00682,CAN115,,SKILL_042,resume,resume,Resume highlights Terraform expertise in multiple projects.,weak,0.84,2026-09-15T10:00:00
EV00683,CAN115,,SKILL_076,assessment,assessment,Scored 78% in Presentation Skills assessment test.,weak,0.99,2026-09-15T10:00:00
EV00684,CAN115,,SKILL_137,assessment,assessment,Scored 68% in A/B Testing assessment test.,strong,0.6,2026-09-15T10:00:00
EV00685,CAN115,,SKILL_074,resume,resume,Listed Critical Thinking as key skill in resume.,strong,0.49,2026-09-15T10:00:00
EV00686,CAN115,,SKILL_047,assessment,assessment,Scored 70% in Natural Language Processing assessment test.,moderate,0.71,2026-09-15T10:00:00
EV00687,CAN116,,SKILL_080,certification,certification,Completed advanced Financial Analysis certification course.,weak,0.9,2026-09-15T10:00:00
EV00688,CAN116,,SKILL_139,certification,certification,Completed advanced Blockchain certification course.,strong,0.66,2026-09-15T10:00:00
EV00689,CAN116,,SKILL_079,certification,certification,Holds Mentoring certification from recognized institution.,moderate,0.91,2026-09-15T10:00:00
EV00690,CAN116,,SKILL_024,assessment,assessment,Completed .NET Framework coding challenge with above-average performance.,weak,0.84,2026-09-15T10:00:00
EV00691,CAN117,,SKILL_150,resume,resume,Listed Compliance Management as key skill in resume.,strong,0.54,2026-09-15T10:00:00
EV00692,CAN117,,SKILL_030,resume,resume,Mentioned MongoDB in resume with 3 years experience.,moderate,0.36,2026-09-15T10:00:00
EV00693,CAN117,,SKILL_056,resume,resume,Mentioned Tableau in resume with 1 years experience.,moderate,0.76,2026-09-15T10:00:00
EV00694,CAN117,,SKILL_126,project,project,Developed data pipeline using React Native processing 1M+ records daily.,strong,0.45,2026-09-15T10:00:00
EV00695,CAN117,,SKILL_062,resume,resume,Mentioned Identity and Access Management in resume with 1 years experience.,strong,0.76,2026-09-15T10:00:00
EV00696,CAN117,,SKILL_020,certification,certification,Holds Django certification from recognized institution.,moderate,0.6,2026-09-15T10:00:00
EV00697,CAN117,,SKILL_024,resume,resume,Listed .NET Framework as key skill in resume.,weak,0.37,2026-09-15T10:00:00
EV00698,CAN117,,SKILL_138,project,project,Created Mixpanel-based microservices serving 10K+ requests/sec.,strong,0.32,2026-09-15T10:00:00
EV00699,CAN118,,SKILL_154,resume,resume,Listed Business Process Automation as key skill in resume.,moderate,0.59,2026-09-15T10:00:00
EV00700,CAN118,,SKILL_099,certification,certification,Holds Logistics Management certification from recognized institution.,weak,0.72,2026-09-15T10:00:00
EV00701,CAN118,,SKILL_003,project,project,Created JavaScript-based microservices serving 10K+ requests/sec.,moderate,0.45,2026-09-15T10:00:00
EV00702,CAN118,,SKILL_077,resume,resume,Resume highlights Negotiation expertise in multiple projects.,moderate,0.46,2026-09-15T10:00:00
EV00703,CAN118,,SKILL_055,resume,resume,Resume highlights Apache Spark expertise in multiple projects.,weak,0.36,2026-09-15T10:00:00
EV00704,CAN118,,SKILL_045,project,project,Implemented Machine Learning solution for real-time analytics dashboard.,weak,0.33,2026-09-15T10:00:00
EV00705,CAN118,,SKILL_140,certification,certification,Completed advanced Internet of Things certification course.,strong,0.58,2026-09-15T10:00:00
EV00706,CAN118,,SKILL_048,assessment,assessment,Completed Computer Vision coding challenge with above-average performance.,weak,0.94,2026-09-15T10:00:00
EV00707,CAN119,,SKILL_065,assessment,assessment,Completed Kanban coding challenge with above-average performance.,strong,0.55,2026-09-15T10:00:00
EV00708,CAN119,,SKILL_110,assessment,assessment,Completed System Administration coding challenge with above-average performance.,moderate,0.51,2026-09-15T10:00:00
EV00709,CAN119,,SKILL_034,certification,certification,Holds Apache Cassandra certification from recognized institution.,weak,0.99,2026-09-15T10:00:00
EV00710,CAN119,,SKILL_097,interview,interview,Answered Labor Law Compliance related questions with practical examples.,moderate,0.61,2026-09-15T10:00:00
EV00711,CAN120,,SKILL_114,assessment,assessment,Scored 92% in IT Service Management assessment test.,weak,0.88,2026-09-15T10:00:00
EV00712,CAN120,,SKILL_060,assessment,assessment,Completed Penetration Testing coding challenge with above-average performance.,strong,0.96,2026-09-15T10:00:00
EV00713,CAN120,,SKILL_029,interview,interview,Answered MySQL related questions with practical examples.,weak,0.68,2026-09-15T10:00:00
EV00714,CAN120,,SKILL_061,assessment,assessment,Scored 62% in OWASP Security assessment test.,weak,0.67,2026-09-15T10:00:00
EV00715,CAN120,,SKILL_035,certification,certification,Holds Amazon DynamoDB certification from recognized institution.,moderate,0.58,2026-09-15T10:00:00
EV00716,CAN120,,SKILL_006,certification,certification,Holds C# certification from recognized institution.,weak,0.53,2026-09-15T10:00:00
EV00717,CAN121,,SKILL_066,certification,certification,Holds Waterfall certification from recognized institution.,strong,0.97,2026-09-15T10:00:00
EV00718,CAN121,,SKILL_104,interview,interview,Answered UI/UX Design related questions with practical examples.,weak,0.82,2026-09-15T10:00:00
EV00719,CAN121,,SKILL_046,resume,resume,Resume highlights Deep Learning expertise in multiple projects.,moderate,0.79,2026-09-15T10:00:00
EV00720,CAN121,,SKILL_095,project,project,Built REST APIs using Training and Development for an e-commerce platform.,strong,0.47,2026-09-15T10:00:00
EV00721,CAN121,,SKILL_098,resume,resume,Listed Supply Chain Management as key skill in resume.,weak,0.79,2026-09-15T10:00:00
EV00722,CAN121,,SKILL_139,interview,interview,Demonstrated strong Blockchain knowledge during technical interview.,weak,0.82,2026-09-15T10:00:00
EV00723,CAN121,,SKILL_123,assessment,assessment,Scored 75% in Test Automation assessment test.,strong,0.92,2026-09-15T10:00:00
EV00724,CAN122,,SKILL_018,project,project,Built REST APIs using Vue.js for an e-commerce platform.,weak,0.34,2026-09-15T10:00:00
EV00725,CAN122,,SKILL_101,project,project,Developed data pipeline using Process Improvement processing 1M+ records daily.,strong,0.56,2026-09-15T10:00:00
EV00726,CAN122,,SKILL_136,assessment,assessment,Scored 90% in Google Analytics assessment test.,moderate,0.7,2026-09-15T10:00:00
EV00727,CAN122,,SKILL_152,resume,resume,Listed Stakeholder Management as key skill in resume.,weak,0.55,2026-09-15T10:00:00
EV00728,CAN122,,SKILL_055,assessment,assessment,Completed Apache Spark coding challenge with above-average performance.,weak,0.88,2026-09-15T10:00:00
EV00729,CAN122,,SKILL_115,assessment,assessment,Completed System Design coding challenge with above-average performance.,moderate,0.69,2026-09-15T10:00:00
EV00730,CAN123,,SKILL_136,resume,resume,Mentioned Google Analytics in resume with 4 years experience.,moderate,0.48,2026-09-15T10:00:00
EV00731,CAN123,,SKILL_071,assessment,assessment,Completed Leadership coding challenge with above-average performance.,strong,0.87,2026-09-15T10:00:00
EV00732,CAN123,,SKILL_077,certification,certification,Holds Negotiation certification from recognized institution.,moderate,0.98,2026-09-15T10:00:00
EV00733,CAN123,,SKILL_155,assessment,assessment,Completed Data Visualization coding challenge with above-average performance.,weak,0.61,2026-09-15T10:00:00
EV00734,CAN123,,SKILL_022,resume,resume,Mentioned FastAPI in resume with 4 years experience.,moderate,0.43,2026-09-15T10:00:00
EV00735,CAN123,,SKILL_073,resume,resume,Resume highlights Problem Solving expertise in multiple projects.,strong,0.39,2026-09-15T10:00:00
EV00736,CAN123,,SKILL_112,interview,interview,Answered Windows Server related questions with practical examples.,weak,0.42,2026-09-15T10:00:00
EV00737,CAN123,,SKILL_148,resume,resume,Resume highlights Service Level Management expertise in multiple projects.,moderate,0.76,2026-09-15T10:00:00
EV00738,CAN124,,SKILL_138,assessment,assessment,Scored 91% in Mixpanel assessment test.,weak,0.79,2026-09-15T10:00:00
EV00739,CAN124,,SKILL_130,resume,resume,Listed API Gateway Management as key skill in resume.,strong,0.68,2026-09-15T10:00:00
EV00740,CAN124,,SKILL_150,project,project,Implemented Compliance Management solution for real-time analytics dashboard.,moderate,0.71,2026-09-15T10:00:00
EV00741,CAN124,,SKILL_042,assessment,assessment,Scored 63% in Terraform assessment test.,weak,1.0,2026-09-15T10:00:00
EV00742,CAN124,,SKILL_020,resume,resume,Listed Django as key skill in resume.,weak,0.52,2026-09-15T10:00:00
EV00743,CAN124,,SKILL_041,resume,resume,Resume highlights CI/CD Pipelines expertise in multiple projects.,strong,0.46,2026-09-15T10:00:00
EV00744,CAN124,,SKILL_112,assessment,assessment,Completed Windows Server coding challenge with above-average performance.,strong,0.62,2026-09-15T10:00:00
EV00745,CAN125,,SKILL_003,interview,interview,Answered JavaScript related questions with practical examples.,strong,0.38,2026-09-15T10:00:00
EV00746,CAN125,,SKILL_155,assessment,assessment,Scored 92% in Data Visualization assessment test.,moderate,0.88,2026-09-15T10:00:00
EV00747,CAN125,,SKILL_014,interview,interview,Answered R related questions with practical examples.,moderate,0.31,2026-09-15T10:00:00
EV00748,CAN125,,SKILL_099,resume,resume,Resume highlights Logistics Management expertise in multiple projects.,weak,0.4,2026-09-15T10:00:00
EV00749,CAN125,,SKILL_118,assessment,assessment,Completed Scalability Patterns coding challenge with above-average performance.,weak,0.84,2026-09-15T10:00:00
EV00750,CAN125,,SKILL_050,resume,resume,Mentioned Statistical Modeling in resume with 3 years experience.,weak,0.49,2026-09-15T10:00:00
EV00751,CAN125,,SKILL_071,resume,resume,Resume highlights Leadership expertise in multiple projects.,weak,0.82,2026-09-15T10:00:00
EV00752,CAN125,,SKILL_120,project,project,Developed data pipeline using Integration Testing processing 1M+ records daily.,moderate,0.32,2026-09-15T10:00:00
EV00753,CAN126,,SKILL_095,project,project,Developed data pipeline using Training and Development processing 1M+ records daily.,weak,0.76,2026-09-15T10:00:00
EV00754,CAN126,,SKILL_039,interview,interview,Demonstrated strong Docker knowledge during technical interview.,weak,0.48,2026-09-15T10:00:00
EV00755,CAN126,,SKILL_075,assessment,assessment,Scored 68% in Time Management assessment test.,weak,0.72,2026-09-15T10:00:00
EV00756,CAN126,,SKILL_063,certification,certification,Holds Agile Methodology certification from recognized institution.,moderate,0.64,2026-09-15T10:00:00
EV00757,CAN126,,SKILL_057,assessment,assessment,Completed Power BI coding challenge with above-average performance.,moderate,0.91,2026-09-15T10:00:00
EV00758,CAN126,,SKILL_150,project,project,Built REST APIs using Compliance Management for an e-commerce platform.,moderate,0.7,2026-09-15T10:00:00
EV00759,CAN126,,SKILL_076,assessment,assessment,Scored 78% in Presentation Skills assessment test.,strong,0.53,2026-09-15T10:00:00
EV00760,CAN127,,SKILL_154,project,project,Built REST APIs using Business Process Automation for an e-commerce platform.,weak,0.36,2026-09-15T10:00:00
EV00761,CAN127,,SKILL_099,interview,interview,Demonstrated strong Logistics Management knowledge during technical interview.,strong,0.58,2026-09-15T10:00:00
EV00762,CAN127,,SKILL_041,project,project,Created CI/CD Pipelines-based microservices serving 10K+ requests/sec.,moderate,0.58,2026-09-15T10:00:00
EV00763,CAN127,,SKILL_148,certification,certification,Completed advanced Service Level Management certification course.,strong,0.56,2026-09-15T10:00:00
EV00764,CAN127,,SKILL_129,project,project,Implemented Event-Driven Architecture solution for real-time analytics dashboard.,strong,0.46,2026-09-15T10:00:00
EV00765,CAN127,,SKILL_056,interview,interview,Answered Tableau related questions with practical examples.,strong,0.59,2026-09-15T10:00:00
EV00766,CAN127,,SKILL_027,assessment,assessment,Scored 89% in SQL assessment test.,weak,0.7,2026-09-15T10:00:00
EV00767,CAN127,,SKILL_155,project,project,Built REST APIs using Data Visualization for an e-commerce platform.,weak,0.41,2026-09-15T10:00:00
EV00768,CAN128,,SKILL_068,assessment,assessment,Completed JIRA coding challenge with above-average performance.,weak,0.79,2026-09-15T10:00:00
EV00769,CAN128,,SKILL_086,resume,resume,Listed Salesforce as key skill in resume.,strong,0.42,2026-09-15T10:00:00
EV00770,CAN128,,SKILL_113,project,project,Built REST APIs using Technical Writing for an e-commerce platform.,moderate,0.52,2026-09-15T10:00:00
EV00771,CAN128,,SKILL_007,assessment,assessment,Scored 92% in Go assessment test.,weak,0.53,2026-09-15T10:00:00
EV00772,CAN129,,SKILL_048,resume,resume,Resume highlights Computer Vision expertise in multiple projects.,weak,0.82,2026-09-15T10:00:00
EV00773,CAN129,,SKILL_034,assessment,assessment,Scored 89% in Apache Cassandra assessment test.,strong,0.74,2026-09-15T10:00:00
EV00774,CAN129,,SKILL_077,certification,certification,Holds Negotiation certification from recognized institution.,moderate,0.83,2026-09-15T10:00:00
EV00775,CAN129,,SKILL_129,project,project,Built REST APIs using Event-Driven Architecture for an e-commerce platform.,moderate,0.67,2026-09-15T10:00:00
EV00776,CAN129,,SKILL_084,assessment,assessment,Scored 85% in Business Strategy assessment test.,moderate,0.98,2026-09-15T10:00:00
EV00777,CAN129,,SKILL_100,resume,resume,Mentioned Quality Assurance in resume with 4 years experience.,moderate,0.48,2026-09-15T10:00:00
EV00778,CAN129,,SKILL_080,project,project,Implemented Financial Analysis solution for real-time analytics dashboard.,moderate,0.63,2026-09-15T10:00:00
EV00779,CAN129,,SKILL_010,assessment,assessment,Completed Ruby coding challenge with above-average performance.,moderate,0.89,2026-09-15T10:00:00
EV00780,CAN130,,SKILL_002,interview,interview,Answered Java related questions with practical examples.,strong,0.58,2026-09-15T10:00:00
EV00781,CAN130,,SKILL_046,project,project,Implemented Deep Learning solution for real-time analytics dashboard.,strong,0.31,2026-09-15T10:00:00
EV00782,CAN130,,SKILL_036,interview,interview,Answered AWS related questions with practical examples.,moderate,0.59,2026-09-15T10:00:00
EV00783,CAN130,,SKILL_125,project,project,Built REST APIs using iOS Development for an e-commerce platform.,weak,0.56,2026-09-15T10:00:00
EV00784,CAN131,,SKILL_072,assessment,assessment,Scored 72% in Teamwork assessment test.,strong,0.94,2026-09-15T10:00:00
EV00785,CAN131,,SKILL_119,assessment,assessment,Completed Unit Testing coding challenge with above-average performance.,weak,0.56,2026-09-15T10:00:00
EV00786,CAN131,,SKILL_021,assessment,assessment,Completed Flask coding challenge with above-average performance.,strong,0.98,2026-09-15T10:00:00
EV00787,CAN131,,SKILL_013,project,project,Created Scala-based microservices serving 10K+ requests/sec.,weak,0.69,2026-09-15T10:00:00
EV00788,CAN131,,SKILL_124,project,project,Implemented Android Development solution for real-time analytics dashboard.,moderate,0.64,2026-09-15T10:00:00
EV00789,CAN131,,SKILL_023,interview,interview,Demonstrated strong Spring Boot knowledge during technical interview.,strong,0.54,2026-09-15T10:00:00
EV00790,CAN131,,SKILL_075,assessment,assessment,Completed Time Management coding challenge with above-average performance.,strong,0.73,2026-09-15T10:00:00
EV00791,CAN131,,SKILL_071,resume,resume,Mentioned Leadership in resume with 3 years experience.,moderate,0.78,2026-09-15T10:00:00
EV00792,CAN132,,SKILL_103,certification,certification,Holds Lean Management certification from recognized institution.,strong,0.59,2026-09-15T10:00:00
EV00793,CAN132,,SKILL_117,certification,certification,Completed advanced High Availability Architecture certification course.,weak,0.98,2026-09-15T10:00:00
EV00794,CAN132,,SKILL_154,assessment,assessment,Scored 74% in Business Process Automation assessment test.,strong,0.74,2026-09-15T10:00:00
EV00795,CAN132,,SKILL_031,project,project,Implemented Redis solution for real-time analytics dashboard.,strong,0.37,2026-09-15T10:00:00
EV00796,CAN133,,SKILL_100,certification,certification,Completed advanced Quality Assurance certification course.,weak,0.58,2026-09-15T10:00:00
EV00797,CAN133,,SKILL_066,interview,interview,Answered Waterfall related questions with practical examples.,strong,0.83,2026-09-15T10:00:00
EV00798,CAN133,,SKILL_114,assessment,assessment,Scored 84% in IT Service Management assessment test.,weak,0.7,2026-09-15T10:00:00
EV00799,CAN133,,SKILL_033,certification,certification,Completed advanced Oracle Database certification course.,strong,0.93,2026-09-15T10:00:00
EV00800,CAN133,,SKILL_003,resume,resume,Resume highlights JavaScript expertise in multiple projects.,strong,0.69,2026-09-15T10:00:00
EV00801,CAN133,,SKILL_050,resume,resume,Resume highlights Statistical Modeling expertise in multiple projects.,strong,0.77,2026-09-15T10:00:00
EV00802,CAN133,,SKILL_111,resume,resume,Listed Linux as key skill in resume.,strong,0.44,2026-09-15T10:00:00
EV00803,CAN133,,SKILL_080,resume,resume,Resume highlights Financial Analysis expertise in multiple projects.,moderate,0.3,2026-09-15T10:00:00
EV00804,CAN134,,SKILL_125,certification,certification,Completed advanced iOS Development certification course.,weak,0.65,2026-09-15T10:00:00
EV00805,CAN134,,SKILL_111,resume,resume,Mentioned Linux in resume with 4 years experience.,strong,0.83,2026-09-15T10:00:00
EV00806,CAN134,,SKILL_054,interview,interview,Answered NumPy related questions with practical examples.,weak,0.33,2026-09-15T10:00:00
EV00807,CAN134,,SKILL_040,resume,resume,Listed Kubernetes as key skill in resume.,moderate,0.45,2026-09-15T10:00:00
EV00808,CAN135,,SKILL_051,assessment,assessment,Completed TensorFlow coding challenge with above-average performance.,weak,0.77,2026-09-15T10:00:00
EV00809,CAN135,,SKILL_087,assessment,assessment,Scored 94% in Digital Marketing assessment test.,weak,0.98,2026-09-15T10:00:00
EV00810,CAN135,,SKILL_123,project,project,Developed data pipeline using Test Automation processing 1M+ records daily.,weak,0.78,2026-09-15T10:00:00
EV00811,CAN135,,SKILL_131,resume,resume,Resume highlights ETL Pipelines expertise in multiple projects.,weak,0.66,2026-09-15T10:00:00
EV00812,CAN135,,SKILL_135,certification,certification,Completed advanced Data Modeling certification course.,strong,0.95,2026-09-15T10:00:00
EV00813,CAN135,,SKILL_018,certification,certification,Completed advanced Vue.js certification course.,weak,0.79,2026-09-15T10:00:00
EV00814,CAN135,,SKILL_113,assessment,assessment,Scored 76% in Technical Writing assessment test.,weak,0.74,2026-09-15T10:00:00
EV00815,CAN136,,SKILL_024,assessment,assessment,Completed .NET Framework coding challenge with above-average performance.,moderate,0.91,2026-09-15T10:00:00
EV00816,CAN136,,SKILL_139,project,project,Built REST APIs using Blockchain for an e-commerce platform.,weak,0.48,2026-09-15T10:00:00
EV00817,CAN136,,SKILL_126,certification,certification,Holds React Native certification from recognized institution.,strong,0.89,2026-09-15T10:00:00
EV00818,CAN136,,SKILL_063,project,project,Built REST APIs using Agile Methodology for an e-commerce platform.,weak,0.79,2026-09-15T10:00:00
EV00819,CAN136,,SKILL_047,assessment,assessment,Completed Natural Language Processing coding challenge with above-average performance.,moderate,0.53,2026-09-15T10:00:00
EV00820,CAN137,,SKILL_148,project,project,Implemented Service Level Management solution for real-time analytics dashboard.,strong,0.49,2026-09-15T10:00:00
EV00821,CAN137,,SKILL_007,resume,resume,Resume highlights Go expertise in multiple projects.,weak,0.33,2026-09-15T10:00:00
EV00822,CAN137,,SKILL_026,interview,interview,Demonstrated strong GraphQL knowledge during technical interview.,moderate,0.77,2026-09-15T10:00:00
EV00823,CAN137,,SKILL_023,resume,resume,Resume highlights Spring Boot expertise in multiple projects.,strong,0.58,2026-09-15T10:00:00
EV00824,CAN137,,SKILL_112,project,project,Built REST APIs using Windows Server for an e-commerce platform.,strong,0.33,2026-09-15T10:00:00
EV00825,CAN138,,SKILL_055,interview,interview,Demonstrated strong Apache Spark knowledge during technical interview.,moderate,0.8,2026-09-15T10:00:00
EV00826,CAN138,,SKILL_110,resume,resume,Listed System Administration as key skill in resume.,moderate,0.37,2026-09-15T10:00:00
EV00827,CAN138,,SKILL_026,certification,certification,Holds GraphQL certification from recognized institution.,strong,0.85,2026-09-15T10:00:00
EV00828,CAN138,,SKILL_117,project,project,Developed data pipeline using High Availability Architecture processing 1M+ records daily.,weak,0.6,2026-09-15T10:00:00
EV00829,CAN138,,SKILL_007,project,project,Built REST APIs using Go for an e-commerce platform.,weak,0.41,2026-09-15T10:00:00
EV00830,CAN139,,SKILL_068,interview,interview,Answered JIRA related questions with practical examples.,weak,0.41,2026-09-15T10:00:00
EV00831,CAN139,,SKILL_118,interview,interview,Answered Scalability Patterns related questions with practical examples.,moderate,0.43,2026-09-15T10:00:00
EV00832,CAN139,,SKILL_126,interview,interview,Answered React Native related questions with practical examples.,strong,0.72,2026-09-15T10:00:00
EV00833,CAN139,,SKILL_086,project,project,Implemented Salesforce solution for real-time analytics dashboard.,moderate,0.49,2026-09-15T10:00:00
EV00834,CAN139,,SKILL_020,resume,resume,Listed Django as key skill in resume.,moderate,0.61,2026-09-15T10:00:00
EV00835,CAN139,,SKILL_078,interview,interview,Demonstrated strong Conflict Resolution knowledge during technical interview.,moderate,0.48,2026-09-15T10:00:00
EV00836,CAN140,,SKILL_017,project,project,Implemented Angular solution for real-time analytics dashboard.,moderate,0.31,2026-09-15T10:00:00
EV00837,CAN140,,SKILL_104,interview,interview,Demonstrated strong UI/UX Design knowledge during technical interview.,moderate,0.84,2026-09-15T10:00:00
EV00838,CAN140,,SKILL_112,project,project,Developed data pipeline using Windows Server processing 1M+ records daily.,moderate,0.44,2026-09-15T10:00:00
EV00839,CAN140,,SKILL_008,project,project,Developed data pipeline using Rust processing 1M+ records daily.,weak,0.48,2026-09-15T10:00:00
EV00840,CAN140,,SKILL_053,project,project,Developed data pipeline using Pandas processing 1M+ records daily.,strong,0.76,2026-09-15T10:00:00
EV00841,CAN140,,SKILL_026,resume,resume,Mentioned GraphQL in resume with 1 years experience.,moderate,0.4,2026-09-15T10:00:00
EV00842,CAN141,,SKILL_080,resume,resume,Resume highlights Financial Analysis expertise in multiple projects.,moderate,0.77,2026-09-15T10:00:00
EV00843,CAN141,,SKILL_144,assessment,assessment,Scored 61% in Customer Relationship Management assessment test.,strong,0.91,2026-09-15T10:00:00
EV00844,CAN141,,SKILL_115,certification,certification,Completed advanced System Design certification course.,weak,0.99,2026-09-15T10:00:00
EV00845,CAN141,,SKILL_112,interview,interview,Demonstrated strong Windows Server knowledge during technical interview.,weak,0.57,2026-09-15T10:00:00
EV00846,CAN141,,SKILL_053,project,project,Developed data pipeline using Pandas processing 1M+ records daily.,moderate,0.34,2026-09-15T10:00:00
EV00847,CAN141,,SKILL_119,certification,certification,Holds Unit Testing certification from recognized institution.,strong,0.85,2026-09-15T10:00:00
EV00848,CAN141,,SKILL_065,interview,interview,Answered Kanban related questions with practical examples.,strong,0.72,2026-09-15T10:00:00
EV00849,CAN141,,SKILL_044,certification,certification,Holds Ansible certification from recognized institution.,moderate,0.75,2026-09-15T10:00:00
EV00850,CAN142,,SKILL_038,interview,interview,Answered Google Cloud Platform related questions with practical examples.,strong,0.64,2026-09-15T10:00:00
EV00851,CAN142,,SKILL_035,assessment,assessment,Completed Amazon DynamoDB coding challenge with above-average performance.,strong,0.69,2026-09-15T10:00:00
EV00852,CAN142,,SKILL_029,certification,certification,Completed advanced MySQL certification course.,weak,0.59,2026-09-15T10:00:00
EV00853,CAN142,,SKILL_077,resume,resume,Resume highlights Negotiation expertise in multiple projects.,weak,0.7,2026-09-15T10:00:00
EV00854,CAN143,,SKILL_117,project,project,Created High Availability Architecture-based microservices serving 10K+ requests/sec.,strong,0.64,2026-09-15T10:00:00
EV00855,CAN143,,SKILL_015,project,project,Created HTML/CSS-based microservices serving 10K+ requests/sec.,strong,0.42,2026-09-15T10:00:00
EV00856,CAN143,,SKILL_110,project,project,Implemented System Administration solution for real-time analytics dashboard.,strong,0.3,2026-09-15T10:00:00
EV00857,CAN143,,SKILL_049,certification,certification,Holds Data Analysis certification from recognized institution.,weak,0.58,2026-09-15T10:00:00
EV00858,CAN144,,SKILL_035,resume,resume,Mentioned Amazon DynamoDB in resume with 5 years experience.,weak,0.73,2026-09-15T10:00:00
EV00859,CAN144,,SKILL_147,certification,certification,Completed advanced Issue Resolution certification course.,strong,0.77,2026-09-15T10:00:00
EV00860,CAN144,,SKILL_099,project,project,Implemented Logistics Management solution for real-time analytics dashboard.,weak,0.83,2026-09-15T10:00:00
EV00861,CAN144,,SKILL_134,assessment,assessment,Completed Apache Airflow coding challenge with above-average performance.,weak,0.67,2026-09-15T10:00:00
EV00862,CAN144,,SKILL_096,certification,certification,Completed advanced HR Analytics certification course.,strong,0.97,2026-09-15T10:00:00
EV00863,CAN144,,SKILL_019,assessment,assessment,Scored 86% in Node.js assessment test.,strong,0.71,2026-09-15T10:00:00
EV00864,CAN145,,SKILL_085,assessment,assessment,Scored 89% in CRM Systems assessment test.,moderate,0.99,2026-09-15T10:00:00
EV00865,CAN145,,SKILL_074,certification,certification,Holds Critical Thinking certification from recognized institution.,moderate,0.64,2026-09-15T10:00:00
EV00866,CAN145,,SKILL_014,assessment,assessment,Scored 78% in R assessment test.,weak,0.99,2026-09-15T10:00:00
EV00867,CAN145,,SKILL_037,certification,certification,Completed advanced Microsoft Azure certification course.,weak,0.87,2026-09-15T10:00:00
EV00868,CAN145,,SKILL_017,project,project,Implemented Angular solution for real-time analytics dashboard.,moderate,0.54,2026-09-15T10:00:00
EV00869,CAN145,,SKILL_122,assessment,assessment,Completed Performance Testing coding challenge with above-average performance.,moderate,0.69,2026-09-15T10:00:00
EV00870,CAN146,,SKILL_009,assessment,assessment,Completed PHP coding challenge with above-average performance.,weak,0.86,2026-09-15T10:00:00
EV00871,CAN146,,SKILL_129,assessment,assessment,Completed Event-Driven Architecture coding challenge with above-average performance.,weak,0.7,2026-09-15T10:00:00
EV00872,CAN146,,SKILL_087,interview,interview,Answered Digital Marketing related questions with practical examples.,moderate,0.5,2026-09-15T10:00:00
EV00873,CAN146,,SKILL_143,interview,interview,Answered Generative AI related questions with practical examples.,moderate,0.76,2026-09-15T10:00:00
EV00874,CAN147,,SKILL_081,project,project,Implemented Accounting solution for real-time analytics dashboard.,moderate,0.5,2026-09-15T10:00:00
EV00875,CAN147,,SKILL_033,certification,certification,Completed advanced Oracle Database certification course.,strong,0.79,2026-09-15T10:00:00
EV00876,CAN147,,SKILL_041,certification,certification,Holds CI/CD Pipelines certification from recognized institution.,weak,0.64,2026-09-15T10:00:00
EV00877,CAN147,,SKILL_092,assessment,assessment,Completed Employee Relations coding challenge with above-average performance.,strong,0.64,2026-09-15T10:00:00
EV00878,CAN148,,SKILL_017,certification,certification,Holds Angular certification from recognized institution.,strong,0.97,2026-09-15T10:00:00
EV00879,CAN148,,SKILL_071,resume,resume,Mentioned Leadership in resume with 3 years experience.,strong,0.41,2026-09-15T10:00:00
EV00880,CAN148,,SKILL_020,interview,interview,Answered Django related questions with practical examples.,strong,0.32,2026-09-15T10:00:00
EV00881,CAN148,,SKILL_132,interview,interview,Demonstrated strong Data Warehousing knowledge during technical interview.,moderate,0.8,2026-09-15T10:00:00
EV00882,CAN148,,SKILL_007,certification,certification,Holds Go certification from recognized institution.,moderate,0.92,2026-09-15T10:00:00
EV00883,CAN148,,SKILL_097,project,project,Developed data pipeline using Labor Law Compliance processing 1M+ records daily.,moderate,0.52,2026-09-15T10:00:00
EV00884,CAN148,,SKILL_010,project,project,Implemented Ruby solution for real-time analytics dashboard.,weak,0.71,2026-09-15T10:00:00
EV00885,CAN149,,SKILL_088,project,project,Built REST APIs using SEO/SEM for an e-commerce platform.,strong,0.58,2026-09-15T10:00:00
EV00886,CAN149,,SKILL_081,project,project,Implemented Accounting solution for real-time analytics dashboard.,strong,0.67,2026-09-15T10:00:00
EV00887,CAN149,,SKILL_091,interview,interview,Answered Talent Acquisition related questions with practical examples.,weak,0.59,2026-09-15T10:00:00
EV00888,CAN149,,SKILL_001,resume,resume,Listed Python as key skill in resume.,moderate,0.59,2026-09-15T10:00:00
EV00889,CAN149,,SKILL_131,project,project,Built REST APIs using ETL Pipelines for an e-commerce platform.,weak,0.75,2026-09-15T10:00:00
EV00890,CAN150,,SKILL_126,interview,interview,Demonstrated strong React Native knowledge during technical interview.,strong,0.54,2026-09-15T10:00:00
EV00891,CAN150,,SKILL_131,certification,certification,Holds ETL Pipelines certification from recognized institution.,moderate,0.98,2026-09-15T10:00:00
EV00892,CAN150,,SKILL_130,project,project,Created API Gateway Management-based microservices serving 10K+ requests/sec.,strong,0.63,2026-09-15T10:00:00
EV00893,CAN150,,SKILL_139,resume,resume,Mentioned Blockchain in resume with 2 years experience.,moderate,0.73,2026-09-15T10:00:00
EV00894,CAN150,,SKILL_120,assessment,assessment,Completed Integration Testing coding challenge with above-average performance.,moderate,0.88,2026-09-15T10:00:00
EV00895,CAN150,,SKILL_062,project,project,Implemented Identity and Access Management solution for real-time analytics dashboard.,weak,0.44,2026-09-15T10:00:00
EV00896,CAN150,,SKILL_137,project,project,Created A/B Testing-based microservices serving 10K+ requests/sec.,strong,0.52,2026-09-15T10:00:00
EV00897,CAN151,,SKILL_099,resume,resume,Resume highlights Logistics Management expertise in multiple projects.,strong,0.64,2026-09-15T10:00:00
EV00898,CAN151,,SKILL_063,project,project,Built REST APIs using Agile Methodology for an e-commerce platform.,weak,0.52,2026-09-15T10:00:00
EV00899,CAN151,,SKILL_053,project,project,Created Pandas-based microservices serving 10K+ requests/sec.,moderate,0.72,2026-09-15T10:00:00
EV00900,CAN151,,SKILL_098,assessment,assessment,Scored 84% in Supply Chain Management assessment test.,weak,0.77,2026-09-15T10:00:00
EV00901,CAN151,,SKILL_139,resume,resume,Mentioned Blockchain in resume with 4 years experience.,weak,0.69,2026-09-15T10:00:00
EV00902,CAN151,,SKILL_075,project,project,Built REST APIs using Time Management for an e-commerce platform.,weak,0.82,2026-09-15T10:00:00
EV00903,CAN152,,SKILL_019,assessment,assessment,Completed Node.js coding challenge with above-average performance.,strong,0.77,2026-09-15T10:00:00
EV00904,CAN152,,SKILL_103,assessment,assessment,Scored 69% in Lean Management assessment test.,weak,0.59,2026-09-15T10:00:00
EV00905,CAN152,,SKILL_109,resume,resume,Resume highlights Networking expertise in multiple projects.,strong,0.54,2026-09-15T10:00:00
EV00906,CAN152,,SKILL_085,interview,interview,Answered CRM Systems related questions with practical examples.,strong,0.67,2026-09-15T10:00:00
EV00907,CAN152,,SKILL_037,certification,certification,Holds Microsoft Azure certification from recognized institution.,moderate,0.78,2026-09-15T10:00:00
EV00908,CAN152,,SKILL_026,assessment,assessment,Scored 64% in GraphQL assessment test.,weak,0.79,2026-09-15T10:00:00
EV00909,CAN152,,SKILL_083,interview,interview,Demonstrated strong Market Analysis knowledge during technical interview.,weak,0.48,2026-09-15T10:00:00
EV00910,CAN152,,SKILL_078,resume,resume,Resume highlights Conflict Resolution expertise in multiple projects.,moderate,0.52,2026-09-15T10:00:00
EV00911,CAN153,,SKILL_108,resume,resume,Resume highlights User Research expertise in multiple projects.,weak,0.85,2026-09-15T10:00:00
EV00912,CAN153,,SKILL_066,resume,resume,Listed Waterfall as key skill in resume.,strong,0.69,2026-09-15T10:00:00
EV00913,CAN153,,SKILL_090,interview,interview,Answered Brand Management related questions with practical examples.,weak,0.34,2026-09-15T10:00:00
EV00914,CAN153,,SKILL_094,project,project,Implemented Performance Management solution for real-time analytics dashboard.,strong,0.49,2026-09-15T10:00:00
EV00915,CAN154,,SKILL_110,project,project,Developed data pipeline using System Administration processing 1M+ records daily.,weak,0.72,2026-09-15T10:00:00
EV00916,CAN154,,SKILL_099,project,project,Implemented Logistics Management solution for real-time analytics dashboard.,weak,0.46,2026-09-15T10:00:00
EV00917,CAN154,,SKILL_153,assessment,assessment,Scored 81% in Strategic Planning assessment test.,strong,0.99,2026-09-15T10:00:00
EV00918,CAN154,,SKILL_118,interview,interview,Answered Scalability Patterns related questions with practical examples.,moderate,0.53,2026-09-15T10:00:00
EV00919,CAN154,,SKILL_114,project,project,Implemented IT Service Management solution for real-time analytics dashboard.,strong,0.4,2026-09-15T10:00:00
EV00920,CAN154,,SKILL_043,certification,certification,Holds Jenkins certification from recognized institution.,moderate,0.93,2026-09-15T10:00:00
EV00921,CAN154,,SKILL_063,project,project,Implemented Agile Methodology solution for real-time analytics dashboard.,strong,0.63,2026-09-15T10:00:00
EV00922,CAN155,,SKILL_089,interview,interview,Answered Content Marketing related questions with practical examples.,strong,0.37,2026-09-15T10:00:00
EV00923,CAN155,,SKILL_076,project,project,Created Presentation Skills-based microservices serving 10K+ requests/sec.,weak,0.41,2026-09-15T10:00:00
EV00924,CAN155,,SKILL_111,certification,certification,Holds Linux certification from recognized institution.,moderate,0.6,2026-09-15T10:00:00
EV00925,CAN155,,SKILL_023,certification,certification,Holds Spring Boot certification from recognized institution.,weak,0.51,2026-09-15T10:00:00
EV00926,CAN155,,SKILL_039,assessment,assessment,Completed Docker coding challenge with above-average performance.,weak,0.76,2026-09-15T10:00:00
EV00927,CAN155,,SKILL_062,project,project,Developed data pipeline using Identity and Access Management processing 1M+ records daily.,strong,0.63,2026-09-15T10:00:00
EV00928,CAN155,,SKILL_107,certification,certification,Completed advanced Prototyping certification course.,weak,0.64,2026-09-15T10:00:00
EV00929,CAN155,,SKILL_007,interview,interview,Demonstrated strong Go knowledge during technical interview.,strong,0.41,2026-09-15T10:00:00
EV00930,CAN156,,SKILL_024,assessment,assessment,Scored 65% in .NET Framework assessment test.,moderate,0.59,2026-09-15T10:00:00
EV00931,CAN156,,SKILL_101,certification,certification,Holds Process Improvement certification from recognized institution.,moderate,0.94,2026-09-15T10:00:00
EV00932,CAN156,,SKILL_133,resume,resume,Mentioned Apache Kafka in resume with 1 years experience.,strong,0.62,2026-09-15T10:00:00
EV00933,CAN156,,SKILL_015,interview,interview,Demonstrated strong HTML/CSS knowledge during technical interview.,moderate,0.34,2026-09-15T10:00:00
EV00934,CAN156,,SKILL_026,project,project,Created GraphQL-based microservices serving 10K+ requests/sec.,weak,0.81,2026-09-15T10:00:00
EV00935,CAN156,,SKILL_075,certification,certification,Completed advanced Time Management certification course.,weak,0.59,2026-09-15T10:00:00
EV00936,CAN156,,SKILL_086,project,project,Built REST APIs using Salesforce for an e-commerce platform.,strong,0.48,2026-09-15T10:00:00
EV00937,CAN156,,SKILL_084,interview,interview,Answered Business Strategy related questions with practical examples.,strong,0.71,2026-09-15T10:00:00
EV00938,CAN157,,SKILL_090,resume,resume,Listed Brand Management as key skill in resume.,strong,0.8,2026-09-15T10:00:00
EV00939,CAN157,,SKILL_101,resume,resume,Listed Process Improvement as key skill in resume.,moderate,0.71,2026-09-15T10:00:00
EV00940,CAN157,,SKILL_081,assessment,assessment,Scored 94% in Accounting assessment test.,moderate,0.73,2026-09-15T10:00:00
EV00941,CAN157,,SKILL_018,project,project,Created Vue.js-based microservices serving 10K+ requests/sec.,strong,0.54,2026-09-15T10:00:00
EV00942,CAN157,,SKILL_064,certification,certification,Holds Scrum certification from recognized institution.,strong,0.6,2026-09-15T10:00:00
EV00943,CAN157,,SKILL_071,certification,certification,Completed advanced Leadership certification course.,strong,0.94,2026-09-15T10:00:00
EV00944,CAN158,,SKILL_044,project,project,Implemented Ansible solution for real-time analytics dashboard.,strong,0.8,2026-09-15T10:00:00
EV00945,CAN158,,SKILL_039,assessment,assessment,Completed Docker coding challenge with above-average performance.,weak,0.52,2026-09-15T10:00:00
EV00946,CAN158,,SKILL_037,certification,certification,Holds Microsoft Azure certification from recognized institution.,moderate,0.86,2026-09-15T10:00:00
EV00947,CAN158,,SKILL_122,interview,interview,Answered Performance Testing related questions with practical examples.,strong,0.41,2026-09-15T10:00:00
EV00948,CAN159,,SKILL_007,resume,resume,Resume highlights Go expertise in multiple projects.,strong,0.58,2026-09-15T10:00:00
EV00949,CAN159,,SKILL_126,project,project,Built REST APIs using React Native for an e-commerce platform.,moderate,0.72,2026-09-15T10:00:00
EV00950,CAN159,,SKILL_114,interview,interview,Demonstrated strong IT Service Management knowledge during technical interview.,weak,0.34,2026-09-15T10:00:00
EV00951,CAN159,,SKILL_050,interview,interview,Demonstrated strong Statistical Modeling knowledge during technical interview.,moderate,0.57,2026-09-15T10:00:00
EV00952,CAN159,,SKILL_125,certification,certification,Completed advanced iOS Development certification course.,weak,0.73,2026-09-15T10:00:00
EV00953,CAN159,,SKILL_148,assessment,assessment,Scored 80% in Service Level Management assessment test.,strong,0.93,2026-09-15T10:00:00
EV00954,CAN159,,SKILL_115,project,project,Implemented System Design solution for real-time analytics dashboard.,moderate,0.7,2026-09-15T10:00:00
EV00955,CAN159,,SKILL_128,resume,resume,Resume highlights Microservices Architecture expertise in multiple projects.,moderate,0.5,2026-09-15T10:00:00
EV00956,CAN160,,SKILL_048,assessment,assessment,Scored 77% in Computer Vision assessment test.,weak,0.95,2026-09-15T10:00:00
EV00957,CAN160,,SKILL_110,certification,certification,Completed advanced System Administration certification course.,strong,0.52,2026-09-15T10:00:00
EV00958,CAN160,,SKILL_007,resume,resume,Mentioned Go in resume with 3 years experience.,weak,0.62,2026-09-15T10:00:00
EV00959,CAN160,,SKILL_027,project,project,Implemented SQL solution for real-time analytics dashboard.,moderate,0.78,2026-09-15T10:00:00
EV00960,CAN160,,SKILL_145,assessment,assessment,Completed Active Listening coding challenge with above-average performance.,weak,0.55,2026-09-15T10:00:00
EV00961,CAN160,,SKILL_117,resume,resume,Mentioned High Availability Architecture in resume with 4 years experience.,strong,0.7,2026-09-15T10:00:00
EV00962,CAN160,,SKILL_047,resume,resume,Resume highlights Natural Language Processing expertise in multiple projects.,weak,0.51,2026-09-15T10:00:00
EV00963,CAN160,,SKILL_039,assessment,assessment,Completed Docker coding challenge with above-average performance.,weak,0.97,2026-09-15T10:00:00
EV00964,CAN161,,SKILL_131,assessment,assessment,Scored 68% in ETL Pipelines assessment test.,moderate,0.52,2026-09-15T10:00:00
EV00965,CAN161,,SKILL_150,resume,resume,Listed Compliance Management as key skill in resume.,weak,0.76,2026-09-15T10:00:00
EV00966,CAN161,,SKILL_105,interview,interview,Demonstrated strong Figma knowledge during technical interview.,moderate,0.31,2026-09-15T10:00:00
EV00967,CAN161,,SKILL_130,resume,resume,Listed API Gateway Management as key skill in resume.,strong,0.75,2026-09-15T10:00:00
EV00968,CAN161,,SKILL_078,resume,resume,Resume highlights Conflict Resolution expertise in multiple projects.,strong,0.52,2026-09-15T10:00:00
EV00969,CAN162,,SKILL_069,project,project,Developed data pipeline using Product Management processing 1M+ records daily.,moderate,0.83,2026-09-15T10:00:00
EV00970,CAN162,,SKILL_043,assessment,assessment,Scored 61% in Jenkins assessment test.,strong,0.53,2026-09-15T10:00:00
EV00971,CAN162,,SKILL_096,project,project,Developed data pipeline using HR Analytics processing 1M+ records daily.,weak,0.64,2026-09-15T10:00:00
EV00972,CAN162,,SKILL_010,certification,certification,Completed advanced Ruby certification course.,moderate,0.52,2026-09-15T10:00:00
EV00973,CAN162,,SKILL_030,resume,resume,Listed MongoDB as key skill in resume.,strong,0.61,2026-09-15T10:00:00
EV00974,CAN163,,SKILL_104,assessment,assessment,Completed UI/UX Design coding challenge with above-average performance.,strong,0.85,2026-09-15T10:00:00
EV00975,CAN163,,SKILL_125,assessment,assessment,Completed iOS Development coding challenge with above-average performance.,strong,0.86,2026-09-15T10:00:00
EV00976,CAN163,,SKILL_116,project,project,Implemented Distributed Systems solution for real-time analytics dashboard.,strong,0.69,2026-09-15T10:00:00
EV00977,CAN163,,SKILL_028,project,project,Created PostgreSQL-based microservices serving 10K+ requests/sec.,weak,0.55,2026-09-15T10:00:00
EV00978,CAN163,,SKILL_071,interview,interview,Demonstrated strong Leadership knowledge during technical interview.,moderate,0.85,2026-09-15T10:00:00
EV00979,CAN163,,SKILL_155,assessment,assessment,Completed Data Visualization coding challenge with above-average performance.,strong,0.5,2026-09-15T10:00:00
EV00980,CAN164,,SKILL_070,assessment,assessment,Completed Communication coding challenge with above-average performance.,weak,0.74,2026-09-15T10:00:00
EV00981,CAN164,,SKILL_012,certification,certification,Holds Swift certification from recognized institution.,weak,0.63,2026-09-15T10:00:00
EV00982,CAN164,,SKILL_085,project,project,Built REST APIs using CRM Systems for an e-commerce platform.,weak,0.48,2026-09-15T10:00:00
EV00983,CAN164,,SKILL_033,certification,certification,Completed advanced Oracle Database certification course.,strong,0.82,2026-09-15T10:00:00
EV00984,CAN164,,SKILL_117,interview,interview,Demonstrated strong High Availability Architecture knowledge during technical interview.,moderate,0.49,2026-09-15T10:00:00
EV00985,CAN164,,SKILL_137,interview,interview,Demonstrated strong A/B Testing knowledge during technical interview.,strong,0.77,2026-09-15T10:00:00
EV00986,CAN165,,SKILL_153,interview,interview,Demonstrated strong Strategic Planning knowledge during technical interview.,moderate,0.75,2026-09-15T10:00:00
EV00987,CAN165,,SKILL_088,project,project,Created SEO/SEM-based microservices serving 10K+ requests/sec.,moderate,0.81,2026-09-15T10:00:00
EV00988,CAN165,,SKILL_025,project,project,Built REST APIs using REST API Design for an e-commerce platform.,weak,0.8,2026-09-15T10:00:00
EV00989,CAN165,,SKILL_134,resume,resume,Listed Apache Airflow as key skill in resume.,strong,0.38,2026-09-15T10:00:00
EV00990,CAN166,,SKILL_016,certification,certification,Holds React certification from recognized institution.,weak,0.55,2026-09-15T10:00:00
EV00991,CAN166,,SKILL_047,resume,resume,Listed Natural Language Processing as key skill in resume.,moderate,0.49,2026-09-15T10:00:00
EV00992,CAN166,,SKILL_095,certification,certification,Completed advanced Training and Development certification course.,moderate,0.81,2026-09-15T10:00:00
EV00993,CAN166,,SKILL_022,interview,interview,Answered FastAPI related questions with practical examples.,weak,0.46,2026-09-15T10:00:00
EV00994,CAN166,,SKILL_037,resume,resume,Listed Microsoft Azure as key skill in resume.,strong,0.38,2026-09-15T10:00:00
EV00995,CAN166,,SKILL_104,assessment,assessment,Completed UI/UX Design coding challenge with above-average performance.,weak,0.85,2026-09-15T10:00:00
EV00996,CAN166,,SKILL_003,resume,resume,Mentioned JavaScript in resume with 4 years experience.,moderate,0.53,2026-09-15T10:00:00
EV00997,CAN167,,SKILL_124,project,project,Created Android Development-based microservices serving 10K+ requests/sec.,weak,0.63,2026-09-15T10:00:00
EV00998,CAN167,,SKILL_117,project,project,Implemented High Availability Architecture solution for real-time analytics dashboard.,moderate,0.43,2026-09-15T10:00:00
EV00999,CAN167,,SKILL_045,interview,interview,Demonstrated strong Machine Learning knowledge during technical interview.,weak,0.58,2026-09-15T10:00:00
EV01000,CAN167,,SKILL_103,resume,resume,Resume highlights Lean Management expertise in multiple projects.,moderate,0.62,2026-09-15T10:00:00
EV01001,CAN167,,SKILL_053,certification,certification,Completed advanced Pandas certification course.,strong,0.88,2026-09-15T10:00:00
EV01002,CAN167,,SKILL_098,certification,certification,Holds Supply Chain Management certification from recognized institution.,weak,0.52,2026-09-15T10:00:00
EV01003,CAN167,,SKILL_056,interview,interview,Demonstrated strong Tableau knowledge during technical interview.,strong,0.37,2026-09-15T10:00:00
EV01004,CAN167,,SKILL_033,resume,resume,Listed Oracle Database as key skill in resume.,strong,0.72,2026-09-15T10:00:00
EV01005,CAN168,,SKILL_110,assessment,assessment,Completed System Administration coding challenge with above-average performance.,weak,0.99,2026-09-15T10:00:00
EV01006,CAN168,,SKILL_015,resume,resume,Resume highlights HTML/CSS expertise in multiple projects.,moderate,0.62,2026-09-15T10:00:00
EV01007,CAN168,,SKILL_025,certification,certification,Completed advanced REST API Design certification course.,strong,0.61,2026-09-15T10:00:00
EV01008,CAN168,,SKILL_128,project,project,Implemented Microservices Architecture solution for real-time analytics dashboard.,strong,0.82,2026-09-15T10:00:00
EV01009,CAN168,,SKILL_056,resume,resume,Mentioned Tableau in resume with 4 years experience.,weak,0.84,2026-09-15T10:00:00
EV01010,CAN169,,SKILL_128,assessment,assessment,Completed Microservices Architecture coding challenge with above-average performance.,moderate,0.85,2026-09-15T10:00:00
EV01011,CAN169,,SKILL_146,project,project,Created Empathy-based microservices serving 10K+ requests/sec.,strong,0.74,2026-09-15T10:00:00
EV01012,CAN169,,SKILL_015,project,project,Developed data pipeline using HTML/CSS processing 1M+ records daily.,moderate,0.68,2026-09-15T10:00:00
EV01013,CAN169,,SKILL_061,assessment,assessment,Scored 83% in OWASP Security assessment test.,moderate,0.84,2026-09-15T10:00:00
EV01014,CAN169,,SKILL_096,certification,certification,Holds HR Analytics certification from recognized institution.,moderate,0.63,2026-09-15T10:00:00
EV01015,CAN170,,SKILL_035,resume,resume,Resume highlights Amazon DynamoDB expertise in multiple projects.,weak,0.54,2026-09-15T10:00:00
EV01016,CAN170,,SKILL_133,interview,interview,Demonstrated strong Apache Kafka knowledge during technical interview.,weak,0.46,2026-09-15T10:00:00
EV01017,CAN170,,SKILL_094,assessment,assessment,Completed Performance Management coding challenge with above-average performance.,weak,0.76,2026-09-15T10:00:00
EV01018,CAN170,,SKILL_091,assessment,assessment,Scored 63% in Talent Acquisition assessment test.,moderate,0.82,2026-09-15T10:00:00
EV01019,CAN170,,SKILL_068,certification,certification,Holds JIRA certification from recognized institution.,moderate,0.9,2026-09-15T10:00:00
EV01020,CAN170,,SKILL_123,assessment,assessment,Scored 80% in Test Automation assessment test.,weak,0.86,2026-09-15T10:00:00
EV01021,CAN170,,SKILL_080,resume,resume,Listed Financial Analysis as key skill in resume.,weak,0.51,2026-09-15T10:00:00
EV01022,CAN171,,SKILL_026,resume,resume,Resume highlights GraphQL expertise in multiple projects.,weak,0.34,2026-09-15T10:00:00
EV01023,CAN171,,SKILL_006,certification,certification,Holds C# certification from recognized institution.,moderate,0.52,2026-09-15T10:00:00
EV01024,CAN171,,SKILL_151,interview,interview,Answered Vendor Management related questions with practical examples.,weak,0.66,2026-09-15T10:00:00
EV01025,CAN171,,SKILL_154,resume,resume,Mentioned Business Process Automation in resume with 3 years experience.,strong,0.81,2026-09-15T10:00:00
EV01026,CAN172,,SKILL_037,project,project,Developed data pipeline using Microsoft Azure processing 1M+ records daily.,weak,0.42,2026-09-15T10:00:00
EV01027,CAN172,,SKILL_099,certification,certification,Holds Logistics Management certification from recognized institution.,moderate,0.92,2026-09-15T10:00:00
EV01028,CAN172,,SKILL_083,interview,interview,Answered Market Analysis related questions with practical examples.,moderate,0.79,2026-09-15T10:00:00
EV01029,CAN172,,SKILL_114,interview,interview,Answered IT Service Management related questions with practical examples.,weak,0.67,2026-09-15T10:00:00
EV01030,CAN172,,SKILL_084,project,project,Built REST APIs using Business Strategy for an e-commerce platform.,moderate,0.72,2026-09-15T10:00:00
EV01031,CAN173,,SKILL_050,project,project,Developed data pipeline using Statistical Modeling processing 1M+ records daily.,weak,0.32,2026-09-15T10:00:00
EV01032,CAN173,,SKILL_045,resume,resume,Mentioned Machine Learning in resume with 3 years experience.,strong,0.85,2026-09-15T10:00:00
EV01033,CAN173,,SKILL_132,interview,interview,Answered Data Warehousing related questions with practical examples.,weak,0.67,2026-09-15T10:00:00
EV01034,CAN173,,SKILL_125,interview,interview,Demonstrated strong iOS Development knowledge during technical interview.,strong,0.53,2026-09-15T10:00:00
EV01035,CAN173,,SKILL_071,assessment,assessment,Completed Leadership coding challenge with above-average performance.,strong,0.77,2026-09-15T10:00:00
EV01036,CAN173,,SKILL_044,certification,certification,Holds Ansible certification from recognized institution.,moderate,0.64,2026-09-15T10:00:00
EV01037,CAN173,,SKILL_083,assessment,assessment,Completed Market Analysis coding challenge with above-average performance.,weak,0.72,2026-09-15T10:00:00
EV01038,CAN174,,SKILL_082,assessment,assessment,Scored 67% in Budgeting assessment test.,moderate,0.52,2026-09-15T10:00:00
EV01039,CAN174,,SKILL_006,project,project,Implemented C# solution for real-time analytics dashboard.,weak,0.82,2026-09-15T10:00:00
EV01040,CAN174,,SKILL_047,assessment,assessment,Scored 68% in Natural Language Processing assessment test.,weak,0.87,2026-09-15T10:00:00
EV01041,CAN174,,SKILL_039,assessment,assessment,Scored 82% in Docker assessment test.,weak,0.99,2026-09-15T10:00:00
EV01042,CAN175,,SKILL_131,project,project,Implemented ETL Pipelines solution for real-time analytics dashboard.,strong,0.81,2026-09-15T10:00:00
EV01043,CAN175,,SKILL_138,certification,certification,Completed advanced Mixpanel certification course.,moderate,0.9,2026-09-15T10:00:00
EV01044,CAN175,,SKILL_094,project,project,Implemented Performance Management solution for real-time analytics dashboard.,weak,0.64,2026-09-15T10:00:00
EV01045,CAN175,,SKILL_002,assessment,assessment,Scored 82% in Java assessment test.,moderate,0.67,2026-09-15T10:00:00
EV01046,CAN176,,SKILL_067,project,project,Created Project Management-based microservices serving 10K+ requests/sec.,strong,0.77,2026-09-15T10:00:00
EV01047,CAN176,,SKILL_122,certification,certification,Completed advanced Performance Testing certification course.,weak,0.74,2026-09-15T10:00:00
EV01048,CAN176,,SKILL_062,resume,resume,Mentioned Identity and Access Management in resume with 2 years experience.,weak,0.46,2026-09-15T10:00:00
EV01049,CAN176,,SKILL_055,assessment,assessment,Completed Apache Spark coding challenge with above-average performance.,strong,0.72,2026-09-15T10:00:00
EV01050,CAN177,,SKILL_006,certification,certification,Holds C# certification from recognized institution.,strong,0.95,2026-09-15T10:00:00
EV01051,CAN177,,SKILL_084,resume,resume,Resume highlights Business Strategy expertise in multiple projects.,moderate,0.62,2026-09-15T10:00:00
EV01052,CAN177,,SKILL_008,resume,resume,Mentioned Rust in resume with 4 years experience.,weak,0.37,2026-09-15T10:00:00
EV01053,CAN177,,SKILL_063,interview,interview,Answered Agile Methodology related questions with practical examples.,moderate,0.3,2026-09-15T10:00:00
EV01054,CAN177,,SKILL_011,assessment,assessment,Scored 88% in Kotlin assessment test.,weak,0.9,2026-09-15T10:00:00
EV01055,CAN178,,SKILL_075,resume,resume,Mentioned Time Management in resume with 5 years experience.,weak,0.69,2026-09-15T10:00:00
EV01056,CAN178,,SKILL_083,project,project,Developed data pipeline using Market Analysis processing 1M+ records daily.,moderate,0.55,2026-09-15T10:00:00
EV01057,CAN178,,SKILL_145,project,project,Implemented Active Listening solution for real-time analytics dashboard.,weak,0.57,2026-09-15T10:00:00
EV01058,CAN178,,SKILL_020,project,project,Built REST APIs using Django for an e-commerce platform.,moderate,0.51,2026-09-15T10:00:00
EV01059,CAN178,,SKILL_047,project,project,Developed data pipeline using Natural Language Processing processing 1M+ records daily.,weak,0.82,2026-09-15T10:00:00
EV01060,CAN178,,SKILL_126,interview,interview,Answered React Native related questions with practical examples.,strong,0.71,2026-09-15T10:00:00
EV01061,CAN178,,SKILL_100,project,project,Created Quality Assurance-based microservices serving 10K+ requests/sec.,moderate,0.34,2026-09-15T10:00:00
EV01062,CAN178,,SKILL_053,certification,certification,Completed advanced Pandas certification course.,weak,0.81,2026-09-15T10:00:00
EV01063,CAN179,,SKILL_118,project,project,Built REST APIs using Scalability Patterns for an e-commerce platform.,moderate,0.81,2026-09-15T10:00:00
EV01064,CAN179,,SKILL_149,interview,interview,Demonstrated strong Risk Management knowledge during technical interview.,moderate,0.83,2026-09-15T10:00:00
EV01065,CAN179,,SKILL_116,assessment,assessment,Scored 68% in Distributed Systems assessment test.,weak,0.99,2026-09-15T10:00:00
EV01066,CAN179,,SKILL_057,resume,resume,Resume highlights Power BI expertise in multiple projects.,moderate,0.49,2026-09-15T10:00:00
EV01067,CAN179,,SKILL_066,project,project,Built REST APIs using Waterfall for an e-commerce platform.,moderate,0.59,2026-09-15T10:00:00
EV01068,CAN179,,SKILL_050,interview,interview,Answered Statistical Modeling related questions with practical examples.,strong,0.51,2026-09-15T10:00:00
EV01069,CAN180,,SKILL_073,resume,resume,Mentioned Problem Solving in resume with 1 years experience.,strong,0.48,2026-09-15T10:00:00
EV01070,CAN180,,SKILL_143,resume,resume,Listed Generative AI as key skill in resume.,weak,0.66,2026-09-15T10:00:00
EV01071,CAN180,,SKILL_039,resume,resume,Listed Docker as key skill in resume.,strong,0.73,2026-09-15T10:00:00
EV01072,CAN180,,SKILL_068,interview,interview,Demonstrated strong JIRA knowledge during technical interview.,weak,0.53,2026-09-15T10:00:00
EV01073,CAN181,,SKILL_099,assessment,assessment,Completed Logistics Management coding challenge with above-average performance.,weak,0.61,2026-09-15T10:00:00
EV01074,CAN181,,SKILL_141,project,project,Developed data pipeline using Augmented Reality processing 1M+ records daily.,weak,0.58,2026-09-15T10:00:00
EV01075,CAN181,,SKILL_067,resume,resume,Resume highlights Project Management expertise in multiple projects.,strong,0.38,2026-09-15T10:00:00
EV01076,CAN181,,SKILL_044,certification,certification,Holds Ansible certification from recognized institution.,moderate,0.66,2026-09-15T10:00:00
EV01077,CAN181,,SKILL_062,interview,interview,Demonstrated strong Identity and Access Management knowledge during technical interview.,moderate,0.65,2026-09-15T10:00:00
EV01078,CAN181,,SKILL_121,assessment,assessment,Completed Selenium coding challenge with above-average performance.,moderate,0.63,2026-09-15T10:00:00
EV01079,CAN181,,SKILL_012,assessment,assessment,Completed Swift coding challenge with above-average performance.,weak,0.5,2026-09-15T10:00:00
EV01080,CAN181,,SKILL_142,certification,certification,Holds Edge Computing certification from recognized institution.,weak,0.81,2026-09-15T10:00:00
EV01081,CAN182,,SKILL_108,project,project,Developed data pipeline using User Research processing 1M+ records daily.,strong,0.81,2026-09-15T10:00:00
EV01082,CAN182,,SKILL_016,resume,resume,Listed React as key skill in resume.,moderate,0.39,2026-09-15T10:00:00
EV01083,CAN182,,SKILL_057,resume,resume,Listed Power BI as key skill in resume.,strong,0.37,2026-09-15T10:00:00
EV01084,CAN182,,SKILL_066,resume,resume,Listed Waterfall as key skill in resume.,weak,0.68,2026-09-15T10:00:00
EV01085,CAN182,,SKILL_081,certification,certification,Holds Accounting certification from recognized institution.,moderate,0.54,2026-09-15T10:00:00
EV01086,CAN183,,SKILL_061,interview,interview,Answered OWASP Security related questions with practical examples.,weak,0.34,2026-09-15T10:00:00
EV01087,CAN183,,SKILL_073,project,project,Implemented Problem Solving solution for real-time analytics dashboard.,moderate,0.33,2026-09-15T10:00:00
EV01088,CAN183,,SKILL_024,interview,interview,Demonstrated strong .NET Framework knowledge during technical interview.,moderate,0.65,2026-09-15T10:00:00
EV01089,CAN183,,SKILL_023,resume,resume,Resume highlights Spring Boot expertise in multiple projects.,weak,0.52,2026-09-15T10:00:00
EV01090,CAN183,,SKILL_041,certification,certification,Holds CI/CD Pipelines certification from recognized institution.,weak,0.67,2026-09-15T10:00:00
EV01091,CAN183,,SKILL_036,assessment,assessment,Scored 74% in AWS assessment test.,moderate,0.81,2026-09-15T10:00:00
EV01092,CAN183,,SKILL_155,assessment,assessment,Scored 62% in Data Visualization assessment test.,moderate,0.72,2026-09-15T10:00:00
EV01093,CAN184,,SKILL_072,project,project,Created Teamwork-based microservices serving 10K+ requests/sec.,moderate,0.76,2026-09-15T10:00:00
EV01094,CAN184,,SKILL_047,project,project,Implemented Natural Language Processing solution for real-time analytics dashboard.,strong,0.49,2026-09-15T10:00:00
EV01095,CAN184,,SKILL_079,assessment,assessment,Scored 82% in Mentoring assessment test.,strong,0.98,2026-09-15T10:00:00
EV01096,CAN184,,SKILL_052,resume,resume,Mentioned PyTorch in resume with 4 years experience.,weak,0.66,2026-09-15T10:00:00
EV01097,CAN184,,SKILL_067,assessment,assessment,Scored 87% in Project Management assessment test.,strong,0.96,2026-09-15T10:00:00
EV01098,CAN185,,SKILL_093,interview,interview,Demonstrated strong Compensation and Benefits knowledge during technical interview.,moderate,0.43,2026-09-15T10:00:00
EV01099,CAN185,,SKILL_041,interview,interview,Answered CI/CD Pipelines related questions with practical examples.,weak,0.64,2026-09-15T10:00:00
EV01100,CAN185,,SKILL_023,project,project,Developed data pipeline using Spring Boot processing 1M+ records daily.,weak,0.72,2026-09-15T10:00:00
EV01101,CAN185,,SKILL_032,assessment,assessment,Completed Elasticsearch coding challenge with above-average performance.,weak,0.96,2026-09-15T10:00:00
EV01102,CAN186,,SKILL_137,project,project,Implemented A/B Testing solution for real-time analytics dashboard.,weak,0.74,2026-09-15T10:00:00
EV01103,CAN186,,SKILL_106,assessment,assessment,Scored 86% in Adobe Creative Suite assessment test.,weak,0.9,2026-09-15T10:00:00
EV01104,CAN186,,SKILL_116,certification,certification,Completed advanced Distributed Systems certification course.,weak,0.76,2026-09-15T10:00:00
EV01105,CAN186,,SKILL_024,assessment,assessment,Completed .NET Framework coding challenge with above-average performance.,strong,0.67,2026-09-15T10:00:00
EV01106,CAN186,,SKILL_062,assessment,assessment,Scored 95% in Identity and Access Management assessment test.,moderate,0.95,2026-09-15T10:00:00
EV01107,CAN187,,SKILL_130,resume,resume,Resume highlights API Gateway Management expertise in multiple projects.,moderate,0.84,2026-09-15T10:00:00
EV01108,CAN187,,SKILL_099,assessment,assessment,Completed Logistics Management coding challenge with above-average performance.,strong,0.89,2026-09-15T10:00:00
EV01109,CAN187,,SKILL_065,certification,certification,Holds Kanban certification from recognized institution.,weak,0.76,2026-09-15T10:00:00
EV01110,CAN187,,SKILL_055,project,project,Implemented Apache Spark solution for real-time analytics dashboard.,moderate,0.46,2026-09-15T10:00:00
EV01111,CAN188,,SKILL_143,certification,certification,Completed advanced Generative AI certification course.,strong,0.57,2026-09-15T10:00:00
EV01112,CAN188,,SKILL_016,project,project,Developed data pipeline using React processing 1M+ records daily.,weak,0.51,2026-09-15T10:00:00
EV01113,CAN188,,SKILL_117,resume,resume,Mentioned High Availability Architecture in resume with 2 years experience.,moderate,0.61,2026-09-15T10:00:00
EV01114,CAN188,,SKILL_066,assessment,assessment,Completed Waterfall coding challenge with above-average performance.,strong,0.92,2026-09-15T10:00:00
EV01115,CAN188,,SKILL_020,assessment,assessment,Scored 62% in Django assessment test.,strong,1.0,2026-09-15T10:00:00
EV01116,CAN188,,SKILL_130,assessment,assessment,Scored 92% in API Gateway Management assessment test.,moderate,0.57,2026-09-15T10:00:00
EV01117,CAN189,,SKILL_119,certification,certification,Holds Unit Testing certification from recognized institution.,weak,0.56,2026-09-15T10:00:00
EV01118,CAN189,,SKILL_019,project,project,Built REST APIs using Node.js for an e-commerce platform.,weak,0.38,2026-09-15T10:00:00
EV01119,CAN189,,SKILL_110,interview,interview,Answered System Administration related questions with practical examples.,weak,0.72,2026-09-15T10:00:00
EV01120,CAN189,,SKILL_017,interview,interview,Demonstrated strong Angular knowledge during technical interview.,weak,0.79,2026-09-15T10:00:00
EV01121,CAN189,,SKILL_134,interview,interview,Demonstrated strong Apache Airflow knowledge during technical interview.,weak,0.49,2026-09-15T10:00:00
EV01122,CAN190,,SKILL_054,project,project,Created NumPy-based microservices serving 10K+ requests/sec.,moderate,0.81,2026-09-15T10:00:00
EV01123,CAN190,,SKILL_012,interview,interview,Demonstrated strong Swift knowledge during technical interview.,moderate,0.82,2026-09-15T10:00:00
EV01124,CAN190,,SKILL_136,certification,certification,Holds Google Analytics certification from recognized institution.,moderate,0.83,2026-09-15T10:00:00
EV01125,CAN190,,SKILL_110,interview,interview,Answered System Administration related questions with practical examples.,strong,0.59,2026-09-15T10:00:00
EV01126,CAN191,,SKILL_104,project,project,Developed data pipeline using UI/UX Design processing 1M+ records daily.,strong,0.68,2026-09-15T10:00:00
EV01127,CAN191,,SKILL_136,assessment,assessment,Scored 66% in Google Analytics assessment test.,moderate,0.59,2026-09-15T10:00:00
EV01128,CAN191,,SKILL_010,interview,interview,Demonstrated strong Ruby knowledge during technical interview.,weak,0.51,2026-09-15T10:00:00
EV01129,CAN191,,SKILL_036,project,project,Implemented AWS solution for real-time analytics dashboard.,strong,0.43,2026-09-15T10:00:00
EV01130,CAN192,,SKILL_036,interview,interview,Demonstrated strong AWS knowledge during technical interview.,strong,0.71,2026-09-15T10:00:00
EV01131,CAN192,,SKILL_074,resume,resume,Listed Critical Thinking as key skill in resume.,strong,0.31,2026-09-15T10:00:00
EV01132,CAN192,,SKILL_025,assessment,assessment,Completed REST API Design coding challenge with above-average performance.,weak,0.66,2026-09-15T10:00:00
EV01133,CAN192,,SKILL_056,resume,resume,Mentioned Tableau in resume with 4 years experience.,strong,0.46,2026-09-15T10:00:00
EV01134,CAN192,,SKILL_031,project,project,Built REST APIs using Redis for an e-commerce platform.,weak,0.43,2026-09-15T10:00:00
EV01135,CAN192,,SKILL_008,assessment,assessment,Completed Rust coding challenge with above-average performance.,weak,0.95,2026-09-15T10:00:00
EV01136,CAN192,,SKILL_133,interview,interview,Demonstrated strong Apache Kafka knowledge during technical interview.,strong,0.69,2026-09-15T10:00:00
EV01137,CAN192,,SKILL_035,resume,resume,Resume highlights Amazon DynamoDB expertise in multiple projects.,strong,0.47,2026-09-15T10:00:00
EV01138,CAN193,,SKILL_087,assessment,assessment,Completed Digital Marketing coding challenge with above-average performance.,moderate,0.91,2026-09-15T10:00:00
EV01139,CAN193,,SKILL_068,project,project,Built REST APIs using JIRA for an e-commerce platform.,weak,0.47,2026-09-15T10:00:00
EV01140,CAN193,,SKILL_067,assessment,assessment,Completed Project Management coding challenge with above-average performance.,weak,0.8,2026-09-15T10:00:00
EV01141,CAN193,,SKILL_065,project,project,Developed data pipeline using Kanban processing 1M+ records daily.,moderate,0.34,2026-09-15T10:00:00
EV01142,CAN193,,SKILL_090,resume,resume,Listed Brand Management as key skill in resume.,strong,0.49,2026-09-15T10:00:00
EV01143,CAN193,,SKILL_143,certification,certification,Completed advanced Generative AI certification course.,moderate,0.52,2026-09-15T10:00:00
EV01144,CAN193,,SKILL_136,project,project,Created Google Analytics-based microservices serving 10K+ requests/sec.,weak,0.37,2026-09-15T10:00:00
EV01145,CAN193,,SKILL_059,interview,interview,Answered Network Security related questions with practical examples.,moderate,0.42,2026-09-15T10:00:00
EV01146,CAN194,,SKILL_075,project,project,Implemented Time Management solution for real-time analytics dashboard.,weak,0.4,2026-09-15T10:00:00
EV01147,CAN194,,SKILL_155,certification,certification,Completed advanced Data Visualization certification course.,weak,0.78,2026-09-15T10:00:00
EV01148,CAN194,,SKILL_013,assessment,assessment,Completed Scala coding challenge with above-average performance.,moderate,0.68,2026-09-15T10:00:00
EV01149,CAN194,,SKILL_091,project,project,Developed data pipeline using Talent Acquisition processing 1M+ records daily.,strong,0.84,2026-09-15T10:00:00
EV01150,CAN194,,SKILL_059,project,project,Built REST APIs using Network Security for an e-commerce platform.,moderate,0.58,2026-09-15T10:00:00
EV01151,CAN194,,SKILL_100,certification,certification,Completed advanced Quality Assurance certification course.,weak,0.98,2026-09-15T10:00:00
EV01152,CAN195,,SKILL_003,resume,resume,Listed JavaScript as key skill in resume.,weak,0.46,2026-09-15T10:00:00
EV01153,CAN195,,SKILL_090,certification,certification,Holds Brand Management certification from recognized institution.,strong,0.81,2026-09-15T10:00:00
EV01154,CAN195,,SKILL_100,project,project,Created Quality Assurance-based microservices serving 10K+ requests/sec.,moderate,0.4,2026-09-15T10:00:00
EV01155,CAN195,,SKILL_081,resume,resume,Mentioned Accounting in resume with 2 years experience.,strong,0.85,2026-09-15T10:00:00
EV01156,CAN195,,SKILL_041,certification,certification,Holds CI/CD Pipelines certification from recognized institution.,strong,0.53,2026-09-15T10:00:00
EV01157,CAN195,,SKILL_008,certification,certification,Holds Rust certification from recognized institution.,strong,0.97,2026-09-15T10:00:00
EV01158,CAN195,,SKILL_078,assessment,assessment,Completed Conflict Resolution coding challenge with above-average performance.,strong,0.8,2026-09-15T10:00:00
EV01159,CAN195,,SKILL_117,certification,certification,Holds High Availability Architecture certification from recognized institution.,moderate,0.96,2026-09-15T10:00:00
EV01160,CAN196,,SKILL_127,certification,certification,Completed advanced Git/Version Control certification course.,moderate,0.81,2026-09-15T10:00:00
EV01161,CAN196,,SKILL_139,certification,certification,Holds Blockchain certification from recognized institution.,strong,0.72,2026-09-15T10:00:00
EV01162,CAN196,,SKILL_092,interview,interview,Answered Employee Relations related questions with practical examples.,moderate,0.54,2026-09-15T10:00:00
EV01163,CAN196,,SKILL_009,project,project,Implemented PHP solution for real-time analytics dashboard.,strong,0.66,2026-09-15T10:00:00
EV01164,CAN196,,SKILL_014,interview,interview,Demonstrated strong R knowledge during technical interview.,weak,0.73,2026-09-15T10:00:00
EV01165,CAN196,,SKILL_013,project,project,Developed data pipeline using Scala processing 1M+ records daily.,weak,0.62,2026-09-15T10:00:00
EV01166,CAN196,,SKILL_026,project,project,Built REST APIs using GraphQL for an e-commerce platform.,weak,0.33,2026-09-15T10:00:00
EV01167,CAN197,,SKILL_112,certification,certification,Completed advanced Windows Server certification course.,moderate,0.94,2026-09-15T10:00:00
EV01168,CAN197,,SKILL_019,assessment,assessment,Completed Node.js coding challenge with above-average performance.,weak,0.63,2026-09-15T10:00:00
EV01169,CAN197,,SKILL_025,interview,interview,Answered REST API Design related questions with practical examples.,strong,0.58,2026-09-15T10:00:00
EV01170,CAN197,,SKILL_052,assessment,assessment,Scored 66% in PyTorch assessment test.,moderate,0.61,2026-09-15T10:00:00
EV01171,CAN197,,SKILL_106,project,project,Created Adobe Creative Suite-based microservices serving 10K+ requests/sec.,moderate,0.83,2026-09-15T10:00:00
EV01172,CAN197,,SKILL_119,interview,interview,Demonstrated strong Unit Testing knowledge during technical interview.,moderate,0.61,2026-09-15T10:00:00
EV01173,CAN197,,SKILL_130,certification,certification,Completed advanced API Gateway Management certification course.,moderate,0.95,2026-09-15T10:00:00
EV01174,CAN197,,SKILL_070,resume,resume,Listed Communication as key skill in resume.,moderate,0.71,2026-09-15T10:00:00
EV01175,CAN198,,SKILL_063,resume,resume,Listed Agile Methodology as key skill in resume.,moderate,0.61,2026-09-15T10:00:00
EV01176,CAN198,,SKILL_105,certification,certification,Holds Figma certification from recognized institution.,moderate,0.62,2026-09-15T10:00:00
EV01177,CAN198,,SKILL_053,assessment,assessment,Completed Pandas coding challenge with above-average performance.,weak,0.76,2026-09-15T10:00:00
EV01178,CAN198,,SKILL_148,interview,interview,Answered Service Level Management related questions with practical examples.,weak,0.4,2026-09-15T10:00:00
EV01179,CAN198,,SKILL_067,project,project,Developed data pipeline using Project Management processing 1M+ records daily.,moderate,0.54,2026-09-15T10:00:00
EV01180,CAN198,,SKILL_137,resume,resume,Mentioned A/B Testing in resume with 2 years experience.,strong,0.58,2026-09-15T10:00:00
EV01181,CAN199,,SKILL_139,assessment,assessment,Completed Blockchain coding challenge with above-average performance.,moderate,0.53,2026-09-15T10:00:00
EV01182,CAN199,,SKILL_145,interview,interview,Demonstrated strong Active Listening knowledge during technical interview.,moderate,0.66,2026-09-15T10:00:00
EV01183,CAN199,,SKILL_085,certification,certification,Holds CRM Systems certification from recognized institution.,moderate,0.97,2026-09-15T10:00:00
EV01184,CAN199,,SKILL_128,assessment,assessment,Scored 65% in Microservices Architecture assessment test.,strong,0.88,2026-09-15T10:00:00
EV01185,CAN200,,SKILL_001,resume,resume,Mentioned Python in resume with 2 years experience.,moderate,0.58,2026-09-15T10:00:00
EV01186,CAN200,,SKILL_118,interview,interview,Demonstrated strong Scalability Patterns knowledge during technical interview.,strong,0.52,2026-09-15T10:00:00
EV01187,CAN200,,SKILL_131,resume,resume,Listed ETL Pipelines as key skill in resume.,moderate,0.32,2026-09-15T10:00:00
EV01188,CAN200,,SKILL_109,resume,resume,Resume highlights Networking expertise in multiple projects.,strong,0.63,2026-09-15T10:00:00
EV01189,CAN200,,SKILL_044,resume,resume,Resume highlights Ansible expertise in multiple projects.,strong,0.59,2026-09-15T10:00:00
EV01190,CAN200,,SKILL_149,project,project,Built REST APIs using Risk Management for an e-commerce platform.,strong,0.61,2026-09-15T10:00:00
EV01191,CAN200,,SKILL_073,interview,interview,Answered Problem Solving related questions with practical examples.,moderate,0.54,2026-09-15T10:00:00
EV01192,CAN201,,SKILL_039,assessment,assessment,Scored 60% in Docker assessment test.,moderate,0.59,2026-09-15T10:00:00
EV01193,CAN201,,SKILL_045,certification,certification,Completed advanced Machine Learning certification course.,weak,0.93,2026-09-15T10:00:00
EV01194,CAN201,,SKILL_011,resume,resume,Mentioned Kotlin in resume with 4 years experience.,weak,0.66,2026-09-15T10:00:00
EV01195,CAN201,,SKILL_121,certification,certification,Holds Selenium certification from recognized institution.,strong,0.94,2026-09-15T10:00:00
EV01196,CAN201,,SKILL_100,project,project,Created Quality Assurance-based microservices serving 10K+ requests/sec.,strong,0.38,2026-09-15T10:00:00
EV01197,CAN201,,SKILL_105,assessment,assessment,Completed Figma coding challenge with above-average performance.,weak,0.54,2026-09-15T10:00:00
EV01198,CAN201,,SKILL_134,interview,interview,Demonstrated strong Apache Airflow knowledge during technical interview.,weak,0.33,2026-09-15T10:00:00
EV01199,CAN202,,SKILL_124,certification,certification,Completed advanced Android Development certification course.,strong,0.77,2026-09-15T10:00:00
EV01200,CAN202,,SKILL_049,project,project,Built REST APIs using Data Analysis for an e-commerce platform.,weak,0.76,2026-09-15T10:00:00
EV01201,CAN202,,SKILL_031,certification,certification,Completed advanced Redis certification course.,weak,0.95,2026-09-15T10:00:00
EV01202,CAN202,,SKILL_069,certification,certification,Holds Product Management certification from recognized institution.,weak,0.69,2026-09-15T10:00:00
EV01203,CAN202,,SKILL_047,project,project,Created Natural Language Processing-based microservices serving 10K+ requests/sec.,weak,0.63,2026-09-15T10:00:00
EV01204,CAN202,,SKILL_104,resume,resume,Mentioned UI/UX Design in resume with 3 years experience.,moderate,0.83,2026-09-15T10:00:00
EV01205,CAN202,,SKILL_138,interview,interview,Answered Mixpanel related questions with practical examples.,strong,0.34,2026-09-15T10:00:00
EV01206,CAN203,,SKILL_100,project,project,Built REST APIs using Quality Assurance for an e-commerce platform.,weak,0.81,2026-09-15T10:00:00
EV01207,CAN203,,SKILL_112,assessment,assessment,Completed Windows Server coding challenge with above-average performance.,moderate,0.57,2026-09-15T10:00:00
EV01208,CAN203,,SKILL_033,certification,certification,Completed advanced Oracle Database certification course.,moderate,0.63,2026-09-15T10:00:00
EV01209,CAN203,,SKILL_119,assessment,assessment,Scored 64% in Unit Testing assessment test.,moderate,0.54,2026-09-15T10:00:00
EV01210,CAN204,,SKILL_091,assessment,assessment,Scored 75% in Talent Acquisition assessment test.,weak,0.57,2026-09-15T10:00:00
EV01211,CAN204,,SKILL_085,assessment,assessment,Scored 91% in CRM Systems assessment test.,strong,0.88,2026-09-15T10:00:00
EV01212,CAN204,,SKILL_072,project,project,Built REST APIs using Teamwork for an e-commerce platform.,moderate,0.68,2026-09-15T10:00:00
EV01213,CAN204,,SKILL_138,assessment,assessment,Scored 64% in Mixpanel assessment test.,weak,0.68,2026-09-15T10:00:00
EV01214,CAN204,,SKILL_027,certification,certification,Completed advanced SQL certification course.,weak,0.73,2026-09-15T10:00:00
EV01215,CAN204,,SKILL_025,resume,resume,Listed REST API Design as key skill in resume.,moderate,0.67,2026-09-15T10:00:00
EV01216,CAN205,,SKILL_025,assessment,assessment,Scored 64% in REST API Design assessment test.,moderate,0.86,2026-09-15T10:00:00
EV01217,CAN205,,SKILL_004,certification,certification,Completed advanced TypeScript certification course.,moderate,0.87,2026-09-15T10:00:00
EV01218,CAN205,,SKILL_127,interview,interview,Demonstrated strong Git/Version Control knowledge during technical interview.,moderate,0.49,2026-09-15T10:00:00
EV01219,CAN205,,SKILL_112,project,project,Developed data pipeline using Windows Server processing 1M+ records daily.,weak,0.39,2026-09-15T10:00:00
EV01220,CAN205,,SKILL_096,interview,interview,Demonstrated strong HR Analytics knowledge during technical interview.,weak,0.57,2026-09-15T10:00:00
EV01221,CAN206,,SKILL_071,interview,interview,Answered Leadership related questions with practical examples.,strong,0.59,2026-09-15T10:00:00
EV01222,CAN206,,SKILL_036,project,project,Developed data pipeline using AWS processing 1M+ records daily.,strong,0.67,2026-09-15T10:00:00
EV01223,CAN206,,SKILL_014,interview,interview,Demonstrated strong R knowledge during technical interview.,strong,0.53,2026-09-15T10:00:00
EV01224,CAN206,,SKILL_091,resume,resume,Listed Talent Acquisition as key skill in resume.,weak,0.34,2026-09-15T10:00:00
EV01225,CAN206,,SKILL_110,assessment,assessment,Scored 89% in System Administration assessment test.,weak,0.86,2026-09-15T10:00:00
EV01226,CAN207,,SKILL_063,assessment,assessment,Completed Agile Methodology coding challenge with above-average performance.,strong,0.65,2026-09-15T10:00:00
EV01227,CAN207,,SKILL_051,assessment,assessment,Scored 64% in TensorFlow assessment test.,moderate,0.83,2026-09-15T10:00:00
EV01228,CAN207,,SKILL_106,interview,interview,Demonstrated strong Adobe Creative Suite knowledge during technical interview.,moderate,0.47,2026-09-15T10:00:00
EV01229,CAN207,,SKILL_046,assessment,assessment,Scored 67% in Deep Learning assessment test.,weak,0.56,2026-09-15T10:00:00
EV01230,CAN207,,SKILL_024,assessment,assessment,Completed .NET Framework coding challenge with above-average performance.,weak,0.87,2026-09-15T10:00:00
EV01231,CAN207,,SKILL_112,project,project,Built REST APIs using Windows Server for an e-commerce platform.,strong,0.53,2026-09-15T10:00:00
EV01232,CAN207,,SKILL_040,assessment,assessment,Completed Kubernetes coding challenge with above-average performance.,strong,0.68,2026-09-15T10:00:00
EV01233,CAN208,,SKILL_111,resume,resume,Listed Linux as key skill in resume.,weak,0.51,2026-09-15T10:00:00
EV01234,CAN208,,SKILL_128,interview,interview,Demonstrated strong Microservices Architecture knowledge during technical interview.,moderate,0.59,2026-09-15T10:00:00
EV01235,CAN208,,SKILL_058,project,project,Developed data pipeline using Cybersecurity processing 1M+ records daily.,weak,0.63,2026-09-15T10:00:00
EV01236,CAN208,,SKILL_110,project,project,Built REST APIs using System Administration for an e-commerce platform.,moderate,0.67,2026-09-15T10:00:00
EV01237,CAN208,,SKILL_123,certification,certification,Holds Test Automation certification from recognized institution.,moderate,0.88,2026-09-15T10:00:00
EV01238,CAN208,,SKILL_010,project,project,Implemented Ruby solution for real-time analytics dashboard.,moderate,0.85,2026-09-15T10:00:00
EV01239,CAN208,,SKILL_022,assessment,assessment,Completed FastAPI coding challenge with above-average performance.,weak,0.75,2026-09-15T10:00:00
EV01240,CAN209,,SKILL_007,interview,interview,Demonstrated strong Go knowledge during technical interview.,weak,0.71,2026-09-15T10:00:00
EV01241,CAN209,,SKILL_002,resume,resume,Mentioned Java in resume with 4 years experience.,strong,0.53,2026-09-15T10:00:00
EV01242,CAN209,,SKILL_019,assessment,assessment,Scored 63% in Node.js assessment test.,weak,0.57,2026-09-15T10:00:00
EV01243,CAN209,,SKILL_135,assessment,assessment,Completed Data Modeling coding challenge with above-average performance.,moderate,0.68,2026-09-15T10:00:00
EV01244,CAN209,,SKILL_105,interview,interview,Answered Figma related questions with practical examples.,weak,0.32,2026-09-15T10:00:00
EV01245,CAN209,,SKILL_140,interview,interview,Answered Internet of Things related questions with practical examples.,strong,0.78,2026-09-15T10:00:00
EV01246,CAN209,,SKILL_147,certification,certification,Completed advanced Issue Resolution certification course.,strong,0.7,2026-09-15T10:00:00
EV01247,CAN209,,SKILL_129,certification,certification,Completed advanced Event-Driven Architecture certification course.,strong,0.77,2026-09-15T10:00:00
EV01248,CAN210,,SKILL_048,assessment,assessment,Completed Computer Vision coding challenge with above-average performance.,weak,0.57,2026-09-15T10:00:00
EV01249,CAN210,,SKILL_017,resume,resume,Resume highlights Angular expertise in multiple projects.,weak,0.77,2026-09-15T10:00:00
EV01250,CAN210,,SKILL_134,assessment,assessment,Completed Apache Airflow coding challenge with above-average performance.,strong,0.82,2026-09-15T10:00:00
EV01251,CAN210,,SKILL_036,interview,interview,Answered AWS related questions with practical examples.,weak,0.85,2026-09-15T10:00:00
EV01252,CAN210,,SKILL_092,resume,resume,Mentioned Employee Relations in resume with 1 years experience.,strong,0.66,2026-09-15T10:00:00
EV01253,CAN210,,SKILL_028,assessment,assessment,Scored 72% in PostgreSQL assessment test.,moderate,0.69,2026-09-15T10:00:00
EV01254,CAN210,,SKILL_020,project,project,Implemented Django solution for real-time analytics dashboard.,strong,0.47,2026-09-15T10:00:00
EV01255,CAN211,,SKILL_066,interview,interview,Demonstrated strong Waterfall knowledge during technical interview.,moderate,0.67,2026-09-15T10:00:00
EV01256,CAN211,,SKILL_072,assessment,assessment,Completed Teamwork coding challenge with above-average performance.,moderate,0.89,2026-09-15T10:00:00
EV01257,CAN211,,SKILL_124,resume,resume,Listed Android Development as key skill in resume.,strong,0.73,2026-09-15T10:00:00
EV01258,CAN211,,SKILL_034,assessment,assessment,Completed Apache Cassandra coding challenge with above-average performance.,moderate,0.65,2026-09-15T10:00:00
EV01259,CAN211,,SKILL_014,project,project,Developed data pipeline using R processing 1M+ records daily.,moderate,0.72,2026-09-15T10:00:00
EV01260,CAN211,,SKILL_093,certification,certification,Completed advanced Compensation and Benefits certification course.,weak,0.83,2026-09-15T10:00:00
EV01261,CAN212,,SKILL_101,project,project,Created Process Improvement-based microservices serving 10K+ requests/sec.,moderate,0.67,2026-09-15T10:00:00
EV01262,CAN212,,SKILL_088,resume,resume,Resume highlights SEO/SEM expertise in multiple projects.,weak,0.54,2026-09-15T10:00:00
EV01263,CAN212,,SKILL_123,resume,resume,Resume highlights Test Automation expertise in multiple projects.,moderate,0.83,2026-09-15T10:00:00
EV01264,CAN212,,SKILL_073,assessment,assessment,Scored 70% in Problem Solving assessment test.,weak,0.66,2026-09-15T10:00:00
EV01265,CAN213,,SKILL_057,interview,interview,Answered Power BI related questions with practical examples.,weak,0.79,2026-09-15T10:00:00
EV01266,CAN213,,SKILL_039,interview,interview,Demonstrated strong Docker knowledge during technical interview.,moderate,0.82,2026-09-15T10:00:00
EV01267,CAN213,,SKILL_066,resume,resume,Resume highlights Waterfall expertise in multiple projects.,weak,0.7,2026-09-15T10:00:00
EV01268,CAN213,,SKILL_130,assessment,assessment,Completed API Gateway Management coding challenge with above-average performance.,moderate,0.73,2026-09-15T10:00:00
EV01269,CAN213,,SKILL_111,interview,interview,Demonstrated strong Linux knowledge during technical interview.,weak,0.76,2026-09-15T10:00:00
EV01270,CAN213,,SKILL_141,assessment,assessment,Scored 68% in Augmented Reality assessment test.,weak,0.72,2026-09-15T10:00:00
EV01271,CAN213,,SKILL_058,assessment,assessment,Scored 66% in Cybersecurity assessment test.,strong,0.56,2026-09-15T10:00:00
EV01272,CAN214,,SKILL_026,resume,resume,Mentioned GraphQL in resume with 3 years experience.,strong,0.64,2026-09-15T10:00:00
EV01273,CAN214,,SKILL_099,interview,interview,Answered Logistics Management related questions with practical examples.,weak,0.44,2026-09-15T10:00:00
EV01274,CAN214,,SKILL_090,certification,certification,Completed advanced Brand Management certification course.,moderate,0.95,2026-09-15T10:00:00
EV01275,CAN214,,SKILL_022,resume,resume,Listed FastAPI as key skill in resume.,strong,0.62,2026-09-15T10:00:00
EV01276,CAN214,,SKILL_054,assessment,assessment,Scored 66% in NumPy assessment test.,moderate,0.86,2026-09-15T10:00:00
EV01277,CAN215,,SKILL_085,assessment,assessment,Completed CRM Systems coding challenge with above-average performance.,strong,0.92,2026-09-15T10:00:00
EV01278,CAN215,,SKILL_065,assessment,assessment,Completed Kanban coding challenge with above-average performance.,moderate,0.97,2026-09-15T10:00:00
EV01279,CAN215,,SKILL_140,project,project,Built REST APIs using Internet of Things for an e-commerce platform.,moderate,0.63,2026-09-15T10:00:00
EV01280,CAN215,,SKILL_139,interview,interview,Demonstrated strong Blockchain knowledge during technical interview.,moderate,0.81,2026-09-15T10:00:00
EV01281,CAN215,,SKILL_068,assessment,assessment,Completed JIRA coding challenge with above-average performance.,moderate,0.61,2026-09-15T10:00:00
EV01282,CAN215,,SKILL_040,project,project,Built REST APIs using Kubernetes for an e-commerce platform.,strong,0.75,2026-09-15T10:00:00
EV01283,CAN215,,SKILL_125,project,project,Created iOS Development-based microservices serving 10K+ requests/sec.,weak,0.43,2026-09-15T10:00:00
EV01284,CAN216,,SKILL_112,certification,certification,Holds Windows Server certification from recognized institution.,weak,0.69,2026-09-15T10:00:00
EV01285,CAN216,,SKILL_126,assessment,assessment,Completed React Native coding challenge with above-average performance.,strong,0.94,2026-09-15T10:00:00
EV01286,CAN216,,SKILL_081,project,project,Developed data pipeline using Accounting processing 1M+ records daily.,moderate,0.61,2026-09-15T10:00:00
EV01287,CAN216,,SKILL_069,resume,resume,Resume highlights Product Management expertise in multiple projects.,moderate,0.6,2026-09-15T10:00:00
EV01288,CAN216,,SKILL_155,assessment,assessment,Completed Data Visualization coding challenge with above-average performance.,weak,0.75,2026-09-15T10:00:00
EV01289,CAN217,,SKILL_023,assessment,assessment,Scored 70% in Spring Boot assessment test.,weak,0.96,2026-09-15T10:00:00
EV01290,CAN217,,SKILL_116,certification,certification,Completed advanced Distributed Systems certification course.,weak,0.81,2026-09-15T10:00:00
EV01291,CAN217,,SKILL_091,resume,resume,Listed Talent Acquisition as key skill in resume.,weak,0.55,2026-09-15T10:00:00
EV01292,CAN217,,SKILL_067,resume,resume,Resume highlights Project Management expertise in multiple projects.,weak,0.36,2026-09-15T10:00:00
EV01293,CAN217,,SKILL_031,project,project,Created Redis-based microservices serving 10K+ requests/sec.,weak,0.38,2026-09-15T10:00:00
EV01294,CAN217,,SKILL_024,interview,interview,Answered .NET Framework related questions with practical examples.,weak,0.72,2026-09-15T10:00:00
EV01295,CAN218,,SKILL_057,interview,interview,Answered Power BI related questions with practical examples.,moderate,0.67,2026-09-15T10:00:00
EV01296,CAN218,,SKILL_027,certification,certification,Holds SQL certification from recognized institution.,moderate,0.84,2026-09-15T10:00:00
EV01297,CAN218,,SKILL_025,assessment,assessment,Completed REST API Design coding challenge with above-average performance.,strong,0.8,2026-09-15T10:00:00
EV01298,CAN218,,SKILL_007,assessment,assessment,Scored 84% in Go assessment test.,strong,0.8,2026-09-15T10:00:00
EV01299,CAN218,,SKILL_105,interview,interview,Demonstrated strong Figma knowledge during technical interview.,strong,0.66,2026-09-15T10:00:00
EV01300,CAN218,,SKILL_119,assessment,assessment,Completed Unit Testing coding challenge with above-average performance.,weak,0.93,2026-09-15T10:00:00
EV01301,CAN218,,SKILL_059,resume,resume,Mentioned Network Security in resume with 3 years experience.,weak,0.42,2026-09-15T10:00:00
EV01302,CAN219,,SKILL_007,assessment,assessment,Completed Go coding challenge with above-average performance.,moderate,0.91,2026-09-15T10:00:00
EV01303,CAN219,,SKILL_020,resume,resume,Resume highlights Django expertise in multiple projects.,weak,0.57,2026-09-15T10:00:00
EV01304,CAN219,,SKILL_106,certification,certification,Completed advanced Adobe Creative Suite certification course.,moderate,0.76,2026-09-15T10:00:00
EV01305,CAN219,,SKILL_044,certification,certification,Completed advanced Ansible certification course.,strong,0.87,2026-09-15T10:00:00
EV01306,CAN219,,SKILL_004,interview,interview,Demonstrated strong TypeScript knowledge during technical interview.,moderate,0.69,2026-09-15T10:00:00
EV01307,CAN219,,SKILL_149,resume,resume,Resume highlights Risk Management expertise in multiple projects.,moderate,0.38,2026-09-15T10:00:00
EV01308,CAN220,,SKILL_094,resume,resume,Resume highlights Performance Management expertise in multiple projects.,strong,0.83,2026-09-15T10:00:00
EV01309,CAN220,,SKILL_123,certification,certification,Holds Test Automation certification from recognized institution.,weak,0.72,2026-09-15T10:00:00
EV01310,CAN220,,SKILL_031,certification,certification,Completed advanced Redis certification course.,strong,0.79,2026-09-15T10:00:00
EV01311,CAN220,,SKILL_028,certification,certification,Holds PostgreSQL certification from recognized institution.,strong,0.53,2026-09-15T10:00:00
EV01312,CAN221,,SKILL_005,resume,resume,Mentioned C++ in resume with 3 years experience.,moderate,0.44,2026-09-15T10:00:00
EV01313,CAN221,,SKILL_051,resume,resume,Resume highlights TensorFlow expertise in multiple projects.,strong,0.56,2026-09-15T10:00:00
EV01314,CAN221,,SKILL_123,certification,certification,Completed advanced Test Automation certification course.,moderate,0.54,2026-09-15T10:00:00
EV01315,CAN221,,SKILL_029,interview,interview,Answered MySQL related questions with practical examples.,strong,0.34,2026-09-15T10:00:00
EV01316,CAN221,,SKILL_115,interview,interview,Answered System Design related questions with practical examples.,strong,0.45,2026-09-15T10:00:00
EV01317,CAN221,,SKILL_026,project,project,Built REST APIs using GraphQL for an e-commerce platform.,strong,0.7,2026-09-15T10:00:00
EV01318,CAN221,,SKILL_112,assessment,assessment,Completed Windows Server coding challenge with above-average performance.,weak,0.55,2026-09-15T10:00:00
EV01319,CAN222,,SKILL_060,resume,resume,Listed Penetration Testing as key skill in resume.,moderate,0.36,2026-09-15T10:00:00
EV01320,CAN222,,SKILL_118,resume,resume,Resume highlights Scalability Patterns expertise in multiple projects.,strong,0.71,2026-09-15T10:00:00
EV01321,CAN222,,SKILL_054,interview,interview,Demonstrated strong NumPy knowledge during technical interview.,moderate,0.57,2026-09-15T10:00:00
EV01322,CAN222,,SKILL_009,certification,certification,Holds PHP certification from recognized institution.,weak,0.67,2026-09-15T10:00:00
EV01323,CAN222,,SKILL_107,certification,certification,Completed advanced Prototyping certification course.,moderate,0.89,2026-09-15T10:00:00
EV01324,CAN222,,SKILL_084,interview,interview,Answered Business Strategy related questions with practical examples.,weak,0.51,2026-09-15T10:00:00
EV01325,CAN222,,SKILL_122,assessment,assessment,Scored 90% in Performance Testing assessment test.,strong,0.7,2026-09-15T10:00:00
EV01326,CAN222,,SKILL_070,assessment,assessment,Completed Communication coding challenge with above-average performance.,weak,0.79,2026-09-15T10:00:00
EV01327,CAN223,,SKILL_101,interview,interview,Answered Process Improvement related questions with practical examples.,moderate,0.38,2026-09-15T10:00:00
EV01328,CAN223,,SKILL_035,assessment,assessment,Scored 69% in Amazon DynamoDB assessment test.,strong,0.89,2026-09-15T10:00:00
EV01329,CAN223,,SKILL_077,interview,interview,Demonstrated strong Negotiation knowledge during technical interview.,moderate,0.77,2026-09-15T10:00:00
EV01330,CAN223,,SKILL_136,certification,certification,Completed advanced Google Analytics certification course.,weak,0.78,2026-09-15T10:00:00
EV01331,CAN223,,SKILL_100,assessment,assessment,Scored 75% in Quality Assurance assessment test.,weak,0.97,2026-09-15T10:00:00
EV01332,CAN223,,SKILL_145,certification,certification,Completed advanced Active Listening certification course.,weak,0.56,2026-09-15T10:00:00
EV01333,CAN223,,SKILL_121,resume,resume,Listed Selenium as key skill in resume.,moderate,0.36,2026-09-15T10:00:00
EV01334,CAN223,,SKILL_041,certification,certification,Completed advanced CI/CD Pipelines certification course.,weak,0.99,2026-09-15T10:00:00
EV01335,CAN224,,SKILL_050,assessment,assessment,Scored 88% in Statistical Modeling assessment test.,weak,0.88,2026-09-15T10:00:00
EV01336,CAN224,,SKILL_038,project,project,Implemented Google Cloud Platform solution for real-time analytics dashboard.,strong,0.51,2026-09-15T10:00:00
EV01337,CAN224,,SKILL_094,project,project,Implemented Performance Management solution for real-time analytics dashboard.,strong,0.5,2026-09-15T10:00:00
EV01338,CAN224,,SKILL_098,project,project,Built REST APIs using Supply Chain Management for an e-commerce platform.,moderate,0.5,2026-09-15T10:00:00
EV01339,CAN224,,SKILL_131,certification,certification,Holds ETL Pipelines certification from recognized institution.,weak,0.88,2026-09-15T10:00:00
EV01340,CAN224,,SKILL_120,assessment,assessment,Scored 84% in Integration Testing assessment test.,weak,0.85,2026-09-15T10:00:00
EV01341,CAN224,,SKILL_128,assessment,assessment,Scored 66% in Microservices Architecture assessment test.,strong,0.63,2026-09-15T10:00:00
EV01342,CAN225,,SKILL_139,assessment,assessment,Completed Blockchain coding challenge with above-average performance.,moderate,0.94,2026-09-15T10:00:00
EV01343,CAN225,,SKILL_014,interview,interview,Answered R related questions with practical examples.,weak,0.65,2026-09-15T10:00:00
EV01344,CAN225,,SKILL_126,assessment,assessment,Completed React Native coding challenge with above-average performance.,weak,0.84,2026-09-15T10:00:00
EV01345,CAN225,,SKILL_031,interview,interview,Answered Redis related questions with practical examples.,strong,0.35,2026-09-15T10:00:00
EV01346,CAN226,,SKILL_097,assessment,assessment,Completed Labor Law Compliance coding challenge with above-average performance.,moderate,0.75,2026-09-15T10:00:00
EV01347,CAN226,,SKILL_132,interview,interview,Demonstrated strong Data Warehousing knowledge during technical interview.,strong,0.68,2026-09-15T10:00:00
EV01348,CAN226,,SKILL_058,certification,certification,Completed advanced Cybersecurity certification course.,weak,0.93,2026-09-15T10:00:00
EV01349,CAN226,,SKILL_046,resume,resume,Resume highlights Deep Learning expertise in multiple projects.,weak,0.59,2026-09-15T10:00:00
EV01350,CAN226,,SKILL_154,certification,certification,Holds Business Process Automation certification from recognized institution.,weak,0.87,2026-09-15T10:00:00
EV01351,CAN226,,SKILL_035,resume,resume,Listed Amazon DynamoDB as key skill in resume.,weak,0.59,2026-09-15T10:00:00
EV01352,CAN226,,SKILL_147,interview,interview,Demonstrated strong Issue Resolution knowledge during technical interview.,weak,0.7,2026-09-15T10:00:00
EV01353,CAN227,,SKILL_039,resume,resume,Mentioned Docker in resume with 1 years experience.,weak,0.48,2026-09-15T10:00:00
EV01354,CAN227,,SKILL_042,resume,resume,Listed Terraform as key skill in resume.,moderate,0.35,2026-09-15T10:00:00
EV01355,CAN227,,SKILL_153,certification,certification,Completed advanced Strategic Planning certification course.,weak,0.86,2026-09-15T10:00:00
EV01356,CAN227,,SKILL_014,interview,interview,Answered R related questions with practical examples.,strong,0.5,2026-09-15T10:00:00
EV01357,CAN227,,SKILL_084,certification,certification,Holds Business Strategy certification from recognized institution.,moderate,0.96,2026-09-15T10:00:00
EV01358,CAN227,,SKILL_152,certification,certification,Holds Stakeholder Management certification from recognized institution.,weak,0.71,2026-09-15T10:00:00
EV01359,CAN227,,SKILL_081,assessment,assessment,Scored 93% in Accounting assessment test.,moderate,0.76,2026-09-15T10:00:00
EV01360,CAN228,,SKILL_139,assessment,assessment,Scored 70% in Blockchain assessment test.,moderate,0.64,2026-09-15T10:00:00
EV01361,CAN228,,SKILL_008,interview,interview,Answered Rust related questions with practical examples.,moderate,0.79,2026-09-15T10:00:00
EV01362,CAN228,,SKILL_138,assessment,assessment,Scored 70% in Mixpanel assessment test.,strong,0.68,2026-09-15T10:00:00
EV01363,CAN228,,SKILL_090,assessment,assessment,Completed Brand Management coding challenge with above-average performance.,strong,0.8,2026-09-15T10:00:00
EV01364,CAN228,,SKILL_134,assessment,assessment,Completed Apache Airflow coding challenge with above-average performance.,weak,0.68,2026-09-15T10:00:00
EV01365,CAN229,,SKILL_069,certification,certification,Completed advanced Product Management certification course.,strong,0.82,2026-09-15T10:00:00
EV01366,CAN229,,SKILL_026,assessment,assessment,Scored 73% in GraphQL assessment test.,strong,0.98,2026-09-15T10:00:00
EV01367,CAN229,,SKILL_025,resume,resume,Mentioned REST API Design in resume with 1 years experience.,weak,0.58,2026-09-15T10:00:00
EV01368,CAN229,,SKILL_096,resume,resume,Mentioned HR Analytics in resume with 3 years experience.,strong,0.69,2026-09-15T10:00:00
EV01369,CAN229,,SKILL_054,resume,resume,Listed NumPy as key skill in resume.,weak,0.83,2026-09-15T10:00:00
EV01370,CAN230,,SKILL_070,project,project,Developed data pipeline using Communication processing 1M+ records daily.,strong,0.61,2026-09-15T10:00:00
EV01371,CAN230,,SKILL_069,resume,resume,Mentioned Product Management in resume with 3 years experience.,moderate,0.36,2026-09-15T10:00:00
EV01372,CAN230,,SKILL_045,assessment,assessment,Scored 66% in Machine Learning assessment test.,weak,0.97,2026-09-15T10:00:00
EV01373,CAN230,,SKILL_058,certification,certification,Completed advanced Cybersecurity certification course.,weak,0.87,2026-09-15T10:00:00
EV01374,CAN230,,SKILL_029,project,project,Developed data pipeline using MySQL processing 1M+ records daily.,strong,0.55,2026-09-15T10:00:00
EV01375,CAN230,,SKILL_116,resume,resume,Listed Distributed Systems as key skill in resume.,weak,0.46,2026-09-15T10:00:00
EV01376,CAN231,,SKILL_078,certification,certification,Completed advanced Conflict Resolution certification course.,strong,0.82,2026-09-15T10:00:00
EV01377,CAN231,,SKILL_126,project,project,Created React Native-based microservices serving 10K+ requests/sec.,strong,0.41,2026-09-15T10:00:00
EV01378,CAN231,,SKILL_019,interview,interview,Answered Node.js related questions with practical examples.,strong,0.6,2026-09-15T10:00:00
EV01379,CAN231,,SKILL_123,project,project,Developed data pipeline using Test Automation processing 1M+ records daily.,moderate,0.31,2026-09-15T10:00:00
EV01380,CAN232,,SKILL_149,project,project,Created Risk Management-based microservices serving 10K+ requests/sec.,weak,0.55,2026-09-15T10:00:00
EV01381,CAN232,,SKILL_001,interview,interview,Answered Python related questions with practical examples.,moderate,0.36,2026-09-15T10:00:00
EV01382,CAN232,,SKILL_070,assessment,assessment,Completed Communication coding challenge with above-average performance.,moderate,0.83,2026-09-15T10:00:00
EV01383,CAN232,,SKILL_092,interview,interview,Answered Employee Relations related questions with practical examples.,strong,0.65,2026-09-15T10:00:00
EV01384,CAN233,,SKILL_128,interview,interview,Demonstrated strong Microservices Architecture knowledge during technical interview.,strong,0.47,2026-09-15T10:00:00
EV01385,CAN233,,SKILL_111,assessment,assessment,Completed Linux coding challenge with above-average performance.,weak,0.76,2026-09-15T10:00:00
EV01386,CAN233,,SKILL_099,interview,interview,Answered Logistics Management related questions with practical examples.,moderate,0.54,2026-09-15T10:00:00
EV01387,CAN233,,SKILL_126,interview,interview,Answered React Native related questions with practical examples.,strong,0.81,2026-09-15T10:00:00
EV01388,CAN234,,SKILL_035,interview,interview,Answered Amazon DynamoDB related questions with practical examples.,weak,0.31,2026-09-15T10:00:00
EV01389,CAN234,,SKILL_155,project,project,Implemented Data Visualization solution for real-time analytics dashboard.,moderate,0.5,2026-09-15T10:00:00
EV01390,CAN234,,SKILL_076,certification,certification,Completed advanced Presentation Skills certification course.,weak,0.58,2026-09-15T10:00:00
EV01391,CAN234,,SKILL_074,interview,interview,Demonstrated strong Critical Thinking knowledge during technical interview.,strong,0.73,2026-09-15T10:00:00
EV01392,CAN234,,SKILL_002,assessment,assessment,Scored 66% in Java assessment test.,weak,0.67,2026-09-15T10:00:00
EV01393,CAN234,,SKILL_068,resume,resume,Mentioned JIRA in resume with 5 years experience.,moderate,0.75,2026-09-15T10:00:00
EV01394,CAN234,,SKILL_154,project,project,Developed data pipeline using Business Process Automation processing 1M+ records daily.,strong,0.7,2026-09-15T10:00:00
EV01395,CAN235,,SKILL_144,project,project,Implemented Customer Relationship Management solution for real-time analytics dashboard.,weak,0.55,2026-09-15T10:00:00
EV01396,CAN235,,SKILL_105,assessment,assessment,Completed Figma coding challenge with above-average performance.,strong,0.89,2026-09-15T10:00:00
EV01397,CAN235,,SKILL_120,assessment,assessment,Scored 92% in Integration Testing assessment test.,strong,0.73,2026-09-15T10:00:00
EV01398,CAN235,,SKILL_031,interview,interview,Answered Redis related questions with practical examples.,moderate,0.73,2026-09-15T10:00:00
EV01399,CAN235,,SKILL_143,certification,certification,Holds Generative AI certification from recognized institution.,weak,0.57,2026-09-15T10:00:00
EV01400,CAN235,,SKILL_125,interview,interview,Demonstrated strong iOS Development knowledge during technical interview.,moderate,0.64,2026-09-15T10:00:00
EV01401,CAN235,,SKILL_112,interview,interview,Answered Windows Server related questions with practical examples.,strong,0.45,2026-09-15T10:00:00
EV01402,CAN235,,SKILL_099,resume,resume,Resume highlights Logistics Management expertise in multiple projects.,moderate,0.57,2026-09-15T10:00:00
EV01403,CAN236,,SKILL_149,assessment,assessment,Completed Risk Management coding challenge with above-average performance.,moderate,0.6,2026-09-15T10:00:00
EV01404,CAN236,,SKILL_008,project,project,Implemented Rust solution for real-time analytics dashboard.,weak,0.65,2026-09-15T10:00:00
EV01405,CAN236,,SKILL_077,assessment,assessment,Scored 94% in Negotiation assessment test.,weak,0.76,2026-09-15T10:00:00
EV01406,CAN236,,SKILL_094,project,project,Built REST APIs using Performance Management for an e-commerce platform.,strong,0.44,2026-09-15T10:00:00
EV01407,CAN236,,SKILL_078,resume,resume,Mentioned Conflict Resolution in resume with 4 years experience.,strong,0.65,2026-09-15T10:00:00
EV01408,CAN236,,SKILL_108,assessment,assessment,Scored 87% in User Research assessment test.,strong,0.54,2026-09-15T10:00:00
EV01409,CAN236,,SKILL_023,interview,interview,Answered Spring Boot related questions with practical examples.,moderate,0.68,2026-09-15T10:00:00
EV01410,CAN236,,SKILL_126,assessment,assessment,Completed React Native coding challenge with above-average performance.,weak,0.71,2026-09-15T10:00:00
EV01411,CAN237,,SKILL_012,interview,interview,Demonstrated strong Swift knowledge during technical interview.,weak,0.31,2026-09-15T10:00:00
EV01412,CAN237,,SKILL_088,resume,resume,Listed SEO/SEM as key skill in resume.,weak,0.32,2026-09-15T10:00:00
EV01413,CAN237,,SKILL_134,interview,interview,Demonstrated strong Apache Airflow knowledge during technical interview.,moderate,0.74,2026-09-15T10:00:00
EV01414,CAN237,,SKILL_098,certification,certification,Completed advanced Supply Chain Management certification course.,moderate,0.85,2026-09-15T10:00:00
EV01415,CAN237,,SKILL_024,interview,interview,Answered .NET Framework related questions with practical examples.,strong,0.77,2026-09-15T10:00:00
EV01416,CAN237,,SKILL_039,assessment,assessment,Scored 77% in Docker assessment test.,strong,0.99,2026-09-15T10:00:00
EV01417,CAN237,,SKILL_103,assessment,assessment,Scored 92% in Lean Management assessment test.,strong,0.55,2026-09-15T10:00:00
EV01418,CAN238,,SKILL_036,assessment,assessment,Completed AWS coding challenge with above-average performance.,weak,0.81,2026-09-15T10:00:00
EV01419,CAN238,,SKILL_144,resume,resume,Resume highlights Customer Relationship Management expertise in multiple projects.,strong,0.43,2026-09-15T10:00:00
EV01420,CAN238,,SKILL_038,resume,resume,Mentioned Google Cloud Platform in resume with 1 years experience.,moderate,0.67,2026-09-15T10:00:00
EV01421,CAN238,,SKILL_152,certification,certification,Completed advanced Stakeholder Management certification course.,moderate,0.69,2026-09-15T10:00:00
EV01422,CAN238,,SKILL_131,certification,certification,Completed advanced ETL Pipelines certification course.,strong,0.75,2026-09-15T10:00:00
EV01423,CAN238,,SKILL_048,certification,certification,Holds Computer Vision certification from recognized institution.,strong,0.85,2026-09-15T10:00:00
EV01424,CAN239,,SKILL_018,interview,interview,Answered Vue.js related questions with practical examples.,strong,0.69,2026-09-15T10:00:00
EV01425,CAN239,,SKILL_135,certification,certification,Holds Data Modeling certification from recognized institution.,moderate,0.8,2026-09-15T10:00:00
EV01426,CAN239,,SKILL_024,interview,interview,Demonstrated strong .NET Framework knowledge during technical interview.,strong,0.3,2026-09-15T10:00:00
EV01427,CAN239,,SKILL_076,assessment,assessment,Scored 68% in Presentation Skills assessment test.,weak,0.84,2026-09-15T10:00:00
EV01428,CAN240,,SKILL_094,assessment,assessment,Scored 84% in Performance Management assessment test.,moderate,0.83,2026-09-15T10:00:00
EV01429,CAN240,,SKILL_106,interview,interview,Answered Adobe Creative Suite related questions with practical examples.,moderate,0.74,2026-09-15T10:00:00
EV01430,CAN240,,SKILL_036,resume,resume,Listed AWS as key skill in resume.,moderate,0.6,2026-09-15T10:00:00
EV01431,CAN240,,SKILL_043,certification,certification,Completed advanced Jenkins certification course.,moderate,0.98,2026-09-15T10:00:00
EV01432,CAN240,,SKILL_124,project,project,Developed data pipeline using Android Development processing 1M+ records daily.,strong,0.81,2026-09-15T10:00:00
EV01433,CAN240,,SKILL_010,interview,interview,Demonstrated strong Ruby knowledge during technical interview.,moderate,0.79,2026-09-15T10:00:00
EV01434,CAN241,,SKILL_079,interview,interview,Answered Mentoring related questions with practical examples.,moderate,0.83,2026-09-15T10:00:00
EV01435,CAN241,,SKILL_060,resume,resume,Listed Penetration Testing as key skill in resume.,weak,0.85,2026-09-15T10:00:00
EV01436,CAN241,,SKILL_017,assessment,assessment,Scored 64% in Angular assessment test.,strong,0.61,2026-09-15T10:00:00
EV01437,CAN241,,SKILL_002,assessment,assessment,Scored 95% in Java assessment test.,strong,0.83,2026-09-15T10:00:00
EV01438,CAN241,,SKILL_137,certification,certification,Holds A/B Testing certification from recognized institution.,weak,0.88,2026-09-15T10:00:00
EV01439,CAN242,,SKILL_054,assessment,assessment,Completed NumPy coding challenge with above-average performance.,strong,0.63,2026-09-15T10:00:00
EV01440,CAN242,,SKILL_123,assessment,assessment,Scored 81% in Test Automation assessment test.,strong,0.62,2026-09-15T10:00:00
EV01441,CAN242,,SKILL_001,interview,interview,Demonstrated strong Python knowledge during technical interview.,strong,0.76,2026-09-15T10:00:00
EV01442,CAN242,,SKILL_027,assessment,assessment,Completed SQL coding challenge with above-average performance.,weak,0.78,2026-09-15T10:00:00
EV01443,CAN243,,SKILL_096,certification,certification,Completed advanced HR Analytics certification course.,moderate,0.78,2026-09-15T10:00:00
EV01444,CAN243,,SKILL_115,interview,interview,Answered System Design related questions with practical examples.,weak,0.4,2026-09-15T10:00:00
EV01445,CAN243,,SKILL_029,certification,certification,Holds MySQL certification from recognized institution.,strong,0.85,2026-09-15T10:00:00
EV01446,CAN243,,SKILL_007,certification,certification,Holds Go certification from recognized institution.,weak,0.75,2026-09-15T10:00:00
EV01447,CAN243,,SKILL_148,certification,certification,Holds Service Level Management certification from recognized institution.,weak,0.6,2026-09-15T10:00:00
EV01448,CAN243,,SKILL_060,interview,interview,Answered Penetration Testing related questions with practical examples.,strong,0.45,2026-09-15T10:00:00
EV01449,CAN244,,SKILL_127,interview,interview,Demonstrated strong Git/Version Control knowledge during technical interview.,moderate,0.61,2026-09-15T10:00:00
EV01450,CAN244,,SKILL_062,interview,interview,Answered Identity and Access Management related questions with practical examples.,moderate,0.47,2026-09-15T10:00:00
EV01451,CAN244,,SKILL_037,interview,interview,Demonstrated strong Microsoft Azure knowledge during technical interview.,strong,0.5,2026-09-15T10:00:00
EV01452,CAN244,,SKILL_112,resume,resume,Listed Windows Server as key skill in resume.,weak,0.44,2026-09-15T10:00:00
EV01453,CAN244,,SKILL_126,project,project,Built REST APIs using React Native for an e-commerce platform.,strong,0.82,2026-09-15T10:00:00
EV01454,CAN244,,SKILL_083,interview,interview,Demonstrated strong Market Analysis knowledge during technical interview.,weak,0.58,2026-09-15T10:00:00
EV01455,CAN245,,SKILL_058,assessment,assessment,Scored 80% in Cybersecurity assessment test.,weak,0.9,2026-09-15T10:00:00
EV01456,CAN245,,SKILL_047,certification,certification,Holds Natural Language Processing certification from recognized institution.,strong,0.76,2026-09-15T10:00:00
EV01457,CAN245,,SKILL_002,certification,certification,Completed advanced Java certification course.,strong,0.68,2026-09-15T10:00:00
EV01458,CAN245,,SKILL_116,assessment,assessment,Scored 70% in Distributed Systems assessment test.,moderate,0.71,2026-09-15T10:00:00
EV01459,CAN245,,SKILL_048,interview,interview,Demonstrated strong Computer Vision knowledge during technical interview.,weak,0.75,2026-09-15T10:00:00
EV01460,CAN245,,SKILL_094,interview,interview,Demonstrated strong Performance Management knowledge during technical interview.,strong,0.83,2026-09-15T10:00:00
EV01461,CAN246,,SKILL_055,resume,resume,Mentioned Apache Spark in resume with 3 years experience.,strong,0.52,2026-09-15T10:00:00
EV01462,CAN246,,SKILL_085,project,project,Developed data pipeline using CRM Systems processing 1M+ records daily.,moderate,0.73,2026-09-15T10:00:00
EV01463,CAN246,,SKILL_072,resume,resume,Listed Teamwork as key skill in resume.,moderate,0.72,2026-09-15T10:00:00
EV01464,CAN246,,SKILL_075,project,project,Developed data pipeline using Time Management processing 1M+ records daily.,moderate,0.45,2026-09-15T10:00:00
EV01465,CAN247,,SKILL_015,project,project,Built REST APIs using HTML/CSS for an e-commerce platform.,moderate,0.8,2026-09-15T10:00:00
EV01466,CAN247,,SKILL_093,assessment,assessment,Scored 69% in Compensation and Benefits assessment test.,strong,0.6,2026-09-15T10:00:00
EV01467,CAN247,,SKILL_123,certification,certification,Completed advanced Test Automation certification course.,moderate,0.95,2026-09-15T10:00:00
EV01468,CAN247,,SKILL_098,certification,certification,Completed advanced Supply Chain Management certification course.,weak,0.7,2026-09-15T10:00:00
EV01469,CAN247,,SKILL_042,assessment,assessment,Scored 84% in Terraform assessment test.,moderate,0.75,2026-09-15T10:00:00
EV01470,CAN248,,SKILL_009,certification,certification,Holds PHP certification from recognized institution.,weak,0.79,2026-09-15T10:00:00
EV01471,CAN248,,SKILL_078,interview,interview,Demonstrated strong Conflict Resolution knowledge during technical interview.,moderate,0.53,2026-09-15T10:00:00
EV01472,CAN248,,SKILL_013,certification,certification,Completed advanced Scala certification course.,weak,0.85,2026-09-15T10:00:00
EV01473,CAN248,,SKILL_131,certification,certification,Holds ETL Pipelines certification from recognized institution.,moderate,0.61,2026-09-15T10:00:00
EV01474,CAN249,,SKILL_028,project,project,Developed data pipeline using PostgreSQL processing 1M+ records daily.,weak,0.41,2026-09-15T10:00:00
EV01475,CAN249,,SKILL_079,certification,certification,Holds Mentoring certification from recognized institution.,moderate,0.98,2026-09-15T10:00:00
EV01476,CAN249,,SKILL_032,resume,resume,Resume highlights Elasticsearch expertise in multiple projects.,strong,0.66,2026-09-15T10:00:00
EV01477,CAN249,,SKILL_139,resume,resume,Listed Blockchain as key skill in resume.,weak,0.78,2026-09-15T10:00:00
EV01478,CAN249,,SKILL_080,project,project,Developed data pipeline using Financial Analysis processing 1M+ records daily.,weak,0.85,2026-09-15T10:00:00
EV01479,CAN249,,SKILL_148,resume,resume,Mentioned Service Level Management in resume with 2 years experience.,strong,0.69,2026-09-15T10:00:00
EV01480,CAN250,,SKILL_015,interview,interview,Answered HTML/CSS related questions with practical examples.,strong,0.62,2026-09-15T10:00:00
EV01481,CAN250,,SKILL_013,interview,interview,Demonstrated strong Scala knowledge during technical interview.,strong,0.61,2026-09-15T10:00:00
EV01482,CAN250,,SKILL_027,interview,interview,Demonstrated strong SQL knowledge during technical interview.,moderate,0.65,2026-09-15T10:00:00
EV01483,CAN250,,SKILL_109,assessment,assessment,Completed Networking coding challenge with above-average performance.,weak,0.61,2026-09-15T10:00:00
EV01484,CAN250,,SKILL_096,interview,interview,Answered HR Analytics related questions with practical examples.,moderate,0.8,2026-09-15T10:00:00
EV01485,CAN250,,SKILL_103,project,project,Built REST APIs using Lean Management for an e-commerce platform.,moderate,0.74,2026-09-15T10:00:00
EV01486,CAN251,,SKILL_030,certification,certification,Completed advanced MongoDB certification course.,weak,0.99,2026-09-15T10:00:00
EV01487,CAN251,,SKILL_099,resume,resume,Listed Logistics Management as key skill in resume.,strong,0.82,2026-09-15T10:00:00
EV01488,CAN251,,SKILL_010,project,project,Implemented Ruby solution for real-time analytics dashboard.,moderate,0.65,2026-09-15T10:00:00
EV01489,CAN251,,SKILL_127,interview,interview,Answered Git/Version Control related questions with practical examples.,weak,0.82,2026-09-15T10:00:00
EV01490,CAN251,,SKILL_107,interview,interview,Demonstrated strong Prototyping knowledge during technical interview.,strong,0.7,2026-09-15T10:00:00
EV01491,CAN251,,SKILL_012,resume,resume,Mentioned Swift in resume with 4 years experience.,weak,0.41,2026-09-15T10:00:00
EV01492,CAN251,,SKILL_112,interview,interview,Demonstrated strong Windows Server knowledge during technical interview.,moderate,0.5,2026-09-15T10:00:00
EV01493,CAN252,,SKILL_118,resume,resume,Resume highlights Scalability Patterns expertise in multiple projects.,strong,0.33,2026-09-15T10:00:00
EV01494,CAN252,,SKILL_036,resume,resume,Mentioned AWS in resume with 4 years experience.,moderate,0.44,2026-09-15T10:00:00
EV01495,CAN252,,SKILL_130,certification,certification,Holds API Gateway Management certification from recognized institution.,moderate,0.63,2026-09-15T10:00:00
EV01496,CAN252,,SKILL_045,interview,interview,Answered Machine Learning related questions with practical examples.,weak,0.55,2026-09-15T10:00:00
EV01497,CAN252,,SKILL_094,project,project,Created Performance Management-based microservices serving 10K+ requests/sec.,weak,0.3,2026-09-15T10:00:00
EV01498,CAN253,,SKILL_099,certification,certification,Holds Logistics Management certification from recognized institution.,strong,0.89,2026-09-15T10:00:00
EV01499,CAN253,,SKILL_116,assessment,assessment,Scored 78% in Distributed Systems assessment test.,weak,0.85,2026-09-15T10:00:00
EV01500,CAN253,,SKILL_024,certification,certification,Holds .NET Framework certification from recognized institution.,weak,0.8,2026-09-15T10:00:00
EV01501,CAN253,,SKILL_106,project,project,Created Adobe Creative Suite-based microservices serving 10K+ requests/sec.,weak,0.52,2026-09-15T10:00:00
EV01502,CAN254,,SKILL_115,resume,resume,Resume highlights System Design expertise in multiple projects.,strong,0.73,2026-09-15T10:00:00
EV01503,CAN254,,SKILL_031,assessment,assessment,Completed Redis coding challenge with above-average performance.,strong,0.55,2026-09-15T10:00:00
EV01504,CAN254,,SKILL_036,interview,interview,Demonstrated strong AWS knowledge during technical interview.,strong,0.62,2026-09-15T10:00:00
EV01505,CAN254,,SKILL_088,resume,resume,Resume highlights SEO/SEM expertise in multiple projects.,moderate,0.3,2026-09-15T10:00:00
EV01506,CAN254,,SKILL_106,resume,resume,Listed Adobe Creative Suite as key skill in resume.,strong,0.69,2026-09-15T10:00:00
EV01507,CAN254,,SKILL_135,assessment,assessment,Completed Data Modeling coding challenge with above-average performance.,moderate,0.84,2026-09-15T10:00:00
EV01508,CAN255,,SKILL_120,assessment,assessment,Scored 67% in Integration Testing assessment test.,moderate,0.52,2026-09-15T10:00:00
EV01509,CAN255,,SKILL_102,assessment,assessment,Completed Six Sigma coding challenge with above-average performance.,weak,0.74,2026-09-15T10:00:00
EV01510,CAN255,,SKILL_101,assessment,assessment,Scored 83% in Process Improvement assessment test.,weak,0.98,2026-09-15T10:00:00
EV01511,CAN255,,SKILL_058,assessment,assessment,Completed Cybersecurity coding challenge with above-average performance.,strong,0.51,2026-09-15T10:00:00
EV01512,CAN255,,SKILL_117,resume,resume,Resume highlights High Availability Architecture expertise in multiple projects.,weak,0.66,2026-09-15T10:00:00
EV01513,CAN256,,SKILL_031,resume,resume,Resume highlights Redis expertise in multiple projects.,strong,0.73,2026-09-15T10:00:00
EV01514,CAN256,,SKILL_006,project,project,Implemented C# solution for real-time analytics dashboard.,moderate,0.61,2026-09-15T10:00:00
EV01515,CAN256,,SKILL_034,resume,resume,Resume highlights Apache Cassandra expertise in multiple projects.,moderate,0.4,2026-09-15T10:00:00
EV01516,CAN256,,SKILL_040,interview,interview,Demonstrated strong Kubernetes knowledge during technical interview.,weak,0.51,2026-09-15T10:00:00
EV01517,CAN256,,SKILL_142,certification,certification,Completed advanced Edge Computing certification course.,moderate,0.96,2026-09-15T10:00:00
EV01518,CAN256,,SKILL_067,interview,interview,Demonstrated strong Project Management knowledge during technical interview.,weak,0.36,2026-09-15T10:00:00
EV01519,CAN257,,SKILL_055,assessment,assessment,Scored 95% in Apache Spark assessment test.,strong,0.72,2026-09-15T10:00:00
EV01520,CAN257,,SKILL_123,assessment,assessment,Scored 63% in Test Automation assessment test.,moderate,0.85,2026-09-15T10:00:00
EV01521,CAN257,,SKILL_148,resume,resume,Listed Service Level Management as key skill in resume.,moderate,0.76,2026-09-15T10:00:00
EV01522,CAN257,,SKILL_033,project,project,Implemented Oracle Database solution for real-time analytics dashboard.,weak,0.7,2026-09-15T10:00:00
EV01523,CAN257,,SKILL_004,project,project,Developed data pipeline using TypeScript processing 1M+ records daily.,strong,0.47,2026-09-15T10:00:00
EV01524,CAN258,,SKILL_127,assessment,assessment,Scored 81% in Git/Version Control assessment test.,strong,0.63,2026-09-15T10:00:00
EV01525,CAN258,,SKILL_041,interview,interview,Demonstrated strong CI/CD Pipelines knowledge during technical interview.,weak,0.61,2026-09-15T10:00:00
EV01526,CAN258,,SKILL_026,interview,interview,Demonstrated strong GraphQL knowledge during technical interview.,moderate,0.36,2026-09-15T10:00:00
EV01527,CAN258,,SKILL_132,resume,resume,Listed Data Warehousing as key skill in resume.,weak,0.5,2026-09-15T10:00:00
EV01528,CAN259,,SKILL_087,resume,resume,Resume highlights Digital Marketing expertise in multiple projects.,weak,0.4,2026-09-15T10:00:00
EV01529,CAN259,,SKILL_127,resume,resume,Resume highlights Git/Version Control expertise in multiple projects.,weak,0.41,2026-09-15T10:00:00
EV01530,CAN259,,SKILL_084,resume,resume,Mentioned Business Strategy in resume with 4 years experience.,moderate,0.53,2026-09-15T10:00:00
EV01531,CAN259,,SKILL_023,interview,interview,Answered Spring Boot related questions with practical examples.,moderate,0.32,2026-09-15T10:00:00
EV01532,CAN259,,SKILL_138,project,project,Built REST APIs using Mixpanel for an e-commerce platform.,moderate,0.4,2026-09-15T10:00:00
EV01533,CAN260,,SKILL_032,assessment,assessment,Scored 66% in Elasticsearch assessment test.,strong,0.66,2026-09-15T10:00:00
EV01534,CAN260,,SKILL_147,project,project,Built REST APIs using Issue Resolution for an e-commerce platform.,strong,0.84,2026-09-15T10:00:00
EV01535,CAN260,,SKILL_132,interview,interview,Answered Data Warehousing related questions with practical examples.,moderate,0.74,2026-09-15T10:00:00
EV01536,CAN260,,SKILL_148,assessment,assessment,Scored 68% in Service Level Management assessment test.,strong,0.81,2026-09-15T10:00:00
EV01537,CAN261,,SKILL_005,interview,interview,Answered C++ related questions with practical examples.,moderate,0.38,2026-09-15T10:00:00
EV01538,CAN261,,SKILL_131,assessment,assessment,Completed ETL Pipelines coding challenge with above-average performance.,weak,0.58,2026-09-15T10:00:00
EV01539,CAN261,,SKILL_143,resume,resume,Mentioned Generative AI in resume with 3 years experience.,moderate,0.81,2026-09-15T10:00:00
EV01540,CAN261,,SKILL_088,interview,interview,Answered SEO/SEM related questions with practical examples.,strong,0.6,2026-09-15T10:00:00
EV01541,CAN261,,SKILL_129,project,project,Developed data pipeline using Event-Driven Architecture processing 1M+ records daily.,weak,0.39,2026-09-15T10:00:00
EV01542,CAN261,,SKILL_089,resume,resume,Mentioned Content Marketing in resume with 4 years experience.,moderate,0.64,2026-09-15T10:00:00
EV01543,CAN262,,SKILL_130,assessment,assessment,Scored 93% in API Gateway Management assessment test.,moderate,0.75,2026-09-15T10:00:00
EV01544,CAN262,,SKILL_150,project,project,Built REST APIs using Compliance Management for an e-commerce platform.,moderate,0.61,2026-09-15T10:00:00
EV01545,CAN262,,SKILL_132,interview,interview,Answered Data Warehousing related questions with practical examples.,moderate,0.54,2026-09-15T10:00:00
EV01546,CAN262,,SKILL_088,interview,interview,Answered SEO/SEM related questions with practical examples.,weak,0.78,2026-09-15T10:00:00
EV01547,CAN262,,SKILL_083,assessment,assessment,Scored 84% in Market Analysis assessment test.,weak,0.86,2026-09-15T10:00:00
EV01548,CAN263,,SKILL_012,resume,resume,Mentioned Swift in resume with 1 years experience.,moderate,0.84,2026-09-15T10:00:00
EV01549,CAN263,,SKILL_137,resume,resume,Mentioned A/B Testing in resume with 4 years experience.,weak,0.81,2026-09-15T10:00:00
EV01550,CAN263,,SKILL_121,project,project,Created Selenium-based microservices serving 10K+ requests/sec.,strong,0.69,2026-09-15T10:00:00
EV01551,CAN263,,SKILL_144,assessment,assessment,Scored 74% in Customer Relationship Management assessment test.,strong,0.98,2026-09-15T10:00:00
EV01552,CAN263,,SKILL_152,interview,interview,Demonstrated strong Stakeholder Management knowledge during technical interview.,weak,0.69,2026-09-15T10:00:00
EV01553,CAN263,,SKILL_017,resume,resume,Mentioned Angular in resume with 5 years experience.,strong,0.62,2026-09-15T10:00:00
EV01554,CAN264,,SKILL_014,interview,interview,Demonstrated strong R knowledge during technical interview.,weak,0.57,2026-09-15T10:00:00
EV01555,CAN264,,SKILL_098,assessment,assessment,Scored 81% in Supply Chain Management assessment test.,weak,0.95,2026-09-15T10:00:00
EV01556,CAN264,,SKILL_063,assessment,assessment,Completed Agile Methodology coding challenge with above-average performance.,strong,0.75,2026-09-15T10:00:00
EV01557,CAN264,,SKILL_046,resume,resume,Resume highlights Deep Learning expertise in multiple projects.,moderate,0.76,2026-09-15T10:00:00
EV01558,CAN264,,SKILL_149,resume,resume,Mentioned Risk Management in resume with 2 years experience.,moderate,0.37,2026-09-15T10:00:00
EV01559,CAN265,,SKILL_136,assessment,assessment,Scored 65% in Google Analytics assessment test.,moderate,0.85,2026-09-15T10:00:00
EV01560,CAN265,,SKILL_137,assessment,assessment,Completed A/B Testing coding challenge with above-average performance.,strong,0.83,2026-09-15T10:00:00
EV01561,CAN265,,SKILL_069,project,project,Built REST APIs using Product Management for an e-commerce platform.,weak,0.47,2026-09-15T10:00:00
EV01562,CAN265,,SKILL_029,project,project,Created MySQL-based microservices serving 10K+ requests/sec.,weak,0.74,2026-09-15T10:00:00
EV01563,CAN265,,SKILL_001,interview,interview,Answered Python related questions with practical examples.,moderate,0.81,2026-09-15T10:00:00
EV01564,CAN265,,SKILL_004,certification,certification,Completed advanced TypeScript certification course.,strong,0.67,2026-09-15T10:00:00
EV01565,CAN266,,SKILL_028,project,project,Built REST APIs using PostgreSQL for an e-commerce platform.,weak,0.82,2026-09-15T10:00:00
EV01566,CAN266,,SKILL_002,certification,certification,Holds Java certification from recognized institution.,moderate,0.53,2026-09-15T10:00:00
EV01567,CAN266,,SKILL_088,certification,certification,Completed advanced SEO/SEM certification course.,strong,0.68,2026-09-15T10:00:00
EV01568,CAN266,,SKILL_017,resume,resume,Resume highlights Angular expertise in multiple projects.,moderate,0.62,2026-09-15T10:00:00
EV01569,CAN266,,SKILL_119,assessment,assessment,Completed Unit Testing coding challenge with above-average performance.,strong,0.52,2026-09-15T10:00:00
EV01570,CAN266,,SKILL_071,certification,certification,Completed advanced Leadership certification course.,strong,0.68,2026-09-15T10:00:00
EV01571,CAN266,,SKILL_125,resume,resume,Listed iOS Development as key skill in resume.,weak,0.56,2026-09-15T10:00:00
EV01572,CAN266,,SKILL_141,assessment,assessment,Completed Augmented Reality coding challenge with above-average performance.,moderate,0.97,2026-09-15T10:00:00
EV01573,CAN267,,SKILL_102,assessment,assessment,Scored 86% in Six Sigma assessment test.,weak,0.95,2026-09-15T10:00:00
EV01574,CAN267,,SKILL_137,resume,resume,Mentioned A/B Testing in resume with 4 years experience.,strong,0.74,2026-09-15T10:00:00
EV01575,CAN267,,SKILL_112,resume,resume,Resume highlights Windows Server expertise in multiple projects.,strong,0.71,2026-09-15T10:00:00
EV01576,CAN267,,SKILL_024,assessment,assessment,Scored 75% in .NET Framework assessment test.,moderate,0.91,2026-09-15T10:00:00
EV01577,CAN267,,SKILL_134,certification,certification,Holds Apache Airflow certification from recognized institution.,weak,0.99,2026-09-15T10:00:00
EV01578,CAN267,,SKILL_149,resume,resume,Listed Risk Management as key skill in resume.,moderate,0.69,2026-09-15T10:00:00
EV01579,CAN268,,SKILL_117,certification,certification,Holds High Availability Architecture certification from recognized institution.,strong,0.83,2026-09-15T10:00:00
EV01580,CAN268,,SKILL_009,assessment,assessment,Completed PHP coding challenge with above-average performance.,moderate,0.75,2026-09-15T10:00:00
EV01581,CAN268,,SKILL_106,project,project,Implemented Adobe Creative Suite solution for real-time analytics dashboard.,moderate,0.63,2026-09-15T10:00:00
EV01582,CAN268,,SKILL_044,project,project,Built REST APIs using Ansible for an e-commerce platform.,weak,0.68,2026-09-15T10:00:00
EV01583,CAN268,,SKILL_120,certification,certification,Holds Integration Testing certification from recognized institution.,weak,0.98,2026-09-15T10:00:00
EV01584,CAN268,,SKILL_101,project,project,Implemented Process Improvement solution for real-time analytics dashboard.,moderate,0.75,2026-09-15T10:00:00
EV01585,CAN268,,SKILL_056,resume,resume,Resume highlights Tableau expertise in multiple projects.,weak,0.31,2026-09-15T10:00:00
EV01586,CAN268,,SKILL_119,resume,resume,Listed Unit Testing as key skill in resume.,strong,0.38,2026-09-15T10:00:00
EV01587,CAN269,,SKILL_092,interview,interview,Answered Employee Relations related questions with practical examples.,moderate,0.46,2026-09-15T10:00:00
EV01588,CAN269,,SKILL_012,assessment,assessment,Completed Swift coding challenge with above-average performance.,moderate,0.87,2026-09-15T10:00:00
EV01589,CAN269,,SKILL_088,resume,resume,Mentioned SEO/SEM in resume with 3 years experience.,moderate,0.77,2026-09-15T10:00:00
EV01590,CAN269,,SKILL_124,resume,resume,Mentioned Android Development in resume with 1 years experience.,weak,0.41,2026-09-15T10:00:00
EV01591,CAN269,,SKILL_141,project,project,Implemented Augmented Reality solution for real-time analytics dashboard.,weak,0.42,2026-09-15T10:00:00
EV01592,CAN269,,SKILL_047,resume,resume,Mentioned Natural Language Processing in resume with 4 years experience.,weak,0.5,2026-09-15T10:00:00
EV01593,CAN269,,SKILL_110,assessment,assessment,Completed System Administration coding challenge with above-average performance.,strong,0.53,2026-09-15T10:00:00
EV01594,CAN269,,SKILL_042,interview,interview,Demonstrated strong Terraform knowledge during technical interview.,weak,0.69,2026-09-15T10:00:00
EV01595,CAN270,,SKILL_057,project,project,Developed data pipeline using Power BI processing 1M+ records daily.,strong,0.5,2026-09-15T10:00:00
EV01596,CAN270,,SKILL_082,resume,resume,Mentioned Budgeting in resume with 2 years experience.,moderate,0.64,2026-09-15T10:00:00
EV01597,CAN270,,SKILL_067,project,project,Implemented Project Management solution for real-time analytics dashboard.,weak,0.76,2026-09-15T10:00:00
EV01598,CAN270,,SKILL_132,interview,interview,Demonstrated strong Data Warehousing knowledge during technical interview.,moderate,0.76,2026-09-15T10:00:00
EV01599,CAN270,,SKILL_141,project,project,Developed data pipeline using Augmented Reality processing 1M+ records daily.,strong,0.41,2026-09-15T10:00:00
EV01600,CAN270,,SKILL_145,assessment,assessment,Scored 76% in Active Listening assessment test.,weak,0.62,2026-09-15T10:00:00
EV01601,CAN270,,SKILL_063,assessment,assessment,Scored 72% in Agile Methodology assessment test.,moderate,0.69,2026-09-15T10:00:00
EV01602,CAN271,,SKILL_001,assessment,assessment,Scored 80% in Python assessment test.,strong,0.79,2026-09-15T10:00:00
EV01603,CAN271,,SKILL_048,project,project,Created Computer Vision-based microservices serving 10K+ requests/sec.,moderate,0.45,2026-09-15T10:00:00
EV01604,CAN271,,SKILL_090,assessment,assessment,Scored 70% in Brand Management assessment test.,strong,0.85,2026-09-15T10:00:00
EV01605,CAN271,,SKILL_128,project,project,Implemented Microservices Architecture solution for real-time analytics dashboard.,weak,0.65,2026-09-15T10:00:00
EV01606,CAN271,,SKILL_031,certification,certification,Holds Redis certification from recognized institution.,strong,0.62,2026-09-15T10:00:00
EV01607,CAN271,,SKILL_060,project,project,Developed data pipeline using Penetration Testing processing 1M+ records daily.,moderate,0.66,2026-09-15T10:00:00
EV01608,CAN272,,SKILL_021,interview,interview,Answered Flask related questions with practical examples.,strong,0.85,2026-09-15T10:00:00
EV01609,CAN272,,SKILL_035,resume,resume,Resume highlights Amazon DynamoDB expertise in multiple projects.,moderate,0.56,2026-09-15T10:00:00
EV01610,CAN272,,SKILL_059,interview,interview,Demonstrated strong Network Security knowledge during technical interview.,weak,0.64,2026-09-15T10:00:00
EV01611,CAN272,,SKILL_127,assessment,assessment,Completed Git/Version Control coding challenge with above-average performance.,weak,0.92,2026-09-15T10:00:00
EV01612,CAN272,,SKILL_101,project,project,Built REST APIs using Process Improvement for an e-commerce platform.,moderate,0.8,2026-09-15T10:00:00
EV01613,CAN272,,SKILL_114,resume,resume,Mentioned IT Service Management in resume with 5 years experience.,weak,0.61,2026-09-15T10:00:00
EV01614,CAN272,,SKILL_109,resume,resume,Listed Networking as key skill in resume.,strong,0.67,2026-09-15T10:00:00
EV01615,CAN273,,SKILL_023,project,project,Built REST APIs using Spring Boot for an e-commerce platform.,moderate,0.63,2026-09-15T10:00:00
EV01616,CAN273,,SKILL_145,resume,resume,Resume highlights Active Listening expertise in multiple projects.,moderate,0.51,2026-09-15T10:00:00
EV01617,CAN273,,SKILL_082,certification,certification,Holds Budgeting certification from recognized institution.,moderate,0.71,2026-09-15T10:00:00
EV01618,CAN273,,SKILL_117,project,project,Created High Availability Architecture-based microservices serving 10K+ requests/sec.,strong,0.8,2026-09-15T10:00:00
EV01619,CAN273,,SKILL_097,certification,certification,Holds Labor Law Compliance certification from recognized institution.,weak,0.98,2026-09-15T10:00:00
EV01620,CAN274,,SKILL_076,certification,certification,Completed advanced Presentation Skills certification course.,strong,0.92,2026-09-15T10:00:00
EV01621,CAN274,,SKILL_059,interview,interview,Demonstrated strong Network Security knowledge during technical interview.,weak,0.8,2026-09-15T10:00:00
EV01622,CAN274,,SKILL_017,resume,resume,Listed Angular as key skill in resume.,strong,0.64,2026-09-15T10:00:00
EV01623,CAN274,,SKILL_155,project,project,Implemented Data Visualization solution for real-time analytics dashboard.,strong,0.51,2026-09-15T10:00:00
EV01624,CAN274,,SKILL_019,certification,certification,Holds Node.js certification from recognized institution.,strong,0.63,2026-09-15T10:00:00
EV01625,CAN274,,SKILL_088,interview,interview,Demonstrated strong SEO/SEM knowledge during technical interview.,strong,0.58,2026-09-15T10:00:00
EV01626,CAN274,,SKILL_099,assessment,assessment,Scored 80% in Logistics Management assessment test.,weak,0.96,2026-09-15T10:00:00
EV01627,CAN275,,SKILL_022,certification,certification,Holds FastAPI certification from recognized institution.,strong,0.87,2026-09-15T10:00:00
EV01628,CAN275,,SKILL_114,assessment,assessment,Scored 90% in IT Service Management assessment test.,strong,0.57,2026-09-15T10:00:00
EV01629,CAN275,,SKILL_006,certification,certification,Completed advanced C# certification course.,strong,0.75,2026-09-15T10:00:00
EV01630,CAN275,,SKILL_076,interview,interview,Answered Presentation Skills related questions with practical examples.,strong,0.67,2026-09-15T10:00:00
EV01631,CAN275,,SKILL_025,interview,interview,Demonstrated strong REST API Design knowledge during technical interview.,moderate,0.75,2026-09-15T10:00:00
EV01632,CAN276,,SKILL_127,resume,resume,Resume highlights Git/Version Control expertise in multiple projects.,weak,0.4,2026-09-15T10:00:00
EV01633,CAN276,,SKILL_094,certification,certification,Holds Performance Management certification from recognized institution.,weak,0.81,2026-09-15T10:00:00
EV01634,CAN276,,SKILL_120,certification,certification,Completed advanced Integration Testing certification course.,moderate,0.57,2026-09-15T10:00:00
EV01635,CAN276,,SKILL_135,interview,interview,Answered Data Modeling related questions with practical examples.,weak,0.77,2026-09-15T10:00:00
EV01636,CAN276,,SKILL_142,interview,interview,Answered Edge Computing related questions with practical examples.,strong,0.75,2026-09-15T10:00:00
EV01637,CAN276,,SKILL_099,certification,certification,Completed advanced Logistics Management certification course.,strong,0.78,2026-09-15T10:00:00
EV01638,CAN276,,SKILL_002,interview,interview,Demonstrated strong Java knowledge during technical interview.,moderate,0.65,2026-09-15T10:00:00
EV01639,CAN276,,SKILL_055,project,project,Built REST APIs using Apache Spark for an e-commerce platform.,weak,0.6,2026-09-15T10:00:00
EV01640,CAN277,,SKILL_083,resume,resume,Resume highlights Market Analysis expertise in multiple projects.,weak,0.33,2026-09-15T10:00:00
EV01641,CAN277,,SKILL_138,assessment,assessment,Scored 81% in Mixpanel assessment test.,strong,0.82,2026-09-15T10:00:00
EV01642,CAN277,,SKILL_065,assessment,assessment,Scored 86% in Kanban assessment test.,moderate,0.61,2026-09-15T10:00:00
EV01643,CAN277,,SKILL_113,project,project,Built REST APIs using Technical Writing for an e-commerce platform.,strong,0.49,2026-09-15T10:00:00
EV01644,CAN277,,SKILL_032,project,project,Developed data pipeline using Elasticsearch processing 1M+ records daily.,weak,0.47,2026-09-15T10:00:00
EV01645,CAN277,,SKILL_152,certification,certification,Holds Stakeholder Management certification from recognized institution.,moderate,0.72,2026-09-15T10:00:00
EV01646,CAN277,,SKILL_135,project,project,Created Data Modeling-based microservices serving 10K+ requests/sec.,strong,0.58,2026-09-15T10:00:00
EV01647,CAN277,,SKILL_149,project,project,Developed data pipeline using Risk Management processing 1M+ records daily.,weak,0.42,2026-09-15T10:00:00
EV01648,CAN278,,SKILL_046,certification,certification,Completed advanced Deep Learning certification course.,weak,0.54,2026-09-15T10:00:00
EV01649,CAN278,,SKILL_071,certification,certification,Completed advanced Leadership certification course.,weak,0.98,2026-09-15T10:00:00
EV01650,CAN278,,SKILL_044,interview,interview,Answered Ansible related questions with practical examples.,strong,0.34,2026-09-15T10:00:00
EV01651,CAN278,,SKILL_039,certification,certification,Holds Docker certification from recognized institution.,moderate,0.88,2026-09-15T10:00:00
EV01652,CAN278,,SKILL_068,project,project,Implemented JIRA solution for real-time analytics dashboard.,weak,0.32,2026-09-15T10:00:00
EV01653,CAN278,,SKILL_116,resume,resume,Resume highlights Distributed Systems expertise in multiple projects.,moderate,0.65,2026-09-15T10:00:00
EV01654,CAN279,,SKILL_138,assessment,assessment,Scored 78% in Mixpanel assessment test.,moderate,0.88,2026-09-15T10:00:00
EV01655,CAN279,,SKILL_090,certification,certification,Completed advanced Brand Management certification course.,weak,0.61,2026-09-15T10:00:00
EV01656,CAN279,,SKILL_047,certification,certification,Completed advanced Natural Language Processing certification course.,moderate,0.6,2026-09-15T10:00:00
EV01657,CAN279,,SKILL_074,project,project,Implemented Critical Thinking solution for real-time analytics dashboard.,strong,0.37,2026-09-15T10:00:00
EV01658,CAN279,,SKILL_038,assessment,assessment,Completed Google Cloud Platform coding challenge with above-average performance.,weak,0.56,2026-09-15T10:00:00
EV01659,CAN280,,SKILL_036,project,project,Created AWS-based microservices serving 10K+ requests/sec.,strong,0.61,2026-09-15T10:00:00
EV01660,CAN280,,SKILL_116,interview,interview,Demonstrated strong Distributed Systems knowledge during technical interview.,moderate,0.6,2026-09-15T10:00:00
EV01661,CAN280,,SKILL_070,certification,certification,Holds Communication certification from recognized institution.,weak,0.74,2026-09-15T10:00:00
EV01662,CAN280,,SKILL_146,project,project,Implemented Empathy solution for real-time analytics dashboard.,moderate,0.58,2026-09-15T10:00:00
EV01663,CAN280,,SKILL_083,interview,interview,Answered Market Analysis related questions with practical examples.,moderate,0.79,2026-09-15T10:00:00
EV01664,CAN281,,SKILL_036,interview,interview,Demonstrated strong AWS knowledge during technical interview.,moderate,0.84,2026-09-15T10:00:00
EV01665,CAN281,,SKILL_006,project,project,Created C#-based microservices serving 10K+ requests/sec.,strong,0.7,2026-09-15T10:00:00
EV01666,CAN281,,SKILL_071,certification,certification,Completed advanced Leadership certification course.,moderate,0.72,2026-09-15T10:00:00
EV01667,CAN281,,SKILL_052,interview,interview,Answered PyTorch related questions with practical examples.,moderate,0.55,2026-09-15T10:00:00
EV01668,CAN281,,SKILL_079,project,project,Built REST APIs using Mentoring for an e-commerce platform.,moderate,0.8,2026-09-15T10:00:00
EV01669,CAN281,,SKILL_014,assessment,assessment,Scored 92% in R assessment test.,moderate,0.73,2026-09-15T10:00:00
EV01670,CAN282,,SKILL_067,assessment,assessment,Scored 67% in Project Management assessment test.,weak,0.72,2026-09-15T10:00:00
EV01671,CAN282,,SKILL_115,assessment,assessment,Scored 60% in System Design assessment test.,moderate,0.81,2026-09-15T10:00:00
EV01672,CAN282,,SKILL_045,project,project,Implemented Machine Learning solution for real-time analytics dashboard.,strong,0.74,2026-09-15T10:00:00
EV01673,CAN282,,SKILL_055,resume,resume,Resume highlights Apache Spark expertise in multiple projects.,strong,0.42,2026-09-15T10:00:00
EV01674,CAN282,,SKILL_029,resume,resume,Resume highlights MySQL expertise in multiple projects.,weak,0.46,2026-09-15T10:00:00
EV01675,CAN282,,SKILL_105,certification,certification,Holds Figma certification from recognized institution.,moderate,0.62,2026-09-15T10:00:00
EV01676,CAN282,,SKILL_064,certification,certification,Completed advanced Scrum certification course.,strong,0.55,2026-09-15T10:00:00
EV01677,CAN283,,SKILL_086,assessment,assessment,Completed Salesforce coding challenge with above-average performance.,strong,0.68,2026-09-15T10:00:00
EV01678,CAN283,,SKILL_018,certification,certification,Holds Vue.js certification from recognized institution.,moderate,0.87,2026-09-15T10:00:00
EV01679,CAN283,,SKILL_044,project,project,Developed data pipeline using Ansible processing 1M+ records daily.,moderate,0.52,2026-09-15T10:00:00
EV01680,CAN283,,SKILL_028,assessment,assessment,Completed PostgreSQL coding challenge with above-average performance.,moderate,0.64,2026-09-15T10:00:00
EV01681,CAN284,,SKILL_149,assessment,assessment,Scored 87% in Risk Management assessment test.,strong,0.58,2026-09-15T10:00:00
EV01682,CAN284,,SKILL_074,assessment,assessment,Scored 61% in Critical Thinking assessment test.,strong,0.54,2026-09-15T10:00:00
EV01683,CAN284,,SKILL_098,project,project,Created Supply Chain Management-based microservices serving 10K+ requests/sec.,strong,0.84,2026-09-15T10:00:00
EV01684,CAN284,,SKILL_004,interview,interview,Demonstrated strong TypeScript knowledge during technical interview.,moderate,0.37,2026-09-15T10:00:00
EV01685,CAN285,,SKILL_064,resume,resume,Mentioned Scrum in resume with 3 years experience.,moderate,0.65,2026-09-15T10:00:00
EV01686,CAN285,,SKILL_041,certification,certification,Holds CI/CD Pipelines certification from recognized institution.,weak,0.64,2026-09-15T10:00:00
EV01687,CAN285,,SKILL_107,assessment,assessment,Completed Prototyping coding challenge with above-average performance.,strong,0.57,2026-09-15T10:00:00
EV01688,CAN285,,SKILL_033,resume,resume,Resume highlights Oracle Database expertise in multiple projects.,strong,0.33,2026-09-15T10:00:00
EV01689,CAN285,,SKILL_091,project,project,Created Talent Acquisition-based microservices serving 10K+ requests/sec.,moderate,0.42,2026-09-15T10:00:00
EV01690,CAN285,,SKILL_143,project,project,Built REST APIs using Generative AI for an e-commerce platform.,moderate,0.4,2026-09-15T10:00:00
EV01691,CAN285,,SKILL_036,project,project,Created AWS-based microservices serving 10K+ requests/sec.,weak,0.64,2026-09-15T10:00:00
EV01692,CAN286,,SKILL_127,assessment,assessment,Completed Git/Version Control coding challenge with above-average performance.,strong,0.54,2026-09-15T10:00:00
EV01693,CAN286,,SKILL_140,resume,resume,Resume highlights Internet of Things expertise in multiple projects.,moderate,0.66,2026-09-15T10:00:00
EV01694,CAN286,,SKILL_113,project,project,Created Technical Writing-based microservices serving 10K+ requests/sec.,weak,0.74,2026-09-15T10:00:00
EV01695,CAN286,,SKILL_126,resume,resume,Listed React Native as key skill in resume.,weak,0.38,2026-09-15T10:00:00
EV01696,CAN286,,SKILL_094,interview,interview,Answered Performance Management related questions with practical examples.,weak,0.56,2026-09-15T10:00:00
EV01697,CAN286,,SKILL_032,project,project,Developed data pipeline using Elasticsearch processing 1M+ records daily.,moderate,0.42,2026-09-15T10:00:00
EV01698,CAN287,,SKILL_035,resume,resume,Listed Amazon DynamoDB as key skill in resume.,weak,0.82,2026-09-15T10:00:00
EV01699,CAN287,,SKILL_088,interview,interview,Demonstrated strong SEO/SEM knowledge during technical interview.,strong,0.8,2026-09-15T10:00:00
EV01700,CAN287,,SKILL_113,project,project,Created Technical Writing-based microservices serving 10K+ requests/sec.,strong,0.71,2026-09-15T10:00:00
EV01701,CAN287,,SKILL_142,project,project,Implemented Edge Computing solution for real-time analytics dashboard.,strong,0.49,2026-09-15T10:00:00
EV01702,CAN287,,SKILL_024,resume,resume,Listed .NET Framework as key skill in resume.,moderate,0.71,2026-09-15T10:00:00
EV01703,CAN287,,SKILL_019,assessment,assessment,Completed Node.js coding challenge with above-average performance.,moderate,0.96,2026-09-15T10:00:00
EV01704,CAN287,,SKILL_155,project,project,Created Data Visualization-based microservices serving 10K+ requests/sec.,moderate,0.3,2026-09-15T10:00:00
EV01705,CAN287,,SKILL_107,assessment,assessment,Scored 62% in Prototyping assessment test.,moderate,0.78,2026-09-15T10:00:00
EV01706,CAN288,,SKILL_032,interview,interview,Demonstrated strong Elasticsearch knowledge during technical interview.,moderate,0.34,2026-09-15T10:00:00
EV01707,CAN288,,SKILL_023,resume,resume,Listed Spring Boot as key skill in resume.,moderate,0.38,2026-09-15T10:00:00
EV01708,CAN288,,SKILL_118,resume,resume,Listed Scalability Patterns as key skill in resume.,strong,0.44,2026-09-15T10:00:00
EV01709,CAN288,,SKILL_112,project,project,Built REST APIs using Windows Server for an e-commerce platform.,weak,0.5,2026-09-15T10:00:00
EV01710,CAN289,,SKILL_016,resume,resume,Resume highlights React expertise in multiple projects.,weak,0.52,2026-09-15T10:00:00
EV01711,CAN289,,SKILL_026,project,project,Implemented GraphQL solution for real-time analytics dashboard.,strong,0.34,2026-09-15T10:00:00
EV01712,CAN289,,SKILL_073,project,project,Built REST APIs using Problem Solving for an e-commerce platform.,strong,0.74,2026-09-15T10:00:00
EV01713,CAN289,,SKILL_023,assessment,assessment,Scored 82% in Spring Boot assessment test.,strong,0.99,2026-09-15T10:00:00
EV01714,CAN289,,SKILL_092,assessment,assessment,Scored 66% in Employee Relations assessment test.,moderate,0.97,2026-09-15T10:00:00
EV01715,CAN289,,SKILL_001,assessment,assessment,Completed Python coding challenge with above-average performance.,strong,0.95,2026-09-15T10:00:00
EV01716,CAN290,,SKILL_125,project,project,Developed data pipeline using iOS Development processing 1M+ records daily.,moderate,0.41,2026-09-15T10:00:00
EV01717,CAN290,,SKILL_049,resume,resume,Mentioned Data Analysis in resume with 5 years experience.,moderate,0.65,2026-09-15T10:00:00
EV01718,CAN290,,SKILL_048,project,project,Built REST APIs using Computer Vision for an e-commerce platform.,moderate,0.79,2026-09-15T10:00:00
EV01719,CAN290,,SKILL_063,project,project,Created Agile Methodology-based microservices serving 10K+ requests/sec.,moderate,0.79,2026-09-15T10:00:00
EV01720,CAN290,,SKILL_074,interview,interview,Demonstrated strong Critical Thinking knowledge during technical interview.,weak,0.7,2026-09-15T10:00:00
EV01721,CAN290,,SKILL_115,interview,interview,Demonstrated strong System Design knowledge during technical interview.,weak,0.74,2026-09-15T10:00:00
EV01722,CAN291,,SKILL_104,certification,certification,Completed advanced UI/UX Design certification course.,moderate,0.59,2026-09-15T10:00:00
EV01723,CAN291,,SKILL_116,project,project,Created Distributed Systems-based microservices serving 10K+ requests/sec.,strong,0.6,2026-09-15T10:00:00
EV01724,CAN291,,SKILL_122,interview,interview,Answered Performance Testing related questions with practical examples.,strong,0.58,2026-09-15T10:00:00
EV01725,CAN291,,SKILL_093,project,project,Implemented Compensation and Benefits solution for real-time analytics dashboard.,weak,0.49,2026-09-15T10:00:00
EV01726,CAN291,,SKILL_026,project,project,Created GraphQL-based microservices serving 10K+ requests/sec.,strong,0.62,2026-09-15T10:00:00
EV01727,CAN291,,SKILL_047,interview,interview,Demonstrated strong Natural Language Processing knowledge during technical interview.,strong,0.53,2026-09-15T10:00:00
EV01728,CAN291,,SKILL_132,certification,certification,Completed advanced Data Warehousing certification course.,strong,0.6,2026-09-15T10:00:00
EV01729,CAN292,,SKILL_155,assessment,assessment,Scored 77% in Data Visualization assessment test.,strong,0.71,2026-09-15T10:00:00
EV01730,CAN292,,SKILL_032,certification,certification,Completed advanced Elasticsearch certification course.,moderate,0.86,2026-09-15T10:00:00
EV01731,CAN292,,SKILL_105,resume,resume,Listed Figma as key skill in resume.,strong,0.36,2026-09-15T10:00:00
EV01732,CAN292,,SKILL_114,certification,certification,Completed advanced IT Service Management certification course.,moderate,0.95,2026-09-15T10:00:00
EV01733,CAN292,,SKILL_019,interview,interview,Demonstrated strong Node.js knowledge during technical interview.,strong,0.75,2026-09-15T10:00:00
EV01734,CAN292,,SKILL_056,resume,resume,Resume highlights Tableau expertise in multiple projects.,weak,0.72,2026-09-15T10:00:00
EV01735,CAN292,,SKILL_052,project,project,Implemented PyTorch solution for real-time analytics dashboard.,weak,0.78,2026-09-15T10:00:00
EV01736,CAN292,,SKILL_021,resume,resume,Resume highlights Flask expertise in multiple projects.,strong,0.51,2026-09-15T10:00:00
EV01737,CAN293,,SKILL_093,assessment,assessment,Scored 91% in Compensation and Benefits assessment test.,moderate,0.92,2026-09-15T10:00:00
EV01738,CAN293,,SKILL_038,certification,certification,Completed advanced Google Cloud Platform certification course.,weak,0.9,2026-09-15T10:00:00
EV01739,CAN293,,SKILL_075,resume,resume,Listed Time Management as key skill in resume.,strong,0.51,2026-09-15T10:00:00
EV01740,CAN293,,SKILL_068,resume,resume,Resume highlights JIRA expertise in multiple projects.,moderate,0.65,2026-09-15T10:00:00
EV01741,CAN293,,SKILL_055,certification,certification,Completed advanced Apache Spark certification course.,weak,0.81,2026-09-15T10:00:00
EV01742,CAN293,,SKILL_127,resume,resume,Listed Git/Version Control as key skill in resume.,weak,0.6,2026-09-15T10:00:00
EV01743,CAN293,,SKILL_048,project,project,Created Computer Vision-based microservices serving 10K+ requests/sec.,moderate,0.83,2026-09-15T10:00:00
EV01744,CAN294,,SKILL_130,resume,resume,Mentioned API Gateway Management in resume with 2 years experience.,weak,0.52,2026-09-15T10:00:00
EV01745,CAN294,,SKILL_091,project,project,Built REST APIs using Talent Acquisition for an e-commerce platform.,weak,0.45,2026-09-15T10:00:00
EV01746,CAN294,,SKILL_116,resume,resume,Resume highlights Distributed Systems expertise in multiple projects.,strong,0.68,2026-09-15T10:00:00
EV01747,CAN294,,SKILL_007,assessment,assessment,Scored 83% in Go assessment test.,moderate,0.59,2026-09-15T10:00:00
EV01748,CAN294,,SKILL_021,certification,certification,Completed advanced Flask certification course.,weak,0.94,2026-09-15T10:00:00
EV01749,CAN294,,SKILL_074,assessment,assessment,Completed Critical Thinking coding challenge with above-average performance.,weak,0.93,2026-09-15T10:00:00
EV01750,CAN294,,SKILL_030,interview,interview,Demonstrated strong MongoDB knowledge during technical interview.,moderate,0.48,2026-09-15T10:00:00
EV01751,CAN295,,SKILL_118,interview,interview,Demonstrated strong Scalability Patterns knowledge during technical interview.,moderate,0.41,2026-09-15T10:00:00
EV01752,CAN295,,SKILL_005,interview,interview,Answered C++ related questions with practical examples.,moderate,0.57,2026-09-15T10:00:00
EV01753,CAN295,,SKILL_078,certification,certification,Holds Conflict Resolution certification from recognized institution.,weak,0.74,2026-09-15T10:00:00
EV01754,CAN295,,SKILL_053,interview,interview,Demonstrated strong Pandas knowledge during technical interview.,strong,0.81,2026-09-15T10:00:00
EV01755,CAN295,,SKILL_110,certification,certification,Completed advanced System Administration certification course.,strong,0.98,2026-09-15T10:00:00
EV01756,CAN295,,SKILL_107,project,project,Created Prototyping-based microservices serving 10K+ requests/sec.,strong,0.85,2026-09-15T10:00:00
EV01757,CAN296,,SKILL_082,certification,certification,Completed advanced Budgeting certification course.,weak,0.9,2026-09-15T10:00:00
EV01758,CAN296,,SKILL_058,certification,certification,Holds Cybersecurity certification from recognized institution.,weak,0.65,2026-09-15T10:00:00
EV01759,CAN296,,SKILL_153,resume,resume,Listed Strategic Planning as key skill in resume.,moderate,0.51,2026-09-15T10:00:00
EV01760,CAN296,,SKILL_154,certification,certification,Holds Business Process Automation certification from recognized institution.,strong,0.73,2026-09-15T10:00:00
EV01761,CAN297,,SKILL_083,certification,certification,Completed advanced Market Analysis certification course.,weak,0.79,2026-09-15T10:00:00
EV01762,CAN297,,SKILL_099,project,project,Implemented Logistics Management solution for real-time analytics dashboard.,moderate,0.43,2026-09-15T10:00:00
EV01763,CAN297,,SKILL_137,interview,interview,Answered A/B Testing related questions with practical examples.,strong,0.46,2026-09-15T10:00:00
EV01764,CAN297,,SKILL_011,certification,certification,Holds Kotlin certification from recognized institution.,strong,0.77,2026-09-15T10:00:00
EV01765,CAN297,,SKILL_022,certification,certification,Holds FastAPI certification from recognized institution.,strong,0.86,2026-09-15T10:00:00
EV01766,CAN298,,SKILL_149,interview,interview,Demonstrated strong Risk Management knowledge during technical interview.,strong,0.43,2026-09-15T10:00:00
EV01767,CAN298,,SKILL_132,interview,interview,Answered Data Warehousing related questions with practical examples.,strong,0.4,2026-09-15T10:00:00
EV01768,CAN298,,SKILL_086,interview,interview,Demonstrated strong Salesforce knowledge during technical interview.,moderate,0.53,2026-09-15T10:00:00
EV01769,CAN298,,SKILL_016,certification,certification,Completed advanced React certification course.,weak,0.86,2026-09-15T10:00:00
EV01770,CAN298,,SKILL_059,assessment,assessment,Completed Network Security coding challenge with above-average performance.,moderate,0.61,2026-09-15T10:00:00
EV01771,CAN298,,SKILL_032,assessment,assessment,Scored 89% in Elasticsearch assessment test.,moderate,0.86,2026-09-15T10:00:00
EV01772,CAN298,,SKILL_098,certification,certification,Holds Supply Chain Management certification from recognized institution.,strong,0.8,2026-09-15T10:00:00
EV01773,CAN298,,SKILL_118,project,project,Implemented Scalability Patterns solution for real-time analytics dashboard.,weak,0.6,2026-09-15T10:00:00
EV01774,CAN299,,SKILL_076,project,project,Built REST APIs using Presentation Skills for an e-commerce platform.,weak,0.61,2026-09-15T10:00:00
EV01775,CAN299,,SKILL_148,interview,interview,Answered Service Level Management related questions with practical examples.,weak,0.72,2026-09-15T10:00:00
EV01776,CAN299,,SKILL_084,interview,interview,Answered Business Strategy related questions with practical examples.,moderate,0.7,2026-09-15T10:00:00
EV01777,CAN299,,SKILL_048,project,project,Created Computer Vision-based microservices serving 10K+ requests/sec.,moderate,0.82,2026-09-15T10:00:00
EV01778,CAN299,,SKILL_121,assessment,assessment,Scored 86% in Selenium assessment test.,weak,0.59,2026-09-15T10:00:00
EV01779,CAN299,,SKILL_026,project,project,Created GraphQL-based microservices serving 10K+ requests/sec.,strong,0.41,2026-09-15T10:00:00
EV01780,CAN300,,SKILL_108,certification,certification,Holds User Research certification from recognized institution.,moderate,0.54,2026-09-15T10:00:00
EV01781,CAN300,,SKILL_086,project,project,Developed data pipeline using Salesforce processing 1M+ records daily.,strong,0.7,2026-09-15T10:00:00
EV01782,CAN300,,SKILL_043,resume,resume,Mentioned Jenkins in resume with 4 years experience.,moderate,0.32,2026-09-15T10:00:00
EV01783,CAN300,,SKILL_111,interview,interview,Demonstrated strong Linux knowledge during technical interview.,strong,0.56,2026-09-15T10:00:00
EV01784,CAN300,,SKILL_099,resume,resume,Listed Logistics Management as key skill in resume.,weak,0.33,2026-09-15T10:00:00
EV01785,CAN300,,SKILL_046,resume,resume,Resume highlights Deep Learning expertise in multiple projects.,moderate,0.64,2026-09-15T10:00:00
EV01786,CAN300,,SKILL_032,interview,interview,Answered Elasticsearch related questions with practical examples.,moderate,0.33,2026-09-15T10:00:00
EV01787,CAN300,,SKILL_135,certification,certification,Completed advanced Data Modeling certification course.,strong,0.75,2026-09-15T10:00:00
EV01788,CAN001,,SKILL_033,certification,certification,Holds Oracle Database Administrator from Oracle,strong,0.9,2026-09-15T10:00:00
EV01789,CAN001,,SKILL_040,certification,certification,Holds Certified Kubernetes Administrator from CNCF,strong,0.9,2026-09-15T10:00:00
EV01790,CAN002,,SKILL_030,certification,certification,Holds MongoDB Developer from MongoDB,strong,0.9,2026-09-15T10:00:00
EV01791,CAN004,,SKILL_030,certification,certification,Holds MongoDB Developer from MongoDB,strong,0.9,2026-09-15T10:00:00
EV01792,CAN005,,SKILL_051,certification,certification,Holds TensorFlow Developer Certificate from Google,strong,0.9,2026-09-15T10:00:00
EV01793,CAN006,,SKILL_038,certification,certification,Holds Google Cloud Professional Data Engineer from Google,strong,0.9,2026-09-15T10:00:00
EV01794,CAN007,,SKILL_094,certification,certification,Holds SHRM-CP from SHRM,strong,0.9,2026-09-15T10:00:00
EV01795,CAN007,,SKILL_016,certification,certification,Holds React Developer Certification from Meta,strong,0.9,2026-09-15T10:00:00
EV01796,CAN010,,SKILL_056,certification,certification,Holds Tableau Desktop Specialist from Tableau,strong,0.9,2026-09-15T10:00:00
EV01797,CAN010,,SKILL_037,certification,certification,Holds Microsoft Azure Fundamentals from Microsoft,strong,0.9,2026-09-15T10:00:00
EV01798,CAN010,,SKILL_058,certification,certification,Holds CISSP from ISC2,strong,0.9,2026-09-15T10:00:00
EV01799,CAN012,,SKILL_086,certification,certification,Holds Salesforce Administrator from Salesforce,strong,0.9,2026-09-15T10:00:00
EV01800,CAN012,,SKILL_038,certification,certification,Holds Google Cloud Professional Data Engineer from Google,strong,0.9,2026-09-15T10:00:00
EV01801,CAN013,,SKILL_094,certification,certification,Holds SHRM-CP from SHRM,strong,0.9,2026-09-15T10:00:00
EV01802,CAN015,,SKILL_051,certification,certification,Holds TensorFlow Developer Certificate from Google,strong,0.9,2026-09-15T10:00:00
EV01803,CAN015,,SKILL_037,certification,certification,Holds Microsoft Azure Fundamentals from Microsoft,strong,0.9,2026-09-15T10:00:00
EV01804,CAN017,,SKILL_087,certification,certification,Holds HubSpot Inbound Marketing from HubSpot,strong,0.9,2026-09-15T10:00:00
EV01805,CAN018,,SKILL_030,certification,certification,Holds MongoDB Developer from MongoDB,strong,0.9,2026-09-15T10:00:00
EV01806,CAN018,,SKILL_064,certification,certification,Holds Certified Scrum Master from Scrum Alliance,strong,0.9,2026-09-15T10:00:00
EV01807,CAN019,,SKILL_086,certification,certification,Holds Salesforce Administrator from Salesforce,strong,0.9,2026-09-15T10:00:00
EV01808,CAN020,,SKILL_039,certification,certification,Holds Docker Certified Associate from Docker Inc,strong,0.9,2026-09-15T10:00:00
EV01809,CAN022,,SKILL_051,certification,certification,Holds TensorFlow Developer Certificate from Google,strong,0.9,2026-09-15T10:00:00
EV01810,CAN023,,SKILL_039,certification,certification,Holds Docker Certified Associate from Docker Inc,strong,0.9,2026-09-15T10:00:00
EV01811,CAN023,,SKILL_033,certification,certification,Holds Oracle Database Administrator from Oracle,strong,0.9,2026-09-15T10:00:00
EV01812,CAN023,,SKILL_064,certification,certification,Holds Certified Scrum Master from Scrum Alliance,strong,0.9,2026-09-15T10:00:00
EV01813,CAN025,,SKILL_037,certification,certification,Holds Microsoft Azure Fundamentals from Microsoft,strong,0.9,2026-09-15T10:00:00
EV01814,CAN025,,SKILL_058,certification,certification,Holds CompTIA Security+ from CompTIA,strong,0.9,2026-09-15T10:00:00
EV01815,CAN026,,SKILL_040,certification,certification,Holds Certified Kubernetes Administrator from CNCF,strong,0.9,2026-09-15T10:00:00
EV01816,CAN026,,SKILL_036,certification,certification,Holds AWS Solutions Architect Associate from Amazon Web Services,strong,0.9,2026-09-15T10:00:00
EV01817,CAN028,,SKILL_036,certification,certification,Holds AWS Developer Associate from Amazon Web Services,strong,0.9,2026-09-15T10:00:00
EV01818,CAN029,,SKILL_039,certification,certification,Holds Docker Certified Associate from Docker Inc,strong,0.9,2026-09-15T10:00:00
EV01819,CAN030,,SKILL_039,certification,certification,Holds Docker Certified Associate from Docker Inc,strong,0.9,2026-09-15T10:00:00
EV01820,CAN031,,SKILL_094,certification,certification,Holds SHRM-CP from SHRM,strong,0.9,2026-09-15T10:00:00
EV01821,CAN031,,SKILL_051,certification,certification,Holds TensorFlow Developer Certificate from Google,strong,0.9,2026-09-15T10:00:00
EV01822,CAN032,,SKILL_058,certification,certification,Holds CompTIA Security+ from CompTIA,strong,0.9,2026-09-15T10:00:00
EV01823,CAN033,,SKILL_040,certification,certification,Holds Certified Kubernetes Administrator from CNCF,strong,0.9,2026-09-15T10:00:00
EV01824,CAN033,,SKILL_102,certification,certification,Holds Six Sigma Green Belt from ASQ,strong,0.9,2026-09-15T10:00:00
EV01825,CAN034,,SKILL_067,certification,certification,Holds PMP Certification from PMI,strong,0.9,2026-09-15T10:00:00
EV01826,CAN034,,SKILL_016,certification,certification,Holds React Developer Certification from Meta,strong,0.9,2026-09-15T10:00:00
EV01827,CAN035,,SKILL_016,certification,certification,Holds React Developer Certification from Meta,strong,0.9,2026-09-15T10:00:00
EV01828,CAN036,,SKILL_039,certification,certification,Holds Docker Certified Associate from Docker Inc,strong,0.9,2026-09-15T10:00:00
EV01829,CAN036,,SKILL_051,certification,certification,Holds TensorFlow Developer Certificate from Google,strong,0.9,2026-09-15T10:00:00
EV01830,CAN036,,SKILL_058,certification,certification,Holds CompTIA Security+ from CompTIA,strong,0.9,2026-09-15T10:00:00
EV01831,CAN037,,SKILL_136,certification,certification,Holds Google Analytics Certification from Google,strong,0.9,2026-09-15T10:00:00
EV01832,CAN037,,SKILL_086,certification,certification,Holds Salesforce Administrator from Salesforce,strong,0.9,2026-09-15T10:00:00
EV01833,CAN038,,SKILL_064,certification,certification,Holds Certified Scrum Master from Scrum Alliance,strong,0.9,2026-09-15T10:00:00
EV01834,CAN038,,SKILL_067,certification,certification,Holds PMP Certification from PMI,strong,0.9,2026-09-15T10:00:00
EV01835,CAN039,,SKILL_064,certification,certification,Holds Certified Scrum Master from Scrum Alliance,strong,0.9,2026-09-15T10:00:00
EV01836,CAN039,,SKILL_087,certification,certification,Holds HubSpot Inbound Marketing from HubSpot,strong,0.9,2026-09-15T10:00:00
EV01837,CAN040,,SKILL_036,certification,certification,Holds AWS Solutions Architect Associate from Amazon Web Services,strong,0.9,2026-09-15T10:00:00
EV01838,CAN042,,SKILL_067,certification,certification,Holds PMP Certification from PMI,strong,0.9,2026-09-15T10:00:00
EV01839,CAN043,,SKILL_036,certification,certification,Holds AWS Solutions Architect Associate from Amazon Web Services,strong,0.9,2026-09-15T10:00:00
EV01840,CAN043,,SKILL_030,certification,certification,Holds MongoDB Developer from MongoDB,strong,0.9,2026-09-15T10:00:00
EV01841,CAN043,,SKILL_016,certification,certification,Holds React Developer Certification from Meta,strong,0.9,2026-09-15T10:00:00
EV01842,CAN044,,SKILL_056,certification,certification,Holds Tableau Desktop Specialist from Tableau,strong,0.9,2026-09-15T10:00:00
EV01843,CAN046,,SKILL_036,certification,certification,Holds AWS Developer Associate from Amazon Web Services,strong,0.9,2026-09-15T10:00:00
EV01844,CAN046,,SKILL_058,certification,certification,Holds CompTIA Security+ from CompTIA,strong,0.9,2026-09-15T10:00:00
EV01845,CAN046,,SKILL_040,certification,certification,Holds Certified Kubernetes Administrator from CNCF,strong,0.9,2026-09-15T10:00:00
EV01846,CAN047,,SKILL_016,certification,certification,Holds React Developer Certification from Meta,strong,0.9,2026-09-15T10:00:00
EV01847,CAN047,,SKILL_038,certification,certification,Holds Google Cloud Professional Data Engineer from Google,strong,0.9,2026-09-15T10:00:00
EV01848,CAN048,,SKILL_030,certification,certification,Holds MongoDB Developer from MongoDB,strong,0.9,2026-09-15T10:00:00
EV01849,CAN049,,SKILL_051,certification,certification,Holds TensorFlow Developer Certificate from Google,strong,0.9,2026-09-15T10:00:00
EV01850,CAN049,,SKILL_087,certification,certification,Holds HubSpot Inbound Marketing from HubSpot,strong,0.9,2026-09-15T10:00:00
EV01851,CAN050,,SKILL_036,certification,certification,Holds AWS Solutions Architect Associate from Amazon Web Services,strong,0.9,2026-09-15T10:00:00
EV01852,CAN051,,SKILL_037,certification,certification,Holds Microsoft Azure Fundamentals from Microsoft,strong,0.9,2026-09-15T10:00:00
EV01853,CAN052,,SKILL_038,certification,certification,Holds Google Cloud Professional Data Engineer from Google,strong,0.9,2026-09-15T10:00:00
EV01854,CAN053,,SKILL_036,certification,certification,Holds AWS Solutions Architect Associate from Amazon Web Services,strong,0.9,2026-09-15T10:00:00
EV01855,CAN053,,SKILL_067,certification,certification,Holds PMP Certification from PMI,strong,0.9,2026-09-15T10:00:00
EV01856,CAN055,,SKILL_038,certification,certification,Holds Google Cloud Professional Data Engineer from Google,strong,0.9,2026-09-15T10:00:00
EV01857,CAN055,,SKILL_037,certification,certification,Holds Microsoft Azure Fundamentals from Microsoft,strong,0.9,2026-09-15T10:00:00
EV01858,CAN056,,SKILL_040,certification,certification,Holds Certified Kubernetes Administrator from CNCF,strong,0.9,2026-09-15T10:00:00
EV01859,CAN056,,SKILL_136,certification,certification,Holds Google Analytics Certification from Google,strong,0.9,2026-09-15T10:00:00
EV01860,CAN056,,SKILL_036,certification,certification,Holds AWS Developer Associate from Amazon Web Services,strong,0.9,2026-09-15T10:00:00
EV01861,CAN057,,SKILL_038,certification,certification,Holds Google Cloud Professional Data Engineer from Google,strong,0.9,2026-09-15T10:00:00
EV01862,CAN057,,SKILL_086,certification,certification,Holds Salesforce Administrator from Salesforce,strong,0.9,2026-09-15T10:00:00
EV01863,CAN057,,SKILL_030,certification,certification,Holds MongoDB Developer from MongoDB,strong,0.9,2026-09-15T10:00:00
EV01864,CAN059,,SKILL_040,certification,certification,Holds Certified Kubernetes Administrator from CNCF,strong,0.9,2026-09-15T10:00:00
EV01865,CAN059,,SKILL_094,certification,certification,Holds SHRM-CP from SHRM,strong,0.9,2026-09-15T10:00:00
EV01866,CAN061,,SKILL_094,certification,certification,Holds SHRM-CP from SHRM,strong,0.9,2026-09-15T10:00:00
EV01867,CAN061,,SKILL_051,certification,certification,Holds TensorFlow Developer Certificate from Google,strong,0.9,2026-09-15T10:00:00
EV01868,CAN062,,SKILL_036,certification,certification,Holds AWS Solutions Architect Associate from Amazon Web Services,strong,0.9,2026-09-15T10:00:00
EV01869,CAN062,,SKILL_058,certification,certification,Holds CompTIA Security+ from CompTIA,strong,0.9,2026-09-15T10:00:00
EV01870,CAN063,,SKILL_016,certification,certification,Holds React Developer Certification from Meta,strong,0.9,2026-09-15T10:00:00
EV01871,CAN063,,SKILL_058,certification,certification,Holds CISSP from ISC2,strong,0.9,2026-09-15T10:00:00
EV01872,CAN064,,SKILL_051,certification,certification,Holds TensorFlow Developer Certificate from Google,strong,0.9,2026-09-15T10:00:00
EV01873,CAN064,,SKILL_038,certification,certification,Holds Google Cloud Professional Data Engineer from Google,strong,0.9,2026-09-15T10:00:00
EV01874,CAN064,,SKILL_067,certification,certification,Holds PMP Certification from PMI,strong,0.9,2026-09-15T10:00:00
EV01875,CAN065,,SKILL_030,certification,certification,Holds MongoDB Developer from MongoDB,strong,0.9,2026-09-15T10:00:00
EV01876,CAN065,,SKILL_086,certification,certification,Holds Salesforce Administrator from Salesforce,strong,0.9,2026-09-15T10:00:00
EV01877,CAN065,,SKILL_067,certification,certification,Holds PMP Certification from PMI,strong,0.9,2026-09-15T10:00:00
EV01878,CAN066,,SKILL_051,certification,certification,Holds TensorFlow Developer Certificate from Google,strong,0.9,2026-09-15T10:00:00
EV01879,CAN066,,SKILL_030,certification,certification,Holds MongoDB Developer from MongoDB,strong,0.9,2026-09-15T10:00:00
EV01880,CAN067,,SKILL_136,certification,certification,Holds Google Analytics Certification from Google,strong,0.9,2026-09-15T10:00:00
EV01881,CAN068,,SKILL_038,certification,certification,Holds Google Cloud Professional Data Engineer from Google,strong,0.9,2026-09-15T10:00:00
EV01882,CAN070,,SKILL_102,certification,certification,Holds Six Sigma Green Belt from ASQ,strong,0.9,2026-09-15T10:00:00
EV01883,CAN070,,SKILL_058,certification,certification,Holds CompTIA Security+ from CompTIA,strong,0.9,2026-09-15T10:00:00
EV01884,CAN071,,SKILL_036,certification,certification,Holds AWS Developer Associate from Amazon Web Services,strong,0.9,2026-09-15T10:00:00
EV01885,CAN071,,SKILL_039,certification,certification,Holds Docker Certified Associate from Docker Inc,strong,0.9,2026-09-15T10:00:00
EV01886,CAN072,,SKILL_094,certification,certification,Holds SHRM-CP from SHRM,strong,0.9,2026-09-15T10:00:00
EV01887,CAN073,,SKILL_033,certification,certification,Holds Oracle Database Administrator from Oracle,strong,0.9,2026-09-15T10:00:00
EV01888,CAN074,,SKILL_094,certification,certification,Holds SHRM-CP from SHRM,strong,0.9,2026-09-15T10:00:00
EV01889,CAN076,,SKILL_016,certification,certification,Holds React Developer Certification from Meta,strong,0.9,2026-09-15T10:00:00
EV01890,CAN076,,SKILL_067,certification,certification,Holds PMP Certification from PMI,strong,0.9,2026-09-15T10:00:00
EV01891,CAN076,,SKILL_051,certification,certification,Holds TensorFlow Developer Certificate from Google,strong,0.9,2026-09-15T10:00:00
EV01892,CAN077,,SKILL_058,certification,certification,Holds CISSP from ISC2,strong,0.9,2026-09-15T10:00:00
EV01893,CAN078,,SKILL_033,certification,certification,Holds Oracle Database Administrator from Oracle,strong,0.9,2026-09-15T10:00:00
EV01894,CAN079,,SKILL_058,certification,certification,Holds CISSP from ISC2,strong,0.9,2026-09-15T10:00:00
EV01895,CAN080,,SKILL_067,certification,certification,Holds PMP Certification from PMI,strong,0.9,2026-09-15T10:00:00
EV01896,CAN083,,SKILL_036,certification,certification,Holds AWS Solutions Architect Associate from Amazon Web Services,strong,0.9,2026-09-15T10:00:00
EV01897,CAN084,,SKILL_038,certification,certification,Holds Google Cloud Professional Data Engineer from Google,strong,0.9,2026-09-15T10:00:00
EV01898,CAN087,,SKILL_040,certification,certification,Holds Certified Kubernetes Administrator from CNCF,strong,0.9,2026-09-15T10:00:00
EV01899,CAN089,,SKILL_058,certification,certification,Holds CISSP from ISC2,strong,0.9,2026-09-15T10:00:00
EV01900,CAN090,,SKILL_136,certification,certification,Holds Google Analytics Certification from Google,strong,0.9,2026-09-15T10:00:00
EV01901,CAN090,,SKILL_058,certification,certification,Holds CompTIA Security+ from CompTIA,strong,0.9,2026-09-15T10:00:00
EV01902,CAN091,,SKILL_039,certification,certification,Holds Docker Certified Associate from Docker Inc,strong,0.9,2026-09-15T10:00:00
EV01903,CAN092,,SKILL_036,certification,certification,Holds AWS Developer Associate from Amazon Web Services,strong,0.9,2026-09-15T10:00:00
EV01904,CAN095,,SKILL_051,certification,certification,Holds TensorFlow Developer Certificate from Google,strong,0.9,2026-09-15T10:00:00
EV01905,CAN096,,SKILL_036,certification,certification,Holds AWS Developer Associate from Amazon Web Services,strong,0.9,2026-09-15T10:00:00
EV01906,CAN096,,SKILL_036,certification,certification,Holds AWS Solutions Architect Associate from Amazon Web Services,strong,0.9,2026-09-15T10:00:00
EV01907,CAN097,,SKILL_040,certification,certification,Holds Certified Kubernetes Administrator from CNCF,strong,0.9,2026-09-15T10:00:00
EV01908,CAN098,,SKILL_058,certification,certification,Holds CISSP from ISC2,strong,0.9,2026-09-15T10:00:00
EV01909,CAN100,,SKILL_051,certification,certification,Holds TensorFlow Developer Certificate from Google,strong,0.9,2026-09-15T10:00:00
EV01910,CAN101,,SKILL_039,certification,certification,Holds Docker Certified Associate from Docker Inc,strong,0.9,2026-09-15T10:00:00
EV01911,CAN101,,SKILL_064,certification,certification,Holds Certified Scrum Master from Scrum Alliance,strong,0.9,2026-09-15T10:00:00
EV01912,CAN101,,SKILL_056,certification,certification,Holds Tableau Desktop Specialist from Tableau,strong,0.9,2026-09-15T10:00:00
EV01913,CAN102,,SKILL_039,certification,certification,Holds Docker Certified Associate from Docker Inc,strong,0.9,2026-09-15T10:00:00
EV01914,CAN102,,SKILL_030,certification,certification,Holds MongoDB Developer from MongoDB,strong,0.9,2026-09-15T10:00:00
EV01915,CAN107,,SKILL_086,certification,certification,Holds Salesforce Administrator from Salesforce,strong,0.9,2026-09-15T10:00:00
EV01916,CAN107,,SKILL_102,certification,certification,Holds Six Sigma Green Belt from ASQ,strong,0.9,2026-09-15T10:00:00
EV01917,CAN108,,SKILL_016,certification,certification,Holds React Developer Certification from Meta,strong,0.9,2026-09-15T10:00:00
EV01918,CAN109,,SKILL_036,certification,certification,Holds AWS Developer Associate from Amazon Web Services,strong,0.9,2026-09-15T10:00:00
EV01919,CAN109,,SKILL_038,certification,certification,Holds Google Cloud Professional Data Engineer from Google,strong,0.9,2026-09-15T10:00:00
EV01920,CAN111,,SKILL_058,certification,certification,Holds CISSP from ISC2,strong,0.9,2026-09-15T10:00:00
EV01921,CAN111,,SKILL_064,certification,certification,Holds Certified Scrum Master from Scrum Alliance,strong,0.9,2026-09-15T10:00:00
EV01922,CAN111,,SKILL_039,certification,certification,Holds Docker Certified Associate from Docker Inc,strong,0.9,2026-09-15T10:00:00
EV01923,CAN113,,SKILL_086,certification,certification,Holds Salesforce Administrator from Salesforce,strong,0.9,2026-09-15T10:00:00
EV01924,CAN116,,SKILL_039,certification,certification,Holds Docker Certified Associate from Docker Inc,strong,0.9,2026-09-15T10:00:00
EV01925,CAN116,,SKILL_094,certification,certification,Holds SHRM-CP from SHRM,strong,0.9,2026-09-15T10:00:00
EV01926,CAN117,,SKILL_030,certification,certification,Holds MongoDB Developer from MongoDB,strong,0.9,2026-09-15T10:00:00
EV01927,CAN117,,SKILL_087,certification,certification,Holds HubSpot Inbound Marketing from HubSpot,strong,0.9,2026-09-15T10:00:00
EV01928,CAN118,,SKILL_033,certification,certification,Holds Oracle Database Administrator from Oracle,strong,0.9,2026-09-15T10:00:00
EV01929,CAN118,,SKILL_067,certification,certification,Holds PMP Certification from PMI,strong,0.9,2026-09-15T10:00:00
EV01930,CAN119,,SKILL_036,certification,certification,Holds AWS Developer Associate from Amazon Web Services,strong,0.9,2026-09-15T10:00:00
EV01931,CAN119,,SKILL_086,certification,certification,Holds Salesforce Administrator from Salesforce,strong,0.9,2026-09-15T10:00:00
EV01932,CAN119,,SKILL_016,certification,certification,Holds React Developer Certification from Meta,strong,0.9,2026-09-15T10:00:00
EV01933,CAN120,,SKILL_040,certification,certification,Holds Certified Kubernetes Administrator from CNCF,strong,0.9,2026-09-15T10:00:00
EV01934,CAN120,,SKILL_039,certification,certification,Holds Docker Certified Associate from Docker Inc,strong,0.9,2026-09-15T10:00:00
EV01935,CAN121,,SKILL_051,certification,certification,Holds TensorFlow Developer Certificate from Google,strong,0.9,2026-09-15T10:00:00
EV01936,CAN122,,SKILL_036,certification,certification,Holds AWS Solutions Architect Associate from Amazon Web Services,strong,0.9,2026-09-15T10:00:00
EV01937,CAN122,,SKILL_102,certification,certification,Holds Six Sigma Green Belt from ASQ,strong,0.9,2026-09-15T10:00:00
EV01938,CAN123,,SKILL_016,certification,certification,Holds React Developer Certification from Meta,strong,0.9,2026-09-15T10:00:00
EV01939,CAN123,,SKILL_036,certification,certification,Holds AWS Developer Associate from Amazon Web Services,strong,0.9,2026-09-15T10:00:00
EV01940,CAN124,,SKILL_037,certification,certification,Holds Microsoft Azure Fundamentals from Microsoft,strong,0.9,2026-09-15T10:00:00
EV01941,CAN125,,SKILL_086,certification,certification,Holds Salesforce Administrator from Salesforce,strong,0.9,2026-09-15T10:00:00
EV01942,CAN126,,SKILL_036,certification,certification,Holds AWS Developer Associate from Amazon Web Services,strong,0.9,2026-09-15T10:00:00
EV01943,CAN127,,SKILL_136,certification,certification,Holds Google Analytics Certification from Google,strong,0.9,2026-09-15T10:00:00
EV01944,CAN128,,SKILL_016,certification,certification,Holds React Developer Certification from Meta,strong,0.9,2026-09-15T10:00:00
EV01945,CAN128,,SKILL_051,certification,certification,Holds TensorFlow Developer Certificate from Google,strong,0.9,2026-09-15T10:00:00
EV01946,CAN129,,SKILL_056,certification,certification,Holds Tableau Desktop Specialist from Tableau,strong,0.9,2026-09-15T10:00:00
EV01947,CAN129,,SKILL_094,certification,certification,Holds SHRM-CP from SHRM,strong,0.9,2026-09-15T10:00:00
EV01948,CAN132,,SKILL_036,certification,certification,Holds AWS Solutions Architect Associate from Amazon Web Services,strong,0.9,2026-09-15T10:00:00
EV01949,CAN135,,SKILL_016,certification,certification,Holds React Developer Certification from Meta,strong,0.9,2026-09-15T10:00:00
EV01950,CAN135,,SKILL_056,certification,certification,Holds Tableau Desktop Specialist from Tableau,strong,0.9,2026-09-15T10:00:00
EV01951,CAN136,,SKILL_067,certification,certification,Holds PMP Certification from PMI,strong,0.9,2026-09-15T10:00:00
EV01952,CAN137,,SKILL_056,certification,certification,Holds Tableau Desktop Specialist from Tableau,strong,0.9,2026-09-15T10:00:00
EV01953,CAN137,,SKILL_051,certification,certification,Holds TensorFlow Developer Certificate from Google,strong,0.9,2026-09-15T10:00:00
EV01954,CAN138,,SKILL_033,certification,certification,Holds Oracle Database Administrator from Oracle,strong,0.9,2026-09-15T10:00:00
EV01955,CAN140,,SKILL_087,certification,certification,Holds HubSpot Inbound Marketing from HubSpot,strong,0.9,2026-09-15T10:00:00
EV01956,CAN142,,SKILL_058,certification,certification,Holds CompTIA Security+ from CompTIA,strong,0.9,2026-09-15T10:00:00
EV01957,CAN143,,SKILL_094,certification,certification,Holds SHRM-CP from SHRM,strong,0.9,2026-09-15T10:00:00
EV01958,CAN143,,SKILL_136,certification,certification,Holds Google Analytics Certification from Google,strong,0.9,2026-09-15T10:00:00
EV01959,CAN143,,SKILL_102,certification,certification,Holds Six Sigma Green Belt from ASQ,strong,0.9,2026-09-15T10:00:00
EV01960,CAN145,,SKILL_064,certification,certification,Holds Certified Scrum Master from Scrum Alliance,strong,0.9,2026-09-15T10:00:00
EV01961,CAN145,,SKILL_040,certification,certification,Holds Certified Kubernetes Administrator from CNCF,strong,0.9,2026-09-15T10:00:00
EV01962,CAN148,,SKILL_038,certification,certification,Holds Google Cloud Professional Data Engineer from Google,strong,0.9,2026-09-15T10:00:00
EV01963,CAN149,,SKILL_058,certification,certification,Holds CISSP from ISC2,strong,0.9,2026-09-15T10:00:00
EV01964,CAN150,,SKILL_058,certification,certification,Holds CompTIA Security+ from CompTIA,strong,0.9,2026-09-15T10:00:00
EV01965,CAN150,,SKILL_064,certification,certification,Holds Certified Scrum Master from Scrum Alliance,strong,0.9,2026-09-15T10:00:00
EV01966,CAN151,,SKILL_016,certification,certification,Holds React Developer Certification from Meta,strong,0.9,2026-09-15T10:00:00
EV01967,CAN152,,SKILL_051,certification,certification,Holds TensorFlow Developer Certificate from Google,strong,0.9,2026-09-15T10:00:00
EV01968,CAN152,,SKILL_136,certification,certification,Holds Google Analytics Certification from Google,strong,0.9,2026-09-15T10:00:00
EV01969,CAN153,,SKILL_039,certification,certification,Holds Docker Certified Associate from Docker Inc,strong,0.9,2026-09-15T10:00:00
EV01970,CAN154,,SKILL_036,certification,certification,Holds AWS Solutions Architect Associate from Amazon Web Services,strong,0.9,2026-09-15T10:00:00
EV01971,CAN154,,SKILL_064,certification,certification,Holds Certified Scrum Master from Scrum Alliance,strong,0.9,2026-09-15T10:00:00
EV01972,CAN154,,SKILL_033,certification,certification,Holds Oracle Database Administrator from Oracle,strong,0.9,2026-09-15T10:00:00
EV01973,CAN156,,SKILL_039,certification,certification,Holds Docker Certified Associate from Docker Inc,strong,0.9,2026-09-15T10:00:00
EV01974,CAN156,,SKILL_036,certification,certification,Holds AWS Solutions Architect Associate from Amazon Web Services,strong,0.9,2026-09-15T10:00:00
EV01975,CAN157,,SKILL_038,certification,certification,Holds Google Cloud Professional Data Engineer from Google,strong,0.9,2026-09-15T10:00:00
EV01976,CAN158,,SKILL_058,certification,certification,Holds CISSP from ISC2,strong,0.9,2026-09-15T10:00:00
EV01977,CAN158,,SKILL_016,certification,certification,Holds React Developer Certification from Meta,strong,0.9,2026-09-15T10:00:00
EV01978,CAN161,,SKILL_087,certification,certification,Holds HubSpot Inbound Marketing from HubSpot,strong,0.9,2026-09-15T10:00:00
EV01979,CAN163,,SKILL_086,certification,certification,Holds Salesforce Administrator from Salesforce,strong,0.9,2026-09-15T10:00:00
EV01980,CAN163,,SKILL_094,certification,certification,Holds SHRM-CP from SHRM,strong,0.9,2026-09-15T10:00:00
EV01981,CAN164,,SKILL_064,certification,certification,Holds Certified Scrum Master from Scrum Alliance,strong,0.9,2026-09-15T10:00:00
EV01982,CAN164,,SKILL_058,certification,certification,Holds CISSP from ISC2,strong,0.9,2026-09-15T10:00:00
EV01983,CAN165,,SKILL_064,certification,certification,Holds Certified Scrum Master from Scrum Alliance,strong,0.9,2026-09-15T10:00:00
EV01984,CAN165,,SKILL_058,certification,certification,Holds CompTIA Security+ from CompTIA,strong,0.9,2026-09-15T10:00:00
EV01985,CAN167,,SKILL_136,certification,certification,Holds Google Analytics Certification from Google,strong,0.9,2026-09-15T10:00:00
EV01986,CAN167,,SKILL_064,certification,certification,Holds Certified Scrum Master from Scrum Alliance,strong,0.9,2026-09-15T10:00:00
EV01987,CAN167,,SKILL_036,certification,certification,Holds AWS Developer Associate from Amazon Web Services,strong,0.9,2026-09-15T10:00:00
