experience_id,candidate_id,company,job_title,start_date,end_date,duration_months,description,technologies,responsibilities,domain
EXP0001,CAN001,Microsoft India,Analyst,2024-10-11,,23,Worked as part of the technology team delivering solutions.,"Salesforce,JavaScript,SQL","Development, testing, code review, and deployment.",Healthcare
EXP0002,CAN001,Capgemini,Analyst,2021-08-16,2024-07-01,35,Worked as part of the technology team delivering solutions.,"Python,TensorFlow,Spark","Development, testing, code review, and deployment.",Finance
EXP0003,CAN001,Meesho,Sales Associate,2016-01-23,2020-05-01,52,Worked as part of the technology team delivering solutions.,"Salesforce,JavaScript,SQL","Development, testing, code review, and deployment.",Telecommunications
EXP0004,CAN002,Reliance Industries,QA Engineer,2024-12-11,,23,Worked as part of the technology team delivering solutions.,"Python,FastAPI,Redis","Development, testing, code review, and deployment.",Consulting
EXP0005,CAN002,Tech Mahindra,Senior Software Engineer,2020-01-17,2023-05-01,40,Worked as part of the technology team delivering solutions.,"Python,FastAPI,Redis","Development, testing, code review, and deployment.",Education
EXP0006,CAN003,Unacademy,HR Executive,2024-07-14,,29,Worked as part of the technology team delivering solutions.,"Java,Spring Boot,MySQL","Development, testing, code review, and deployment.",Education
EXP0007,CAN003,Reliance Industries,Senior Software Engineer,2021-03-18,2024-02-01,35,Worked as part of the technology team delivering solutions.,"Java,Spring Boot,MySQL","Development, testing, code review, and deployment.",Education
EXP0008,CAN004,Zoho,Product Analyst,2024-03-13,,23,Worked as part of the technology team delivering solutions.,"Go,gRPC,Kubernetes","Development, testing, code review, and deployment.",Education
EXP0009,CAN004,Cognizant,Systems Engineer,2016-08-29,2021-11-01,63,Worked as part of the technology team delivering solutions.,"Python,TensorFlow,Spark","Development, testing, code review, and deployment.",E-commerce
EXP0010,CAN004,Microsoft India,Systems Engineer,2019-01-14,2021-08-01,31,Worked as part of the technology team delivering solutions.,"React,Node.js,MongoDB","Development, testing, code review, and deployment.",Healthcare
EXP0011,CAN004,Tata Motors,Sales Associate,2017-04-17,2020-04-01,36,Worked as part of the technology team delivering solutions.,"Go,gRPC,Kubernetes","Development, testing, code review, and deployment.",Manufacturing
EXP0012,CAN005,Delhivery,HR Executive,2025-03-07,,13,Worked as part of the technology team delivering solutions.,"React Native,Firebase,Node.js","Development, testing, code review, and deployment.",Education
EXP0013,CAN005,Kotak Mahindra Bank,Marketing Executive,2023-12-08,2025-05-01,17,Worked as part of the technology team delivering solutions.,"Python,FastAPI,Redis","Development, testing, code review, and deployment.",Media
EXP0014,CAN005,Wipro,Software Engineer,2017-09-17,2020-09-01,36,Worked as part of the technology team delivering solutions.,"Python,TensorFlow,Spark","Development, testing, code review, and deployment.",Healthcare
EXP0015,CAN005,Ola,Analyst,2015-05-02,2020-12-01,68,Worked as part of the technology team delivering solutions.,"React,Node.js,MongoDB","Development, testing, code review, and deployment.",Technology
EXP0016,CAN006,Google India,Marketing Executive,2025-06-06,,12,Worked as part of the technology team delivering solutions.,"Java,Spring Boot,MySQL","Development, testing, code review, and deployment.",Education
EXP0017,CAN006,PhonePe,Product Analyst,2024-03-08,2025-07-01,16,Worked as part of the technology team delivering solutions.,"React Native,Firebase,Node.js","Development, testing, code review, and deployment.",Education
EXP0018,CAN006,Zomato,Junior Developer,2013-03-08,2020-01-01,83,Worked as part of the technology team delivering solutions.,"Python,Django,PostgreSQL","Development, testing, code review, and deployment.",Telecommunications
EXP0019,CAN007,Paytm,Senior Software Engineer,2022-06-23,,50,Worked as part of the technology team delivering solutions.,"Salesforce,JavaScript,SQL","Development, testing, code review, and deployment.",Media
EXP0020,CAN008,Freshworks,Junior Developer,2025-06-06,,13,Worked as part of the technology team delivering solutions.,"Python,Django,PostgreSQL","Development, testing, code review, and deployment.",Education
EXP0021,CAN008,Freshworks,Senior Software Engineer,2024-01-06,2025-03-01,14,Worked as part of the technology team delivering solutions.,"Python,FastAPI,Redis","Development, testing, code review, and deployment.",Manufacturing
EXP0022,CAN008,Tech Mahindra,Senior Software Engineer,2014-10-04,2020-12-01,75,Worked as part of the technology team delivering solutions.,"Python,Pandas,Tableau","Development, testing, code review, and deployment.",Consulting
EXP0023,CAN008,Nykaa,Systems Engineer,2013-04-12,2020-11-01,92,Worked as part of the technology team delivering solutions.,"AWS,Docker,Kubernetes","Development, testing, code review, and deployment.",Telecommunications
EXP0024,CAN009,Kotak Mahindra Bank,Team Lead,2022-01-22,,51,Worked as part of the technology team delivering solutions.,"Go,gRPC,Kubernetes","Development, testing, code review, and deployment.",Finance
EXP0025,CAN010,upGrad,Sales Associate,2024-04-11,,21,Worked as part of the technology team delivering solutions.,"Python,FastAPI,Redis","Development, testing, code review, and deployment.",Technology
EXP0026,CAN010,ICICI Bank,QA Engineer,2024-11-06,2025-11-01,12,Worked as part of the technology team delivering solutions.,"Python,Pandas,Tableau","Development, testing, code review, and deployment.",Media
EXP0027,CAN010,Cognizant,Senior Software Engineer,2014-07-01,2020-03-01,69,Worked as part of the technology team delivering solutions.,"Go,gRPC,Kubernetes","Development, testing, code review, and deployment.",Education
EXP0028,CAN011,Capgemini,Business Analyst,2022-08-23,,50,Worked as part of the technology team delivering solutions.,"Python,TensorFlow,Spark","Development, testing, code review, and deployment.",Telecommunications
EXP0029,CAN011,HDFC Bank,Systems Engineer,2023-11-09,2025-02-01,15,Worked as part of the technology team delivering solutions.,"Go,gRPC,Kubernetes","Development, testing, code review, and deployment.",Retail
EXP0030,CAN011,Kotak Mahindra Bank,Business Analyst,2016-10-20,2020-07-01,45,Worked as part of the technology team delivering solutions.,"Java,Spring Boot,MySQL","Development, testing, code review, and deployment.",Retail
EXP0031,CAN012,PhonePe,HR Executive,2023-02-16,,38,Worked as part of the technology team delivering solutions.,"Java,Spring Boot,MySQL","Development, testing, code review, and deployment.",Finance
EXP0032,CAN012,Paytm,Junior Developer,2020-08-18,2023-11-01,39,Worked as part of the technology team delivering solutions.,"AWS,Docker,Kubernetes","Development, testing, code review, and deployment.",Consulting
EXP0033,CAN012,ICICI Bank,Systems Engineer,2023-02-05,2024-03-01,13,Worked as part of the technology team delivering solutions.,"Salesforce,JavaScript,SQL","Development, testing, code review, and deployment.",Consulting
EXP0034,CAN012,Groww,Marketing Executive,2013-10-06,2020-07-01,82,Worked as part of the technology team delivering solutions.,"Python,FastAPI,Redis","Development, testing, code review, and deployment.",Retail
EXP0035,CAN013,Google India,QA Engineer,2023-05-20,,41,Worked as part of the technology team delivering solutions.,"React,Node.js,MongoDB","Development, testing, code review, and deployment.",Media
EXP0036,CAN013,HDFC Bank,Team Lead,2022-07-13,2024-08-01,25,Worked as part of the technology team delivering solutions.,"Python,Django,PostgreSQL","Development, testing, code review, and deployment.",Manufacturing
EXP0037,CAN013,ICICI Bank,Senior Software Engineer,2015-06-26,2020-03-01,57,Worked as part of the technology team delivering solutions.,"Python,Pandas,Tableau","Development, testing, code review, and deployment.",Media
EXP0038,CAN013,Nykaa,HR Executive,2015-02-28,2020-07-01,65,Worked as part of the technology team delivering solutions.,"Python,Pandas,Tableau","Development, testing, code review, and deployment.",Finance
EXP0039,CAN014,IBM India,Sales Associate,2024-10-09,,16,Worked as part of the technology team delivering solutions.,"Angular,TypeScript,.NET","Development, testing, code review, and deployment.",Manufacturing
EXP0040,CAN015,TCS,Senior Software Engineer,2025-09-02,,6,Worked as part of the technology team delivering solutions.,"React Native,Firebase,Node.js","Development, testing, code review, and deployment.",Healthcare
EXP0041,CAN016,PhonePe,Marketing Executive,2025-08-08,,16,Worked as part of the technology team delivering solutions.,"Python,Django,PostgreSQL","Development, testing, code review, and deployment.",Healthcare
EXP0042,CAN016,Google India,Systems Engineer,2019-04-23,2023-02-01,46,Worked as part of the technology team delivering solutions.,"AWS,Docker,Kubernetes","Development, testing, code review, and deployment.",Manufacturing
EXP0043,CAN016,Accenture,Junior Developer,2022-01-10,2023-12-01,23,Worked as part of the technology team delivering solutions.,"Python,Django,PostgreSQL","Development, testing, code review, and deployment.",Healthcare
EXP0044,CAN016,Paytm,Junior Developer,2015-06-27,2020-04-01,58,Worked as part of the technology team delivering solutions.,"Python,Pandas,Tableau","Development, testing, code review, and deployment.",Telecommunications
EXP0045,CAN017,Kotak Mahindra Bank,Analyst,2019-05-09,,82,Worked as part of the technology team delivering solutions.,"Salesforce,JavaScript,SQL","Development, testing, code review, and deployment.",Healthcare
EXP0046,CAN017,Accenture,DevOps Engineer,2021-09-14,2024-05-01,32,Worked as part of the technology team delivering solutions.,"Python,TensorFlow,Spark","Development, testing, code review, and deployment.",Healthcare
EXP0047,CAN017,HDFC Bank,Systems Engineer,2018-07-16,2021-05-01,34,Worked as part of the technology team delivering solutions.,"Python,Pandas,Tableau","Development, testing, code review, and deployment.",Finance
EXP0048,CAN017,ICICI Bank,Marketing Executive,2017-04-20,2020-09-01,41,Worked as part of the technology team delivering solutions.,"Python,Django,PostgreSQL","Development, testing, code review, and deployment.",Healthcare
EXP0049,CAN018,Tech Mahindra,HR Executive,2022-03-24,,51,Worked as part of the technology team delivering solutions.,"Java,Spring Boot,MySQL","Development, testing, code review, and deployment.",Consulting
EXP0050,CAN019,Unacademy,Junior Developer,2022-10-19,,42,Worked as part of the technology team delivering solutions.,"Python,Django,PostgreSQL","Development, testing, code review, and deployment.",Manufacturing
EXP0051,CAN020,Nykaa,Team Lead,2020-06-03,,75,Worked as part of the technology team delivering solutions.,"Angular,TypeScript,.NET","Development, testing, code review, and deployment.",E-commerce
EXP0052,CAN020,Microsoft India,Systems Engineer,2019-10-20,2023-06-01,44,Worked as part of the technology team delivering solutions.,"React,Node.js,MongoDB","Development, testing, code review, and deployment.",Education
EXP0053,CAN020,Lenskart,Business Analyst,2021-05-11,2023-04-01,23,Worked as part of the technology team delivering solutions.,"Go,gRPC,Kubernetes","Development, testing, code review, and deployment.",Media
EXP0054,CAN020,Reliance Industries,Team Lead,2017-02-16,2020-02-01,36,Worked as part of the technology team delivering solutions.,"Python,Pandas,Tableau","Development, testing, code review, and deployment.",Retail
EXP0055,CAN021,Dream11,Analyst,2025-04-06,,12,Worked as part of the technology team delivering solutions.,"Python,FastAPI,Redis","Development, testing, code review, and deployment.",Education
EXP0056,CAN022,PhonePe,Business Analyst,2025-10-07,,14,Worked as part of the technology team delivering solutions.,"React,Node.js,MongoDB","Development, testing, code review, and deployment.",Finance
EXP0057,CAN023,Nykaa,Team Lead,2022-10-18,,41,Worked as part of the technology team delivering solutions.,"React Native,Firebase,Node.js","Development, testing, code review, and deployment.",Consulting
EXP0058,CAN023,ICICI Bank,Data Analyst,2022-02-13,2024-08-01,30,Worked as part of the technology team delivering solutions.,"Angular,TypeScript,.NET","Development, testing, code review, and deployment.",Healthcare
EXP0059,CAN023,Wipro,Software Engineer,2018-12-16,2021-10-01,34,Worked as part of the technology team delivering solutions.,"React Native,Firebase,Node.js","Development, testing, code review, and deployment.",Technology
EXP0060,CAN023,Microsoft India,Associate Consultant,2017-03-17,2020-01-01,34,Worked as part of the technology team delivering solutions.,"Python,FastAPI,Redis","Development, testing, code review, and deployment.",Finance
EXP0061,CAN024,Unacademy,Sales Associate,2023-06-16,,34,Worked as part of the technology team delivering solutions.,"Angular,TypeScript,.NET","Development, testing, code review, and deployment.",Healthcare
EXP0062,CAN025,Myntra,Business Analyst,2025-04-06,,13,Worked as part of the technology team delivering solutions.,"Python,TensorFlow,Spark","Development, testing, code review, and deployment.",E-commerce
EXP0063,CAN026,Oracle India,Sales Associate,2024-06-13,,27,Worked as part of the technology team delivering solutions.,"Python,Pandas,Tableau","Development, testing, code review, and deployment.",Technology
EXP0064,CAN026,Unacademy,Systems Engineer,2023-10-12,2025-09-01,23,Worked as part of the technology team delivering solutions.,"React Native,Firebase,Node.js","Development, testing, code review, and deployment.",Technology
EXP0065,CAN026,Swiggy,Systems Engineer,2016-06-21,2020-05-01,47,Worked as part of the technology team delivering solutions.,"Python,Pandas,Tableau","Development, testing, code review, and deployment.",Telecommunications
EXP0066,CAN026,Kotak Mahindra Bank,HR Executive,2011-12-19,2020-12-01,109,Worked as part of the technology team delivering solutions.,"AWS,Docker,Kubernetes","Development, testing, code review, and deployment.",Finance
EXP0067,CAN027,Zerodha,QA Engineer,2022-10-19,,43,Worked as part of the technology team delivering solutions.,"Python,Pandas,Tableau","Development, testing, code review, and deployment.",Finance
EXP0068,CAN028,Infosys,Analyst,2023-12-14,,26,Worked as part of the technology team delivering solutions.,"React,Node.js,MongoDB","Development, testing, code review, and deployment.",Education
EXP0069,CAN028,Kotak Mahindra Bank,QA Engineer,2013-07-07,2020-02-01,80,Worked as part of the technology team delivering solutions.,"Python,TensorFlow,Spark","Development, testing, code review, and deployment.",Telecommunications
EXP0070,CAN028,upGrad,Data Analyst,2016-12-19,2020-06-01,42,Worked as part of the technology team delivering solutions.,"Angular,TypeScript,.NET","Development, testing, code review, and deployment.",Healthcare
EXP0071,CAN028,Lenskart,Data Analyst,2016-01-22,2020-01-01,48,Worked as part of the technology team delivering solutions.,"AWS,Docker,Kubernetes","Development, testing, code review, and deployment.",Media
EXP0072,CAN029,Zerodha,Software Engineer,2024-11-08,,20,Worked as part of the technology team delivering solutions.,"AWS,Docker,Kubernetes","Development, testing, code review, and deployment.",Healthcare
EXP0073,CAN030,CRED,Sales Associate,2024-04-15,,31,Worked as part of the technology team delivering solutions.,"Go,gRPC,Kubernetes","Development, testing, code review, and deployment.",Manufacturing
EXP0074,CAN031,Freshworks,Business Analyst,2026-03-05,,7,Worked as part of the technology team delivering solutions.,"Python,Pandas,Tableau","Development, testing, code review, and deployment.",Healthcare
EXP0075,CAN032,ICICI Bank,Sales Associate,2023-06-16,,35,Worked as part of the technology team delivering solutions.,"Python,TensorFlow,Spark","Development, testing, code review, and deployment.",Consulting
EXP0076,CAN032,Google India,Sales Associate,2024-05-09,2025-10-01,17,Worked as part of the technology team delivering solutions.,"Python,TensorFlow,Spark","Development, testing, code review, and deployment.",Manufacturing
EXP0077,CAN032,Infosys,Analyst,2018-03-19,2021-02-01,35,Worked as part of the technology team delivering solutions.,"React Native,Firebase,Node.js","Development, testing, code review, and deployment.",Education
EXP0078,CAN032,PolicyBazaar,Data Analyst,2016-11-18,2020-04-01,41,Worked as part of the technology team delivering solutions.,"Python,TensorFlow,Spark","Development, testing, code review, and deployment.",Finance
EXP0079,CAN033,Meesho,DevOps Engineer,2024-02-15,,34,Worked as part of the technology team delivering solutions.,"Python,Pandas,Tableau","Development, testing, code review, and deployment.",Consulting
EXP0080,CAN033,MakeMyTrip,Data Analyst,2015-07-01,2021-03-01,69,Worked as part of the technology team delivering solutions.,"Java,Spring Boot,MySQL","Development, testing, code review, and deployment.",E-commerce
EXP0081,CAN033,HDFC Bank,Associate Consultant,2016-09-20,2020-06-01,45,Worked as part of the technology team delivering solutions.,"AWS,Docker,Kubernetes","Development, testing, code review, and deployment.",Media
EXP0082,CAN033,Delhivery,Business Analyst,2016-06-25,2020-12-01,54,Worked as part of the technology team delivering solutions.,"Python,TensorFlow,Spark","Development, testing, code review, and deployment.",Media
EXP0083,CAN034,Freshworks,Product Analyst,2022-02-24,,56,Worked as part of the technology team delivering solutions.,"Python,Django,PostgreSQL","Development, testing, code review, and deployment.",Technology
EXP0084,CAN034,Ola,Sales Associate,2023-08-10,2025-01-01,17,Worked as part of the technology team delivering solutions.,"React,Node.js,MongoDB","Development, testing, code review, and deployment.",Media
EXP0085,CAN034,Lenskart,Marketing Executive,2020-04-12,2022-06-01,26,Worked as part of the technology team delivering solutions.,"Python,Pandas,Tableau","Development, testing, code review, and deployment.",Education
EXP0086,CAN034,HDFC Bank,Team Lead,2018-07-14,2020-09-01,26,Worked as part of the technology team delivering solutions.,"Python,Pandas,Tableau","Development, testing, code review, and deployment.",Media
EXP0087,CAN035,TCS,Analyst,2024-05-15,,31,Worked as part of the technology team delivering solutions.,"AWS,Docker,Kubernetes","Development, testing, code review, and deployment.",E-commerce
EXP0088,CAN035,ICICI Bank,Sales Associate,2020-06-16,2023-06-01,36,Worked as part of the technology team delivering solutions.,"Angular,TypeScript,.NET","Development, testing, code review, and deployment.",Telecommunications
EXP0089,CAN035,Byju's,Software Engineer,2017-08-18,2020-09-01,37,Worked as part of the technology team delivering solutions.,"Salesforce,JavaScript,SQL","Development, testing, code review, and deployment.",Technology
EXP0090,CAN035,Zomato,Marketing Executive,2014-01-04,2020-07-01,79,Worked as part of the technology team delivering solutions.,"Go,gRPC,Kubernetes","Development, testing, code review, and deployment.",Manufacturing
EXP0091,CAN036,CarDekho,Product Analyst,2022-02-21,,51,Worked as part of the technology team delivering solutions.,"Python,TensorFlow,Spark","Development, testing, code review, and deployment.",Manufacturing
EXP0092,CAN037,Reliance Industries,Data Analyst,2026-03-06,,8,Worked as part of the technology team delivering solutions.,"Angular,TypeScript,.NET","Development, testing, code review, and deployment.",Technology
EXP0093,CAN038,Dream11,Team Lead,2023-07-20,,41,Worked as part of the technology team delivering solutions.,"Python,TensorFlow,Spark","Development, testing, code review, and deployment.",Technology
EXP0094,CAN038,TCS,Systems Engineer,2019-06-20,2023-03-01,45,Worked as part of the technology team delivering solutions.,"AWS,Docker,Kubernetes","Development, testing, code review, and deployment.",Media
EXP0095,CAN039,Myntra,DevOps Engineer,2025-01-06,,15,Worked as part of the technology team delivering solutions.,"React,Node.js,MongoDB","Development, testing, code review, and deployment.",Media
EXP0096,CAN039,MakeMyTrip,Business Analyst,2019-06-21,2023-05-01,47,Worked as part of the technology team delivering solutions.,"Python,Pandas,Tableau","Development, testing, code review, and deployment.",E-commerce
EXP0097,CAN040,Zerodha,DevOps Engineer,2024-12-06,,15,Worked as part of the technology team delivering solutions.,"AWS,Docker,Kubernetes","Development, testing, code review, and deployment.",Telecommunications
EXP0098,CAN040,Google India,Systems Engineer,2019-07-20,2023-03-01,44,Worked as part of the technology team delivering solutions.,"Java,Spring Boot,MySQL","Development, testing, code review, and deployment.",Telecommunications
EXP0099,CAN040,Amazon India,Software Engineer,2016-01-23,2020-04-01,51,Worked as part of the technology team delivering solutions.,"Go,gRPC,Kubernetes","Development, testing, code review, and deployment.",Finance
EXP0100,CAN040,Nykaa,DevOps Engineer,2014-08-05,2020-11-01,76,Worked as part of the technology team delivering solutions.,"Java,Spring Boot,MySQL","Development, testing, code review, and deployment.",Retail
EXP0101,CAN041,PhonePe,HR Executive,2023-12-14,,26,Worked as part of the technology team delivering solutions.,"React Native,Firebase,Node.js","Development, testing, code review, and deployment.",Education
EXP0102,CAN041,Zerodha,Software Engineer,2016-04-27,2021-04-01,60,Worked as part of the technology team delivering solutions.,"React,Node.js,MongoDB","Development, testing, code review, and deployment.",Education
EXP0103,CAN042,Tata Motors,Team Lead,2025-03-10,,19,Worked as part of the technology team delivering solutions.,"React Native,Firebase,Node.js","Development, testing, code review, and deployment.",Healthcare
EXP0104,CAN042,MakeMyTrip,Senior Software Engineer,2020-09-17,2023-11-01,38,Worked as part of the technology team delivering solutions.,"Python,FastAPI,Redis","Development, testing, code review, and deployment.",Consulting
EXP0105,CAN042,Zoho,Team Lead,2018-10-15,2021-06-01,32,Worked as part of the technology team delivering solutions.,"Java,Spring Boot,MySQL","Development, testing, code review, and deployment.",Education
EXP0106,CAN042,Lenskart,QA Engineer,2017-04-20,2020-09-01,41,Worked as part of the technology team delivering solutions.,"AWS,Docker,Kubernetes","Development, testing, code review, and deployment.",Retail
EXP0107,CAN043,Lenskart,Software Engineer,2024-11-07,,18,Worked as part of the technology team delivering solutions.,"React,Node.js,MongoDB","Development, testing, code review, and deployment.",Telecommunications
EXP0108,CAN043,Wipro,Team Lead,2015-07-03,2021-02-01,68,Worked as part of the technology team delivering solutions.,"Go,gRPC,Kubernetes","Development, testing, code review, and deployment.",Telecommunications
EXP0109,CAN044,Razorpay,QA Engineer,2026-02-04,,9,Worked as part of the technology team delivering solutions.,"Java,Spring Boot,MySQL","Development, testing, code review, and deployment.",Consulting
EXP0110,CAN045,PhonePe,Team Lead,2021-02-27,,65,Worked as part of the technology team delivering solutions.,"Python,TensorFlow,Spark","Development, testing, code review, and deployment.",Manufacturing
EXP0111,CAN045,Byju's,Product Analyst,2018-03-23,2022-04-01,49,Worked as part of the technology team delivering solutions.,"Go,gRPC,Kubernetes","Development, testing, code review, and deployment.",Finance
EXP0112,CAN045,Flipkart,DevOps Engineer,2020-01-12,2022-04-01,27,Worked as part of the technology team delivering solutions.,"Python,FastAPI,Redis","Development, testing, code review, and deployment.",Telecommunications
EXP0113,CAN045,Oracle India,Product Analyst,2017-07-17,2020-06-01,35,Worked as part of the technology team delivering solutions.,"Java,Spring Boot,MySQL","Development, testing, code review, and deployment.",Finance
EXP0114,CAN046,Swiggy,Software Engineer,2023-09-14,,28,Worked as part of the technology team delivering solutions.,"Angular,TypeScript,.NET","Development, testing, code review, and deployment.",Retail
EXP0115,CAN047,Cognizant,HR Executive,2026-01-03,,7,Worked as part of the technology team delivering solutions.,"Salesforce,JavaScript,SQL","Development, testing, code review, and deployment.",Technology
EXP0116,CAN048,Capgemini,Business Analyst,2024-04-14,,30,Worked as part of the technology team delivering solutions.,"React Native,Firebase,Node.js","Development, testing, code review, and deployment.",Finance
EXP0117,CAN048,Razorpay,Sales Associate,2020-07-19,2023-11-01,40,Worked as part of the technology team delivering solutions.,"React Native,Firebase,Node.js","Development, testing, code review, and deployment.",Telecommunications
EXP0118,CAN049,Google India,Marketing Executive,2024-02-11,,27,Worked as part of the technology team delivering solutions.,"AWS,Docker,Kubernetes","Development, testing, code review, and deployment.",Finance
EXP0119,CAN050,Swiggy,Associate Consultant,2020-08-30,,68,Worked as part of the technology team delivering solutions.,"Angular,TypeScript,.NET","Development, testing, code review, and deployment.",E-commerce
EXP0120,CAN050,Ola,Systems Engineer,2023-09-11,2025-08-01,23,Worked as part of the technology team delivering solutions.,"Java,Spring Boot,MySQL","Development, testing, code review, and deployment.",Retail
EXP0121,CAN050,PhonePe,Data Analyst,2016-08-21,2020-07-01,47,Worked as part of the technology team delivering solutions.,"AWS,Docker,Kubernetes","Development, testing, code review, and deployment.",Finance
EXP0122,CAN050,Meesho,Business Analyst,2015-09-25,2020-04-01,55,Worked as part of the technology team delivering solutions.,"Python,Django,PostgreSQL","Development, testing, code review, and deployment.",Manufacturing
EXP0123,CAN051,Freshworks,Marketing Executive,2023-10-14,,27,Worked as part of the technology team delivering solutions.,"AWS,Docker,Kubernetes","Development, testing, code review, and deployment.",Media
EXP0124,CAN052,Zomato,Product Analyst,2021-01-29,,67,Worked as part of the technology team delivering solutions.,"Python,FastAPI,Redis","Development, testing, code review, and deployment.",Finance
EXP0125,CAN052,PolicyBazaar,DevOps Engineer,2021-03-17,2024-01-01,34,Worked as part of the technology team delivering solutions.,"Python,Pandas,Tableau","Development, testing, code review, and deployment.",Media
EXP0126,CAN052,Zoho,Systems Engineer,2023-07-10,2024-11-01,16,Worked as part of the technology team delivering solutions.,"Salesforce,JavaScript,SQL","Development, testing, code review, and deployment.",Education
EXP0127,CAN052,Razorpay,Junior Developer,2018-12-12,2020-12-01,24,Worked as part of the technology team delivering solutions.,"Go,gRPC,Kubernetes","Development, testing, code review, and deployment.",Education
EXP0128,CAN053,Wipro,Sales Associate,2024-02-12,,24,Worked as part of the technology team delivering solutions.,"Salesforce,JavaScript,SQL","Development, testing, code review, and deployment.",Education
EXP0129,CAN054,Unacademy,HR Executive,2023-06-16,,35,Worked as part of the technology team delivering solutions.,"Python,TensorFlow,Spark","Development, testing, code review, and deployment.",Finance
EXP0130,CAN054,Kotak Mahindra Bank,Associate Consultant,2024-02-10,2025-11-01,21,Worked as part of the technology team delivering solutions.,"React,Node.js,MongoDB","Development, testing, code review, and deployment.",Healthcare
EXP0131,CAN054,Myntra,HR Executive,2016-11-18,2020-05-01,42,Worked as part of the technology team delivering solutions.,"React,Node.js,MongoDB","Development, testing, code review, and deployment.",Technology
EXP0132,CAN054,PolicyBazaar,Software Engineer,2017-04-20,2020-10-01,42,Worked as part of the technology team delivering solutions.,"Angular,TypeScript,.NET","Development, testing, code review, and deployment.",Technology
EXP0133,CAN055,ICICI Bank,Analyst,2022-02-22,,53,Worked as part of the technology team delivering solutions.,"AWS,Docker,Kubernetes","Development, testing, code review, and deployment.",Telecommunications
EXP0134,CAN055,Unacademy,Product Analyst,2020-07-16,2023-07-01,36,Worked as part of the technology team delivering solutions.,"Angular,TypeScript,.NET","Development, testing, code review, and deployment.",Education
EXP0135,CAN055,Flipkart,QA Engineer,2021-05-12,2023-02-01,21,Worked as part of the technology team delivering solutions.,"Python,Pandas,Tableau","Development, testing, code review, and deployment.",Media
EXP0136,CAN055,Tech Mahindra,HR Executive,2015-09-28,2020-10-01,61,Worked as part of the technology team delivering solutions.,"AWS,Docker,Kubernetes","Development, testing, code review, and deployment.",Finance
EXP0137,CAN056,Zoho,Team Lead,2022-09-19,,44,Worked as part of the technology team delivering solutions.,"Python,TensorFlow,Spark","Development, testing, code review, and deployment.",Telecommunications
EXP0138,CAN056,Zoho,Marketing Executive,2024-03-11,2025-12-01,21,Worked as part of the technology team delivering solutions.,"Python,TensorFlow,Spark","Development, testing, code review, and deployment.",Education
EXP0139,CAN056,Kotak Mahindra Bank,DevOps Engineer,2021-09-10,2023-08-01,23,Worked as part of the technology team delivering solutions.,"AWS,Docker,Kubernetes","Development, testing, code review, and deployment.",Retail
EXP0140,CAN056,Wipro,Senior Software Engineer,2010-03-27,2020-08-01,126,Worked as part of the technology team delivering solutions.,"Python,Django,PostgreSQL","Development, testing, code review, and deployment.",Media
EXP0141,CAN057,Amazon India,Product Analyst,2025-04-09,,18,Worked as part of the technology team delivering solutions.,"Angular,TypeScript,.NET","Development, testing, code review, and deployment.",Manufacturing
EXP0142,CAN058,HCL Technologies,Junior Developer,2020-08-31,,66,Worked as part of the technology team delivering solutions.,"Java,Spring Boot,MySQL","Development, testing, code review, and deployment.",Technology
EXP0143,CAN058,Freshworks,Business Analyst,2021-12-13,2024-04-01,28,Worked as part of the technology team delivering solutions.,"Java,Spring Boot,MySQL","Development, testing, code review, and deployment.",Education
EXP0144,CAN058,CarDekho,Sales Associate,2021-11-07,2023-05-01,18,Worked as part of the technology team delivering solutions.,"Python,TensorFlow,Spark","Development, testing, code review, and deployment.",Education
EXP0145,CAN058,Capgemini,Data Analyst,2016-12-18,2020-05-01,41,Worked as part of the technology team delivering solutions.,"Python,Pandas,Tableau","Development, testing, code review, and deployment.",Media
EXP0146,CAN059,Unacademy,Systems Engineer,2022-07-21,,42,Worked as part of the technology team delivering solutions.,"React Native,Firebase,Node.js","Development, testing, code review, and deployment.",Telecommunications
EXP0147,CAN059,Tata Motors,Associate Consultant,2024-04-09,2025-09-01,17,Worked as part of the technology team delivering solutions.,"Python,FastAPI,Redis","Development, testing, code review, and deployment.",Education
EXP0148,CAN059,HDFC Bank,Data Analyst,2017-06-19,2020-10-01,40,Worked as part of the technology team delivering solutions.,"Python,FastAPI,Redis","Development, testing, code review, and deployment.",Finance
EXP0149,CAN060,Accenture,DevOps Engineer,2024-04-12,,26,Worked as part of the technology team delivering solutions.,"Go,gRPC,Kubernetes","Development, testing, code review, and deployment.",Telecommunications
EXP0150,CAN061,PolicyBazaar,Junior Developer,2024-12-07,,17,Worked as part of the technology team delivering solutions.,"Angular,TypeScript,.NET","Development, testing, code review, and deployment.",Education
EXP0151,CAN061,Flipkart,Associate Consultant,2015-11-30,2021-02-01,63,Worked as part of the technology team delivering solutions.,"Java,Spring Boot,MySQL","Development, testing, code review, and deployment.",Retail
EXP0152,CAN062,PhonePe,Systems Engineer,2025-04-06,,13,Worked as part of the technology team delivering solutions.,"React Native,Firebase,Node.js","Development, testing, code review, and deployment.",Consulting
EXP0153,CAN062,Kotak Mahindra Bank,HR Executive,2017-08-25,2022-05-01,57,Worked as part of the technology team delivering solutions.,"Python,TensorFlow,Spark","Development, testing, code review, and deployment.",E-commerce
EXP0154,CAN063,Flipkart,Software Engineer,2023-06-17,,32,Worked as part of the technology team delivering solutions.,"Salesforce,JavaScript,SQL","Development, testing, code review, and deployment.",Finance
EXP0155,CAN063,Cognizant,QA Engineer,2016-06-29,2021-09-01,63,Worked as part of the technology team delivering solutions.,"React,Node.js,MongoDB","Development, testing, code review, and deployment.",Retail
EXP0156,CAN063,Freshworks,Marketing Executive,2016-06-20,2020-03-01,45,Worked as part of the technology team delivering solutions.,"Python,Django,PostgreSQL","Development, testing, code review, and deployment.",Technology
EXP0157,CAN063,Groww,Analyst,2014-08-02,2020-07-01,72,Worked as part of the technology team delivering solutions.,"React Native,Firebase,Node.js","Development, testing, code review, and deployment.",Finance
EXP0158,CAN064,Oracle India,Senior Software Engineer,2024-04-12,,22,Worked as part of the technology team delivering solutions.,"Python,Django,PostgreSQL","Development, testing, code review, and deployment.",Consulting
EXP0159,CAN065,Meesho,DevOps Engineer,2023-08-16,,34,Worked as part of the technology team delivering solutions.,"Go,gRPC,Kubernetes","Development, testing, code review, and deployment.",Consulting
EXP0160,CAN066,Dream11,Team Lead,2025-08-07,,14,Worked as part of the technology team delivering solutions.,"Salesforce,JavaScript,SQL","Development, testing, code review, and deployment.",Manufacturing
EXP0161,CAN066,Zerodha,Associate Consultant,2018-01-26,2022-11-01,58,Worked as part of the technology team delivering solutions.,"Go,gRPC,Kubernetes","Development, testing, code review, and deployment.",Finance
EXP0162,CAN067,Byju's,Data Analyst,2024-12-08,,19,Worked as part of the technology team delivering solutions.,"Python,FastAPI,Redis","Development, testing, code review, and deployment.",Finance
EXP0163,CAN067,Accenture,Product Analyst,2024-02-09,2025-09-01,19,Worked as part of the technology team delivering solutions.,"Angular,TypeScript,.NET","Development, testing, code review, and deployment.",E-commerce
EXP0164,CAN067,Swiggy,Marketing Executive,2022-04-10,2023-11-01,19,Worked as part of the technology team delivering solutions.,"React,Node.js,MongoDB","Development, testing, code review, and deployment.",Manufacturing
EXP0165,CAN067,Reliance Industries,Junior Developer,2007-12-08,2020-08-01,154,Worked as part of the technology team delivering solutions.,"Go,gRPC,Kubernetes","Development, testing, code review, and deployment.",Media
EXP0166,CAN068,Wipro,HR Executive,2024-11-06,,16,Worked as part of the technology team delivering solutions.,"React,Node.js,MongoDB","Development, testing, code review, and deployment.",Education
EXP0167,CAN068,Microsoft India,DevOps Engineer,2020-07-18,2023-10-01,39,Worked as part of the technology team delivering solutions.,"React Native,Firebase,Node.js","Development, testing, code review, and deployment.",Education
EXP0168,CAN068,PolicyBazaar,Sales Associate,2016-03-25,2020-08-01,53,Worked as part of the technology team delivering solutions.,"Java,Spring Boot,MySQL","Development, testing, code review, and deployment.",E-commerce
EXP0169,CAN069,PolicyBazaar,Software Engineer,2024-05-11,,24,Worked as part of the technology team delivering solutions.,"React Native,Firebase,Node.js","Development, testing, code review, and deployment.",E-commerce
EXP0170,CAN069,Tata Motors,DevOps Engineer,2020-04-17,2023-06-01,38,Worked as part of the technology team delivering solutions.,"React Native,Firebase,Node.js","Development, testing, code review, and deployment.",Technology
EXP0171,CAN070,Flipkart,Marketing Executive,2025-01-07,,18,Worked as part of the technology team delivering solutions.,"AWS,Docker,Kubernetes","Development, testing, code review, and deployment.",Education
EXP0172,CAN070,Paytm,Sales Associate,2019-03-24,2023-02-01,47,Worked as part of the technology team delivering solutions.,"Java,Spring Boot,MySQL","Development, testing, code review, and deployment.",Consulting
EXP0173,CAN070,PolicyBazaar,Analyst,2018-06-15,2021-03-01,33,Worked as part of the technology team delivering solutions.,"Python,TensorFlow,Spark","Development, testing, code review, and deployment.",Telecommunications
EXP0174,CAN070,upGrad,Team Lead,2017-03-17,2020-01-01,34,Worked as part of the technology team delivering solutions.,"React Native,Firebase,Node.js","Development, testing, code review, and deployment.",Media
EXP0175,CAN071,Tata Motors,HR Executive,2024-03-16,,33,Worked as part of the technology team delivering solutions.,"Python,FastAPI,Redis","Development, testing, code review, and deployment.",Education
EXP0176,CAN071,Razorpay,Team Lead,2022-02-15,2024-11-01,33,Worked as part of the technology team delivering solutions.,"Angular,TypeScript,.NET","Development, testing, code review, and deployment.",Education
EXP0177,CAN072,Tata Motors,DevOps Engineer,2024-04-13,,28,Worked as part of the technology team delivering solutions.,"Python,FastAPI,Redis","Development, testing, code review, and deployment.",Media
EXP0178,CAN072,Swiggy,Data Analyst,2021-09-15,2024-06-01,33,Worked as part of the technology team delivering solutions.,"Python,Django,PostgreSQL","Development, testing, code review, and deployment.",Telecommunications
EXP0179,CAN073,Zomato,Systems Engineer,2021-07-26,,57,Worked as part of the technology team delivering solutions.,"Python,Pandas,Tableau","Development, testing, code review, and deployment.",Retail
EXP0180,CAN073,Reliance Industries,Senior Software Engineer,2023-09-10,2025-06-01,21,Worked as part of the technology team delivering solutions.,"React,Node.js,MongoDB","Development, testing, code review, and deployment.",Healthcare
EXP0181,CAN073,Dream11,Sales Associate,2015-05-28,2020-05-01,60,Worked as part of the technology team delivering solutions.,"AWS,Docker,Kubernetes","Development, testing, code review, and deployment.",Telecommunications
EXP0182,CAN073,Paytm,Team Lead,2015-03-28,2020-03-01,60,Worked as part of the technology team delivering solutions.,"Python,Django,PostgreSQL","Development, testing, code review, and deployment.",Consulting
EXP0183,CAN074,Google India,Business Analyst,2021-05-28,,62,Worked as part of the technology team delivering solutions.,"React,Node.js,MongoDB","Development, testing, code review, and deployment.",Consulting
EXP0184,CAN074,Accenture,QA Engineer,2018-02-21,2022-04-01,50,Worked as part of the technology team delivering solutions.,"Go,gRPC,Kubernetes","Development, testing, code review, and deployment.",Finance
EXP0185,CAN074,Microsoft India,QA Engineer,2023-05-10,2024-10-01,17,Worked as part of the technology team delivering solutions.,"AWS,Docker,Kubernetes","Development, testing, code review, and deployment.",Media
EXP0186,CAN074,Lenskart,HR Executive,2016-11-17,2020-03-01,40,Worked as part of the technology team delivering solutions.,"Python,TensorFlow,Spark","Development, testing, code review, and deployment.",Telecommunications
EXP0187,CAN075,HDFC Bank,Team Lead,2023-02-17,,36,Worked as part of the technology team delivering solutions.,"Java,Spring Boot,MySQL","Development, testing, code review, and deployment.",E-commerce
EXP0188,CAN075,Delhivery,Team Lead,2022-07-14,2024-09-01,26,Worked as part of the technology team delivering solutions.,"Java,Spring Boot,MySQL","Development, testing, code review, and deployment.",Media
EXP0189,CAN075,Capgemini,Systems Engineer,2016-01-25,2020-08-01,55,Worked as part of the technology team delivering solutions.,"Python,FastAPI,Redis","Development, testing, code review, and deployment.",E-commerce
EXP0190,CAN076,Infosys,HR Executive,2021-06-26,,58,Worked as part of the technology team delivering solutions.,"Go,gRPC,Kubernetes","Development, testing, code review, and deployment.",Retail
EXP0191,CAN076,Freshworks,QA Engineer,2020-09-17,2023-11-01,38,Worked as part of the technology team delivering solutions.,"AWS,Docker,Kubernetes","Development, testing, code review, and deployment.",Finance
EXP0192,CAN076,HDFC Bank,Software Engineer,2021-07-09,2023-03-01,20,Worked as part of the technology team delivering solutions.,"Python,Django,PostgreSQL","Development, testing, code review, and deployment.",Retail
EXP0193,CAN076,Tata Motors,Business Analyst,2017-02-15,2020-03-01,37,Worked as part of the technology team delivering solutions.,"Python,TensorFlow,Spark","Development, testing, code review, and deployment.",Education
EXP0194,CAN077,Cognizant,HR Executive,2023-08-16,,34,Worked as part of the technology team delivering solutions.,"Python,TensorFlow,Spark","Development, testing, code review, and deployment.",Retail
EXP0195,CAN078,Tech Mahindra,HR Executive,2024-07-11,,24,Worked as part of the technology team delivering solutions.,"Go,gRPC,Kubernetes","Development, testing, code review, and deployment.",Consulting
EXP0196,CAN079,Tata Motors,Business Analyst,2021-06-26,,55,Worked as part of the technology team delivering solutions.,"Python,TensorFlow,Spark","Development, testing, code review, and deployment.",Retail
EXP0197,CAN079,Nykaa,QA Engineer,2023-06-10,2025-03-01,21,Worked as part of the technology team delivering solutions.,"Python,Pandas,Tableau","Development, testing, code review, and deployment.",Finance
EXP0198,CAN079,Oracle India,Associate Consultant,2017-04-18,2020-07-01,39,Worked as part of the technology team delivering solutions.,"Salesforce,JavaScript,SQL","Development, testing, code review, and deployment.",Manufacturing
EXP0199,CAN080,CarDekho,DevOps Engineer,2024-01-13,,30,Worked as part of the technology team delivering solutions.,"Python,Pandas,Tableau","Development, testing, code review, and deployment.",Manufacturing
EXP0200,CAN081,Capgemini,DevOps Engineer,2020-08-03,,75,Worked as part of the technology team delivering solutions.,"Python,TensorFlow,Spark","Development, testing, code review, and deployment.",Education
EXP0201,CAN081,Freshworks,Analyst,2023-10-09,2025-01-01,15,Worked as part of the technology team delivering solutions.,"Angular,TypeScript,.NET","Development, testing, code review, and deployment.",Telecommunications
EXP0202,CAN081,Tata Motors,Team Lead,2020-08-13,2022-11-01,27,Worked as part of the technology team delivering solutions.,"Python,Django,PostgreSQL","Development, testing, code review, and deployment.",Healthcare
EXP0203,CAN081,Dream11,QA Engineer,2016-05-22,2020-05-01,48,Worked as part of the technology team delivering solutions.,"Java,Spring Boot,MySQL","Development, testing, code review, and deployment.",E-commerce
EXP0204,CAN082,TCS,Software Engineer,2021-05-31,,67,Worked as part of the technology team delivering solutions.,"Python,FastAPI,Redis","Development, testing, code review, and deployment.",Education
EXP0205,CAN082,Paytm,Business Analyst,2021-10-15,2024-07-01,33,Worked as part of the technology team delivering solutions.,"Python,TensorFlow,Spark","Development, testing, code review, and deployment.",Media
EXP0206,CAN082,Wipro,Team Lead,2023-05-10,2024-10-01,17,Worked as part of the technology team delivering solutions.,"React,Node.js,MongoDB","Development, testing, code review, and deployment.",Media
EXP0207,CAN082,Reliance Industries,Senior Software Engineer,2018-07-14,2020-10-01,27,Worked as part of the technology team delivering solutions.,"Python,Pandas,Tableau","Development, testing, code review, and deployment.",Media
EXP0208,CAN083,Freshworks,QA Engineer,2021-10-26,,58,Worked as part of the technology team delivering solutions.,"Java,Spring Boot,MySQL","Development, testing, code review, and deployment.",Education
EXP0209,CAN084,Amazon India,Sales Associate,2024-03-11,,24,Worked as part of the technology team delivering solutions.,"Salesforce,JavaScript,SQL","Development, testing, code review, and deployment.",Retail
EXP0210,CAN084,Amazon India,Sales Associate,2020-01-18,2023-02-01,37,Worked as part of the technology team delivering solutions.,"Go,gRPC,Kubernetes","Development, testing, code review, and deployment.",E-commerce
EXP0211,CAN085,Lenskart,Data Analyst,2023-11-17,,36,Worked as part of the technology team delivering solutions.,"Python,TensorFlow,Spark","Development, testing, code review, and deployment.",Manufacturing
EXP0212,CAN085,upGrad,DevOps Engineer,2020-04-20,2023-12-01,44,Worked as part of the technology team delivering solutions.,"Python,FastAPI,Redis","Development, testing, code review, and deployment.",Telecommunications
EXP0213,CAN086,Paytm,Marketing Executive,2022-03-27,,57,Worked as part of the technology team delivering solutions.,"React Native,Firebase,Node.js","Development, testing, code review, and deployment.",Media
EXP0214,CAN086,Zerodha,DevOps Engineer,2021-04-17,2024-02-01,34,Worked as part of the technology team delivering solutions.,"Python,TensorFlow,Spark","Development, testing, code review, and deployment.",Telecommunications
EXP0215,CAN086,Cognizant,DevOps Engineer,2016-09-19,2020-02-01,41,Worked as part of the technology team delivering solutions.,"Python,Pandas,Tableau","Development, testing, code review, and deployment.",Finance
EXP0216,CAN086,PolicyBazaar,Software Engineer,2016-01-23,2020-02-01,49,Worked as part of the technology team delivering solutions.,"React Native,Firebase,Node.js","Development, testing, code review, and deployment.",Media
EXP0217,CAN087,Oracle India,Business Analyst,2024-07-09,,20,Worked as part of the technology team delivering solutions.,"Salesforce,JavaScript,SQL","Development, testing, code review, and deployment.",Retail
EXP0218,CAN088,Google India,Sales Associate,2023-12-14,,31,Worked as part of the technology team delivering solutions.,"React,Node.js,MongoDB","Development, testing, code review, and deployment.",Technology
EXP0219,CAN088,Cognizant,Analyst,2021-12-16,2024-09-01,33,Worked as part of the technology team delivering solutions.,"Python,TensorFlow,Spark","Development, testing, code review, and deployment.",Education
EXP0220,CAN089,MakeMyTrip,Systems Engineer,2023-01-19,,43,Worked as part of the technology team delivering solutions.,"React,Node.js,MongoDB","Development, testing, code review, and deployment.",E-commerce
EXP0221,CAN090,Nykaa,DevOps Engineer,2022-07-24,,50,Worked as part of the technology team delivering solutions.,"Salesforce,JavaScript,SQL","Development, testing, code review, and deployment.",Finance
EXP0222,CAN090,Accenture,DevOps Engineer,2019-05-22,2023-01-01,44,Worked as part of the technology team delivering solutions.,"Salesforce,JavaScript,SQL","Development, testing, code review, and deployment.",Consulting
EXP0223,CAN090,Tech Mahindra,Team Lead,2021-06-10,2023-01-01,19,Worked as part of the technology team delivering solutions.,"AWS,Docker,Kubernetes","Development, testing, code review, and deployment.",Manufacturing
EXP0224,CAN090,PolicyBazaar,DevOps Engineer,2018-05-13,2020-07-01,26,Worked as part of the technology team delivering solutions.,"AWS,Docker,Kubernetes","Development, testing, code review, and deployment.",Telecommunications
EXP0225,CAN091,Google India,Sales Associate,2025-08-04,,8,Worked as part of the technology team delivering solutions.,"Python,Pandas,Tableau","Development, testing, code review, and deployment.",Retail
EXP0226,CAN092,Cognizant,Sales Associate,2023-05-20,,41,Worked as part of the technology team delivering solutions.,"Angular,TypeScript,.NET","Development, testing, code review, and deployment.",Retail
EXP0227,CAN092,CarDekho,Software Engineer,2022-08-14,2024-12-01,28,Worked as part of the technology team delivering solutions.,"React,Node.js,MongoDB","Development, testing, code review, and deployment.",Consulting
EXP0228,CAN092,Flipkart,DevOps Engineer,2016-07-21,2020-05-01,46,Worked as part of the technology team delivering solutions.,"Salesforce,JavaScript,SQL","Development, testing, code review, and deployment.",Manufacturing
EXP0229,CAN093,Capgemini,Business Analyst,2025-08-04,,9,Worked as part of the technology team delivering solutions.,"Go,gRPC,Kubernetes","Development, testing, code review, and deployment.",E-commerce
EXP0230,CAN094,Meesho,Associate Consultant,2021-03-27,,60,Worked as part of the technology team delivering solutions.,"Go,gRPC,Kubernetes","Development, testing, code review, and deployment.",Consulting
EXP0231,CAN094,ICICI Bank,Associate Consultant,2022-05-15,2024-09-01,28,Worked as part of the technology team delivering solutions.,"Python,FastAPI,Redis","Development, testing, code review, and deployment.",Retail
EXP0232,CAN094,TCS,Data Analyst,2022-01-07,2023-07-01,18,Worked as part of the technology team delivering solutions.,"React Native,Firebase,Node.js","Development, testing, code review, and deployment.",Telecommunications
EXP0233,CAN094,Lenskart,Sales Associate,2017-03-18,2020-04-01,37,Worked as part of the technology team delivering solutions.,"React,Node.js,MongoDB","Development, testing, code review, and deployment.",Healthcare
EXP0234,CAN095,upGrad,HR Executive,2024-11-07,,14,Worked as part of the technology team delivering solutions.,"React Native,Firebase,Node.js","Development, testing, code review, and deployment.",Media
EXP0235,CAN096,Lenskart,Senior Software Engineer,2024-05-11,,20,Worked as part of the technology team delivering solutions.,"Go,gRPC,Kubernetes","Development, testing, code review, and deployment.",Retail
EXP0236,CAN097,Byju's,Analyst,2026-02-04,,9,Worked as part of the technology team delivering solutions.,"Java,Spring Boot,MySQL","Development, testing, code review, and deployment.",E-commerce
EXP0237,CAN098,Zerodha,Data Analyst,2022-09-18,,42,Worked as part of the technology team delivering solutions.,"Python,Pandas,Tableau","Development, testing, code review, and deployment.",Telecommunications
EXP0238,CAN099,Kotak Mahindra Bank,DevOps Engineer,2022-02-22,,48,Worked as part of the technology team delivering solutions.,"Python,FastAPI,Redis","Development, testing, code review, and deployment.",Consulting
EXP0239,CAN100,Google India,Systems Engineer,2025-07-05,,9,Worked as part of the technology team delivering solutions.,"AWS,Docker,Kubernetes","Development, testing, code review, and deployment.",Education
EXP0240,CAN101,Kotak Mahindra Bank,Product Analyst,2025-12-06,,12,Worked as part of the technology team delivering solutions.,"Go,gRPC,Kubernetes","Development, testing, code review, and deployment.",E-commerce
EXP0241,CAN101,Google India,Junior Developer,2022-01-13,2024-07-01,30,Worked as part of the technology team delivering solutions.,"Python,Django,PostgreSQL","Development, testing, code review, and deployment.",Manufacturing
EXP0242,CAN101,Zomato,Team Lead,2017-12-17,2020-12-01,36,Worked as part of the technology team delivering solutions.,"Python,Pandas,Tableau","Development, testing, code review, and deployment.",Consulting
EXP0243,CAN101,ICICI Bank,Marketing Executive,2012-10-09,2020-03-01,90,Worked as part of the technology team delivering solutions.,"Python,FastAPI,Redis","Development, testing, code review, and deployment.",Finance
EXP0244,CAN102,Accenture,Associate Consultant,2024-08-10,,18,Worked as part of the technology team delivering solutions.,"React Native,Firebase,Node.js","Development, testing, code review, and deployment.",Retail
EXP0245,CAN103,IBM India,Associate Consultant,2023-12-13,,28,Worked as part of the technology team delivering solutions.,"Python,Django,PostgreSQL","Development, testing, code review, and deployment.",Consulting
EXP0246,CAN104,Kotak Mahindra Bank,Business Analyst,2024-10-12,,26,Worked as part of the technology team delivering solutions.,"Python,TensorFlow,Spark","Development, testing, code review, and deployment.",Media
EXP0247,CAN105,Paytm,Systems Engineer,2023-06-17,,36,Worked as part of the technology team delivering solutions.,"Salesforce,JavaScript,SQL","Development, testing, code review, and deployment.",E-commerce
EXP0248,CAN105,Ola,Senior Software Engineer,2020-10-16,2023-10-01,36,Worked as part of the technology team delivering solutions.,"React Native,Firebase,Node.js","Development, testing, code review, and deployment.",Manufacturing
EXP0249,CAN106,PolicyBazaar,Software Engineer,2023-09-13,,30,Worked as part of the technology team delivering solutions.,"Angular,TypeScript,.NET","Development, testing, code review, and deployment.",Manufacturing
EXP0250,CAN106,Myntra,Systems Engineer,2017-10-25,2022-06-01,56,Worked as part of the technology team delivering solutions.,"Angular,TypeScript,.NET","Development, testing, code review, and deployment.",E-commerce
EXP0251,CAN107,Swiggy,Team Lead,2023-09-15,,29,Worked as part of the technology team delivering solutions.,"React,Node.js,MongoDB","Development, testing, code review, and deployment.",Media
EXP0252,CAN107,Capgemini,Junior Developer,2018-03-26,2022-09-01,54,Worked as part of the technology team delivering solutions.,"Python,Pandas,Tableau","Development, testing, code review, and deployment.",Retail
EXP0253,CAN107,MakeMyTrip,Product Analyst,2020-08-13,2022-12-01,28,Worked as part of the technology team delivering solutions.,"React,Node.js,MongoDB","Development, testing, code review, and deployment.",Telecommunications
EXP0254,CAN107,Groww,Associate Consultant,2017-04-16,2020-03-01,35,Worked as part of the technology team delivering solutions.,"React,Node.js,MongoDB","Development, testing, code review, and deployment.",Retail
EXP0255,CAN108,Cognizant,Sales Associate,2025-04-06,,12,Worked as part of the technology team delivering solutions.,"React,Node.js,MongoDB","Development, testing, code review, and deployment.",Retail
EXP0256,CAN108,Accenture,Team Lead,2022-10-12,2024-10-01,24,Worked as part of the technology team delivering solutions.,"Python,Django,PostgreSQL","Development, testing, code review, and deployment.",Manufacturing
EXP0257,CAN108,Flipkart,Team Lead,2013-05-08,2020-02-01,82,Worked as part of the technology team delivering solutions.,"React Native,Firebase,Node.js","Development, testing, code review, and deployment.",Media
EXP0258,CAN109,upGrad,Senior Software Engineer,2025-07-06,,12,Worked as part of the technology team delivering solutions.,"Angular,TypeScript,.NET","Development, testing, code review, and deployment.",Retail
EXP0259,CAN110,Tata Motors,DevOps Engineer,2024-02-13,,30,Worked as part of the technology team delivering solutions.,"Salesforce,JavaScript,SQL","Development, testing, code review, and deployment.",Healthcare
EXP0260,CAN111,Lenskart,Data Analyst,2024-08-11,,24,Worked as part of the technology team delivering solutions.,"Python,TensorFlow,Spark","Development, testing, code review, and deployment.",Education
EXP0261,CAN112,Kotak Mahindra Bank,HR Executive,2024-07-13,,27,Worked as part of the technology team delivering solutions.,"Go,gRPC,Kubernetes","Development, testing, code review, and deployment.",Finance
EXP0262,CAN112,PhonePe,Software Engineer,2022-07-14,2024-09-01,26,Worked as part of the technology team delivering solutions.,"Salesforce,JavaScript,SQL","Development, testing, code review, and deployment.",Manufacturing
EXP0263,CAN112,IBM India,QA Engineer,2019-01-14,2021-08-01,31,Worked as part of the technology team delivering solutions.,"React,Node.js,MongoDB","Development, testing, code review, and deployment.",Consulting
EXP0264,CAN112,Byju's,Team Lead,2016-11-21,2020-09-01,46,Worked as part of the technology team delivering solutions.,"Go,gRPC,Kubernetes","Development, testing, code review, and deployment.",Technology
EXP0265,CAN113,CRED,Product Analyst,2024-12-07,,16,Worked as part of the technology team delivering solutions.,"Java,Spring Boot,MySQL","Development, testing, code review, and deployment.",Healthcare
EXP0266,CAN114,Myntra,Software Engineer,2023-05-21,,42,Worked as part of the technology team delivering solutions.,"Python,Django,PostgreSQL","Development, testing, code review, and deployment.",Telecommunications
EXP0267,CAN114,Meesho,QA Engineer,2021-04-17,2024-02-01,34,Worked as part of the technology team delivering solutions.,"Python,Pandas,Tableau","Development, testing, code review, and deployment.",Education
EXP0268,CAN114,Google India,Data Analyst,2022-12-08,2024-02-01,14,Worked as part of the technology team delivering solutions.,"Go,gRPC,Kubernetes","Development, testing, code review, and deployment.",Finance
EXP0269,CAN114,Cognizant,Business Analyst,2016-02-22,2020-04-01,50,Worked as part of the technology team delivering solutions.,"React,Node.js,MongoDB","Development, testing, code review, and deployment.",Healthcare
EXP0270,CAN115,Byju's,Data Analyst,2023-03-19,,39,Worked as part of the technology team delivering solutions.,"Salesforce,JavaScript,SQL","Development, testing, code review, and deployment.",Retail
EXP0271,CAN115,Delhivery,Senior Software Engineer,2024-03-10,2025-10-01,19,Worked as part of the technology team delivering solutions.,"Angular,TypeScript,.NET","Development, testing, code review, and deployment.",Technology
EXP0272,CAN115,Capgemini,HR Executive,2018-04-17,2021-01-01,33,Worked as part of the technology team delivering solutions.,"Python,TensorFlow,Spark","Development, testing, code review, and deployment.",Consulting
EXP0273,CAN116,Kotak Mahindra Bank,QA Engineer,2024-12-08,,18,Worked as part of the technology team delivering solutions.,"Salesforce,JavaScript,SQL","Development, testing, code review, and deployment.",Education
EXP0274,CAN116,Flipkart,Product Analyst,2015-08-30,2021-03-01,67,Worked as part of the technology team delivering solutions.,"Salesforce,JavaScript,SQL","Development, testing, code review, and deployment.",E-commerce
EXP0275,CAN117,Zomato,Sales Associate,2022-02-22,,52,Worked as part of the technology team delivering solutions.,"Java,Spring Boot,MySQL","Development, testing, code review, and deployment.",Finance
EXP0276,CAN118,Byju's,Software Engineer,2024-06-09,,21,Worked as part of the technology team delivering solutions.,"AWS,Docker,Kubernetes","Development, testing, code review, and deployment.",Healthcare
EXP0277,CAN118,Kotak Mahindra Bank,Junior Developer,2020-10-16,2023-10-01,36,Worked as part of the technology team delivering solutions.,"Python,TensorFlow,Spark","Development, testing, code review, and deployment.",Manufacturing
EXP0278,CAN118,Meesho,Junior Developer,2017-09-17,2020-09-01,36,Worked as part of the technology team delivering solutions.,"Python,Django,PostgreSQL","Development, testing, code review, and deployment.",Finance
EXP0279,CAN119,Myntra,Product Analyst,2022-02-22,,53,Worked as part of the technology team delivering solutions.,"Python,FastAPI,Redis","Development, testing, code review, and deployment.",E-commerce
EXP0280,CAN119,Meesho,Senior Software Engineer,2021-04-16,2024-01-01,33,Worked as part of the technology team delivering solutions.,"Python,TensorFlow,Spark","Development, testing, code review, and deployment.",Healthcare
EXP0281,CAN119,Amazon India,Systems Engineer,2021-10-08,2023-05-01,19,Worked as part of the technology team delivering solutions.,"Python,Django,PostgreSQL","Development, testing, code review, and deployment.",Media
EXP0282,CAN119,Freshworks,Systems Engineer,2019-04-13,2021-02-01,22,Worked as part of the technology team delivering solutions.,"React,Node.js,MongoDB","Development, testing, code review, and deployment.",E-commerce
EXP0283,CAN120,Tata Motors,QA Engineer,2022-12-18,,40,Worked as part of the technology team delivering solutions.,"Angular,TypeScript,.NET","Development, testing, code review, and deployment.",Healthcare
EXP0284,CAN120,IBM India,Data Analyst,2022-04-13,2024-07-01,27,Worked as part of the technology team delivering solutions.,"Angular,TypeScript,.NET","Development, testing, code review, and deployment.",Consulting
EXP0285,CAN120,Ola,HR Executive,2019-09-14,2022-01-01,28,Worked as part of the technology team delivering solutions.,"Angular,TypeScript,.NET","Development, testing, code review, and deployment.",Media
EXP0286,CAN121,upGrad,Associate Consultant,2023-07-17,,35,Worked as part of the technology team delivering solutions.,"Java,Spring Boot,MySQL","Development, testing, code review, and deployment.",Media
EXP0287,CAN121,Microsoft India,HR Executive,2023-10-09,2025-01-01,15,Worked as part of the technology team delivering solutions.,"Angular,TypeScript,.NET","Development, testing, code review, and deployment.",Manufacturing
EXP0288,CAN121,Infosys,Senior Software Engineer,2015-06-01,2020-11-01,66,Worked as part of the technology team delivering solutions.,"Python,TensorFlow,Spark","Development, testing, code review, and deployment.",Telecommunications
EXP0289,CAN122,Flipkart,QA Engineer,2026-02-04,,9,Worked as part of the technology team delivering solutions.,"Angular,TypeScript,.NET","Development, testing, code review, and deployment.",Telecommunications
EXP0290,CAN123,Unacademy,DevOps Engineer,2025-06-07,,14,Worked as part of the technology team delivering solutions.,"Salesforce,JavaScript,SQL","Development, testing, code review, and deployment.",Education
EXP0291,CAN123,Unacademy,Data Analyst,2022-04-15,2024-10-01,30,Worked as part of the technology team delivering solutions.,"Angular,TypeScript,.NET","Development, testing, code review, and deployment.",Finance
EXP0292,CAN123,Razorpay,Product Analyst,2015-05-31,2020-10-01,65,Worked as part of the technology team delivering solutions.,"AWS,Docker,Kubernetes","Development, testing, code review, and deployment.",Healthcare
EXP0293,CAN124,CarDekho,Product Analyst,2022-04-22,,48,Worked as part of the technology team delivering solutions.,"Go,gRPC,Kubernetes","Development, testing, code review, and deployment.",Media
EXP0294,CAN124,Unacademy,Data Analyst,2020-01-18,2023-06-01,41,Worked as part of the technology team delivering solutions.,"AWS,Docker,Kubernetes","Development, testing, code review, and deployment.",Consulting
EXP0295,CAN124,Byju's,Senior Software Engineer,2016-02-22,2020-02-01,48,Worked as part of the technology team delivering solutions.,"Python,Django,PostgreSQL","Development, testing, code review, and deployment.",Manufacturing
EXP0296,CAN124,Tech Mahindra,Senior Software Engineer,2016-05-23,2020-07-01,50,Worked as part of the technology team delivering solutions.,"AWS,Docker,Kubernetes","Development, testing, code review, and deployment.",Media
EXP0297,CAN125,Meesho,QA Engineer,2024-09-12,,27,Worked as part of the technology team delivering solutions.,"Python,Pandas,Tableau","Development, testing, code review, and deployment.",Media
EXP0298,CAN125,Groww,Analyst,2022-11-12,2024-12-01,25,Worked as part of the technology team delivering solutions.,"Java,Spring Boot,MySQL","Development, testing, code review, and deployment.",Finance
EXP0299,CAN125,Zerodha,Software Engineer,2017-08-19,2020-11-01,39,Worked as part of the technology team delivering solutions.,"Python,TensorFlow,Spark","Development, testing, code review, and deployment.",Education
EXP0300,CAN125,Microsoft India,QA Engineer,2016-01-26,2020-10-01,57,Worked as part of the technology team delivering solutions.,"AWS,Docker,Kubernetes","Development, testing, code review, and deployment.",Consulting
EXP0301,CAN126,Dream11,Associate Consultant,2025-07-07,,13,Worked as part of the technology team delivering solutions.,"Angular,TypeScript,.NET","Development, testing, code review, and deployment.",Technology
EXP0302,CAN127,Swiggy,Associate Consultant,2022-02-25,,58,Worked as part of the technology team delivering solutions.,"Angular,TypeScript,.NET","Development, testing, code review, and deployment.",Healthcare
EXP0303,CAN127,upGrad,Data Analyst,2023-08-10,2025-01-01,17,Worked as part of the technology team delivering solutions.,"Angular,TypeScript,.NET","Development, testing, code review, and deployment.",Manufacturing
EXP0304,CAN127,IBM India,Product Analyst,2021-10-08,2023-04-01,18,Worked as part of the technology team delivering solutions.,"Angular,TypeScript,.NET","Development, testing, code review, and deployment.",Retail
EXP0305,CAN127,ICICI Bank,Analyst,2016-04-21,2020-01-01,45,Worked as part of the technology team delivering solutions.,"Java,Spring Boot,MySQL","Development, testing, code review, and deployment.",Media
EXP0306,CAN128,upGrad,DevOps Engineer,2024-10-08,,15,Worked as part of the technology team delivering solutions.,"Java,Spring Boot,MySQL","Development, testing, code review, and deployment.",Finance
EXP0307,CAN128,Swiggy,HR Executive,2021-09-14,2024-05-01,32,Worked as part of the technology team delivering solutions.,"Python,Django,PostgreSQL","Development, testing, code review, and deployment.",Healthcare
EXP0308,CAN128,Zomato,HR Executive,2017-04-20,2020-09-01,41,Worked as part of the technology team delivering solutions.,"AWS,Docker,Kubernetes","Development, testing, code review, and deployment.",Healthcare
EXP0309,CAN128,upGrad,DevOps Engineer,2014-02-01,2020-03-01,74,Worked as part of the technology team delivering solutions.,"Python,Pandas,Tableau","Development, testing, code review, and deployment.",Retail
EXP0310,CAN129,Tata Motors,Sales Associate,2024-08-10,,18,Worked as part of the technology team delivering solutions.,"Salesforce,JavaScript,SQL","Development, testing, code review, and deployment.",Retail
EXP0311,CAN129,Microsoft India,HR Executive,2019-09-19,2023-05-01,44,Worked as part of the technology team delivering solutions.,"React Native,Firebase,Node.js","Development, testing, code review, and deployment.",Technology
EXP0312,CAN129,Meesho,Team Lead,2017-07-18,2020-08-01,37,Worked as part of the technology team delivering solutions.,"Python,Django,PostgreSQL","Development, testing, code review, and deployment.",Retail
EXP0313,CAN129,Google India,Analyst,2010-11-20,2020-04-01,114,Worked as part of the technology team delivering solutions.,"Python,Pandas,Tableau","Development, testing, code review, and deployment.",Consulting
EXP0314,CAN130,Delhivery,Sales Associate,2021-12-27,,59,Worked as part of the technology team delivering solutions.,"Python,TensorFlow,Spark","Development, testing, code review, and deployment.",E-commerce
EXP0315,CAN130,Paytm,Software Engineer,2019-09-20,2023-02-01,41,Worked as part of the technology team delivering solutions.,"Python,TensorFlow,Spark","Development, testing, code review, and deployment.",Education
EXP0316,CAN130,CarDekho,Team Lead,2020-06-11,2022-06-01,24,Worked as part of the technology team delivering solutions.,"React,Node.js,MongoDB","Development, testing, code review, and deployment.",Finance
EXP0317,CAN130,Kotak Mahindra Bank,Product Analyst,2016-04-21,2020-01-01,45,Worked as part of the technology team delivering solutions.,"Angular,TypeScript,.NET","Development, testing, code review, and deployment.",Education
EXP0318,CAN131,Swiggy,Sales Associate,2023-10-14,,30,Worked as part of the technology team delivering solutions.,"React Native,Firebase,Node.js","Development, testing, code review, and deployment.",Telecommunications
EXP0319,CAN131,Oracle India,Data Analyst,2023-12-08,2025-01-01,13,Worked as part of the technology team delivering solutions.,"Salesforce,JavaScript,SQL","Development, testing, code review, and deployment.",Manufacturing
EXP0320,CAN131,Nykaa,Software Engineer,2015-03-02,2020-09-01,67,Worked as part of the technology team delivering solutions.,"React,Node.js,MongoDB","Development, testing, code review, and deployment.",Consulting
EXP0321,CAN132,Nykaa,Software Engineer,2024-09-10,,23,Worked as part of the technology team delivering solutions.,"Python,FastAPI,Redis","Development, testing, code review, and deployment.",Finance
EXP0322,CAN132,Swiggy,Product Analyst,2017-06-26,2022-04-01,58,Worked as part of the technology team delivering solutions.,"Python,Django,PostgreSQL","Development, testing, code review, and deployment.",Finance
EXP0323,CAN133,Razorpay,DevOps Engineer,2023-11-13,,30,Worked as part of the technology team delivering solutions.,"Python,Django,PostgreSQL","Development, testing, code review, and deployment.",E-commerce
EXP0324,CAN133,Amazon India,Data Analyst,2023-06-11,2025-01-01,19,Worked as part of the technology team delivering solutions.,"Angular,TypeScript,.NET","Development, testing, code review, and deployment.",Telecommunications
EXP0325,CAN133,Tech Mahindra,Software Engineer,2014-10-31,2020-06-01,68,Worked as part of the technology team delivering solutions.,"Salesforce,JavaScript,SQL","Development, testing, code review, and deployment.",Healthcare
EXP0326,CAN134,Zerodha,Associate Consultant,2023-06-16,,34,Worked as part of the technology team delivering solutions.,"AWS,Docker,Kubernetes","Development, testing, code review, and deployment.",Retail
EXP0327,CAN135,Razorpay,Team Lead,2025-05-07,,13,Worked as part of the technology team delivering solutions.,"Python,Django,PostgreSQL","Development, testing, code review, and deployment.",Retail
EXP0328,CAN135,Oracle India,Product Analyst,2018-04-23,2022-07-01,51,Worked as part of the technology team delivering solutions.,"Python,FastAPI,Redis","Development, testing, code review, and deployment.",E-commerce
EXP0329,CAN136,Paytm,Team Lead,2022-05-23,,45,Worked as part of the technology team delivering solutions.,"Angular,TypeScript,.NET","Development, testing, code review, and deployment.",Finance
EXP0330,CAN136,Unacademy,Associate Consultant,2022-09-12,2024-09-01,24,Worked as part of the technology team delivering solutions.,"Salesforce,JavaScript,SQL","Development, testing, code review, and deployment.",Telecommunications
EXP0331,CAN136,IBM India,Systems Engineer,2018-03-19,2021-02-01,35,Worked as part of the technology team delivering solutions.,"Python,Django,PostgreSQL","Development, testing, code review, and deployment.",Media
EXP0332,CAN136,Google India,Software Engineer,2016-08-21,2020-06-01,46,Worked as part of the technology team delivering solutions.,"Python,Django,PostgreSQL","Development, testing, code review, and deployment.",Retail
EXP0333,CAN137,Paytm,HR Executive,2024-04-12,,22,Worked as part of the technology team delivering solutions.,"AWS,Docker,Kubernetes","Development, testing, code review, and deployment.",Education
EXP0334,CAN138,CRED,Senior Software Engineer,2025-08-07,,14,Worked as part of the technology team delivering solutions.,"Python,Pandas,Tableau","Development, testing, code review, and deployment.",Healthcare
EXP0335,CAN138,upGrad,Junior Developer,2023-02-11,2025-01-01,23,Worked as part of the technology team delivering solutions.,"AWS,Docker,Kubernetes","Development, testing, code review, and deployment.",Consulting
EXP0336,CAN138,Lenskart,Data Analyst,2016-02-25,2020-10-01,56,Worked as part of the technology team delivering solutions.,"Java,Spring Boot,MySQL","Development, testing, code review, and deployment.",Technology
EXP0337,CAN139,PhonePe,Marketing Executive,2024-08-10,,23,Worked as part of the technology team delivering solutions.,"React Native,Firebase,Node.js","Development, testing, code review, and deployment.",Finance
EXP0338,CAN139,ICICI Bank,Associate Consultant,2021-12-15,2024-08-01,32,Worked as part of the technology team delivering solutions.,"Salesforce,JavaScript,SQL","Development, testing, code review, and deployment.",Education
EXP0339,CAN139,IBM India,Junior Developer,2022-12-07,2024-03-01,15,Worked as part of the technology team delivering solutions.,"Python,Django,PostgreSQL","Development, testing, code review, and deployment.",Education
EXP0340,CAN139,Ola,Marketing Executive,2016-10-23,2020-12-01,50,Worked as part of the technology team delivering solutions.,"Python,Pandas,Tableau","Development, testing, code review, and deployment.",Finance
EXP0341,CAN140,Zomato,Sales Associate,2023-08-14,,31,Worked as part of the technology team delivering solutions.,"Go,gRPC,Kubernetes","Development, testing, code review, and deployment.",Technology
EXP0342,CAN141,CarDekho,Sales Associate,2023-10-18,,37,Worked as part of the technology team delivering solutions.,"React,Node.js,MongoDB","Development, testing, code review, and deployment.",Healthcare
EXP0343,CAN142,Reliance Industries,Sales Associate,2025-03-11,,20,Worked as part of the technology team delivering solutions.,"Python,FastAPI,Redis","Development, testing, code review, and deployment.",Manufacturing
EXP0344,CAN143,Swiggy,Analyst,2025-07-05,,6,Worked as part of the technology team delivering solutions.,"Python,TensorFlow,Spark","Development, testing, code review, and deployment.",Finance
EXP0345,CAN144,CarDekho,Team Lead,2024-09-08,,20,Worked as part of the technology team delivering solutions.,"Python,Pandas,Tableau","Development, testing, code review, and deployment.",Technology
EXP0346,CAN145,PhonePe,Senior Software Engineer,2024-10-11,,23,Worked as part of the technology team delivering solutions.,"Salesforce,JavaScript,SQL","Development, testing, code review, and deployment.",Telecommunications
EXP0347,CAN145,CarDekho,QA Engineer,2018-04-26,2022-12-01,56,Worked as part of the technology team delivering solutions.,"Go,gRPC,Kubernetes","Development, testing, code review, and deployment.",Technology
EXP0348,CAN146,Dream11,Data Analyst,2023-06-16,,31,Worked as part of the technology team delivering solutions.,"Python,Django,PostgreSQL","Development, testing, code review, and deployment.",Retail
EXP0349,CAN147,ICICI Bank,Product Analyst,2023-12-14,,31,Worked as part of the technology team delivering solutions.,"Angular,TypeScript,.NET","Development, testing, code review, and deployment.",Consulting
EXP0350,CAN147,Microsoft India,HR Executive,2021-12-16,2024-09-01,33,Worked as part of the technology team delivering solutions.,"Python,Django,PostgreSQL","Development, testing, code review, and deployment.",Media
EXP0351,CAN147,Zoho,Sales Associate,2016-02-23,2020-06-01,52,Worked as part of the technology team delivering solutions.,"AWS,Docker,Kubernetes","Development, testing, code review, and deployment.",Education
EXP0352,CAN148,MakeMyTrip,DevOps Engineer,2024-07-10,,22,Worked as part of the technology team delivering solutions.,"Python,Pandas,Tableau","Development, testing, code review, and deployment.",E-commerce
EXP0353,CAN149,Groww,Systems Engineer,2024-06-13,,28,Worked as part of the technology team delivering solutions.,"Python,Django,PostgreSQL","Development, testing, code review, and deployment.",E-commerce
EXP0354,CAN150,Unacademy,Software Engineer,2025-04-10,,20,Worked as part of the technology team delivering solutions.,"Java,Spring Boot,MySQL","Development, testing, code review, and deployment.",Technology
EXP0355,CAN150,CRED,QA Engineer,2019-10-19,2023-05-01,43,Worked as part of the technology team delivering solutions.,"React Native,Firebase,Node.js","Development, testing, code review, and deployment.",Consulting
EXP0356,CAN150,Reliance Industries,Sales Associate,2016-02-21,2020-01-01,47,Worked as part of the technology team delivering solutions.,"Java,Spring Boot,MySQL","Development, testing, code review, and deployment.",Manufacturing
EXP0357,CAN151,Freshworks,Senior Software Engineer,2024-12-08,,14,Worked as part of the technology team delivering solutions.,"Python,FastAPI,Redis","Development, testing, code review, and deployment.",Healthcare
EXP0358,CAN151,Cognizant,Analyst,2017-11-23,2022-01-01,50,Worked as part of the technology team delivering solutions.,"Salesforce,JavaScript,SQL","Development, testing, code review, and deployment.",Media
EXP0359,CAN151,Tata Motors,Team Lead,2022-03-11,2023-12-01,21,Worked as part of the technology team delivering solutions.,"Python,FastAPI,Redis","Development, testing, code review, and deployment.",Technology
EXP0360,CAN151,Nykaa,Junior Developer,2016-01-27,2020-12-01,59,Worked as part of the technology team delivering solutions.,"Java,Spring Boot,MySQL","Development, testing, code review, and deployment.",Healthcare
EXP0361,CAN152,Reliance Industries,Senior Software Engineer,2023-05-18,,37,Worked as part of the technology team delivering solutions.,"Python,Django,PostgreSQL","Development, testing, code review, and deployment.",Retail
EXP0362,CAN152,Myntra,Sales Associate,2024-04-08,2025-08-01,16,Worked as part of the technology team delivering solutions.,"Python,Pandas,Tableau","Development, testing, code review, and deployment.",Retail
EXP0363,CAN152,Capgemini,Data Analyst,2020-08-12,2022-10-01,26,Worked as part of the technology team delivering solutions.,"Python,Pandas,Tableau","Development, testing, code review, and deployment.",Manufacturing
EXP0364,CAN152,Infosys,Junior Developer,2013-10-05,2020-04-01,79,Worked as part of the technology team delivering solutions.,"Python,Pandas,Tableau","Development, testing, code review, and deployment.",Education
EXP0365,CAN153,Nykaa,Systems Engineer,2025-11-02,,6,Worked as part of the technology team delivering solutions.,"AWS,Docker,Kubernetes","Development, testing, code review, and deployment.",Retail
EXP0366,CAN154,Unacademy,HR Executive,2025-02-05,,14,Worked as part of the technology team delivering solutions.,"React Native,Firebase,Node.js","Development, testing, code review, and deployment.",Retail
EXP0367,CAN154,Meesho,Systems Engineer,2019-07-22,2023-06-01,47,Worked as part of the technology team delivering solutions.,"Salesforce,JavaScript,SQL","Development, testing, code review, and deployment.",Technology
EXP0368,CAN154,Groww,HR Executive,2023-03-10,2024-08-01,17,Worked as part of the technology team delivering solutions.,"Salesforce,JavaScript,SQL","Development, testing, code review, and deployment.",Manufacturing
EXP0369,CAN154,Dream11,Product Analyst,2014-09-29,2020-01-01,64,Worked as part of the technology team delivering solutions.,"React,Node.js,MongoDB","Development, testing, code review, and deployment.",Retail
EXP0370,CAN155,upGrad,Junior Developer,2024-08-08,,19,Worked as part of the technology team delivering solutions.,"Python,TensorFlow,Spark","Development, testing, code review, and deployment.",Technology
EXP0371,CAN155,Zoho,Sales Associate,2015-10-01,2021-06-01,69,Worked as part of the technology team delivering solutions.,"Python,Django,PostgreSQL","Development, testing, code review, and deployment.",Manufacturing
EXP0372,CAN156,Dream11,Associate Consultant,2023-06-17,,32,Worked as part of the technology team delivering solutions.,"Go,gRPC,Kubernetes","Development, testing, code review, and deployment.",Healthcare
EXP0373,CAN156,Tata Motors,QA Engineer,2020-06-16,2023-06-01,36,Worked as part of the technology team delivering solutions.,"React Native,Firebase,Node.js","Development, testing, code review, and deployment.",Technology
EXP0374,CAN157,TCS,Product Analyst,2023-11-13,,30,Worked as part of the technology team delivering solutions.,"Salesforce,JavaScript,SQL","Development, testing, code review, and deployment.",Consulting
EXP0375,CAN158,Nykaa,Analyst,2022-11-22,,48,Worked as part of the technology team delivering solutions.,"Python,FastAPI,Redis","Development, testing, code review, and deployment.",Healthcare
EXP0376,CAN159,TCS,DevOps Engineer,2024-12-07,,16,Worked as part of the technology team delivering solutions.,"Go,gRPC,Kubernetes","Development, testing, code review, and deployment.",E-commerce
EXP0377,CAN160,Zerodha,DevOps Engineer,2025-04-10,,19,Worked as part of the technology team delivering solutions.,"Python,TensorFlow,Spark","Development, testing, code review, and deployment.",Healthcare
EXP0378,CAN160,Google India,Junior Developer,2020-03-16,2023-03-01,36,Worked as part of the technology team delivering solutions.,"Python,Django,PostgreSQL","Development, testing, code review, and deployment.",Education
EXP0379,CAN160,Ola,HR Executive,2020-03-11,2022-03-01,24,Worked as part of the technology team delivering solutions.,"Salesforce,JavaScript,SQL","Development, testing, code review, and deployment.",Consulting
EXP0380,CAN160,Groww,Junior Developer,2016-09-22,2020-09-01,48,Worked as part of the technology team delivering solutions.,"React,Node.js,MongoDB","Development, testing, code review, and deployment.",Technology
EXP0381,CAN161,Zoho,Marketing Executive,2021-01-28,,66,Worked as part of the technology team delivering solutions.,"Python,TensorFlow,Spark","Development, testing, code review, and deployment.",E-commerce
EXP0382,CAN161,Freshworks,Analyst,2019-12-19,2023-02-01,38,Worked as part of the technology team delivering solutions.,"Go,gRPC,Kubernetes","Development, testing, code review, and deployment.",Technology
EXP0383,CAN161,Delhivery,Marketing Executive,2021-12-10,2023-10-01,22,Worked as part of the technology team delivering solutions.,"Python,FastAPI,Redis","Development, testing, code review, and deployment.",Telecommunications
EXP0384,CAN161,Tech Mahindra,HR Executive,2017-07-15,2020-01-01,30,Worked as part of the technology team delivering solutions.,"Go,gRPC,Kubernetes","Development, testing, code review, and deployment.",Consulting
EXP0385,CAN162,Capgemini,Analyst,2024-09-08,,20,Worked as part of the technology team delivering solutions.,"Python,Pandas,Tableau","Development, testing, code review, and deployment.",Technology
EXP0386,CAN163,CarDekho,Junior Developer,2022-09-20,,45,Worked as part of the technology team delivering solutions.,"Python,Django,PostgreSQL","Development, testing, code review, and deployment.",Consulting
EXP0387,CAN164,Oracle India,Junior Developer,2025-09-07,,14,Worked as part of the technology team delivering solutions.,"React,Node.js,MongoDB","Development, testing, code review, and deployment.",Education
EXP0388,CAN165,Swiggy,Marketing Executive,2024-03-15,,30,Worked as part of the technology team delivering solutions.,"Java,Spring Boot,MySQL","Development, testing, code review, and deployment.",Media
EXP0389,CAN166,Lenskart,Team Lead,2023-09-17,,36,Worked as part of the technology team delivering solutions.,"React Native,Firebase,Node.js","Development, testing, code review, and deployment.",Media
EXP0390,CAN167,Ola,Associate Consultant,2025-01-08,,19,Worked as part of the technology team delivering solutions.,"React,Node.js,MongoDB","Development, testing, code review, and deployment.",Media
EXP0391,CAN168,Delhivery,Data Analyst,2025-07-05,,10,Worked as part of the technology team delivering solutions.,"Python,TensorFlow,Spark","Development, testing, code review, and deployment.",Media
EXP0392,CAN169,Capgemini,HR Executive,2024-02-15,,34,Worked as part of the technology team delivering solutions.,"Python,Pandas,Tableau","Development, testing, code review, and deployment.",Healthcare
EXP0393,CAN169,Flipkart,QA Engineer,2024-10-07,2025-11-01,13,Worked as part of the technology team delivering solutions.,"React Native,Firebase,Node.js","Development, testing, code review, and deployment.",Education
EXP0394,CAN169,Paytm,Sales Associate,2020-08-13,2022-12-01,28,Worked as part of the technology team delivering solutions.,"AWS,Docker,Kubernetes","Development, testing, code review, and deployment.",Consulting
EXP0395,CAN169,TCS,HR Executive,2014-11-29,2020-05-01,66,Worked as part of the technology team delivering solutions.,"Salesforce,JavaScript,SQL","Development, testing, code review, and deployment.",Telecommunications
EXP0396,CAN170,Delhivery,Associate Consultant,2024-12-10,,21,Worked as part of the technology team delivering solutions.,"React Native,Firebase,Node.js","Development, testing, code review, and deployment.",Manufacturing
EXP0397,CAN171,Accenture,DevOps Engineer,2023-06-15,,33,Worked as part of the technology team delivering solutions.,"React Native,Firebase,Node.js","Development, testing, code review, and deployment.",Finance
EXP0398,CAN171,CarDekho,Systems Engineer,2018-10-23,2022-11-01,49,Worked as part of the technology team delivering solutions.,"Python,TensorFlow,Spark","Development, testing, code review, and deployment.",E-commerce
EXP0399,CAN172,HDFC Bank,Analyst,2024-10-10,,22,Worked as part of the technology team delivering solutions.,"React Native,Firebase,Node.js","Development, testing, code review, and deployment.",Education
EXP0400,CAN173,Lenskart,Analyst,2022-06-25,,53,Worked as part of the technology team delivering solutions.,"React Native,Firebase,Node.js","Development, testing, code review, and deployment.",Education
EXP0401,CAN173,Myntra,HR Executive,2022-08-14,2024-11-01,27,Worked as part of the technology team delivering solutions.,"Python,Django,PostgreSQL","Development, testing, code review, and deployment.",Telecommunications
EXP0402,CAN173,Lenskart,HR Executive,2017-03-17,2020-03-01,36,Worked as part of the technology team delivering solutions.,"AWS,Docker,Kubernetes","Development, testing, code review, and deployment.",E-commerce
EXP0403,CAN174,Tata Motors,Product Analyst,2024-05-15,,30,Worked as part of the technology team delivering solutions.,"Java,Spring Boot,MySQL","Development, testing, code review, and deployment.",Manufacturing
EXP0404,CAN174,Groww,Team Lead,2024-08-08,2025-12-01,16,Worked as part of the technology team delivering solutions.,"Angular,TypeScript,.NET","Development, testing, code review, and deployment.",Retail
EXP0405,CAN174,Groww,Software Engineer,2016-03-22,2020-03-01,48,Worked as part of the technology team delivering solutions.,"Python,FastAPI,Redis","Development, testing, code review, and deployment.",Media
EXP0406,CAN175,Wipro,Senior Software Engineer,2024-02-12,,28,Worked as part of the technology team delivering solutions.,"Python,Django,PostgreSQL","Development, testing, code review, and deployment.",Healthcare
EXP0407,CAN176,Amazon India,Marketing Executive,2025-08-04,,9,Worked as part of the technology team delivering solutions.,"Python,Pandas,Tableau","Development, testing, code review, and deployment.",Retail
EXP0408,CAN177,Zoho,Product Analyst,2024-06-09,,21,Worked as part of the technology team delivering solutions.,"React,Node.js,MongoDB","Development, testing, code review, and deployment.",Retail
EXP0409,CAN178,Myntra,Team Lead,2024-12-07,,13,Worked as part of the technology team delivering solutions.,"Java,Spring Boot,MySQL","Development, testing, code review, and deployment.",Media
EXP0410,CAN179,Wipro,Product Analyst,2021-08-26,,54,Worked as part of the technology team delivering solutions.,"Angular,TypeScript,.NET","Development, testing, code review, and deployment.",Technology
EXP0411,CAN179,CarDekho,HR Executive,2021-11-15,2024-08-01,33,Worked as part of the technology team delivering solutions.,"Salesforce,JavaScript,SQL","Development, testing, code review, and deployment.",Telecommunications
EXP0412,CAN179,Flipkart,Analyst,2017-05-18,2020-06-01,37,Worked as part of the technology team delivering solutions.,"Go,gRPC,Kubernetes","Development, testing, code review, and deployment.",Manufacturing
EXP0413,CAN179,PhonePe,Junior Developer,2017-06-18,2020-08-01,38,Worked as part of the technology team delivering solutions.,"Python,Django,PostgreSQL","Development, testing, code review, and deployment.",Media
EXP0414,CAN180,Dream11,Junior Developer,2025-07-06,,12,Worked as part of the technology team delivering solutions.,"Python,TensorFlow,Spark","Development, testing, code review, and deployment.",Consulting
EXP0415,CAN181,Zoho,Associate Consultant,2025-07-07,,13,Worked as part of the technology team delivering solutions.,"React,Node.js,MongoDB","Development, testing, code review, and deployment.",Education
EXP0416,CAN181,Cognizant,Software Engineer,2017-08-24,2022-03-01,55,Worked as part of the technology team delivering solutions.,"Python,FastAPI,Redis","Development, testing, code review, and deployment.",Finance
EXP0417,CAN181,HCL Technologies,Business Analyst,2017-01-16,2020-01-01,36,Worked as part of the technology team delivering solutions.,"React,Node.js,MongoDB","Development, testing, code review, and deployment.",Education
EXP0418,CAN181,Delhivery,HR Executive,2017-05-17,2020-05-01,36,Worked as part of the technology team delivering solutions.,"React Native,Firebase,Node.js","Development, testing, code review, and deployment.",Retail
EXP0419,CAN182,Ola,HR Executive,2024-07-13,,27,Worked as part of the technology team delivering solutions.,"Java,Spring Boot,MySQL","Development, testing, code review, and deployment.",Manufacturing
EXP0420,CAN182,Dream11,Sales Associate,2020-06-18,2023-09-01,39,Worked as part of the technology team delivering solutions.,"Salesforce,JavaScript,SQL","Development, testing, code review, and deployment.",Telecommunications
EXP0421,CAN182,Kotak Mahindra Bank,Sales Associate,2018-07-15,2021-03-01,32,Worked as part of the technology team delivering solutions.,"Python,Pandas,Tableau","Development, testing, code review, and deployment.",Healthcare
EXP0422,CAN182,Swiggy,Senior Software Engineer,2016-03-22,2020-03-01,48,Worked as part of the technology team delivering solutions.,"AWS,Docker,Kubernetes","Development, testing, code review, and deployment.",Healthcare
EXP0423,CAN183,Accenture,Product Analyst,2024-11-07,,17,Worked as part of the technology team delivering solutions.,"Python,FastAPI,Redis","Development, testing, code review, and deployment.",Media
EXP0424,CAN183,Reliance Industries,Systems Engineer,2017-04-27,2022-01-01,57,Worked as part of the technology team delivering solutions.,"React,Node.js,MongoDB","Development, testing, code review, and deployment.",Manufacturing
EXP0425,CAN184,IBM India,QA Engineer,2023-07-19,,38,Worked as part of the technology team delivering solutions.,"Angular,TypeScript,.NET","Development, testing, code review, and deployment.",Media
EXP0426,CAN184,Amazon India,Marketing Executive,2023-12-08,2025-04-01,16,Worked as part of the technology team delivering solutions.,"Python,Pandas,Tableau","Development, testing, code review, and deployment.",Retail
EXP0427,CAN184,PhonePe,Business Analyst,2021-12-08,2023-06-01,18,Worked as part of the technology team delivering solutions.,"React Native,Firebase,Node.js","Development, testing, code review, and deployment.",Finance
EXP0428,CAN184,Dream11,Sales Associate,2014-12-03,2020-11-01,72,Worked as part of the technology team delivering solutions.,"Go,gRPC,Kubernetes","Development, testing, code review, and deployment.",Healthcare
EXP0429,CAN185,ICICI Bank,Team Lead,2024-12-07,,16,Worked as part of the technology team delivering solutions.,"Go,gRPC,Kubernetes","Development, testing, code review, and deployment.",Media
EXP0430,CAN185,Lenskart,Systems Engineer,2015-05-04,2021-02-01,70,Worked as part of the technology team delivering solutions.,"React,Node.js,MongoDB","Development, testing, code review, and deployment.",Media
EXP0431,CAN186,Ola,Junior Developer,2025-03-07,,10,Worked as part of the technology team delivering solutions.,"Python,Django,PostgreSQL","Development, testing, code review, and deployment.",Education
EXP0432,CAN187,TCS,Senior Software Engineer,2024-11-07,,14,Worked as part of the technology team delivering solutions.,"React Native,Firebase,Node.js","Development, testing, code review, and deployment.",Manufacturing
EXP0433,CAN187,Paytm,QA Engineer,2014-02-01,2020-01-01,72,Worked as part of the technology team delivering solutions.,"Java,Spring Boot,MySQL","Development, testing, code review, and deployment.",Technology
EXP0434,CAN187,Groww,Senior Software Engineer,2020-07-14,2022-12-01,29,Worked as part of the technology team delivering solutions.,"Go,gRPC,Kubernetes","Development, testing, code review, and deployment.",Telecommunications
EXP0435,CAN187,upGrad,Junior Developer,2015-06-28,2020-06-01,60,Worked as part of the technology team delivering solutions.,"Angular,TypeScript,.NET","Development, testing, code review, and deployment.",Media
EXP0436,CAN188,Zoho,Analyst,2023-07-15,,32,Worked as part of the technology team delivering solutions.,"Go,gRPC,Kubernetes","Development, testing, code review, and deployment.",E-commerce
EXP0437,CAN188,Byju's,Systems Engineer,2024-04-10,2025-11-01,19,Worked as part of the technology team delivering solutions.,"Go,gRPC,Kubernetes","Development, testing, code review, and deployment.",E-commerce
EXP0438,CAN188,CRED,QA Engineer,2017-05-20,2020-10-01,41,Worked as part of the technology team delivering solutions.,"Salesforce,JavaScript,SQL","Development, testing, code review, and deployment.",Telecommunications
EXP0439,CAN189,Tech Mahindra,Data Analyst,2023-09-17,,36,Worked as part of the technology team delivering solutions.,"React,Node.js,MongoDB","Development, testing, code review, and deployment.",Consulting
EXP0440,CAN189,Zerodha,Systems Engineer,2020-07-19,2023-11-01,40,Worked as part of the technology team delivering solutions.,"Python,TensorFlow,Spark","Development, testing, code review, and deployment.",Education
EXP0441,CAN190,CarDekho,Team Lead,2025-11-04,,9,Worked as part of the technology team delivering solutions.,"Python,Django,PostgreSQL","Development, testing, code review, and deployment.",Consulting
EXP0442,CAN191,CarDekho,Business Analyst,2023-02-18,,42,Worked as part of the technology team delivering solutions.,"Python,TensorFlow,Spark","Development, testing, code review, and deployment.",Consulting
EXP0443,CAN191,Nykaa,Junior Developer,2021-10-14,2024-02-01,28,Worked as part of the technology team delivering solutions.,"Python,Pandas,Tableau","Development, testing, code review, and deployment.",Telecommunications
EXP0444,CAN191,Flipkart,Analyst,2018-03-19,2021-02-01,35,Worked as part of the technology team delivering solutions.,"Python,TensorFlow,Spark","Development, testing, code review, and deployment.",Consulting
EXP0445,CAN192,Oracle India,Business Analyst,2022-11-19,,39,Worked as part of the technology team delivering solutions.,"Go,gRPC,Kubernetes","Development, testing, code review, and deployment.",Media
EXP0446,CAN192,HDFC Bank,Product Analyst,2021-12-13,2024-02-01,26,Worked as part of the technology team delivering solutions.,"AWS,Docker,Kubernetes","Development, testing, code review, and deployment.",Telecommunications
EXP0447,CAN192,Freshworks,Team Lead,2020-02-12,2022-07-01,29,Worked as part of the technology team delivering solutions.,"Go,gRPC,Kubernetes","Development, testing, code review, and deployment.",Media
EXP0448,CAN193,PolicyBazaar,Data Analyst,2023-12-16,,34,Worked as part of the technology team delivering solutions.,"Java,Spring Boot,MySQL","Development, testing, code review, and deployment.",Technology
EXP0449,CAN193,Ola,DevOps Engineer,2019-06-22,2023-02-01,44,Worked as part of the technology team delivering solutions.,"Salesforce,JavaScript,SQL","Development, testing, code review, and deployment.",Technology
EXP0450,CAN193,Freshworks,DevOps Engineer,2023-05-10,2024-09-01,16,Worked as part of the technology team delivering solutions.,"Java,Spring Boot,MySQL","Development, testing, code review, and deployment.",Consulting
EXP0451,CAN193,Tech Mahindra,Systems Engineer,2016-05-22,2020-02-01,45,Worked as part of the technology team delivering solutions.,"Python,Django,PostgreSQL","Development, testing, code review, and deployment.",Media
EXP0452,CAN194,PolicyBazaar,Data Analyst,2024-08-13,,27,Worked as part of the technology team delivering solutions.,"Python,Pandas,Tableau","Development, testing, code review, and deployment.",Healthcare
EXP0453,CAN195,HDFC Bank,Data Analyst,2023-11-13,,30,Worked as part of the technology team delivering solutions.,"Python,FastAPI,Redis","Development, testing, code review, and deployment.",Technology
EXP0454,CAN196,Freshworks,Associate Consultant,2023-07-19,,39,Worked as part of the technology team delivering solutions.,"AWS,Docker,Kubernetes","Development, testing, code review, and deployment.",Consulting
EXP0455,CAN196,ICICI Bank,Senior Software Engineer,2021-10-15,2024-06-01,32,Worked as part of the technology team delivering solutions.,"Python,Django,PostgreSQL","Development, testing, code review, and deployment.",Manufacturing
EXP0456,CAN196,Meesho,Product Analyst,2018-06-17,2021-02-01,32,Worked as part of the technology team delivering solutions.,"React,Node.js,MongoDB","Development, testing, code review, and deployment.",Healthcare
EXP0457,CAN197,Google India,Data Analyst,2020-10-30,,69,Worked as part of the technology team delivering solutions.,"Angular,TypeScript,.NET","Development, testing, code review, and deployment.",Education
EXP0458,CAN197,Ola,Software Engineer,2018-06-25,2022-12-01,54,Worked as part of the technology team delivering solutions.,"Angular,TypeScript,.NET","Development, testing, code review, and deployment.",E-commerce
EXP0459,CAN197,Ola,Analyst,2023-02-07,2024-06-01,16,Worked as part of the technology team delivering solutions.,"Python,Django,PostgreSQL","Development, testing, code review, and deployment.",Consulting
EXP0460,CAN197,Wipro,Junior Developer,2017-07-19,2020-09-01,38,Worked as part of the technology team delivering solutions.,"Java,Spring Boot,MySQL","Development, testing, code review, and deployment.",Healthcare
EXP0461,CAN198,Tech Mahindra,Marketing Executive,2021-08-25,,57,Worked as part of the technology team delivering solutions.,"Angular,TypeScript,.NET","Development, testing, code review, and deployment.",Consulting
EXP0462,CAN199,Myntra,Data Analyst,2022-02-22,,48,Worked as part of the technology team delivering solutions.,"Java,Spring Boot,MySQL","Development, testing, code review, and deployment.",Finance
EXP0463,CAN199,Meesho,Data Analyst,2022-01-15,2024-10-01,33,Worked as part of the technology team delivering solutions.,"Python,FastAPI,Redis","Development, testing, code review, and deployment.",Finance
EXP0464,CAN199,Reliance Industries,Product Analyst,2018-12-17,2021-11-01,35,Worked as part of the technology team delivering solutions.,"Java,Spring Boot,MySQL","Development, testing, code review, and deployment.",E-commerce
EXP0465,CAN200,PhonePe,Marketing Executive,2020-09-03,,76,Worked as part of the technology team delivering solutions.,"AWS,Docker,Kubernetes","Development, testing, code review, and deployment.",Manufacturing
EXP0466,CAN200,Freshworks,DevOps Engineer,2021-11-12,2024-01-01,26,Worked as part of the technology team delivering solutions.,"Java,Spring Boot,MySQL","Development, testing, code review, and deployment.",Telecommunications
EXP0467,CAN200,CRED,Senior Software Engineer,2020-06-13,2022-10-01,28,Worked as part of the technology team delivering solutions.,"Angular,TypeScript,.NET","Development, testing, code review, and deployment.",Media
EXP0468,CAN200,Dream11,Software Engineer,2016-04-26,2020-12-01,56,Worked as part of the technology team delivering solutions.,"React,Node.js,MongoDB","Development, testing, code review, and deployment.",Consulting
EXP0469,CAN201,MakeMyTrip,Junior Developer,2024-07-10,,21,Worked as part of the technology team delivering solutions.,"Python,Django,PostgreSQL","Development, testing, code review, and deployment.",Finance
EXP0470,CAN202,Flipkart,DevOps Engineer,2023-12-14,,30,Worked as part of the technology team delivering solutions.,"React,Node.js,MongoDB","Development, testing, code review, and deployment.",Healthcare
EXP0471,CAN202,Lenskart,Associate Consultant,2022-03-17,2024-11-01,32,Worked as part of the technology team delivering solutions.,"Java,Spring Boot,MySQL","Development, testing, code review, and deployment.",Manufacturing
EXP0472,CAN202,TCS,Analyst,2018-06-16,2021-01-01,31,Worked as part of the technology team delivering solutions.,"Python,Django,PostgreSQL","Development, testing, code review, and deployment.",Telecommunications
EXP0473,CAN202,HDFC Bank,Marketing Executive,2017-09-16,2020-08-01,35,Worked as part of the technology team delivering solutions.,"Angular,TypeScript,.NET","Development, testing, code review, and deployment.",Telecommunications
EXP0474,CAN203,Nykaa,Marketing Executive,2025-02-09,,21,Worked as part of the technology team delivering solutions.,"React Native,Firebase,Node.js","Development, testing, code review, and deployment.",Manufacturing
EXP0475,CAN204,Wipro,Senior Software Engineer,2025-03-10,,19,Worked as part of the technology team delivering solutions.,"Python,TensorFlow,Spark","Development, testing, code review, and deployment.",Telecommunications
EXP0476,CAN205,Lenskart,HR Executive,2021-05-28,,57,Worked as part of the technology team delivering solutions.,"Java,Spring Boot,MySQL","Development, testing, code review, and deployment.",E-commerce
EXP0477,CAN205,Microsoft India,Associate Consultant,2024-01-07,2025-01-01,12,Worked as part of the technology team delivering solutions.,"Go,gRPC,Kubernetes","Development, testing, code review, and deployment.",Technology
EXP0478,CAN205,Tech Mahindra,QA Engineer,2023-04-07,2024-05-01,13,Worked as part of the technology team delivering solutions.,"React Native,Firebase,Node.js","Development, testing, code review, and deployment.",Manufacturing
EXP0479,CAN205,Meesho,Junior Developer,2016-09-19,2020-02-01,41,Worked as part of the technology team delivering solutions.,"React Native,Firebase,Node.js","Development, testing, code review, and deployment.",E-commerce
EXP0480,CAN206,Reliance Industries,HR Executive,2022-11-22,,49,Worked as part of the technology team delivering solutions.,"Java,Spring Boot,MySQL","Development, testing, code review, and deployment.",Healthcare
EXP0481,CAN206,CRED,Analyst,2022-05-12,2024-05-01,24,Worked as part of the technology team delivering solutions.,"React,Node.js,MongoDB","Development, testing, code review, and deployment.",Finance
EXP0482,CAN206,HCL Technologies,Senior Software Engineer,2017-05-21,2020-12-01,43,Worked as part of the technology team delivering solutions.,"Java,Spring Boot,MySQL","Development, testing, code review, and deployment.",E-commerce
EXP0483,CAN207,HCL Technologies,Senior Software Engineer,2021-12-23,,52,Worked as part of the technology team delivering solutions.,"Python,Pandas,Tableau","Development, testing, code review, and deployment.",E-commerce
EXP0484,CAN208,Tech Mahindra,Team Lead,2023-11-15,,33,Worked as part of the technology team delivering solutions.,"Java,Spring Boot,MySQL","Development, testing, code review, and deployment.",Retail
EXP0485,CAN208,Reliance Industries,Analyst,2020-05-16,2023-05-01,36,Worked as part of the technology team delivering solutions.,"Java,Spring Boot,MySQL","Development, testing, code review, and deployment.",Retail
EXP0486,CAN208,Razorpay,Data Analyst,2017-02-19,2020-09-01,43,Worked as part of the technology team delivering solutions.,"Python,FastAPI,Redis","Development, testing, code review, and deployment.",Telecommunications
EXP0487,CAN209,Zerodha,DevOps Engineer,2024-08-08,,19,Worked as part of the technology team delivering solutions.,"Python,FastAPI,Redis","Development, testing, code review, and deployment.",Consulting
EXP0488,CAN210,PhonePe,Analyst,2024-04-15,,31,Worked as part of the technology team delivering solutions.,"Python,TensorFlow,Spark","Development, testing, code review, and deployment.",Consulting
EXP0489,CAN211,Google India,Associate Consultant,2021-12-23,,49,Worked as part of the technology team delivering solutions.,"Python,Django,PostgreSQL","Development, testing, code review, and deployment.",Media
EXP0490,CAN211,Zerodha,Senior Software Engineer,2020-01-21,2023-11-01,46,Worked as part of the technology team delivering solutions.,"AWS,Docker,Kubernetes","Development, testing, code review, and deployment.",Retail
EXP0491,CAN211,Byju's,Analyst,2022-01-09,2023-09-01,20,Worked as part of the technology team delivering solutions.,"Python,FastAPI,Redis","Development, testing, code review, and deployment.",Telecommunications
EXP0492,CAN211,Tech Mahindra,QA Engineer,2016-03-24,2020-06-01,51,Worked as part of the technology team delivering solutions.,"AWS,Docker,Kubernetes","Development, testing, code review, and deployment.",Media
EXP0493,CAN212,MakeMyTrip,DevOps Engineer,2021-10-24,,55,Worked as part of the technology team delivering solutions.,"React Native,Firebase,Node.js","Development, testing, code review, and deployment.",Media
EXP0494,CAN212,PolicyBazaar,DevOps Engineer,2020-05-19,2023-09-01,40,Worked as part of the technology team delivering solutions.,"React,Node.js,MongoDB","Development, testing, code review, and deployment.",Retail
EXP0495,CAN212,Capgemini,Product Analyst,2021-10-08,2023-04-01,18,Worked as part of the technology team delivering solutions.,"Java,Spring Boot,MySQL","Development, testing, code review, and deployment.",Education
EXP0496,CAN212,Zoho,Associate Consultant,2018-05-13,2020-06-01,25,Worked as part of the technology team delivering solutions.,"Salesforce,JavaScript,SQL","Development, testing, code review, and deployment.",Healthcare
EXP0497,CAN213,Microsoft India,Marketing Executive,2023-04-17,,36,Worked as part of the technology team delivering solutions.,"React,Node.js,MongoDB","Development, testing, code review, and deployment.",Manufacturing
EXP0498,CAN213,Freshworks,Associate Consultant,2021-05-16,2024-01-01,32,Worked as part of the technology team delivering solutions.,"Salesforce,JavaScript,SQL","Development, testing, code review, and deployment.",Consulting
EXP0499,CAN213,Google India,Senior Software Engineer,2016-11-17,2020-03-01,40,Worked as part of the technology team delivering solutions.,"Python,Django,PostgreSQL","Development, testing, code review, and deployment.",Consulting
EXP0500,CAN213,Google India,HR Executive,2015-04-27,2020-01-01,57,Worked as part of the technology team delivering solutions.,"Python,TensorFlow,Spark","Development, testing, code review, and deployment.",Retail
EXP0501,CAN214,Paytm,Sales Associate,2023-05-17,,32,Worked as part of the technology team delivering solutions.,"Python,FastAPI,Redis","Development, testing, code review, and deployment.",Manufacturing
EXP0502,CAN215,PhonePe,Analyst,2024-11-10,,23,Worked as part of the technology team delivering solutions.,"Python,Pandas,Tableau","Development, testing, code review, and deployment.",Finance
EXP0503,CAN215,Capgemini,Associate Consultant,2021-04-17,2024-02-01,34,Worked as part of the technology team delivering solutions.,"Python,FastAPI,Redis","Development, testing, code review, and deployment.",Consulting
EXP0504,CAN215,Zomato,Business Analyst,2015-03-28,2020-01-01,58,Worked as part of the technology team delivering solutions.,"Python,TensorFlow,Spark","Development, testing, code review, and deployment.",Manufacturing
EXP0505,CAN216,Oracle India,Product Analyst,2024-05-12,,26,Worked as part of the technology team delivering solutions.,"Go,gRPC,Kubernetes","Development, testing, code review, and deployment.",Education
EXP0506,CAN217,Google India,QA Engineer,2023-02-16,,38,Worked as part of the technology team delivering solutions.,"Go,gRPC,Kubernetes","Development, testing, code review, and deployment.",E-commerce
EXP0507,CAN217,Amazon India,Team Lead,2023-11-11,2025-09-01,22,Worked as part of the technology team delivering solutions.,"React Native,Firebase,Node.js","Development, testing, code review, and deployment.",Retail
EXP0508,CAN217,CarDekho,Product Analyst,2016-07-21,2020-02-01,43,Worked as part of the technology team delivering solutions.,"Python,TensorFlow,Spark","Development, testing, code review, and deployment.",Education
EXP0509,CAN218,Swiggy,Sales Associate,2025-03-07,,14,Worked as part of the technology team delivering solutions.,"Java,Spring Boot,MySQL","Development, testing, code review, and deployment.",Finance
EXP0510,CAN218,CRED,QA Engineer,2019-11-19,2023-07-01,44,Worked as part of the technology team delivering solutions.,"Python,FastAPI,Redis","Development, testing, code review, and deployment.",Consulting
EXP0511,CAN218,PhonePe,Systems Engineer,2018-05-17,2021-01-01,32,Worked as part of the technology team delivering solutions.,"Python,FastAPI,Redis","Development, testing, code review, and deployment.",Telecommunications
EXP0512,CAN218,HCL Technologies,QA Engineer,2015-10-25,2020-05-01,55,Worked as part of the technology team delivering solutions.,"Angular,TypeScript,.NET","Development, testing, code review, and deployment.",Healthcare
EXP0513,CAN219,TCS,Sales Associate,2024-08-13,,28,Worked as part of the technology team delivering solutions.,"Python,FastAPI,Redis","Development, testing, code review, and deployment.",Technology
EXP0514,CAN220,Dream11,Product Analyst,2025-05-07,,9,Worked as part of the technology team delivering solutions.,"React Native,Firebase,Node.js","Development, testing, code review, and deployment.",Healthcare
EXP0515,CAN221,Amazon India,HR Executive,2025-04-07,,10,Worked as part of the technology team delivering solutions.,"Python,Pandas,Tableau","Development, testing, code review, and deployment.",Media
EXP0516,CAN222,TCS,QA Engineer,2019-04-11,,91,Worked as part of the technology team delivering solutions.,"AWS,Docker,Kubernetes","Development, testing, code review, and deployment.",E-commerce
EXP0517,CAN222,Freshworks,Senior Software Engineer,2023-02-11,2025-01-01,23,Worked as part of the technology team delivering solutions.,"Salesforce,JavaScript,SQL","Development, testing, code review, and deployment.",Telecommunications
EXP0518,CAN222,Ola,Marketing Executive,2023-07-10,2024-11-01,16,Worked as part of the technology team delivering solutions.,"Python,Pandas,Tableau","Development, testing, code review, and deployment.",Healthcare
EXP0519,CAN222,upGrad,Junior Developer,2015-03-28,2020-03-01,60,Worked as part of the technology team delivering solutions.,"Python,TensorFlow,Spark","Development, testing, code review, and deployment.",Telecommunications
EXP0520,CAN223,Delhivery,Business Analyst,2023-11-12,,28,Worked as part of the technology team delivering solutions.,"Python,Pandas,Tableau","Development, testing, code review, and deployment.",Consulting
EXP0521,CAN223,Meesho,HR Executive,2020-07-16,2023-07-01,36,Worked as part of the technology team delivering solutions.,"Java,Spring Boot,MySQL","Development, testing, code review, and deployment.",Finance
EXP0522,CAN224,Google India,Team Lead,2025-03-07,,10,Worked as part of the technology team delivering solutions.,"Python,Django,PostgreSQL","Development, testing, code review, and deployment.",Manufacturing
EXP0523,CAN225,HCL Technologies,Senior Software Engineer,2023-10-14,,27,Worked as part of the technology team delivering solutions.,"Salesforce,JavaScript,SQL","Development, testing, code review, and deployment.",Consulting
EXP0524,CAN226,MakeMyTrip,DevOps Engineer,2021-08-29,,64,Worked as part of the technology team delivering solutions.,"Python,TensorFlow,Spark","Development, testing, code review, and deployment.",Manufacturing
EXP0525,CAN226,CarDekho,Senior Software Engineer,2022-11-12,2024-11-01,24,Worked as part of the technology team delivering solutions.,"Go,gRPC,Kubernetes","Development, testing, code review, and deployment.",Healthcare
EXP0526,CAN226,Myntra,Marketing Executive,2023-08-07,2024-08-01,12,Worked as part of the technology team delivering solutions.,"React,Node.js,MongoDB","Development, testing, code review, and deployment.",Telecommunications
EXP0527,CAN226,Freshworks,Senior Software Engineer,2015-06-29,2020-08-01,62,Worked as part of the technology team delivering solutions.,"Java,Spring Boot,MySQL","Development, testing, code review, and deployment.",Finance
EXP0528,CAN227,Meesho,HR Executive,2023-12-14,,31,Worked as part of the technology team delivering solutions.,"Python,Django,PostgreSQL","Development, testing, code review, and deployment.",Technology
EXP0529,CAN227,Reliance Industries,Marketing Executive,2018-07-24,2022-09-01,50,Worked as part of the technology team delivering solutions.,"Angular,TypeScript,.NET","Development, testing, code review, and deployment.",Healthcare
EXP0530,CAN227,HCL Technologies,Product Analyst,2018-11-14,2021-07-01,32,Worked as part of the technology team delivering solutions.,"Python,TensorFlow,Spark","Development, testing, code review, and deployment.",Healthcare
EXP0531,CAN227,Tata Motors,QA Engineer,2017-09-15,2020-06-01,33,Worked as part of the technology team delivering solutions.,"Python,Django,PostgreSQL","Development, testing, code review, and deployment.",Healthcare
EXP0532,CAN228,Tata Motors,Team Lead,2024-07-13,,26,Worked as part of the technology team delivering solutions.,"Python,Django,PostgreSQL","Development, testing, code review, and deployment.",Finance
EXP0533,CAN229,Nykaa,Senior Software Engineer,2025-05-10,,19,Worked as part of the technology team delivering solutions.,"AWS,Docker,Kubernetes","Development, testing, code review, and deployment.",Consulting
EXP0534,CAN229,Oracle India,Team Lead,2019-08-19,2023-03-01,43,Worked as part of the technology team delivering solutions.,"Angular,TypeScript,.NET","Development, testing, code review, and deployment.",Technology
EXP0535,CAN230,Flipkart,Systems Engineer,2018-08-11,,94,Worked as part of the technology team delivering solutions.,"React Native,Firebase,Node.js","Development, testing, code review, and deployment.",Manufacturing
EXP0536,CAN230,Capgemini,QA Engineer,2020-05-20,2023-11-01,42,Worked as part of the technology team delivering solutions.,"React Native,Firebase,Node.js","Development, testing, code review, and deployment.",Retail
EXP0537,CAN230,Tata Motors,HR Executive,2022-12-07,2024-03-01,15,Worked as part of the technology team delivering solutions.,"Python,FastAPI,Redis","Development, testing, code review, and deployment.",Education
EXP0538,CAN230,Myntra,Product Analyst,2017-06-18,2020-08-01,38,Worked as part of the technology team delivering solutions.,"Java,Spring Boot,MySQL","Development, testing, code review, and deployment.",Education
EXP0539,CAN231,Capgemini,HR Executive,2021-06-26,,59,Worked as part of the technology team delivering solutions.,"React,Node.js,MongoDB","Development, testing, code review, and deployment.",Consulting
EXP0540,CAN231,PhonePe,QA Engineer,2021-07-16,2024-02-01,31,Worked as part of the technology team delivering solutions.,"Python,Django,PostgreSQL","Development, testing, code review, and deployment.",Finance
EXP0541,CAN231,Zomato,Sales Associate,2022-01-10,2023-11-01,22,Worked as part of the technology team delivering solutions.,"Python,FastAPI,Redis","Development, testing, code review, and deployment.",Healthcare
EXP0542,CAN231,Reliance Industries,Systems Engineer,2016-11-17,2020-03-01,40,Worked as part of the technology team delivering solutions.,"Java,Spring Boot,MySQL","Development, testing, code review, and deployment.",Technology
EXP0543,CAN232,Microsoft India,Sales Associate,2024-02-13,,30,Worked as part of the technology team delivering solutions.,"React Native,Firebase,Node.js","Development, testing, code review, and deployment.",Telecommunications
EXP0544,CAN232,Myntra,Software Engineer,2022-03-16,2024-09-01,30,Worked as part of the technology team delivering solutions.,"Python,TensorFlow,Spark","Development, testing, code review, and deployment.",Media
EXP0545,CAN232,Unacademy,Software Engineer,2016-02-24,2020-08-01,54,Worked as part of the technology team delivering solutions.,"React,Node.js,MongoDB","Development, testing, code review, and deployment.",Retail
EXP0546,CAN233,Kotak Mahindra Bank,Associate Consultant,2023-08-18,,38,Worked as part of the technology team delivering solutions.,"AWS,Docker,Kubernetes","Development, testing, code review, and deployment.",Telecommunications
EXP0547,CAN233,Byju's,Senior Software Engineer,2015-06-02,2021-04-01,71,Worked as part of the technology team delivering solutions.,"AWS,Docker,Kubernetes","Development, testing, code review, and deployment.",Technology
EXP0548,CAN233,Amazon India,DevOps Engineer,2019-02-15,2021-11-01,33,Worked as part of the technology team delivering solutions.,"React,Node.js,MongoDB","Development, testing, code review, and deployment.",Finance
EXP0549,CAN233,Paytm,Analyst,2016-04-21,2020-03-01,47,Worked as part of the technology team delivering solutions.,"AWS,Docker,Kubernetes","Development, testing, code review, and deployment.",Finance
EXP0550,CAN234,Capgemini,Business Analyst,2025-07-05,,6,Worked as part of the technology team delivering solutions.,"Angular,TypeScript,.NET","Development, testing, code review, and deployment.",Telecommunications
EXP0551,CAN235,IBM India,DevOps Engineer,2023-09-14,,32,Worked as part of the technology team delivering solutions.,"Python,Pandas,Tableau","Development, testing, code review, and deployment.",Retail
EXP0552,CAN235,Nykaa,Software Engineer,2024-05-09,2025-09-01,16,Worked as part of the technology team delivering solutions.,"Angular,TypeScript,.NET","Development, testing, code review, and deployment.",E-commerce
EXP0553,CAN235,Amazon India,Business Analyst,2016-05-22,2020-02-01,45,Worked as part of the technology team delivering solutions.,"Java,Spring Boot,MySQL","Development, testing, code review, and deployment.",Telecommunications
EXP0554,CAN236,upGrad,Junior Developer,2021-10-24,,54,Worked as part of the technology team delivering solutions.,"Python,FastAPI,Redis","Development, testing, code review, and deployment.",Education
EXP0555,CAN237,CarDekho,Junior Developer,2020-07-31,,70,Worked as part of the technology team delivering solutions.,"React,Node.js,MongoDB","Development, testing, code review, and deployment.",Telecommunications
EXP0556,CAN237,Microsoft India,Software Engineer,2022-06-15,2024-11-01,29,Worked as part of the technology team delivering solutions.,"Python,Django,PostgreSQL","Development, testing, code review, and deployment.",Technology
EXP0557,CAN237,Swiggy,Senior Software Engineer,2021-08-10,2023-07-01,23,Worked as part of the technology team delivering solutions.,"Python,Django,PostgreSQL","Development, testing, code review, and deployment.",Healthcare
EXP0558,CAN237,Zerodha,Business Analyst,2018-08-14,2020-11-01,27,Worked as part of the technology team delivering solutions.,"Go,gRPC,Kubernetes","Development, testing, code review, and deployment.",Technology
EXP0559,CAN238,Paytm,Team Lead,2022-05-22,,44,Worked as part of the technology team delivering solutions.,"AWS,Docker,Kubernetes","Development, testing, code review, and deployment.",Technology
EXP0560,CAN238,Tech Mahindra,Software Engineer,2023-12-08,2025-05-01,17,Worked as part of the technology team delivering solutions.,"Python,Django,PostgreSQL","Development, testing, code review, and deployment.",Media
EXP0561,CAN238,Infosys,Team Lead,2016-03-23,2020-05-01,50,Worked as part of the technology team delivering solutions.,"Salesforce,JavaScript,SQL","Development, testing, code review, and deployment.",E-commerce
EXP0562,CAN239,Google India,Analyst,2020-10-01,,71,Worked as part of the technology team delivering solutions.,"AWS,Docker,Kubernetes","Development, testing, code review, and deployment.",Telecommunications
EXP0563,CAN239,MakeMyTrip,DevOps Engineer,2019-09-19,2023-05-01,44,Worked as part of the technology team delivering solutions.,"AWS,Docker,Kubernetes","Development, testing, code review, and deployment.",Consulting
EXP0564,CAN239,Nykaa,Junior Developer,2021-05-11,2023-04-01,23,Worked as part of the technology team delivering solutions.,"Python,FastAPI,Redis","Development, testing, code review, and deployment.",Finance
EXP0565,CAN239,upGrad,Product Analyst,2017-06-16,2020-04-01,34,Worked as part of the technology team delivering solutions.,"Java,Spring Boot,MySQL","Development, testing, code review, and deployment.",Telecommunications
EXP0566,CAN240,MakeMyTrip,QA Engineer,2022-11-18,,41,Worked as part of the technology team delivering solutions.,"Go,gRPC,Kubernetes","Development, testing, code review, and deployment.",Healthcare
EXP0567,CAN240,Groww,Business Analyst,2021-12-13,2024-02-01,26,Worked as part of the technology team delivering solutions.,"Python,Pandas,Tableau","Development, testing, code review, and deployment.",Manufacturing
EXP0568,CAN240,MakeMyTrip,Business Analyst,2017-01-21,2020-12-01,47,Worked as part of the technology team delivering solutions.,"Salesforce,JavaScript,SQL","Development, testing, code review, and deployment.",Technology
EXP0569,CAN241,Infosys,Marketing Executive,2023-11-14,,27,Worked as part of the technology team delivering solutions.,"Python,Pandas,Tableau","Development, testing, code review, and deployment.",Manufacturing
EXP0570,CAN241,Lenskart,Associate Consultant,2022-03-13,2024-05-01,26,Worked as part of the technology team delivering solutions.,"React Native,Firebase,Node.js","Development, testing, code review, and deployment.",Retail
EXP0571,CAN241,Oracle India,Data Analyst,2023-03-10,2024-08-01,17,Worked as part of the technology team delivering solutions.,"Salesforce,JavaScript,SQL","Development, testing, code review, and deployment.",Media
EXP0572,CAN241,Delhivery,Data Analyst,2014-06-02,2020-02-01,69,Worked as part of the technology team delivering solutions.,"Salesforce,JavaScript,SQL","Development, testing, code review, and deployment.",Telecommunications
EXP0573,CAN242,Meesho,Software Engineer,2020-11-01,,71,Worked as part of the technology team delivering solutions.,"Python,Django,PostgreSQL","Development, testing, code review, and deployment.",Media
EXP0574,CAN242,Delhivery,Product Analyst,2023-07-12,2025-02-01,19,Worked as part of the technology team delivering solutions.,"Go,gRPC,Kubernetes","Development, testing, code review, and deployment.",E-commerce
EXP0575,CAN242,CRED,Product Analyst,2022-01-10,2023-11-01,22,Worked as part of the technology team delivering solutions.,"AWS,Docker,Kubernetes","Development, testing, code review, and deployment.",Media
EXP0576,CAN242,HDFC Bank,Junior Developer,2011-09-15,2020-03-01,103,Worked as part of the technology team delivering solutions.,"Salesforce,JavaScript,SQL","Development, testing, code review, and deployment.",E-commerce
EXP0577,CAN243,IBM India,Systems Engineer,2023-12-15,,32,Worked as part of the technology team delivering solutions.,"Python,TensorFlow,Spark","Development, testing, code review, and deployment.",Telecommunications
EXP0578,CAN244,Razorpay,Software Engineer,2022-12-18,,40,Worked as part of the technology team delivering solutions.,"Java,Spring Boot,MySQL","Development, testing, code review, and deployment.",Media
EXP0579,CAN244,Wipro,Business Analyst,2022-06-12,2024-07-01,25,Worked as part of the technology team delivering solutions.,"React,Node.js,MongoDB","Development, testing, code review, and deployment.",Consulting
EXP0580,CAN244,Freshworks,Data Analyst,2018-06-16,2021-04-01,34,Worked as part of the technology team delivering solutions.,"Java,Spring Boot,MySQL","Development, testing, code review, and deployment.",Education
EXP0581,CAN244,Zoho,Analyst,2017-02-19,2020-10-01,44,Worked as part of the technology team delivering solutions.,"Java,Spring Boot,MySQL","Development, testing, code review, and deployment.",Media
EXP0582,CAN245,Groww,HR Executive,2023-11-17,,37,Worked as part of the technology team delivering solutions.,"Angular,TypeScript,.NET","Development, testing, code review, and deployment.",Healthcare
EXP0583,CAN245,Myntra,Data Analyst,2017-11-23,2022-04-01,53,Worked as part of the technology team delivering solutions.,"Python,Django,PostgreSQL","Development, testing, code review, and deployment.",Consulting
EXP0584,CAN245,Zerodha,Product Analyst,2020-07-14,2022-12-01,29,Worked as part of the technology team delivering solutions.,"Angular,TypeScript,.NET","Development, testing, code review, and deployment.",Finance
EXP0585,CAN245,Meesho,Business Analyst,2012-09-13,2020-09-01,97,Worked as part of the technology team delivering solutions.,"React,Node.js,MongoDB","Development, testing, code review, and deployment.",Education
EXP0586,CAN246,Nykaa,Software Engineer,2025-02-05,,15,Worked as part of the technology team delivering solutions.,"Python,TensorFlow,Spark","Development, testing, code review, and deployment.",Education
EXP0587,CAN247,Google India,DevOps Engineer,2023-10-14,,31,Worked as part of the technology team delivering solutions.,"React Native,Firebase,Node.js","Development, testing, code review, and deployment.",Consulting
EXP0588,CAN248,TCS,Product Analyst,2024-10-08,,18,Worked as part of the technology team delivering solutions.,"AWS,Docker,Kubernetes","Development, testing, code review, and deployment.",Consulting
EXP0589,CAN249,Delhivery,Junior Developer,2018-08-11,,93,Worked as part of the technology team delivering solutions.,"Python,FastAPI,Redis","Development, testing, code review, and deployment.",Consulting
EXP0590,CAN249,upGrad,Sales Associate,2022-10-12,2024-10-01,24,Worked as part of the technology team delivering solutions.,"Python,FastAPI,Redis","Development, testing, code review, and deployment.",Media
EXP0591,CAN249,Swiggy,Team Lead,2023-05-10,2024-09-01,16,Worked as part of the technology team delivering solutions.,"Angular,TypeScript,.NET","Development, testing, code review, and deployment.",Technology
EXP0592,CAN249,Byju's,DevOps Engineer,2014-02-05,2020-09-01,80,Worked as part of the technology team delivering solutions.,"Python,Pandas,Tableau","Development, testing, code review, and deployment.",Manufacturing
EXP0593,CAN250,HDFC Bank,Marketing Executive,2024-01-15,,33,Worked as part of the technology team delivering solutions.,"Salesforce,JavaScript,SQL","Development, testing, code review, and deployment.",Consulting
EXP0594,CAN250,TCS,Product Analyst,2017-11-22,2022-03-01,52,Worked as part of the technology team delivering solutions.,"React Native,Firebase,Node.js","Development, testing, code review, and deployment.",Healthcare
EXP0595,CAN251,Paytm,Product Analyst,2024-05-15,,31,Worked as part of the technology team delivering solutions.,"Python,Django,PostgreSQL","Development, testing, code review, and deployment.",Finance
EXP0596,CAN251,Groww,Associate Consultant,2018-05-25,2022-09-01,52,Worked as part of the technology team delivering solutions.,"AWS,Docker,Kubernetes","Development, testing, code review, and deployment.",Healthcare
EXP0597,CAN252,Meesho,Software Engineer,2025-06-07,,14,Worked as part of the technology team delivering solutions.,"Python,TensorFlow,Spark","Development, testing, code review, and deployment.",Education
EXP0598,CAN253,Oracle India,QA Engineer,2025-05-05,,10,Worked as part of the technology team delivering solutions.,"Salesforce,JavaScript,SQL","Development, testing, code review, and deployment.",Finance
EXP0599,CAN254,Nykaa,Business Analyst,2020-07-05,,78,Worked as part of the technology team delivering solutions.,"Python,TensorFlow,Spark","Development, testing, code review, and deployment.",Retail
EXP0600,CAN254,Delhivery,QA Engineer,2021-04-16,2024-01-01,33,Worked as part of the technology team delivering solutions.,"Python,TensorFlow,Spark","Development, testing, code review, and deployment.",Education
EXP0601,CAN254,Ola,Software Engineer,2019-04-15,2021-10-01,30,Worked as part of the technology team delivering solutions.,"Salesforce,JavaScript,SQL","Development, testing, code review, and deployment.",Healthcare
EXP0602,CAN254,ICICI Bank,Team Lead,2016-08-20,2020-02-01,42,Worked as part of the technology team delivering solutions.,"Python,Pandas,Tableau","Development, testing, code review, and deployment.",Consulting
EXP0603,CAN255,Byju's,Business Analyst,2020-01-02,,75,Worked as part of the technology team delivering solutions.,"React,Node.js,MongoDB","Development, testing, code review, and deployment.",E-commerce
EXP0604,CAN255,Razorpay,Sales Associate,2022-07-15,2024-12-01,29,Worked as part of the technology team delivering solutions.,"Python,Django,PostgreSQL","Development, testing, code review, and deployment.",Media
EXP0605,CAN255,Freshworks,QA Engineer,2021-10-10,2023-08-01,22,Worked as part of the technology team delivering solutions.,"Angular,TypeScript,.NET","Development, testing, code review, and deployment.",Retail
EXP0606,CAN255,Paytm,Marketing Executive,2016-03-22,2020-01-01,46,Worked as part of the technology team delivering solutions.,"Salesforce,JavaScript,SQL","Development, testing, code review, and deployment.",Finance
EXP0607,CAN256,Meesho,Marketing Executive,2024-08-09,,21,Worked as part of the technology team delivering solutions.,"Python,FastAPI,Redis","Development, testing, code review, and deployment.",Telecommunications
EXP0608,CAN256,Groww,Associate Consultant,2019-12-21,2023-10-01,46,Worked as part of the technology team delivering solutions.,"Angular,TypeScript,.NET","Development, testing, code review, and deployment.",Consulting
EXP0609,CAN256,Byju's,Junior Developer,2019-03-17,2021-12-01,33,Worked as part of the technology team delivering solutions.,"Angular,TypeScript,.NET","Development, testing, code review, and deployment.",Education
EXP0610,CAN256,Wipro,Data Analyst,2017-06-19,2020-10-01,40,Worked as part of the technology team delivering solutions.,"Java,Spring Boot,MySQL","Development, testing, code review, and deployment.",Retail
EXP0611,CAN257,Amazon India,Marketing Executive,2025-04-06,,12,Worked as part of the technology team delivering solutions.,"Java,Spring Boot,MySQL","Development, testing, code review, and deployment.",Finance
EXP0612,CAN257,Zoho,Business Analyst,2016-06-27,2021-06-01,60,Worked as part of the technology team delivering solutions.,"Java,Spring Boot,MySQL","Development, testing, code review, and deployment.",Finance
EXP0613,CAN257,Reliance Industries,Systems Engineer,2022-03-11,2023-12-01,21,Worked as part of the technology team delivering solutions.,"Angular,TypeScript,.NET","Development, testing, code review, and deployment.",E-commerce
EXP0614,CAN257,HDFC Bank,Associate Consultant,2015-07-31,2020-12-01,65,Worked as part of the technology team delivering solutions.,"React,Node.js,MongoDB","Development, testing, code review, and deployment.",Telecommunications
EXP0615,CAN258,Reliance Industries,Team Lead,2022-06-20,,45,Worked as part of the technology team delivering solutions.,"Angular,TypeScript,.NET","Development, testing, code review, and deployment.",Healthcare
EXP0616,CAN258,Unacademy,Associate Consultant,2018-03-26,2022-10-01,55,Worked as part of the technology team delivering solutions.,"Angular,TypeScript,.NET","Development, testing, code review, and deployment.",E-commerce
EXP0617,CAN258,Cognizant,Systems Engineer,2021-11-08,2023-06-01,19,Worked as part of the technology team delivering solutions.,"Angular,TypeScript,.NET","Development, testing, code review, and deployment.",Technology
EXP0618,CAN258,HCL Technologies,Product Analyst,2017-02-19,2020-09-01,43,Worked as part of the technology team delivering solutions.,"Java,Spring Boot,MySQL","Development, testing, code review, and deployment.",Media
EXP0619,CAN259,TCS,DevOps Engineer,2023-01-20,,44,Worked as part of the technology team delivering solutions.,"Python,Pandas,Tableau","Development, testing, code review, and deployment.",Technology
EXP0620,CAN260,Swiggy,Marketing Executive,2025-01-09,,20,Worked as part of the technology team delivering solutions.,"React Native,Firebase,Node.js","Development, testing, code review, and deployment.",Healthcare
EXP0621,CAN260,Tata Motors,Sales Associate,2019-08-20,2023-04-01,44,Worked as part of the technology team delivering solutions.,"Python,TensorFlow,Spark","Development, testing, code review, and deployment.",Manufacturing
EXP0622,CAN261,IBM India,Marketing Executive,2024-06-12,,26,Worked as part of the technology team delivering solutions.,"Go,gRPC,Kubernetes","Development, testing, code review, and deployment.",Healthcare
EXP0623,CAN262,Amazon India,Associate Consultant,2025-08-07,,14,Worked as part of the technology team delivering solutions.,"Salesforce,JavaScript,SQL","Development, testing, code review, and deployment.",Telecommunications
EXP0624,CAN263,Razorpay,Data Analyst,2022-06-24,,52,Worked as part of the technology team delivering solutions.,"Java,Spring Boot,MySQL","Development, testing, code review, and deployment.",Finance
EXP0625,CAN263,Lenskart,Team Lead,2020-01-18,2023-02-01,37,Worked as part of the technology team delivering solutions.,"AWS,Docker,Kubernetes","Development, testing, code review, and deployment.",Healthcare
EXP0626,CAN263,Microsoft India,Marketing Executive,2021-10-08,2023-05-01,19,Worked as part of the technology team delivering solutions.,"Salesforce,JavaScript,SQL","Development, testing, code review, and deployment.",Manufacturing
EXP0627,CAN263,Oracle India,HR Executive,2016-08-23,2020-10-01,50,Worked as part of the technology team delivering solutions.,"Python,TensorFlow,Spark","Development, testing, code review, and deployment.",Healthcare
EXP0628,CAN264,Reliance Industries,Marketing Executive,2024-01-15,,32,Worked as part of the technology team delivering solutions.,"React Native,Firebase,Node.js","Development, testing, code review, and deployment.",Finance
EXP0629,CAN265,Freshworks,Junior Developer,2024-01-16,,35,Worked as part of the technology team delivering solutions.,"Java,Spring Boot,MySQL","Development, testing, code review, and deployment.",Consulting
EXP0630,CAN265,Google India,Business Analyst,2022-07-15,2024-12-01,29,Worked as part of the technology team delivering solutions.,"Python,FastAPI,Redis","Development, testing, code review, and deployment.",Media
EXP0631,CAN265,Amazon India,DevOps Engineer,2016-12-22,2020-11-01,47,Worked as part of the technology team delivering solutions.,"Python,TensorFlow,Spark","Development, testing, code review, and deployment.",Manufacturing
EXP0632,CAN266,Ola,Business Analyst,2024-02-14,,31,Worked as part of the technology team delivering solutions.,"Angular,TypeScript,.NET","Development, testing, code review, and deployment.",Consulting
EXP0633,CAN267,Ola,Systems Engineer,2020-11-29,,63,Worked as part of the technology team delivering solutions.,"Python,FastAPI,Redis","Development, testing, code review, and deployment.",Telecommunications
EXP0634,CAN267,Unacademy,HR Executive,2023-09-10,2025-02-01,17,Worked as part of the technology team delivering solutions.,"Python,Pandas,Tableau","Development, testing, code review, and deployment.",Healthcare
EXP0635,CAN267,Dream11,Data Analyst,2022-04-09,2023-10-01,18,Worked as part of the technology team delivering solutions.,"Go,gRPC,Kubernetes","Development, testing, code review, and deployment.",Finance
EXP0636,CAN267,Wipro,Sales Associate,2013-02-06,2020-01-01,84,Worked as part of the technology team delivering solutions.,"AWS,Docker,Kubernetes","Development, testing, code review, and deployment.",Education
EXP0637,CAN268,Reliance Industries,Analyst,2024-02-13,,30,Worked as part of the technology team delivering solutions.,"Salesforce,JavaScript,SQL","Development, testing, code review, and deployment.",Telecommunications
EXP0638,CAN269,CRED,Sales Associate,2025-06-09,,17,Worked as part of the technology team delivering solutions.,"AWS,Docker,Kubernetes","Development, testing, code review, and deployment.",Telecommunications
EXP0639,CAN269,Meesho,Data Analyst,2018-05-23,2022-06-01,49,Worked as part of the technology team delivering solutions.,"Go,gRPC,Kubernetes","Development, testing, code review, and deployment.",Technology
EXP0640,CAN269,Flipkart,DevOps Engineer,2023-02-06,2024-04-01,14,Worked as part of the technology team delivering solutions.,"Python,FastAPI,Redis","Development, testing, code review, and deployment.",Finance
EXP0641,CAN269,Paytm,Software Engineer,2016-07-21,2020-05-01,46,Worked as part of the technology team delivering solutions.,"Angular,TypeScript,.NET","Development, testing, code review, and deployment.",E-commerce
EXP0642,CAN270,Reliance Industries,Product Analyst,2025-07-07,,13,Worked as part of the technology team delivering solutions.,"AWS,Docker,Kubernetes","Development, testing, code review, and deployment.",Telecommunications
EXP0643,CAN271,IBM India,Software Engineer,2025-06-09,,18,Worked as part of the technology team delivering solutions.,"React Native,Firebase,Node.js","Development, testing, code review, and deployment.",Finance
EXP0644,CAN271,MakeMyTrip,Team Lead,2021-09-14,2024-02-01,29,Worked as part of the technology team delivering solutions.,"AWS,Docker,Kubernetes","Development, testing, code review, and deployment.",Finance
EXP0645,CAN271,CarDekho,DevOps Engineer,2016-04-26,2020-12-01,56,Worked as part of the technology team delivering solutions.,"Salesforce,JavaScript,SQL","Development, testing, code review, and deployment.",Retail
EXP0646,CAN271,Flipkart,Systems Engineer,2011-05-19,2020-05-01,109,Worked as part of the technology team delivering solutions.,"Python,Django,PostgreSQL","Development, testing, code review, and deployment.",E-commerce
EXP0647,CAN272,PhonePe,Junior Developer,2021-01-28,,61,Worked as part of the technology team delivering solutions.,"AWS,Docker,Kubernetes","Development, testing, code review, and deployment.",Telecommunications
EXP0648,CAN272,CarDekho,HR Executive,2016-08-29,2021-11-01,63,Worked as part of the technology team delivering solutions.,"Python,FastAPI,Redis","Development, testing, code review, and deployment.",Retail
EXP0649,CAN272,Groww,Systems Engineer,2017-03-18,2020-04-01,37,Worked as part of the technology team delivering solutions.,"Go,gRPC,Kubernetes","Development, testing, code review, and deployment.",Manufacturing
EXP0650,CAN272,Ola,Product Analyst,2016-09-23,2020-11-01,50,Worked as part of the technology team delivering solutions.,"Python,Django,PostgreSQL","Development, testing, code review, and deployment.",Education
EXP0651,CAN273,HDFC Bank,Systems Engineer,2022-10-19,,42,Worked as part of the technology team delivering solutions.,"Salesforce,JavaScript,SQL","Development, testing, code review, and deployment.",Consulting
EXP0652,CAN273,Accenture,Sales Associate,2021-06-16,2024-05-01,35,Worked as part of the technology team delivering solutions.,"Salesforce,JavaScript,SQL","Development, testing, code review, and deployment.",Finance
EXP0653,CAN273,Flipkart,Product Analyst,2020-08-13,2022-11-01,27,Worked as part of the technology team delivering solutions.,"Python,Django,PostgreSQL","Development, testing, code review, and deployment.",Consulting
EXP0654,CAN273,Wipro,Software Engineer,2017-01-16,2020-01-01,36,Worked as part of the technology team delivering solutions.,"Go,gRPC,Kubernetes","Development, testing, code review, and deployment.",E-commerce
EXP0655,CAN274,Myntra,Senior Software Engineer,2024-05-14,,29,Worked as part of the technology team delivering solutions.,"Python,TensorFlow,Spark","Development, testing, code review, and deployment.",Consulting
EXP0656,CAN274,Unacademy,QA Engineer,2017-10-27,2022-09-01,59,Worked as part of the technology team delivering solutions.,"React,Node.js,MongoDB","Development, testing, code review, and deployment.",Consulting
EXP0657,CAN275,Groww,Data Analyst,2024-06-10,,19,Worked as part of the technology team delivering solutions.,"Python,TensorFlow,Spark","Development, testing, code review, and deployment.",Manufacturing
EXP0658,CAN276,Cognizant,Analyst,2025-11-06,,12,Worked as part of the technology team delivering solutions.,"Python,TensorFlow,Spark","Development, testing, code review, and deployment.",Technology
EXP0659,CAN276,Freshworks,Senior Software Engineer,2014-07-05,2020-10-01,76,Worked as part of the technology team delivering solutions.,"Salesforce,JavaScript,SQL","Development, testing, code review, and deployment.",Manufacturing
EXP0660,CAN277,Dream11,HR Executive,2024-01-13,,25,Worked as part of the technology team delivering solutions.,"Python,Django,PostgreSQL","Development, testing, code review, and deployment.",Telecommunications
EXP0661,CAN277,MakeMyTrip,Associate Consultant,2018-01-23,2022-07-01,54,Worked as part of the technology team delivering solutions.,"Python,FastAPI,Redis","Development, testing, code review, and deployment.",Media
EXP0662,CAN277,Capgemini,Team Lead,2023-09-08,2024-11-01,14,Worked as part of the technology team delivering solutions.,"Python,Pandas,Tableau","Development, testing, code review, and deployment.",Manufacturing
EXP0663,CAN277,TCS,Junior Developer,2011-11-16,2020-07-01,105,Worked as part of the technology team delivering solutions.,"Python,Pandas,Tableau","Development, testing, code review, and deployment.",Retail
EXP0664,CAN278,upGrad,HR Executive,2025-03-10,,18,Worked as part of the technology team delivering solutions.,"Angular,TypeScript,.NET","Development, testing, code review, and deployment.",Finance
EXP0665,CAN278,Nykaa,Senior Software Engineer,2023-10-10,2025-07-01,21,Worked as part of the technology team delivering solutions.,"AWS,Docker,Kubernetes","Development, testing, code review, and deployment.",Retail
EXP0666,CAN278,Meesho,Senior Software Engineer,2016-01-27,2020-11-01,58,Worked as part of the technology team delivering solutions.,"React,Node.js,MongoDB","Development, testing, code review, and deployment.",Technology
EXP0667,CAN279,Zerodha,Analyst,2023-11-14,,27,Worked as part of the technology team delivering solutions.,"Java,Spring Boot,MySQL","Development, testing, code review, and deployment.",Technology
EXP0668,CAN280,IBM India,Sales Associate,2025-05-10,,19,Worked as part of the technology team delivering solutions.,"Angular,TypeScript,.NET","Development, testing, code review, and deployment.",Retail
EXP0669,CAN280,Microsoft India,Product Analyst,2016-08-28,2021-10-01,62,Worked as part of the technology team delivering solutions.,"React Native,Firebase,Node.js","Development, testing, code review, and deployment.",Education
EXP0670,CAN281,CRED,Sales Associate,2025-05-07,,14,Worked as part of the technology team delivering solutions.,"Go,gRPC,Kubernetes","Development, testing, code review, and deployment.",Media
EXP0671,CAN282,Zomato,Marketing Executive,2023-05-20,,40,Worked as part of the technology team delivering solutions.,"Python,TensorFlow,Spark","Development, testing, code review, and deployment.",E-commerce
EXP0672,CAN282,Amazon India,Sales Associate,2021-11-15,2024-08-01,33,Worked as part of the technology team delivering solutions.,"Python,Django,PostgreSQL","Development, testing, code review, and deployment.",Finance
EXP0673,CAN282,Cognizant,Software Engineer,2022-01-10,2023-12-01,23,Worked as part of the technology team delivering solutions.,"Python,Pandas,Tableau","Development, testing, code review, and deployment.",Healthcare
EXP0674,CAN282,Flipkart,Product Analyst,2017-10-14,2020-05-01,31,Worked as part of the technology team delivering solutions.,"React Native,Firebase,Node.js","Development, testing, code review, and deployment.",Telecommunications
EXP0675,CAN283,Lenskart,Product Analyst,2024-11-11,,24,Worked as part of the technology team delivering solutions.,"Angular,TypeScript,.NET","Development, testing, code review, and deployment.",Media
EXP0676,CAN283,Ola,DevOps Engineer,2016-08-29,2021-12-01,64,Worked as part of the technology team delivering solutions.,"Go,gRPC,Kubernetes","Development, testing, code review, and deployment.",Education
EXP0677,CAN283,Nykaa,Marketing Executive,2023-02-07,2024-06-01,16,Worked as part of the technology team delivering solutions.,"Go,gRPC,Kubernetes","Development, testing, code review, and deployment.",Telecommunications
EXP0678,CAN283,Oracle India,DevOps Engineer,2012-02-16,2020-09-01,104,Worked as part of the technology team delivering solutions.,"Python,TensorFlow,Spark","Development, testing, code review, and deployment.",Technology
EXP0679,CAN284,CRED,Business Analyst,2024-06-11,,20,Worked as part of the technology team delivering solutions.,"React Native,Firebase,Node.js","Development, testing, code review, and deployment.",Education
EXP0680,CAN285,Delhivery,Marketing Executive,2025-06-09,,18,Worked as part of the technology team delivering solutions.,"Angular,TypeScript,.NET","Development, testing, code review, and deployment.",Healthcare
EXP0681,CAN286,Reliance Industries,HR Executive,2024-03-13,,23,Worked as part of the technology team delivering solutions.,"React Native,Firebase,Node.js","Development, testing, code review, and deployment.",Technology
EXP0682,CAN286,CarDekho,Data Analyst,2024-06-09,2025-12-01,18,Worked as part of the technology team delivering solutions.,"Python,TensorFlow,Spark","Development, testing, code review, and deployment.",Consulting
EXP0683,CAN286,Lenskart,Business Analyst,2014-09-01,2020-07-01,71,Worked as part of the technology team delivering solutions.,"Java,Spring Boot,MySQL","Development, testing, code review, and deployment.",Healthcare
EXP0684,CAN287,Wipro,HR Executive,2025-08-07,,14,Worked as part of the technology team delivering solutions.,"Java,Spring Boot,MySQL","Development, testing, code review, and deployment.",Education
EXP0685,CAN287,Kotak Mahindra Bank,Business Analyst,2018-02-22,2022-06-01,52,Worked as part of the technology team delivering solutions.,"React Native,Firebase,Node.js","Development, testing, code review, and deployment.",Media
EXP0686,CAN288,Flipkart,Data Analyst,2023-11-14,,27,Worked as part of the technology team delivering solutions.,"React Native,Firebase,Node.js","Development, testing, code review, and deployment.",Education
EXP0687,CAN288,Ola,Software Engineer,2023-02-11,2025-01-01,23,Worked as part of the technology team delivering solutions.,"Salesforce,JavaScript,SQL","Development, testing, code review, and deployment.",Education
EXP0688,CAN288,Wipro,Associate Consultant,2019-02-15,2021-11-01,33,Worked as part of the technology team delivering solutions.,"Salesforce,JavaScript,SQL","Development, testing, code review, and deployment.",E-commerce
EXP0689,CAN288,Myntra,Marketing Executive,2009-10-25,2020-01-01,124,Worked as part of the technology team delivering solutions.,"Angular,TypeScript,.NET","Development, testing, code review, and deployment.",Education
EXP0690,CAN289,Dream11,Junior Developer,2024-04-11,,24,Worked as part of the technology team delivering solutions.,"Angular,TypeScript,.NET","Development, testing, code review, and deployment.",Retail
EXP0691,CAN289,Delhivery,Product Analyst,2020-10-16,2023-10-01,36,Worked as part of the technology team delivering solutions.,"React,Node.js,MongoDB","Development, testing, code review, and deployment.",Telecommunications
EXP0692,CAN290,Swiggy,QA Engineer,2023-05-18,,37,Worked as part of the technology team delivering solutions.,"Python,TensorFlow,Spark","Development, testing, code review, and deployment.",Telecommunications
EXP0693,CAN290,Accenture,Systems Engineer,2023-02-11,2025-01-01,23,Worked as part of the technology team delivering solutions.,"Python,TensorFlow,Spark","Development, testing, code review, and deployment.",Media
EXP0694,CAN290,Groww,Data Analyst,2018-08-14,2021-03-01,31,Worked as part of the technology team delivering solutions.,"Salesforce,JavaScript,SQL","Development, testing, code review, and deployment.",Consulting
EXP0695,CAN291,PolicyBazaar,Associate Consultant,2021-03-28,,61,Worked as part of the technology team delivering solutions.,"Salesforce,JavaScript,SQL","Development, testing, code review, and deployment.",Retail
EXP0696,CAN291,Meesho,Senior Software Engineer,2018-09-23,2022-12-01,51,Worked as part of the technology team delivering solutions.,"Angular,TypeScript,.NET","Development, testing, code review, and deployment.",Retail
EXP0697,CAN291,Dream11,Team Lead,2020-04-11,2022-05-01,25,Worked as part of the technology team delivering solutions.,"Python,TensorFlow,Spark","Development, testing, code review, and deployment.",Telecommunications
EXP0698,CAN291,Meesho,Software Engineer,2017-10-13,2020-01-01,27,Worked as part of the technology team delivering solutions.,"AWS,Docker,Kubernetes","Development, testing, code review, and deployment.",Finance
EXP0699,CAN292,Cognizant,HR Executive,2020-12-02,,73,Worked as part of the technology team delivering solutions.,"Python,Pandas,Tableau","Development, testing, code review, and deployment.",Finance
EXP0700,CAN292,Paytm,Business Analyst,2019-09-20,2023-02-01,41,Worked as part of the technology team delivering solutions.,"Java,Spring Boot,MySQL","Development, testing, code review, and deployment.",Technology
EXP0701,CAN292,Oracle India,DevOps Engineer,2020-10-12,2022-12-01,26,Worked as part of the technology team delivering solutions.,"Java,Spring Boot,MySQL","Development, testing, code review, and deployment.",Consulting
EXP0702,CAN292,CRED,Senior Software Engineer,2017-12-14,2020-06-01,30,Worked as part of the technology team delivering solutions.,"Java,Spring Boot,MySQL","Development, testing, code review, and deployment.",Telecommunications
EXP0703,CAN293,PhonePe,Business Analyst,2024-06-14,,30,Worked as part of the technology team delivering solutions.,"Python,FastAPI,Redis","Development, testing, code review, and deployment.",Education
EXP0704,CAN294,Myntra,HR Executive,2024-07-13,,27,Worked as part of the technology team delivering solutions.,"AWS,Docker,Kubernetes","Development, testing, code review, and deployment.",Telecommunications
EXP0705,CAN294,Reliance Industries,Business Analyst,2019-12-22,2023-11-01,47,Worked as part of the technology team delivering solutions.,"Salesforce,JavaScript,SQL","Development, testing, code review, and deployment.",Technology
EXP0706,CAN295,Zomato,Team Lead,2025-10-06,,12,Worked as part of the technology team delivering solutions.,"Java,Spring Boot,MySQL","Development, testing, code review, and deployment.",Education
EXP0707,CAN296,Microsoft India,HR Executive,2020-01-07,,84,Worked as part of the technology team delivering solutions.,"Python,Pandas,Tableau","Development, testing, code review, and deployment.",Consulting
EXP0708,CAN296,Amazon India,Analyst,2024-01-08,2025-07-01,18,Worked as part of the technology team delivering solutions.,"Python,Django,PostgreSQL","Development, testing, code review, and deployment.",Healthcare
EXP0709,CAN296,Flipkart,Systems Engineer,2016-02-21,2020-03-01,49,Worked as part of the technology team delivering solutions.,"Python,FastAPI,Redis","Development, testing, code review, and deployment.",Healthcare
EXP0710,CAN296,Tata Motors,Data Analyst,2014-10-29,2020-03-01,65,Worked as part of the technology team delivering solutions.,"Go,gRPC,Kubernetes","Development, testing, code review, and deployment.",Manufacturing
EXP0711,CAN297,TCS,Systems Engineer,2024-02-11,,23,Worked as part of the technology team delivering solutions.,"Salesforce,JavaScript,SQL","Development, testing, code review, and deployment.",Retail
EXP0712,CAN297,Capgemini,Data Analyst,2018-04-25,2022-09-01,53,Worked as part of the technology team delivering solutions.,"Python,Django,PostgreSQL","Development, testing, code review, and deployment.",E-commerce
EXP0713,CAN298,Byju's,Systems Engineer,2025-02-09,,22,Worked as part of the technology team delivering solutions.,"Python,Django,PostgreSQL","Development, testing, code review, and deployment.",Education
EXP0714,CAN298,Wipro,Marketing Executive,2019-09-18,2023-03-01,42,Worked as part of the technology team delivering solutions.,"Go,gRPC,Kubernetes","Development, testing, code review, and deployment.",E-commerce
EXP0715,CAN298,Lenskart,Data Analyst,2018-07-15,2021-03-01,32,Worked as part of the technology team delivering solutions.,"React Native,Firebase,Node.js","Development, testing, code review, and deployment.",Technology
EXP0716,CAN298,Microsoft India,Marketing Executive,2012-04-14,2020-06-01,99,Worked as part of the technology team delivering solutions.,"React Native,Firebase,Node.js","Development, testing, code review, and deployment.",Manufacturing
EXP0717,CAN299,Kotak Mahindra Bank,Sales Associate,2024-08-13,,28,Worked as part of the technology team delivering solutions.,"Go,gRPC,Kubernetes","Development, testing, code review, and deployment.",E-commerce
EXP0718,CAN300,Zomato,Junior Developer,2023-05-18,,33,Worked as part of the technology team delivering solutions.,"Angular,TypeScript,.NET","Development, testing, code review, and deployment.",Consulting
EXP0719,CAN300,Wipro,Data Analyst,2018-01-24,2022-08-01,55,Worked as part of the technology team delivering solutions.,"React,Node.js,MongoDB","Development, testing, code review, and deployment.",Technology
