candidate_skill_id,candidate_id,skill_id,proficiency_level,proficiency_score,years_experience,evidence_text,evidence_source,confidence_score,verification_status
CS00001,CAN001,SKILL_151,Expert,98,1.0,Completed Vendor Management coding challenge with above-average performance.,assessment,0.61,verified
CS00002,CAN001,SKILL_090,Expert,95,6.6,Demonstrated strong Brand Management knowledge during technical interview.,interview,0.68,unverified
CS00003,CAN001,SKILL_030,Advanced,84,0.8,Answered MongoDB related questions with practical examples.,interview,0.56,pending
CS00004,CAN001,SKILL_093,Expert,93,4.8,Scored 87% in Compensation and Benefits assessment test.,assessment,0.77,verified
CS00005,CAN001,SKILL_065,Expert,91,4.9,Completed Kanban coding challenge with above-average performance.,assessment,0.67,pending
CS00006,CAN002,SKILL_110,Basic,38,1.5,Holds System Administration certification from recognized institution.,certification,0.9,verified
CS00007,CAN002,SKILL_134,Intermediate,59,1.1,Created Apache Airflow-based microservices serving 10K+ requests/sec.,project,0.43,verified
CS00008,CAN002,SKILL_009,Intermediate,61,2.2,Completed PHP coding challenge with above-average performance.,assessment,0.59,verified
CS00009,CAN002,SKILL_105,Intermediate,64,3.5,Completed Figma coding challenge with above-average performance.,assessment,0.82,verified
CS00010,CAN002,SKILL_027,Basic,36,3.2,Completed SQL coding challenge with above-average performance.,assessment,0.87,verified
CS00011,CAN002,SKILL_081,Intermediate,65,4.0,Answered Accounting related questions with practical examples.,interview,0.49,pending
CS00012,CAN002,SKILL_083,Intermediate,62,2.7,Answered Market Analysis related questions with practical examples.,interview,0.52,verified
CS00013,CAN002,SKILL_048,Intermediate,63,3.6,Answered Computer Vision related questions with practical examples.,interview,0.36,unverified
CS00014,CAN003,SKILL_141,Expert,93,1.0,Answered Augmented Reality related questions with practical examples.,interview,0.53,pending
CS00015,CAN003,SKILL_121,Advanced,83,1.4,Developed data pipeline using Selenium processing 1M+ records daily.,project,0.31,verified
CS00016,CAN003,SKILL_122,Advanced,85,0.6,Listed Performance Testing as key skill in resume.,resume,0.42,verified
CS00017,CAN003,SKILL_124,Advanced,80,4.6,Completed Android Development coding challenge with above-average performance.,assessment,0.8,verified
CS00018,CAN004,SKILL_042,Intermediate,62,2.2,Completed advanced Terraform certification course.,certification,0.59,pending
CS00019,CAN004,SKILL_058,Advanced,79,1.5,Created Cybersecurity-based microservices serving 10K+ requests/sec.,project,0.7,unverified
CS00020,CAN004,SKILL_044,Expert,93,0.9,Built REST APIs using Ansible for an e-commerce platform.,project,0.52,verified
CS00021,CAN004,SKILL_072,Advanced,79,5.2,Built REST APIs using Teamwork for an e-commerce platform.,project,0.54,unverified
CS00022,CAN004,SKILL_153,Advanced,75,9.6,Implemented Strategic Planning solution for real-time analytics dashboard.,project,0.59,pending
CS00023,CAN004,SKILL_144,Advanced,84,5.9,Answered Customer Relationship Management related questions with practical examples.,interview,0.76,unverified
CS00024,CAN004,SKILL_136,Advanced,79,0.8,Listed Google Analytics as key skill in resume.,resume,0.85,verified
CS00025,CAN004,SKILL_127,Advanced,79,3.1,Built REST APIs using Git/Version Control for an e-commerce platform.,project,0.49,verified
CS00026,CAN005,SKILL_004,Intermediate,58,1.7,Completed TypeScript coding challenge with above-average performance.,assessment,0.88,pending
CS00027,CAN005,SKILL_126,Expert,95,8.6,Demonstrated strong React Native knowledge during technical interview.,interview,0.84,verified
CS00028,CAN005,SKILL_079,Expert,100,8.8,Developed data pipeline using Mentoring processing 1M+ records daily.,project,0.57,pending
CS00029,CAN005,SKILL_083,Expert,92,2.6,Completed Market Analysis coding challenge with above-average performance.,assessment,0.84,pending
CS00030,CAN005,SKILL_028,Advanced,83,4.4,Completed PostgreSQL coding challenge with above-average performance.,assessment,0.79,pending
CS00031,CAN006,SKILL_139,Expert,90,5.9,Answered Blockchain related questions with practical examples.,interview,0.82,verified
CS00032,CAN006,SKILL_032,Expert,99,7.2,Scored 77% in Elasticsearch assessment test.,assessment,0.7,pending
CS00033,CAN006,SKILL_088,Expert,97,5.5,Mentioned SEO/SEM in resume with 3 years experience.,resume,0.34,verified
CS00034,CAN006,SKILL_132,Advanced,84,2.0,Demonstrated strong Data Warehousing knowledge during technical interview.,interview,0.82,unverified
CS00035,CAN007,SKILL_058,Advanced,82,0.8,Created Cybersecurity-based microservices serving 10K+ requests/sec.,project,0.36,unverified
CS00036,CAN007,SKILL_077,Advanced,77,0.9,Developed data pipeline using Negotiation processing 1M+ records daily.,project,0.57,unverified
CS00037,CAN007,SKILL_053,Advanced,81,2.5,Created Pandas-based microservices serving 10K+ requests/sec.,project,0.84,unverified
CS00038,CAN007,SKILL_152,Expert,97,1.5,Completed advanced Stakeholder Management certification course.,certification,0.8,verified
CS00039,CAN008,SKILL_150,Advanced,79,4.1,Demonstrated strong Compliance Management knowledge during technical interview.,interview,0.75,unverified
CS00040,CAN008,SKILL_074,Expert,97,0.7,Developed data pipeline using Critical Thinking processing 1M+ records daily.,project,0.7,unverified
CS00041,CAN008,SKILL_125,Advanced,85,6.1,Developed data pipeline using iOS Development processing 1M+ records daily.,project,0.8,pending
CS00042,CAN008,SKILL_082,Advanced,84,7.5,Built REST APIs using Budgeting for an e-commerce platform.,project,0.7,verified
CS00043,CAN008,SKILL_105,Expert,93,5.5,Answered Figma related questions with practical examples.,interview,0.47,verified
CS00044,CAN008,SKILL_088,Expert,92,6.8,Demonstrated strong SEO/SEM knowledge during technical interview.,interview,0.46,unverified
CS00045,CAN008,SKILL_081,Advanced,82,3.4,Scored 91% in Accounting assessment test.,assessment,0.85,verified
CS00046,CAN009,SKILL_153,Intermediate,57,3.9,Scored 67% in Strategic Planning assessment test.,assessment,1.0,verified
CS00047,CAN009,SKILL_108,Basic,42,2.2,Completed advanced User Research certification course.,certification,0.54,unverified
CS00048,CAN009,SKILL_014,Basic,37,3.3,Mentioned R in resume with 5 years experience.,resume,0.39,unverified
CS00049,CAN009,SKILL_154,Basic,38,0.6,Created Business Process Automation-based microservices serving 10K+ requests/sec.,project,0.58,unverified
CS00050,CAN009,SKILL_150,Intermediate,64,4.0,Completed Compliance Management coding challenge with above-average performance.,assessment,0.66,unverified
CS00051,CAN009,SKILL_086,Basic,43,3.4,Completed advanced Salesforce certification course.,certification,0.79,pending
CS00052,CAN010,SKILL_123,Advanced,79,5.6,Completed advanced Test Automation certification course.,certification,0.66,verified
CS00053,CAN010,SKILL_008,Advanced,77,7.2,Completed Rust coding challenge with above-average performance.,assessment,0.95,unverified
CS00054,CAN010,SKILL_002,Expert,90,0.5,Holds Java certification from recognized institution.,certification,0.93,pending
CS00055,CAN010,SKILL_067,Intermediate,64,3.3,Scored 87% in Project Management assessment test.,assessment,0.91,verified
CS00056,CAN011,SKILL_006,Basic,37,7.4,Scored 95% in C# assessment test.,assessment,0.75,verified
CS00057,CAN011,SKILL_014,Intermediate,56,1.9,Developed data pipeline using R processing 1M+ records daily.,project,0.81,pending
CS00058,CAN011,SKILL_105,Intermediate,61,6.1,Mentioned Figma in resume with 1 years experience.,resume,0.53,unverified
CS00059,CAN011,SKILL_072,Basic,43,1.3,Holds Teamwork certification from recognized institution.,certification,0.95,unverified
CS00060,CAN011,SKILL_115,Intermediate,62,2.9,Demonstrated strong System Design knowledge during technical interview.,interview,0.41,unverified
CS00061,CAN011,SKILL_102,Advanced,77,1.6,Listed Six Sigma as key skill in resume.,resume,0.76,pending
CS00062,CAN012,SKILL_035,Intermediate,63,9.5,Mentioned Amazon DynamoDB in resume with 4 years experience.,resume,0.58,pending
CS00063,CAN012,SKILL_122,Intermediate,58,2.2,Listed Performance Testing as key skill in resume.,resume,0.32,pending
CS00064,CAN012,SKILL_026,Intermediate,63,6.8,Listed GraphQL as key skill in resume.,resume,0.46,verified
CS00065,CAN012,SKILL_145,Basic,39,9.1,Demonstrated strong Active Listening knowledge during technical interview.,interview,0.78,unverified
CS00066,CAN012,SKILL_096,Intermediate,62,6.8,Scored 60% in HR Analytics assessment test.,assessment,0.7,unverified
CS00067,CAN012,SKILL_044,Basic,45,5.1,Demonstrated strong Ansible knowledge during technical interview.,interview,0.85,unverified
CS00068,CAN013,SKILL_115,Intermediate,57,7.4,Listed System Design as key skill in resume.,resume,0.32,unverified
CS00069,CAN013,SKILL_015,Advanced,82,8.0,Answered HTML/CSS related questions with practical examples.,interview,0.57,pending
CS00070,CAN013,SKILL_007,Intermediate,55,6.7,Completed Go coding challenge with above-average performance.,assessment,0.78,pending
CS00071,CAN013,SKILL_119,Intermediate,64,9.1,Created Unit Testing-based microservices serving 10K+ requests/sec.,project,0.55,verified
CS00072,CAN013,SKILL_120,Basic,37,3.3,Scored 88% in Integration Testing assessment test.,assessment,0.71,pending
CS00073,CAN014,SKILL_052,Advanced,77,1.0,Implemented PyTorch solution for real-time analytics dashboard.,project,0.35,verified
CS00074,CAN014,SKILL_025,Advanced,75,1.0,Scored 68% in REST API Design assessment test.,assessment,0.95,pending
CS00075,CAN014,SKILL_016,Intermediate,58,1.1,Demonstrated strong React knowledge during technical interview.,interview,0.48,pending
CS00076,CAN014,SKILL_069,Advanced,75,0.6,Demonstrated strong Product Management knowledge during technical interview.,interview,0.4,pending
CS00077,CAN014,SKILL_150,Expert,90,0.6,Demonstrated strong Compliance Management knowledge during technical interview.,interview,0.67,verified
CS00078,CAN015,SKILL_093,Advanced,77,0.5,Demonstrated strong Compensation and Benefits knowledge during technical interview.,interview,0.79,pending
CS00079,CAN015,SKILL_155,Advanced,78,0.5,Demonstrated strong Data Visualization knowledge during technical interview.,interview,0.33,pending
CS00080,CAN015,SKILL_065,Expert,99,0.5,Completed Kanban coding challenge with above-average performance.,assessment,0.63,verified
CS00081,CAN015,SKILL_107,Expert,93,0.5,Built REST APIs using Prototyping for an e-commerce platform.,project,0.57,verified
CS00082,CAN015,SKILL_122,Advanced,78,0.5,Completed advanced Performance Testing certification course.,certification,0.96,unverified
CS00083,CAN016,SKILL_066,Intermediate,57,1.2,Completed advanced Waterfall certification course.,certification,0.88,pending
CS00084,CAN016,SKILL_149,Advanced,80,4.2,Developed data pipeline using Risk Management processing 1M+ records daily.,project,0.48,unverified
CS00085,CAN016,SKILL_035,Advanced,83,3.5,Answered Amazon DynamoDB related questions with practical examples.,interview,0.5,pending
CS00086,CAN016,SKILL_005,Advanced,85,7.2,Completed C++ coding challenge with above-average performance.,assessment,0.73,verified
CS00087,CAN016,SKILL_107,Advanced,77,5.3,Completed advanced Prototyping certification course.,certification,0.77,pending
CS00088,CAN016,SKILL_133,Advanced,82,8.5,Scored 61% in Apache Kafka assessment test.,assessment,0.5,pending
CS00089,CAN016,SKILL_135,Advanced,83,7.0,Resume highlights Data Modeling expertise in multiple projects.,resume,0.38,verified
CS00090,CAN017,SKILL_093,Intermediate,61,4.7,Holds Compensation and Benefits certification from recognized institution.,certification,0.61,verified
CS00091,CAN017,SKILL_035,Intermediate,62,7.2,Completed advanced Amazon DynamoDB certification course.,certification,0.76,unverified
CS00092,CAN017,SKILL_066,Intermediate,61,2.7,Mentioned Waterfall in resume with 3 years experience.,resume,0.39,verified
CS00093,CAN017,SKILL_078,Basic,37,3.5,Holds Conflict Resolution certification from recognized institution.,certification,0.95,verified
CS00094,CAN017,SKILL_034,Intermediate,58,6.2,Scored 71% in Apache Cassandra assessment test.,assessment,0.62,verified
CS00095,CAN017,SKILL_025,Intermediate,61,3.0,Holds REST API Design certification from recognized institution.,certification,0.66,pending
CS00096,CAN017,SKILL_155,Basic,42,0.7,Mentioned Data Visualization in resume with 2 years experience.,resume,0.58,pending
CS00097,CAN018,SKILL_001,Advanced,85,3.0,Mentioned Python in resume with 3 years experience.,resume,0.64,unverified
CS00098,CAN018,SKILL_037,Expert,92,1.4,Resume highlights Microsoft Azure expertise in multiple projects.,resume,0.74,verified
CS00099,CAN018,SKILL_119,Advanced,83,1.8,Built REST APIs using Unit Testing for an e-commerce platform.,project,0.79,unverified
CS00100,CAN018,SKILL_024,Advanced,76,3.9,Answered .NET Framework related questions with practical examples.,interview,0.35,unverified
CS00101,CAN018,SKILL_117,Expert,95,3.9,Mentioned High Availability Architecture in resume with 4 years experience.,resume,0.59,unverified
CS00102,CAN018,SKILL_144,Advanced,80,3.9,Answered Customer Relationship Management related questions with practical examples.,interview,0.59,unverified
CS00103,CAN018,SKILL_110,Expert,93,2.9,Completed System Administration coding challenge with above-average performance.,assessment,0.67,unverified
CS00104,CAN019,SKILL_027,Advanced,77,0.5,Scored 66% in SQL assessment test.,assessment,0.8,pending
CS00105,CAN019,SKILL_038,Advanced,84,2.2,Developed data pipeline using Google Cloud Platform processing 1M+ records daily.,project,0.64,unverified
CS00106,CAN019,SKILL_035,Advanced,82,0.6,Demonstrated strong Amazon DynamoDB knowledge during technical interview.,interview,0.49,pending
CS00107,CAN019,SKILL_041,Expert,99,1.1,Holds CI/CD Pipelines certification from recognized institution.,certification,0.64,unverified
CS00108,CAN019,SKILL_149,Advanced,79,2.2,Built REST APIs using Risk Management for an e-commerce platform.,project,0.4,verified
CS00109,CAN019,SKILL_069,Expert,91,3.3,Resume highlights Product Management expertise in multiple projects.,resume,0.39,verified
CS00110,CAN019,SKILL_075,Expert,99,2.1,Built REST APIs using Time Management for an e-commerce platform.,project,0.71,verified
CS00111,CAN020,SKILL_059,Basic,40,8.3,Mentioned Network Security in resume with 2 years experience.,resume,0.36,pending
CS00112,CAN020,SKILL_078,Beginner,23,9.5,Resume highlights Conflict Resolution expertise in multiple projects.,resume,0.69,verified
CS00113,CAN020,SKILL_101,Intermediate,65,4.9,Scored 87% in Process Improvement assessment test.,assessment,0.81,unverified
CS00114,CAN020,SKILL_077,Intermediate,58,8.9,Listed Negotiation as key skill in resume.,resume,0.71,verified
CS00115,CAN021,SKILL_110,Advanced,77,0.9,Listed System Administration as key skill in resume.,resume,0.53,verified
CS00116,CAN021,SKILL_137,Intermediate,59,0.5,Holds A/B Testing certification from recognized institution.,certification,0.54,unverified
CS00117,CAN021,SKILL_049,Intermediate,58,0.8,Developed data pipeline using Data Analysis processing 1M+ records daily.,project,0.33,verified
CS00118,CAN021,SKILL_152,Intermediate,64,0.7,Holds Stakeholder Management certification from recognized institution.,certification,0.6,verified
CS00119,CAN021,SKILL_111,Intermediate,56,0.6,Developed data pipeline using Linux processing 1M+ records daily.,project,0.71,pending
CS00120,CAN021,SKILL_106,Advanced,75,0.9,Completed Adobe Creative Suite coding challenge with above-average performance.,assessment,0.7,unverified
CS00121,CAN021,SKILL_052,Intermediate,60,0.6,Built REST APIs using PyTorch for an e-commerce platform.,project,0.55,verified
CS00122,CAN021,SKILL_088,Intermediate,63,0.5,Mentioned SEO/SEM in resume with 5 years experience.,resume,0.73,verified
CS00123,CAN022,SKILL_038,Intermediate,64,0.7,Created Google Cloud Platform-based microservices serving 10K+ requests/sec.,project,0.66,verified
CS00124,CAN022,SKILL_083,Intermediate,63,0.7,Mentioned Market Analysis in resume with 2 years experience.,resume,0.74,verified
CS00125,CAN022,SKILL_012,Advanced,84,1.1,Scored 87% in Swift assessment test.,assessment,0.83,pending
CS00126,CAN022,SKILL_018,Advanced,81,0.6,Developed data pipeline using Vue.js processing 1M+ records daily.,project,0.51,pending
CS00127,CAN022,SKILL_110,Intermediate,64,1.0,Listed System Administration as key skill in resume.,resume,0.78,pending
CS00128,CAN022,SKILL_025,Intermediate,61,1.0,Resume highlights REST API Design expertise in multiple projects.,resume,0.62,verified
CS00129,CAN022,SKILL_104,Advanced,80,0.6,Demonstrated strong UI/UX Design knowledge during technical interview.,interview,0.5,pending
CS00130,CAN023,SKILL_123,Beginner,21,2.0,Holds Test Automation certification from recognized institution.,certification,0.63,verified
CS00131,CAN023,SKILL_116,Beginner,21,3.1,Implemented Distributed Systems solution for real-time analytics dashboard.,project,0.59,unverified
CS00132,CAN023,SKILL_020,Beginner,24,4.2,Demonstrated strong Django knowledge during technical interview.,interview,0.32,verified
CS00133,CAN023,SKILL_070,Basic,36,1.8,Developed data pipeline using Communication processing 1M+ records daily.,project,0.84,unverified
CS00134,CAN024,SKILL_035,Intermediate,63,2.2,Created Amazon DynamoDB-based microservices serving 10K+ requests/sec.,project,0.72,pending
CS00135,CAN024,SKILL_094,Expert,96,2.1,Scored 66% in Performance Management assessment test.,assessment,0.6,unverified
CS00136,CAN024,SKILL_130,Advanced,80,0.5,Listed API Gateway Management as key skill in resume.,resume,0.72,unverified
CS00137,CAN024,SKILL_036,Advanced,77,1.0,Holds AWS certification from recognized institution.,certification,0.6,unverified
CS00138,CAN024,SKILL_072,Intermediate,55,1.8,Answered Teamwork related questions with practical examples.,interview,0.54,pending
CS00139,CAN024,SKILL_102,Advanced,78,2.8,Created Six Sigma-based microservices serving 10K+ requests/sec.,project,0.39,verified
CS00140,CAN024,SKILL_146,Advanced,75,1.0,Developed data pipeline using Empathy processing 1M+ records daily.,project,0.6,pending
CS00141,CAN024,SKILL_076,Advanced,75,2.1,Answered Presentation Skills related questions with practical examples.,interview,0.52,unverified
CS00142,CAN025,SKILL_077,Advanced,84,1.0,Completed advanced Negotiation certification course.,certification,0.87,verified
CS00143,CAN025,SKILL_027,Expert,91,0.8,Holds SQL certification from recognized institution.,certification,0.92,pending
CS00144,CAN025,SKILL_015,Intermediate,56,0.5,Answered HTML/CSS related questions with practical examples.,interview,0.66,unverified
CS00145,CAN025,SKILL_014,Advanced,82,0.8,Holds R certification from recognized institution.,certification,0.62,unverified
CS00146,CAN025,SKILL_004,Intermediate,65,1.0,Implemented TypeScript solution for real-time analytics dashboard.,project,0.35,unverified
CS00147,CAN026,SKILL_138,Advanced,82,8.7,Completed advanced Mixpanel certification course.,certification,0.66,unverified
CS00148,CAN026,SKILL_027,Advanced,75,7.4,Resume highlights SQL expertise in multiple projects.,resume,0.64,verified
CS00149,CAN026,SKILL_060,Advanced,80,3.5,Answered Penetration Testing related questions with practical examples.,interview,0.53,verified
CS00150,CAN026,SKILL_037,Expert,98,6.0,Mentioned Microsoft Azure in resume with 5 years experience.,resume,0.63,verified
CS00151,CAN027,SKILL_114,Intermediate,64,0.9,Listed IT Service Management as key skill in resume.,resume,0.5,unverified
CS00152,CAN027,SKILL_062,Basic,37,3.5,Resume highlights Identity and Access Management expertise in multiple projects.,resume,0.63,verified
CS00153,CAN027,SKILL_096,Beginner,29,0.6,Answered HR Analytics related questions with practical examples.,interview,0.75,pending
CS00154,CAN027,SKILL_154,Basic,35,1.0,Completed Business Process Automation coding challenge with above-average performance.,assessment,0.94,verified
CS00155,CAN027,SKILL_133,Basic,41,2.1,Mentioned Apache Kafka in resume with 3 years experience.,resume,0.43,verified
CS00156,CAN027,SKILL_004,Beginner,22,1.0,Built REST APIs using TypeScript for an e-commerce platform.,project,0.35,unverified
CS00157,CAN027,SKILL_103,Basic,43,3.1,Mentioned Lean Management in resume with 3 years experience.,resume,0.4,pending
CS00158,CAN027,SKILL_142,Basic,36,2.9,Answered Edge Computing related questions with practical examples.,interview,0.41,unverified
CS00159,CAN028,SKILL_149,Intermediate,58,5.6,Completed advanced Risk Management certification course.,certification,0.94,verified
CS00160,CAN028,SKILL_154,Intermediate,60,2.1,Completed advanced Business Process Automation certification course.,certification,0.82,unverified
CS00161,CAN028,SKILL_155,Intermediate,64,4.0,Completed advanced Data Visualization certification course.,certification,0.89,unverified
CS00162,CAN028,SKILL_051,Intermediate,61,2.2,Developed data pipeline using TensorFlow processing 1M+ records daily.,project,0.33,verified
CS00163,CAN029,SKILL_042,Advanced,80,1.1,Created Terraform-based microservices serving 10K+ requests/sec.,project,0.4,verified
CS00164,CAN029,SKILL_102,Advanced,79,0.9,Answered Six Sigma related questions with practical examples.,interview,0.74,pending
CS00165,CAN029,SKILL_118,Expert,100,1.5,Holds Scalability Patterns certification from recognized institution.,certification,0.78,pending
CS00166,CAN029,SKILL_145,Advanced,79,0.6,Holds Active Listening certification from recognized institution.,certification,0.67,verified
CS00167,CAN029,SKILL_127,Expert,99,0.9,Holds Git/Version Control certification from recognized institution.,certification,0.86,verified
CS00168,CAN029,SKILL_141,Advanced,83,1.2,Developed data pipeline using Augmented Reality processing 1M+ records daily.,project,0.59,unverified
CS00169,CAN029,SKILL_010,Expert,90,0.9,Mentioned Ruby in resume with 1 years experience.,resume,0.57,verified
CS00170,CAN029,SKILL_028,Advanced,77,1.0,Answered PostgreSQL related questions with practical examples.,interview,0.32,unverified
CS00171,CAN030,SKILL_088,Intermediate,60,1.5,Holds SEO/SEM certification from recognized institution.,certification,0.93,verified
CS00172,CAN030,SKILL_039,Intermediate,65,0.9,Holds Docker certification from recognized institution.,certification,0.66,verified
CS00173,CAN030,SKILL_122,Advanced,82,1.7,Resume highlights Performance Testing expertise in multiple projects.,resume,0.71,pending
CS00174,CAN030,SKILL_030,Advanced,79,1.8,Completed MongoDB coding challenge with above-average performance.,assessment,0.64,pending
CS00175,CAN030,SKILL_078,Advanced,79,2.1,Completed Conflict Resolution coding challenge with above-average performance.,assessment,0.6,pending
CS00176,CAN030,SKILL_106,Advanced,81,1.0,Listed Adobe Creative Suite as key skill in resume.,resume,0.43,pending
CS00177,CAN030,SKILL_109,Intermediate,57,1.8,Holds Networking certification from recognized institution.,certification,0.59,verified
CS00178,CAN030,SKILL_049,Advanced,85,0.8,Built REST APIs using Data Analysis for an e-commerce platform.,project,0.34,verified
CS00179,CAN031,SKILL_068,Expert,97,0.6,Mentioned JIRA in resume with 4 years experience.,resume,0.74,verified
CS00180,CAN031,SKILL_149,Advanced,75,0.6,Completed advanced Risk Management certification course.,certification,0.57,pending
CS00181,CAN031,SKILL_037,Advanced,77,0.5,Answered Microsoft Azure related questions with practical examples.,interview,0.61,unverified
CS00182,CAN031,SKILL_081,Advanced,76,0.5,Answered Accounting related questions with practical examples.,interview,0.66,pending
CS00183,CAN031,SKILL_026,Advanced,75,0.6,Holds GraphQL certification from recognized institution.,certification,0.82,pending
CS00184,CAN032,SKILL_079,Advanced,80,5.7,Answered Mentoring related questions with practical examples.,interview,0.48,verified
CS00185,CAN032,SKILL_011,Advanced,84,9.1,Mentioned Kotlin in resume with 1 years experience.,resume,0.54,pending
CS00186,CAN032,SKILL_075,Advanced,77,5.1,Completed Time Management coding challenge with above-average performance.,assessment,0.93,pending
CS00187,CAN032,SKILL_102,Advanced,85,4.7,Completed Six Sigma coding challenge with above-average performance.,assessment,0.55,verified
CS00188,CAN033,SKILL_154,Intermediate,55,3.8,Listed Business Process Automation as key skill in resume.,resume,0.32,verified
CS00189,CAN033,SKILL_102,Intermediate,61,6.6,Resume highlights Six Sigma expertise in multiple projects.,resume,0.55,unverified
CS00190,CAN033,SKILL_135,Intermediate,56,4.0,Resume highlights Data Modeling expertise in multiple projects.,resume,0.78,unverified
CS00191,CAN033,SKILL_054,Intermediate,64,8.9,Implemented NumPy solution for real-time analytics dashboard.,project,0.8,unverified
CS00192,CAN034,SKILL_116,Intermediate,60,4.0,Holds Distributed Systems certification from recognized institution.,certification,0.54,unverified
CS00193,CAN034,SKILL_064,Intermediate,63,7.3,Implemented Scrum solution for real-time analytics dashboard.,project,0.76,unverified
CS00194,CAN034,SKILL_132,Intermediate,65,7.2,Answered Data Warehousing related questions with practical examples.,interview,0.56,pending
CS00195,CAN034,SKILL_125,Basic,41,4.1,Implemented iOS Development solution for real-time analytics dashboard.,project,0.45,verified
CS00196,CAN034,SKILL_028,Basic,44,9.8,Completed advanced PostgreSQL certification course.,certification,0.55,verified
CS00197,CAN034,SKILL_124,Basic,41,1.8,Resume highlights Android Development expertise in multiple projects.,resume,0.69,unverified
CS00198,CAN034,SKILL_145,Basic,36,8.7,Implemented Active Listening solution for real-time analytics dashboard.,project,0.56,unverified
CS00199,CAN034,SKILL_056,Basic,41,2.6,Implemented Tableau solution for real-time analytics dashboard.,project,0.4,verified
CS00200,CAN035,SKILL_048,Basic,41,2.5,Holds Computer Vision certification from recognized institution.,certification,0.93,pending
CS00201,CAN035,SKILL_063,Intermediate,60,4.6,Scored 90% in Agile Methodology assessment test.,assessment,0.82,verified
CS00202,CAN035,SKILL_035,Basic,39,6.8,Completed Amazon DynamoDB coding challenge with above-average performance.,assessment,0.69,verified
CS00203,CAN035,SKILL_155,Intermediate,61,9.7,Listed Data Visualization as key skill in resume.,resume,0.76,pending
CS00204,CAN035,SKILL_072,Intermediate,58,9.2,Scored 68% in Teamwork assessment test.,assessment,0.67,unverified
CS00205,CAN035,SKILL_093,Intermediate,63,9.8,Scored 86% in Compensation and Benefits assessment test.,assessment,0.67,verified
CS00206,CAN035,SKILL_051,Intermediate,64,8.8,Implemented TensorFlow solution for real-time analytics dashboard.,project,0.76,unverified
CS00207,CAN036,SKILL_013,Advanced,82,1.2,Scored 66% in Scala assessment test.,assessment,0.61,pending
CS00208,CAN036,SKILL_010,Advanced,78,3.9,Holds Ruby certification from recognized institution.,certification,0.82,unverified
CS00209,CAN036,SKILL_044,Advanced,77,1.5,Demonstrated strong Ansible knowledge during technical interview.,interview,0.56,unverified
CS00210,CAN036,SKILL_152,Advanced,78,3.9,Resume highlights Stakeholder Management expertise in multiple projects.,resume,0.37,unverified
CS00211,CAN036,SKILL_062,Advanced,85,1.8,Scored 82% in Identity and Access Management assessment test.,assessment,0.7,pending
CS00212,CAN036,SKILL_131,Intermediate,61,2.6,Holds ETL Pipelines certification from recognized institution.,certification,0.85,unverified
CS00213,CAN037,SKILL_127,Intermediate,57,0.7,Demonstrated strong Git/Version Control knowledge during technical interview.,interview,0.69,verified
CS00214,CAN037,SKILL_043,Advanced,80,0.7,Scored 80% in Jenkins assessment test.,assessment,0.86,pending
CS00215,CAN037,SKILL_135,Advanced,76,0.6,Listed Data Modeling as key skill in resume.,resume,0.35,unverified
CS00216,CAN037,SKILL_084,Intermediate,56,0.6,Created Business Strategy-based microservices serving 10K+ requests/sec.,project,0.71,verified
CS00217,CAN037,SKILL_002,Expert,92,0.6,Created Java-based microservices serving 10K+ requests/sec.,project,0.46,verified
CS00218,CAN038,SKILL_061,Intermediate,56,5.6,Implemented OWASP Security solution for real-time analytics dashboard.,project,0.41,unverified
CS00219,CAN038,SKILL_015,Basic,43,3.7,Implemented HTML/CSS solution for real-time analytics dashboard.,project,0.43,pending
CS00220,CAN038,SKILL_115,Basic,35,3.7,Completed System Design coding challenge with above-average performance.,assessment,0.56,verified
CS00221,CAN038,SKILL_049,Intermediate,58,6.2,Scored 89% in Data Analysis assessment test.,assessment,0.97,pending
CS00222,CAN039,SKILL_138,Intermediate,57,3.5,Completed advanced Mixpanel certification course.,certification,0.53,unverified
CS00223,CAN039,SKILL_114,Intermediate,60,4.8,Implemented IT Service Management solution for real-time analytics dashboard.,project,0.53,verified
CS00224,CAN039,SKILL_055,Basic,43,5.0,Answered Apache Spark related questions with practical examples.,interview,0.74,pending
CS00225,CAN039,SKILL_035,Intermediate,65,2.6,Scored 85% in Amazon DynamoDB assessment test.,assessment,0.93,pending
CS00226,CAN040,SKILL_091,Intermediate,55,1.8,Completed Talent Acquisition coding challenge with above-average performance.,assessment,0.95,pending
CS00227,CAN040,SKILL_007,Intermediate,62,3.9,Scored 80% in Go assessment test.,assessment,0.54,pending
CS00228,CAN040,SKILL_085,Basic,42,1.7,Scored 64% in CRM Systems assessment test.,assessment,0.65,pending
CS00229,CAN040,SKILL_023,Advanced,76,6.3,Holds Spring Boot certification from recognized institution.,certification,0.79,verified
CS00230,CAN040,SKILL_043,Intermediate,62,0.6,Listed Jenkins as key skill in resume.,resume,0.34,pending
CS00231,CAN040,SKILL_115,Intermediate,63,7.4,Answered System Design related questions with practical examples.,interview,0.68,verified
CS00232,CAN040,SKILL_102,Intermediate,63,2.2,Completed Six Sigma coding challenge with above-average performance.,assessment,0.71,unverified
CS00233,CAN041,SKILL_032,Basic,36,4.9,Completed advanced Elasticsearch certification course.,certification,0.57,unverified
CS00234,CAN041,SKILL_125,Basic,36,5.4,Resume highlights iOS Development expertise in multiple projects.,resume,0.38,pending
CS00235,CAN041,SKILL_113,Basic,38,4.7,Resume highlights Technical Writing expertise in multiple projects.,resume,0.41,verified
CS00236,CAN041,SKILL_150,Beginner,28,6.9,Mentioned Compliance Management in resume with 1 years experience.,resume,0.39,verified
CS00237,CAN041,SKILL_127,Beginner,23,1.1,Built REST APIs using Git/Version Control for an e-commerce platform.,project,0.45,verified
CS00238,CAN042,SKILL_127,Advanced,83,1.2,Answered Git/Version Control related questions with practical examples.,interview,0.66,verified
CS00239,CAN042,SKILL_040,Advanced,81,2.1,Developed data pipeline using Kubernetes processing 1M+ records daily.,project,0.73,verified
CS00240,CAN042,SKILL_064,Advanced,79,9.1,Completed Scrum coding challenge with above-average performance.,assessment,0.79,verified
CS00241,CAN042,SKILL_057,Expert,93,5.4,Implemented Power BI solution for real-time analytics dashboard.,project,0.31,verified
CS00242,CAN042,SKILL_051,Expert,90,6.0,Scored 85% in TensorFlow assessment test.,assessment,0.94,pending
CS00243,CAN042,SKILL_009,Advanced,77,8.9,Holds PHP certification from recognized institution.,certification,0.54,unverified
CS00244,CAN042,SKILL_124,Advanced,75,10.0,Developed data pipeline using Android Development processing 1M+ records daily.,project,0.58,unverified
CS00245,CAN042,SKILL_048,Advanced,83,4.9,Completed Computer Vision coding challenge with above-average performance.,assessment,0.53,pending
CS00246,CAN043,SKILL_062,Advanced,78,4.2,Developed data pipeline using Identity and Access Management processing 1M+ records daily.,project,0.66,unverified
CS00247,CAN043,SKILL_092,Advanced,79,0.8,Listed Employee Relations as key skill in resume.,resume,0.38,pending
CS00248,CAN043,SKILL_058,Expert,99,5.2,Listed Cybersecurity as key skill in resume.,resume,0.55,unverified
CS00249,CAN043,SKILL_153,Expert,94,6.9,Listed Strategic Planning as key skill in resume.,resume,0.38,pending
CS00250,CAN043,SKILL_042,Advanced,80,3.5,Demonstrated strong Terraform knowledge during technical interview.,interview,0.46,pending
CS00251,CAN043,SKILL_134,Advanced,76,0.8,Completed Apache Airflow coding challenge with above-average performance.,assessment,0.68,pending
CS00252,CAN043,SKILL_036,Advanced,79,0.8,Holds AWS certification from recognized institution.,certification,0.67,unverified
CS00253,CAN043,SKILL_014,Advanced,77,4.4,Completed advanced R certification course.,certification,0.55,pending
CS00254,CAN044,SKILL_071,Basic,35,0.8,Completed Leadership coding challenge with above-average performance.,assessment,0.99,pending
CS00255,CAN044,SKILL_084,Beginner,20,0.7,Completed Business Strategy coding challenge with above-average performance.,assessment,0.9,unverified
CS00256,CAN044,SKILL_113,Beginner,22,0.6,Scored 61% in Technical Writing assessment test.,assessment,0.82,verified
CS00257,CAN044,SKILL_044,Basic,41,0.6,Holds Ansible certification from recognized institution.,certification,0.65,verified
CS00258,CAN044,SKILL_018,Beginner,25,0.6,Scored 73% in Vue.js assessment test.,assessment,0.62,verified
CS00259,CAN044,SKILL_047,Basic,44,0.8,Demonstrated strong Natural Language Processing knowledge during technical interview.,interview,0.53,verified
CS00260,CAN045,SKILL_146,Basic,38,0.6,Built REST APIs using Empathy for an e-commerce platform.,project,0.54,pending
CS00261,CAN045,SKILL_142,Beginner,26,9.2,Resume highlights Edge Computing expertise in multiple projects.,resume,0.47,pending
CS00262,CAN045,SKILL_030,Beginner,28,9.7,Holds MongoDB certification from recognized institution.,certification,0.89,verified
CS00263,CAN045,SKILL_126,Basic,39,4.5,Created React Native-based microservices serving 10K+ requests/sec.,project,0.31,pending
CS00264,CAN045,SKILL_088,Basic,36,3.9,Mentioned SEO/SEM in resume with 5 years experience.,resume,0.56,pending
CS00265,CAN045,SKILL_151,Beginner,26,5.7,Developed data pipeline using Vendor Management processing 1M+ records daily.,project,0.42,pending
CS00266,CAN046,SKILL_149,Intermediate,59,1.5,Developed data pipeline using Risk Management processing 1M+ records daily.,project,0.49,verified
CS00267,CAN046,SKILL_033,Advanced,85,2.1,Scored 68% in Oracle Database assessment test.,assessment,0.83,verified
CS00268,CAN046,SKILL_141,Advanced,83,1.1,Answered Augmented Reality related questions with practical examples.,interview,0.62,verified
CS00269,CAN046,SKILL_074,Advanced,81,2.0,Developed data pipeline using Critical Thinking processing 1M+ records daily.,project,0.38,unverified
CS00270,CAN047,SKILL_120,Expert,96,0.5,Resume highlights Integration Testing expertise in multiple projects.,resume,0.41,pending
CS00271,CAN047,SKILL_064,Expert,97,0.5,Completed advanced Scrum certification course.,certification,0.58,pending
CS00272,CAN047,SKILL_110,Expert,91,0.5,Scored 74% in System Administration assessment test.,assessment,0.96,verified
CS00273,CAN047,SKILL_078,Expert,91,0.6,Holds Conflict Resolution certification from recognized institution.,certification,0.64,verified
CS00274,CAN047,SKILL_076,Advanced,85,0.5,Implemented Presentation Skills solution for real-time analytics dashboard.,project,0.63,unverified
CS00275,CAN047,SKILL_071,Expert,99,0.5,Implemented Leadership solution for real-time analytics dashboard.,project,0.52,verified
CS00276,CAN047,SKILL_116,Expert,90,0.5,Holds Distributed Systems certification from recognized institution.,certification,0.88,pending
CS00277,CAN047,SKILL_146,Advanced,80,0.5,Answered Empathy related questions with practical examples.,interview,0.7,unverified
CS00278,CAN048,SKILL_079,Basic,38,1.4,Mentioned Mentoring in resume with 3 years experience.,resume,0.55,pending
CS00279,CAN048,SKILL_003,Intermediate,57,0.8,Completed JavaScript coding challenge with above-average performance.,assessment,0.88,verified
CS00280,CAN048,SKILL_112,Basic,42,5.3,Listed Windows Server as key skill in resume.,resume,0.38,unverified
CS00281,CAN048,SKILL_073,Intermediate,56,5.0,Answered Problem Solving related questions with practical examples.,interview,0.51,verified
CS00282,CAN048,SKILL_033,Intermediate,65,5.2,Scored 66% in Oracle Database assessment test.,assessment,0.54,pending
CS00283,CAN048,SKILL_129,Intermediate,63,0.8,Listed Event-Driven Architecture as key skill in resume.,resume,0.49,verified
CS00284,CAN049,SKILL_073,Advanced,75,1.5,Built REST APIs using Problem Solving for an e-commerce platform.,project,0.71,unverified
CS00285,CAN049,SKILL_064,Intermediate,56,1.3,Completed advanced Scrum certification course.,certification,0.83,verified
CS00286,CAN049,SKILL_041,Advanced,76,1.8,Implemented CI/CD Pipelines solution for real-time analytics dashboard.,project,0.33,pending
CS00287,CAN049,SKILL_153,Intermediate,65,0.6,Listed Strategic Planning as key skill in resume.,resume,0.32,unverified
CS00288,CAN049,SKILL_008,Intermediate,60,0.6,Completed Rust coding challenge with above-average performance.,assessment,0.78,pending
CS00289,CAN050,SKILL_120,Basic,37,1.5,Scored 60% in Integration Testing assessment test.,assessment,0.62,unverified
CS00290,CAN050,SKILL_084,Basic,42,3.0,Mentioned Business Strategy in resume with 4 years experience.,resume,0.79,verified
CS00291,CAN050,SKILL_135,Beginner,22,5.5,Scored 71% in Data Modeling assessment test.,assessment,0.75,verified
CS00292,CAN050,SKILL_064,Intermediate,58,0.9,Created Scrum-based microservices serving 10K+ requests/sec.,project,0.51,unverified
CS00293,CAN051,SKILL_024,Expert,93,0.6,Developed data pipeline using .NET Framework processing 1M+ records daily.,project,0.69,pending
CS00294,CAN051,SKILL_138,Advanced,84,1.0,Answered Mixpanel related questions with practical examples.,interview,0.43,pending
CS00295,CAN051,SKILL_141,Intermediate,63,2.2,Built REST APIs using Augmented Reality for an e-commerce platform.,project,0.56,verified
CS00296,CAN051,SKILL_108,Advanced,76,2.2,Demonstrated strong User Research knowledge during technical interview.,interview,0.5,pending
CS00297,CAN052,SKILL_033,Intermediate,59,6.2,Demonstrated strong Oracle Database knowledge during technical interview.,interview,0.65,pending
CS00298,CAN052,SKILL_129,Intermediate,56,8.0,Answered Event-Driven Architecture related questions with practical examples.,interview,0.44,verified
CS00299,CAN052,SKILL_144,Intermediate,61,2.7,Completed advanced Customer Relationship Management certification course.,certification,0.95,pending
CS00300,CAN052,SKILL_103,Basic,37,7.9,Completed advanced Lean Management certification course.,certification,0.77,verified
CS00301,CAN052,SKILL_141,Intermediate,63,6.8,Holds Augmented Reality certification from recognized institution.,certification,0.96,pending
CS00302,CAN053,SKILL_129,Expert,90,0.6,Completed advanced Event-Driven Architecture certification course.,certification,0.87,unverified
CS00303,CAN053,SKILL_118,Expert,90,0.8,Completed Scalability Patterns coding challenge with above-average performance.,assessment,0.77,unverified
CS00304,CAN053,SKILL_076,Advanced,84,0.5,Answered Presentation Skills related questions with practical examples.,interview,0.3,pending
CS00305,CAN053,SKILL_081,Expert,92,0.6,Holds Accounting certification from recognized institution.,certification,0.77,pending
CS00306,CAN053,SKILL_113,Advanced,77,0.6,Implemented Technical Writing solution for real-time analytics dashboard.,project,0.56,unverified
CS00307,CAN054,SKILL_077,Intermediate,58,5.8,Resume highlights Negotiation expertise in multiple projects.,resume,0.75,pending
CS00308,CAN054,SKILL_088,Intermediate,56,9.4,Listed SEO/SEM as key skill in resume.,resume,0.38,unverified
CS00309,CAN054,SKILL_101,Intermediate,64,4.3,Answered Process Improvement related questions with practical examples.,interview,0.83,verified
CS00310,CAN054,SKILL_114,Intermediate,59,3.1,Answered IT Service Management related questions with practical examples.,interview,0.33,pending
CS00311,CAN054,SKILL_111,Intermediate,61,1.3,Listed Linux as key skill in resume.,resume,0.76,pending
CS00312,CAN054,SKILL_041,Intermediate,60,8.1,Created CI/CD Pipelines-based microservices serving 10K+ requests/sec.,project,0.62,unverified
CS00313,CAN055,SKILL_072,Advanced,80,6.3,Built REST APIs using Teamwork for an e-commerce platform.,project,0.64,unverified
CS00314,CAN055,SKILL_068,Expert,98,1.6,Scored 89% in JIRA assessment test.,assessment,0.84,unverified
CS00315,CAN055,SKILL_124,Expert,94,7.8,Listed Android Development as key skill in resume.,resume,0.69,verified
CS00316,CAN055,SKILL_071,Expert,94,0.6,Built REST APIs using Leadership for an e-commerce platform.,project,0.58,verified
CS00317,CAN055,SKILL_009,Advanced,78,0.6,Completed advanced PHP certification course.,certification,0.74,verified
CS00318,CAN055,SKILL_154,Expert,94,4.0,Completed advanced Business Process Automation certification course.,certification,0.73,unverified
CS00319,CAN056,SKILL_132,Expert,93,1.2,Created Data Warehousing-based microservices serving 10K+ requests/sec.,project,0.32,pending
CS00320,CAN056,SKILL_030,Expert,93,4.9,Implemented MongoDB solution for real-time analytics dashboard.,project,0.48,unverified
CS00321,CAN056,SKILL_155,Advanced,79,1.7,Holds Data Visualization certification from recognized institution.,certification,0.92,pending
CS00322,CAN056,SKILL_098,Advanced,78,5.2,Scored 72% in Supply Chain Management assessment test.,assessment,0.84,unverified
CS00323,CAN056,SKILL_062,Advanced,80,6.7,Demonstrated strong Identity and Access Management knowledge during technical interview.,interview,0.47,verified
CS00324,CAN056,SKILL_147,Advanced,77,5.7,Built REST APIs using Issue Resolution for an e-commerce platform.,project,0.68,unverified
CS00325,CAN056,SKILL_130,Advanced,83,7.0,Mentioned API Gateway Management in resume with 3 years experience.,resume,0.73,pending
CS00326,CAN057,SKILL_088,Basic,37,1.0,Holds SEO/SEM certification from recognized institution.,certification,0.74,unverified
CS00327,CAN057,SKILL_126,Intermediate,65,1.2,Holds React Native certification from recognized institution.,certification,0.81,unverified
CS00328,CAN057,SKILL_125,Intermediate,55,1.2,Completed iOS Development coding challenge with above-average performance.,assessment,0.61,verified
CS00329,CAN057,SKILL_072,Basic,45,1.2,Holds Teamwork certification from recognized institution.,certification,0.95,unverified
CS00330,CAN057,SKILL_121,Intermediate,55,1.2,Holds Selenium certification from recognized institution.,certification,0.56,verified
CS00331,CAN057,SKILL_023,Intermediate,60,1.2,Demonstrated strong Spring Boot knowledge during technical interview.,interview,0.68,verified
CS00332,CAN057,SKILL_048,Intermediate,64,0.7,Resume highlights Computer Vision expertise in multiple projects.,resume,0.33,verified
CS00333,CAN057,SKILL_055,Intermediate,56,0.6,Scored 87% in Apache Spark assessment test.,assessment,0.82,pending
CS00334,CAN058,SKILL_005,Advanced,78,8.7,Created C++-based microservices serving 10K+ requests/sec.,project,0.35,pending
CS00335,CAN058,SKILL_049,Advanced,84,9.0,Developed data pipeline using Data Analysis processing 1M+ records daily.,project,0.78,unverified
CS00336,CAN058,SKILL_154,Advanced,85,5.5,Demonstrated strong Business Process Automation knowledge during technical interview.,interview,0.79,verified
CS00337,CAN058,SKILL_094,Advanced,77,2.3,Completed advanced Performance Management certification course.,certification,0.82,verified
CS00338,CAN058,SKILL_124,Intermediate,56,2.5,Mentioned Android Development in resume with 4 years experience.,resume,0.85,pending
CS00339,CAN058,SKILL_073,Advanced,77,6.4,Created Problem Solving-based microservices serving 10K+ requests/sec.,project,0.69,unverified
CS00340,CAN059,SKILL_092,Basic,44,4.9,Resume highlights Employee Relations expertise in multiple projects.,resume,0.35,verified
CS00341,CAN059,SKILL_032,Intermediate,63,6.3,Resume highlights Elasticsearch expertise in multiple projects.,resume,0.33,verified
CS00342,CAN059,SKILL_045,Intermediate,59,5.5,Implemented Machine Learning solution for real-time analytics dashboard.,project,0.61,verified
CS00343,CAN059,SKILL_095,Intermediate,62,3.6,Holds Training and Development certification from recognized institution.,certification,0.63,verified
CS00344,CAN060,SKILL_038,Advanced,80,1.5,Implemented Google Cloud Platform solution for real-time analytics dashboard.,project,0.4,verified
CS00345,CAN060,SKILL_066,Advanced,79,1.3,Demonstrated strong Waterfall knowledge during technical interview.,interview,0.32,pending
CS00346,CAN060,SKILL_034,Advanced,85,1.1,Holds Apache Cassandra certification from recognized institution.,certification,0.54,unverified
CS00347,CAN060,SKILL_143,Advanced,81,1.3,Listed Generative AI as key skill in resume.,resume,0.82,unverified
CS00348,CAN060,SKILL_002,Intermediate,63,1.4,Holds Java certification from recognized institution.,certification,0.62,pending
CS00349,CAN060,SKILL_098,Expert,94,2.2,Built REST APIs using Supply Chain Management for an e-commerce platform.,project,0.46,unverified
CS00350,CAN060,SKILL_082,Advanced,80,1.1,Answered Budgeting related questions with practical examples.,interview,0.5,pending
CS00351,CAN060,SKILL_131,Advanced,84,1.2,Scored 64% in ETL Pipelines assessment test.,assessment,0.71,pending
CS00352,CAN061,SKILL_100,Advanced,85,4.6,Listed Quality Assurance as key skill in resume.,resume,0.63,pending
CS00353,CAN061,SKILL_065,Advanced,79,4.6,Built REST APIs using Kanban for an e-commerce platform.,project,0.55,pending
CS00354,CAN061,SKILL_072,Expert,97,0.6,Completed advanced Teamwork certification course.,certification,0.89,verified
CS00355,CAN061,SKILL_139,Advanced,80,3.2,Answered Blockchain related questions with practical examples.,interview,0.32,verified
CS00356,CAN061,SKILL_069,Advanced,80,2.8,Completed advanced Product Management certification course.,certification,0.68,verified
CS00357,CAN061,SKILL_061,Expert,97,6.6,Listed OWASP Security as key skill in resume.,resume,0.84,unverified
CS00358,CAN061,SKILL_132,Expert,92,2.5,Implemented Data Warehousing solution for real-time analytics dashboard.,project,0.84,unverified
CS00359,CAN062,SKILL_035,Basic,38,1.8,Implemented Amazon DynamoDB solution for real-time analytics dashboard.,project,0.45,verified
CS00360,CAN062,SKILL_097,Beginner,22,5.8,Created Labor Law Compliance-based microservices serving 10K+ requests/sec.,project,0.59,pending
CS00361,CAN062,SKILL_029,Basic,43,0.6,Completed advanced MySQL certification course.,certification,0.7,unverified
CS00362,CAN062,SKILL_128,Beginner,28,4.3,Listed Microservices Architecture as key skill in resume.,resume,0.67,pending
CS00363,CAN062,SKILL_104,Basic,39,5.5,Holds UI/UX Design certification from recognized institution.,certification,0.95,pending
CS00364,CAN062,SKILL_049,Basic,35,1.0,Resume highlights Data Analysis expertise in multiple projects.,resume,0.69,pending
CS00365,CAN062,SKILL_137,Basic,36,4.2,Demonstrated strong A/B Testing knowledge during technical interview.,interview,0.6,verified
CS00366,CAN062,SKILL_059,Basic,36,4.8,Answered Network Security related questions with practical examples.,interview,0.66,unverified
CS00367,CAN063,SKILL_062,Expert,98,6.3,Scored 79% in Identity and Access Management assessment test.,assessment,0.74,unverified
CS00368,CAN063,SKILL_107,Advanced,85,4.0,Answered Prototyping related questions with practical examples.,interview,0.74,verified
CS00369,CAN063,SKILL_019,Expert,97,4.5,Answered Node.js related questions with practical examples.,interview,0.62,verified
CS00370,CAN063,SKILL_082,Expert,97,3.2,Completed Budgeting coding challenge with above-average performance.,assessment,0.55,unverified
CS00371,CAN063,SKILL_119,Advanced,85,3.9,Completed advanced Unit Testing certification course.,certification,0.56,pending
CS00372,CAN063,SKILL_068,Advanced,78,9.4,Demonstrated strong JIRA knowledge during technical interview.,interview,0.8,verified
CS00373,CAN064,SKILL_017,Advanced,76,1.5,Created Angular-based microservices serving 10K+ requests/sec.,project,0.51,unverified
CS00374,CAN064,SKILL_006,Expert,92,1.4,Completed advanced C# certification course.,certification,0.69,verified
CS00375,CAN064,SKILL_058,Intermediate,60,0.8,Mentioned Cybersecurity in resume with 5 years experience.,resume,0.54,verified
CS00376,CAN064,SKILL_064,Advanced,85,1.7,Holds Scrum certification from recognized institution.,certification,0.79,verified
CS00377,CAN064,SKILL_034,Advanced,82,0.9,Built REST APIs using Apache Cassandra for an e-commerce platform.,project,0.67,pending
CS00378,CAN064,SKILL_055,Advanced,79,1.0,Holds Apache Spark certification from recognized institution.,certification,0.74,pending
CS00379,CAN065,SKILL_097,Intermediate,64,1.1,Mentioned Labor Law Compliance in resume with 3 years experience.,resume,0.7,verified
CS00380,CAN065,SKILL_117,Advanced,75,1.1,Resume highlights High Availability Architecture expertise in multiple projects.,resume,0.44,verified
CS00381,CAN065,SKILL_071,Intermediate,61,1.2,Resume highlights Leadership expertise in multiple projects.,resume,0.57,pending
CS00382,CAN065,SKILL_147,Intermediate,65,1.2,Listed Issue Resolution as key skill in resume.,resume,0.82,verified
CS00383,CAN065,SKILL_059,Advanced,79,1.9,Developed data pipeline using Network Security processing 1M+ records daily.,project,0.77,unverified
CS00384,CAN065,SKILL_013,Advanced,83,2.0,Implemented Scala solution for real-time analytics dashboard.,project,0.55,pending
CS00385,CAN065,SKILL_153,Advanced,81,2.6,Completed Strategic Planning coding challenge with above-average performance.,assessment,0.93,pending
CS00386,CAN065,SKILL_029,Intermediate,62,0.6,Demonstrated strong MySQL knowledge during technical interview.,interview,0.57,pending
CS00387,CAN066,SKILL_087,Expert,96,2.2,Holds Digital Marketing certification from recognized institution.,certification,0.87,pending
CS00388,CAN066,SKILL_033,Advanced,77,4.3,Completed Oracle Database coding challenge with above-average performance.,assessment,0.96,unverified
CS00389,CAN066,SKILL_118,Intermediate,65,1.3,Implemented Scalability Patterns solution for real-time analytics dashboard.,project,0.63,verified
CS00390,CAN066,SKILL_136,Advanced,84,2.8,Built REST APIs using Google Analytics for an e-commerce platform.,project,0.58,unverified
CS00391,CAN066,SKILL_009,Advanced,80,5.1,Mentioned PHP in resume with 2 years experience.,resume,0.43,pending
CS00392,CAN066,SKILL_001,Expert,98,3.2,Demonstrated strong Python knowledge during technical interview.,interview,0.66,verified
CS00393,CAN066,SKILL_041,Advanced,75,4.6,Answered CI/CD Pipelines related questions with practical examples.,interview,0.51,verified
CS00394,CAN067,SKILL_054,Advanced,77,6.3,Scored 71% in NumPy assessment test.,assessment,0.78,unverified
CS00395,CAN067,SKILL_085,Intermediate,62,1.6,Answered CRM Systems related questions with practical examples.,interview,0.38,pending
CS00396,CAN067,SKILL_081,Intermediate,59,3.5,Scored 89% in Accounting assessment test.,assessment,0.76,verified
CS00397,CAN067,SKILL_121,Advanced,83,8.4,Demonstrated strong Selenium knowledge during technical interview.,interview,0.57,verified
CS00398,CAN068,SKILL_126,Advanced,79,4.2,Holds React Native certification from recognized institution.,certification,0.98,unverified
CS00399,CAN068,SKILL_096,Intermediate,57,7.2,Scored 92% in HR Analytics assessment test.,assessment,0.66,unverified
CS00400,CAN068,SKILL_072,Intermediate,56,2.4,Demonstrated strong Teamwork knowledge during technical interview.,interview,0.65,pending
CS00401,CAN068,SKILL_002,Intermediate,55,3.4,Implemented Java solution for real-time analytics dashboard.,project,0.84,unverified
CS00402,CAN068,SKILL_095,Intermediate,58,4.6,Answered Training and Development related questions with practical examples.,interview,0.47,verified
CS00403,CAN069,SKILL_113,Expert,93,2.8,Created Technical Writing-based microservices serving 10K+ requests/sec.,project,0.84,pending
CS00404,CAN069,SKILL_038,Expert,96,2.0,Completed Google Cloud Platform coding challenge with above-average performance.,assessment,0.68,unverified
CS00405,CAN069,SKILL_033,Advanced,84,3.0,Implemented Oracle Database solution for real-time analytics dashboard.,project,0.65,pending
CS00406,CAN069,SKILL_108,Expert,94,1.2,Scored 92% in User Research assessment test.,assessment,0.86,pending
CS00407,CAN069,SKILL_072,Expert,100,5.0,Answered Teamwork related questions with practical examples.,interview,0.62,unverified
CS00408,CAN069,SKILL_083,Expert,95,4.5,Implemented Market Analysis solution for real-time analytics dashboard.,project,0.63,verified
CS00409,CAN069,SKILL_101,Expert,100,1.7,Developed data pipeline using Process Improvement processing 1M+ records daily.,project,0.8,unverified
CS00410,CAN069,SKILL_051,Advanced,75,1.4,Listed TensorFlow as key skill in resume.,resume,0.61,pending
CS00411,CAN070,SKILL_154,Expert,98,9.1,Completed Business Process Automation coding challenge with above-average performance.,assessment,0.9,verified
CS00412,CAN070,SKILL_108,Expert,93,2.6,Implemented User Research solution for real-time analytics dashboard.,project,0.78,verified
CS00413,CAN070,SKILL_054,Advanced,76,2.1,Completed advanced NumPy certification course.,certification,0.75,unverified
CS00414,CAN070,SKILL_001,Advanced,79,2.9,Holds Python certification from recognized institution.,certification,0.68,unverified
CS00415,CAN070,SKILL_070,Advanced,79,2.1,Completed advanced Communication certification course.,certification,0.64,pending
CS00416,CAN070,SKILL_097,Expert,92,8.3,Developed data pipeline using Labor Law Compliance processing 1M+ records daily.,project,0.75,pending
CS00417,CAN070,SKILL_120,Advanced,83,4.4,Completed Integration Testing coding challenge with above-average performance.,assessment,0.53,unverified
CS00418,CAN071,SKILL_079,Intermediate,60,2.7,Resume highlights Mentoring expertise in multiple projects.,resume,0.56,pending
CS00419,CAN071,SKILL_017,Intermediate,56,3.4,Completed Angular coding challenge with above-average performance.,assessment,0.5,unverified
CS00420,CAN071,SKILL_100,Basic,42,0.9,Completed advanced Quality Assurance certification course.,certification,0.71,pending
CS00421,CAN071,SKILL_114,Advanced,77,1.8,Holds IT Service Management certification from recognized institution.,certification,0.65,verified
CS00422,CAN071,SKILL_003,Intermediate,60,1.7,Answered JavaScript related questions with practical examples.,interview,0.44,verified
CS00423,CAN071,SKILL_127,Intermediate,64,4.4,Developed data pipeline using Git/Version Control processing 1M+ records daily.,project,0.63,verified
CS00424,CAN071,SKILL_136,Basic,39,2.4,Resume highlights Google Analytics expertise in multiple projects.,resume,0.8,verified
CS00425,CAN071,SKILL_059,Intermediate,56,3.3,Completed Network Security coding challenge with above-average performance.,assessment,0.8,unverified
CS00426,CAN072,SKILL_071,Intermediate,59,3.5,Developed data pipeline using Leadership processing 1M+ records daily.,project,0.38,pending
CS00427,CAN072,SKILL_127,Intermediate,56,4.7,Built REST APIs using Git/Version Control for an e-commerce platform.,project,0.37,pending
CS00428,CAN072,SKILL_046,Basic,38,2.8,Developed data pipeline using Deep Learning processing 1M+ records daily.,project,0.73,verified
CS00429,CAN072,SKILL_121,Intermediate,60,0.7,Answered Selenium related questions with practical examples.,interview,0.68,verified
CS00430,CAN073,SKILL_002,Advanced,75,0.6,Developed data pipeline using Java processing 1M+ records daily.,project,0.83,verified
CS00431,CAN073,SKILL_041,Advanced,76,6.7,Scored 83% in CI/CD Pipelines assessment test.,assessment,0.5,pending
CS00432,CAN073,SKILL_141,Expert,95,4.9,Developed data pipeline using Augmented Reality processing 1M+ records daily.,project,0.37,unverified
CS00433,CAN073,SKILL_022,Advanced,79,6.0,Mentioned FastAPI in resume with 5 years experience.,resume,0.56,pending
CS00434,CAN074,SKILL_102,Advanced,77,5.3,Holds Six Sigma certification from recognized institution.,certification,0.68,unverified
CS00435,CAN074,SKILL_015,Advanced,80,3.2,Completed advanced HTML/CSS certification course.,certification,0.53,pending
CS00436,CAN074,SKILL_127,Advanced,78,1.2,Completed advanced Git/Version Control certification course.,certification,0.59,unverified
CS00437,CAN074,SKILL_098,Advanced,85,6.1,Completed advanced Supply Chain Management certification course.,certification,0.75,pending
CS00438,CAN074,SKILL_099,Advanced,80,5.5,Completed Logistics Management coding challenge with above-average performance.,assessment,0.6,verified
CS00439,CAN074,SKILL_108,Expert,95,4.1,Answered User Research related questions with practical examples.,interview,0.66,pending
CS00440,CAN074,SKILL_147,Expert,98,5.0,Created Issue Resolution-based microservices serving 10K+ requests/sec.,project,0.62,unverified
CS00441,CAN074,SKILL_049,Advanced,75,2.9,Completed advanced Data Analysis certification course.,certification,0.55,unverified
CS00442,CAN075,SKILL_013,Intermediate,58,1.6,Resume highlights Scala expertise in multiple projects.,resume,0.63,pending
CS00443,CAN075,SKILL_131,Intermediate,55,7.0,Listed ETL Pipelines as key skill in resume.,resume,0.47,verified
CS00444,CAN075,SKILL_125,Intermediate,60,1.3,Holds iOS Development certification from recognized institution.,certification,0.62,verified
CS00445,CAN075,SKILL_030,Intermediate,62,7.8,Scored 66% in MongoDB assessment test.,assessment,0.67,pending
CS00446,CAN075,SKILL_064,Basic,43,5.1,Holds Scrum certification from recognized institution.,certification,0.79,pending
CS00447,CAN076,SKILL_072,Intermediate,56,7.1,Completed Teamwork coding challenge with above-average performance.,assessment,0.9,pending
CS00448,CAN076,SKILL_038,Intermediate,58,3.0,Holds Google Cloud Platform certification from recognized institution.,certification,0.64,unverified
CS00449,CAN076,SKILL_054,Intermediate,60,2.9,Completed advanced NumPy certification course.,certification,0.64,pending
CS00450,CAN076,SKILL_050,Intermediate,65,0.5,Implemented Statistical Modeling solution for real-time analytics dashboard.,project,0.73,verified
CS00451,CAN076,SKILL_115,Intermediate,58,5.0,Demonstrated strong System Design knowledge during technical interview.,interview,0.33,unverified
CS00452,CAN076,SKILL_057,Intermediate,63,0.7,Demonstrated strong Power BI knowledge during technical interview.,interview,0.37,verified
CS00453,CAN077,SKILL_141,Advanced,79,2.2,Demonstrated strong Augmented Reality knowledge during technical interview.,interview,0.4,pending
CS00454,CAN077,SKILL_030,Intermediate,61,1.7,Answered MongoDB related questions with practical examples.,interview,0.71,unverified
CS00455,CAN077,SKILL_109,Intermediate,58,1.5,Developed data pipeline using Networking processing 1M+ records daily.,project,0.71,pending
CS00456,CAN077,SKILL_123,Intermediate,59,0.7,Resume highlights Test Automation expertise in multiple projects.,resume,0.63,pending
CS00457,CAN077,SKILL_090,Advanced,75,2.1,Demonstrated strong Brand Management knowledge during technical interview.,interview,0.49,pending
CS00458,CAN077,SKILL_103,Intermediate,60,1.6,Answered Lean Management related questions with practical examples.,interview,0.75,pending
CS00459,CAN077,SKILL_104,Advanced,79,0.5,Scored 92% in UI/UX Design assessment test.,assessment,0.8,verified
CS00460,CAN077,SKILL_102,Advanced,83,1.2,Completed advanced Six Sigma certification course.,certification,0.5,pending
CS00461,CAN078,SKILL_009,Advanced,76,1.7,Listed PHP as key skill in resume.,resume,0.75,verified
CS00462,CAN078,SKILL_011,Intermediate,64,1.5,Completed Kotlin coding challenge with above-average performance.,assessment,0.8,verified
CS00463,CAN078,SKILL_030,Advanced,76,1.0,Answered MongoDB related questions with practical examples.,interview,0.6,unverified
CS00464,CAN078,SKILL_072,Intermediate,63,0.6,Developed data pipeline using Teamwork processing 1M+ records daily.,project,0.47,verified
CS00465,CAN078,SKILL_040,Intermediate,58,1.0,Answered Kubernetes related questions with practical examples.,interview,0.7,verified
CS00466,CAN078,SKILL_047,Intermediate,56,1.1,Implemented Natural Language Processing solution for real-time analytics dashboard.,project,0.37,verified
CS00467,CAN078,SKILL_095,Intermediate,59,1.4,Scored 62% in Training and Development assessment test.,assessment,0.53,pending
CS00468,CAN078,SKILL_053,Intermediate,61,0.8,Scored 78% in Pandas assessment test.,assessment,0.6,pending
CS00469,CAN079,SKILL_024,Expert,95,1.9,Answered .NET Framework related questions with practical examples.,interview,0.68,pending
CS00470,CAN079,SKILL_151,Advanced,79,4.1,Listed Vendor Management as key skill in resume.,resume,0.78,verified
CS00471,CAN079,SKILL_079,Advanced,76,6.3,Mentioned Mentoring in resume with 5 years experience.,resume,0.66,unverified
CS00472,CAN079,SKILL_058,Expert,97,4.6,Scored 90% in Cybersecurity assessment test.,assessment,0.54,unverified
CS00473,CAN079,SKILL_013,Expert,92,5.1,Mentioned Scala in resume with 2 years experience.,resume,0.71,verified
CS00474,CAN080,SKILL_142,Advanced,80,1.6,Created Edge Computing-based microservices serving 10K+ requests/sec.,project,0.82,verified
CS00475,CAN080,SKILL_099,Advanced,76,0.5,Implemented Logistics Management solution for real-time analytics dashboard.,project,0.62,verified
CS00476,CAN080,SKILL_055,Advanced,78,0.7,Built REST APIs using Apache Spark for an e-commerce platform.,project,0.45,verified
CS00477,CAN080,SKILL_029,Advanced,76,2.5,Created MySQL-based microservices serving 10K+ requests/sec.,project,0.82,pending
CS00478,CAN081,SKILL_074,Advanced,76,3.9,Mentioned Critical Thinking in resume with 1 years experience.,resume,0.37,unverified
CS00479,CAN081,SKILL_027,Advanced,76,0.6,Scored 60% in SQL assessment test.,assessment,0.68,pending
CS00480,CAN081,SKILL_034,Expert,100,4.3,Scored 80% in Apache Cassandra assessment test.,assessment,0.92,unverified
CS00481,CAN081,SKILL_141,Advanced,77,0.7,Completed advanced Augmented Reality certification course.,certification,0.52,verified
CS00482,CAN081,SKILL_011,Intermediate,59,6.9,Mentioned Kotlin in resume with 4 years experience.,resume,0.77,verified
CS00483,CAN081,SKILL_107,Expert,96,1.6,Holds Prototyping certification from recognized institution.,certification,0.71,unverified
CS00484,CAN082,SKILL_125,Advanced,85,3.1,Answered iOS Development related questions with practical examples.,interview,0.79,pending
CS00485,CAN082,SKILL_051,Expert,95,1.8,Created TensorFlow-based microservices serving 10K+ requests/sec.,project,0.51,pending
CS00486,CAN082,SKILL_154,Advanced,79,1.2,Built REST APIs using Business Process Automation for an e-commerce platform.,project,0.69,pending
CS00487,CAN082,SKILL_080,Advanced,84,4.5,Developed data pipeline using Financial Analysis processing 1M+ records daily.,project,0.83,pending
CS00488,CAN082,SKILL_138,Advanced,85,8.2,Holds Mixpanel certification from recognized institution.,certification,0.74,pending
CS00489,CAN083,SKILL_142,Advanced,83,2.4,Developed data pipeline using Edge Computing processing 1M+ records daily.,project,0.56,pending
CS00490,CAN083,SKILL_106,Advanced,79,3.6,Answered Adobe Creative Suite related questions with practical examples.,interview,0.58,pending
CS00491,CAN083,SKILL_062,Advanced,82,4.3,Developed data pipeline using Identity and Access Management processing 1M+ records daily.,project,0.75,verified
CS00492,CAN083,SKILL_105,Intermediate,61,3.4,Scored 79% in Figma assessment test.,assessment,0.84,unverified
CS00493,CAN084,SKILL_060,Basic,44,5.0,Developed data pipeline using Penetration Testing processing 1M+ records daily.,project,0.69,verified
CS00494,CAN084,SKILL_021,Intermediate,60,4.0,Built REST APIs using Flask for an e-commerce platform.,project,0.32,unverified
CS00495,CAN084,SKILL_034,Intermediate,59,1.3,Implemented Apache Cassandra solution for real-time analytics dashboard.,project,0.85,pending
CS00496,CAN084,SKILL_142,Intermediate,59,2.8,Holds Edge Computing certification from recognized institution.,certification,0.76,unverified
CS00497,CAN084,SKILL_122,Intermediate,55,2.3,Answered Performance Testing related questions with practical examples.,interview,0.31,unverified
CS00498,CAN085,SKILL_023,Intermediate,62,5.0,Completed advanced Spring Boot certification course.,certification,0.88,unverified
CS00499,CAN085,SKILL_148,Advanced,84,5.3,Mentioned Service Level Management in resume with 2 years experience.,resume,0.74,verified
CS00500,CAN085,SKILL_018,Expert,96,1.9,Demonstrated strong Vue.js knowledge during technical interview.,interview,0.6,pending
CS00501,CAN085,SKILL_008,Advanced,80,6.6,Completed advanced Rust certification course.,certification,0.68,verified
CS00502,CAN085,SKILL_141,Expert,90,5.9,Demonstrated strong Augmented Reality knowledge during technical interview.,interview,0.33,unverified
CS00503,CAN086,SKILL_132,Advanced,80,7.3,Demonstrated strong Data Warehousing knowledge during technical interview.,interview,0.57,pending
CS00504,CAN086,SKILL_003,Expert,100,9.3,Answered JavaScript related questions with practical examples.,interview,0.4,pending
CS00505,CAN086,SKILL_032,Expert,91,1.5,Holds Elasticsearch certification from recognized institution.,certification,0.83,pending
CS00506,CAN086,SKILL_128,Advanced,82,5.1,Developed data pipeline using Microservices Architecture processing 1M+ records daily.,project,0.74,pending
CS00507,CAN086,SKILL_119,Advanced,77,8.1,Holds Unit Testing certification from recognized institution.,certification,0.8,verified
CS00508,CAN086,SKILL_017,Expert,100,8.6,Developed data pipeline using Angular processing 1M+ records daily.,project,0.53,unverified
CS00509,CAN086,SKILL_095,Advanced,81,9.8,Completed Training and Development coding challenge with above-average performance.,assessment,0.9,pending
CS00510,CAN087,SKILL_021,Beginner,24,1.2,Answered Flask related questions with practical examples.,interview,0.74,verified
CS00511,CAN087,SKILL_038,Beginner,26,0.8,Developed data pipeline using Google Cloud Platform processing 1M+ records daily.,project,0.38,verified
CS00512,CAN087,SKILL_033,Beginner,30,0.7,Holds Oracle Database certification from recognized institution.,certification,0.55,pending
CS00513,CAN087,SKILL_036,Basic,44,1.7,Completed AWS coding challenge with above-average performance.,assessment,0.87,unverified
CS00514,CAN087,SKILL_041,Basic,37,1.1,Mentioned CI/CD Pipelines in resume with 2 years experience.,resume,0.75,verified
CS00515,CAN087,SKILL_028,Basic,36,0.7,Completed PostgreSQL coding challenge with above-average performance.,assessment,0.53,unverified
CS00516,CAN087,SKILL_091,Beginner,23,1.2,Completed advanced Talent Acquisition certification course.,certification,0.65,unverified
CS00517,CAN088,SKILL_005,Intermediate,59,1.1,Listed C++ as key skill in resume.,resume,0.48,unverified
CS00518,CAN088,SKILL_151,Intermediate,56,4.4,Completed Vendor Management coding challenge with above-average performance.,assessment,0.57,unverified
CS00519,CAN088,SKILL_076,Intermediate,64,5.2,Demonstrated strong Presentation Skills knowledge during technical interview.,interview,0.84,unverified
CS00520,CAN088,SKILL_033,Advanced,77,5.0,Developed data pipeline using Oracle Database processing 1M+ records daily.,project,0.61,unverified
CS00521,CAN088,SKILL_056,Intermediate,60,2.8,Completed Tableau coding challenge with above-average performance.,assessment,0.5,pending
CS00522,CAN088,SKILL_052,Intermediate,60,2.0,Completed PyTorch coding challenge with above-average performance.,assessment,0.51,verified
CS00523,CAN088,SKILL_109,Intermediate,64,3.8,Completed Networking coding challenge with above-average performance.,assessment,0.51,pending
CS00524,CAN088,SKILL_003,Basic,45,1.7,Scored 77% in JavaScript assessment test.,assessment,0.59,verified
CS00525,CAN089,SKILL_054,Expert,100,2.7,Listed NumPy as key skill in resume.,resume,0.85,unverified
CS00526,CAN089,SKILL_138,Expert,99,1.0,Answered Mixpanel related questions with practical examples.,interview,0.68,pending
CS00527,CAN089,SKILL_143,Advanced,82,1.6,Completed Generative AI coding challenge with above-average performance.,assessment,0.9,verified
CS00528,CAN089,SKILL_148,Expert,93,0.5,Listed Service Level Management as key skill in resume.,resume,0.73,unverified
CS00529,CAN089,SKILL_024,Expert,96,0.7,Mentioned .NET Framework in resume with 2 years experience.,resume,0.64,pending
CS00530,CAN089,SKILL_141,Advanced,79,0.5,Holds Augmented Reality certification from recognized institution.,certification,0.63,pending
CS00531,CAN089,SKILL_020,Advanced,84,2.6,Developed data pipeline using Django processing 1M+ records daily.,project,0.74,pending
CS00532,CAN089,SKILL_051,Expert,95,1.1,Developed data pipeline using TensorFlow processing 1M+ records daily.,project,0.39,pending
CS00533,CAN090,SKILL_049,Intermediate,57,3.0,Created Data Analysis-based microservices serving 10K+ requests/sec.,project,0.74,verified
CS00534,CAN090,SKILL_102,Intermediate,55,3.1,Created Six Sigma-based microservices serving 10K+ requests/sec.,project,0.39,unverified
CS00535,CAN090,SKILL_029,Basic,35,3.6,Answered MySQL related questions with practical examples.,interview,0.67,verified
CS00536,CAN090,SKILL_045,Basic,38,1.5,Created Machine Learning-based microservices serving 10K+ requests/sec.,project,0.51,unverified
CS00537,CAN091,SKILL_127,Expert,92,0.6,Completed Git/Version Control coding challenge with above-average performance.,assessment,0.84,pending
CS00538,CAN091,SKILL_083,Expert,91,0.6,Mentioned Market Analysis in resume with 1 years experience.,resume,0.8,unverified
CS00539,CAN091,SKILL_025,Expert,90,0.7,Listed REST API Design as key skill in resume.,resume,0.73,unverified
CS00540,CAN091,SKILL_119,Advanced,85,0.5,Created Unit Testing-based microservices serving 10K+ requests/sec.,project,0.61,verified
CS00541,CAN091,SKILL_042,Expert,96,0.5,Built REST APIs using Terraform for an e-commerce platform.,project,0.49,unverified
CS00542,CAN091,SKILL_063,Advanced,75,0.5,Answered Agile Methodology related questions with practical examples.,interview,0.37,pending
CS00543,CAN091,SKILL_036,Advanced,75,0.6,Scored 89% in AWS assessment test.,assessment,0.83,pending
CS00544,CAN091,SKILL_099,Expert,94,0.6,Mentioned Logistics Management in resume with 4 years experience.,resume,0.3,verified
CS00545,CAN092,SKILL_021,Basic,38,0.9,Completed Flask coding challenge with above-average performance.,assessment,0.86,unverified
CS00546,CAN092,SKILL_100,Advanced,77,0.5,Answered Quality Assurance related questions with practical examples.,interview,0.84,verified
CS00547,CAN092,SKILL_057,Intermediate,60,3.9,Completed advanced Power BI certification course.,certification,0.99,unverified
CS00548,CAN092,SKILL_147,Intermediate,62,9.2,Completed advanced Issue Resolution certification course.,certification,0.5,verified
CS00549,CAN092,SKILL_034,Basic,42,1.1,Mentioned Apache Cassandra in resume with 3 years experience.,resume,0.69,unverified
CS00550,CAN092,SKILL_152,Advanced,77,0.8,Resume highlights Stakeholder Management expertise in multiple projects.,resume,0.68,pending
CS00551,CAN093,SKILL_022,Basic,37,0.6,Scored 94% in FastAPI assessment test.,assessment,0.74,verified
CS00552,CAN093,SKILL_136,Intermediate,65,0.7,Scored 72% in Google Analytics assessment test.,assessment,0.93,verified
CS00553,CAN093,SKILL_133,Basic,36,0.6,Built REST APIs using Apache Kafka for an e-commerce platform.,project,0.49,unverified
CS00554,CAN093,SKILL_058,Basic,40,0.7,Mentioned Cybersecurity in resume with 5 years experience.,resume,0.34,pending
CS00555,CAN093,SKILL_068,Basic,38,0.6,Listed JIRA as key skill in resume.,resume,0.33,pending
CS00556,CAN093,SKILL_148,Intermediate,55,0.8,Mentioned Service Level Management in resume with 3 years experience.,resume,0.6,pending
CS00557,CAN093,SKILL_146,Intermediate,64,0.6,Created Empathy-based microservices serving 10K+ requests/sec.,project,0.55,verified
CS00558,CAN093,SKILL_029,Intermediate,58,0.6,Answered MySQL related questions with practical examples.,interview,0.5,verified
CS00559,CAN094,SKILL_108,Intermediate,57,4.3,Holds User Research certification from recognized institution.,certification,1.0,unverified
CS00560,CAN094,SKILL_142,Intermediate,65,8.9,Resume highlights Edge Computing expertise in multiple projects.,resume,0.46,pending
CS00561,CAN094,SKILL_015,Intermediate,61,7.1,Mentioned HTML/CSS in resume with 2 years experience.,resume,0.49,unverified
CS00562,CAN094,SKILL_089,Intermediate,64,5.5,Completed Content Marketing coding challenge with above-average performance.,assessment,0.63,pending
CS00563,CAN094,SKILL_125,Advanced,84,9.0,Completed iOS Development coding challenge with above-average performance.,assessment,0.91,unverified
CS00564,CAN094,SKILL_105,Basic,37,5.2,Holds Figma certification from recognized institution.,certification,0.53,unverified
CS00565,CAN095,SKILL_049,Basic,39,0.8,Answered Data Analysis related questions with practical examples.,interview,0.46,pending
CS00566,CAN095,SKILL_017,Basic,41,0.6,Completed Angular coding challenge with above-average performance.,assessment,0.56,verified
CS00567,CAN095,SKILL_086,Basic,35,0.9,Resume highlights Salesforce expertise in multiple projects.,resume,0.83,pending
CS00568,CAN095,SKILL_036,Basic,35,0.7,Demonstrated strong AWS knowledge during technical interview.,interview,0.47,unverified
CS00569,CAN096,SKILL_009,Advanced,85,1.6,Completed advanced PHP certification course.,certification,0.99,verified
CS00570,CAN096,SKILL_036,Expert,90,1.3,Demonstrated strong AWS knowledge during technical interview.,interview,0.34,unverified
CS00571,CAN096,SKILL_041,Advanced,80,1.1,Created CI/CD Pipelines-based microservices serving 10K+ requests/sec.,project,0.66,verified
CS00572,CAN096,SKILL_137,Advanced,84,1.1,Implemented A/B Testing solution for real-time analytics dashboard.,project,0.5,verified
CS00573,CAN097,SKILL_038,Advanced,85,0.6,Scored 81% in Google Cloud Platform assessment test.,assessment,0.94,pending
CS00574,CAN097,SKILL_110,Intermediate,55,0.6,Listed System Administration as key skill in resume.,resume,0.37,verified
CS00575,CAN097,SKILL_058,Intermediate,64,0.6,Completed advanced Cybersecurity certification course.,certification,0.58,pending
CS00576,CAN097,SKILL_095,Intermediate,57,0.6,Completed advanced Training and Development certification course.,certification,0.91,pending
CS00577,CAN098,SKILL_066,Intermediate,56,2.1,Demonstrated strong Waterfall knowledge during technical interview.,interview,0.83,pending
CS00578,CAN098,SKILL_150,Basic,39,2.1,Implemented Compliance Management solution for real-time analytics dashboard.,project,0.46,verified
CS00579,CAN098,SKILL_103,Intermediate,61,2.8,Completed Lean Management coding challenge with above-average performance.,assessment,0.65,pending
CS00580,CAN098,SKILL_029,Intermediate,64,3.5,Completed MySQL coding challenge with above-average performance.,assessment,0.69,unverified
CS00581,CAN098,SKILL_033,Basic,37,2.1,Holds Oracle Database certification from recognized institution.,certification,0.78,pending
CS00582,CAN098,SKILL_149,Intermediate,60,0.9,Implemented Risk Management solution for real-time analytics dashboard.,project,0.54,verified
CS00583,CAN098,SKILL_081,Intermediate,65,2.8,Implemented Accounting solution for real-time analytics dashboard.,project,0.46,pending
CS00584,CAN098,SKILL_079,Intermediate,64,1.4,Developed data pipeline using Mentoring processing 1M+ records daily.,project,0.33,verified
CS00585,CAN099,SKILL_074,Advanced,78,3.7,Scored 63% in Critical Thinking assessment test.,assessment,0.97,unverified
CS00586,CAN099,SKILL_121,Expert,97,1.6,Holds Selenium certification from recognized institution.,certification,0.76,unverified
CS00587,CAN099,SKILL_082,Advanced,84,3.3,Scored 94% in Budgeting assessment test.,assessment,0.95,unverified
CS00588,CAN099,SKILL_095,Intermediate,55,0.7,Answered Training and Development related questions with practical examples.,interview,0.58,pending
CS00589,CAN099,SKILL_053,Advanced,84,2.2,Resume highlights Pandas expertise in multiple projects.,resume,0.66,unverified
CS00590,CAN099,SKILL_014,Advanced,77,1.3,Completed advanced R certification course.,certification,0.9,unverified
CS00591,CAN099,SKILL_024,Advanced,75,0.8,Completed .NET Framework coding challenge with above-average performance.,assessment,0.72,pending
CS00592,CAN100,SKILL_150,Advanced,84,0.5,Created Compliance Management-based microservices serving 10K+ requests/sec.,project,0.72,verified
CS00593,CAN100,SKILL_130,Intermediate,57,0.6,Demonstrated strong API Gateway Management knowledge during technical interview.,interview,0.75,unverified
CS00594,CAN100,SKILL_022,Advanced,81,0.8,Developed data pipeline using FastAPI processing 1M+ records daily.,project,0.57,verified
CS00595,CAN100,SKILL_055,Advanced,81,0.6,Scored 75% in Apache Spark assessment test.,assessment,0.78,pending
CS00596,CAN101,SKILL_123,Advanced,79,8.4,Mentioned Test Automation in resume with 5 years experience.,resume,0.39,pending
CS00597,CAN101,SKILL_114,Expert,97,8.6,Completed IT Service Management coding challenge with above-average performance.,assessment,0.56,verified
CS00598,CAN101,SKILL_134,Expert,93,4.0,Holds Apache Airflow certification from recognized institution.,certification,0.85,pending
CS00599,CAN101,SKILL_090,Expert,100,4.8,Resume highlights Brand Management expertise in multiple projects.,resume,0.85,pending
CS00600,CAN102,SKILL_127,Advanced,81,0.9,Answered Git/Version Control related questions with practical examples.,interview,0.71,pending
CS00601,CAN102,SKILL_147,Expert,96,1.1,Demonstrated strong Issue Resolution knowledge during technical interview.,interview,0.51,verified
CS00602,CAN102,SKILL_089,Expert,99,1.4,Holds Content Marketing certification from recognized institution.,certification,0.76,pending
CS00603,CAN102,SKILL_078,Advanced,77,0.9,Listed Conflict Resolution as key skill in resume.,resume,0.73,verified
CS00604,CAN102,SKILL_024,Expert,98,0.8,Answered .NET Framework related questions with practical examples.,interview,0.74,unverified
CS00605,CAN102,SKILL_112,Expert,95,1.0,Scored 76% in Windows Server assessment test.,assessment,0.71,unverified
CS00606,CAN103,SKILL_116,Advanced,79,0.7,Answered Distributed Systems related questions with practical examples.,interview,0.42,unverified
CS00607,CAN103,SKILL_124,Intermediate,60,1.8,Implemented Android Development solution for real-time analytics dashboard.,project,0.53,unverified
CS00608,CAN103,SKILL_059,Advanced,81,0.6,Completed advanced Network Security certification course.,certification,0.91,pending
CS00609,CAN103,SKILL_058,Intermediate,55,2.2,Completed Cybersecurity coding challenge with above-average performance.,assessment,0.94,unverified
CS00610,CAN103,SKILL_032,Intermediate,58,1.0,Created Elasticsearch-based microservices serving 10K+ requests/sec.,project,0.32,pending
CS00611,CAN103,SKILL_118,Intermediate,59,1.8,Answered Scalability Patterns related questions with practical examples.,interview,0.54,pending
CS00612,CAN104,SKILL_011,Advanced,78,1.8,Listed Kotlin as key skill in resume.,resume,0.41,pending
CS00613,CAN104,SKILL_117,Expert,94,0.8,Completed advanced High Availability Architecture certification course.,certification,0.56,unverified
CS00614,CAN104,SKILL_042,Intermediate,64,1.7,Developed data pipeline using Terraform processing 1M+ records daily.,project,0.35,unverified
CS00615,CAN104,SKILL_087,Advanced,75,0.9,Answered Digital Marketing related questions with practical examples.,interview,0.6,unverified
CS00616,CAN104,SKILL_091,Advanced,78,1.7,Demonstrated strong Talent Acquisition knowledge during technical interview.,interview,0.49,unverified
CS00617,CAN104,SKILL_017,Expert,97,1.3,Demonstrated strong Angular knowledge during technical interview.,interview,0.8,verified
CS00618,CAN104,SKILL_138,Advanced,84,0.7,Completed Mixpanel coding challenge with above-average performance.,assessment,0.82,unverified
CS00619,CAN105,SKILL_006,Basic,42,2.6,Answered C# related questions with practical examples.,interview,0.58,pending
CS00620,CAN105,SKILL_033,Basic,42,2.8,Scored 80% in Oracle Database assessment test.,assessment,0.55,pending
CS00621,CAN105,SKILL_065,Basic,38,1.9,Mentioned Kanban in resume with 3 years experience.,resume,0.78,pending
CS00622,CAN105,SKILL_154,Beginner,27,1.3,Listed Business Process Automation as key skill in resume.,resume,0.69,verified
CS00623,CAN105,SKILL_018,Beginner,28,0.5,Completed advanced Vue.js certification course.,certification,0.58,unverified
CS00624,CAN105,SKILL_060,Beginner,21,4.9,Holds Penetration Testing certification from recognized institution.,certification,0.6,unverified
CS00625,CAN105,SKILL_040,Beginner,26,3.3,Answered Kubernetes related questions with practical examples.,interview,0.77,pending
CS00626,CAN106,SKILL_117,Intermediate,64,0.6,Demonstrated strong High Availability Architecture knowledge during technical interview.,interview,0.42,unverified
CS00627,CAN106,SKILL_018,Intermediate,56,5.9,Developed data pipeline using Vue.js processing 1M+ records daily.,project,0.58,verified
CS00628,CAN106,SKILL_132,Basic,35,6.4,Completed Data Warehousing coding challenge with above-average performance.,assessment,0.9,unverified
CS00629,CAN106,SKILL_094,Intermediate,62,2.8,Answered Performance Management related questions with practical examples.,interview,0.69,verified
CS00630,CAN107,SKILL_061,Basic,38,1.4,Created OWASP Security-based microservices serving 10K+ requests/sec.,project,0.85,verified
CS00631,CAN107,SKILL_106,Basic,40,6.2,Answered Adobe Creative Suite related questions with practical examples.,interview,0.45,verified
CS00632,CAN107,SKILL_041,Basic,38,1.9,Answered CI/CD Pipelines related questions with practical examples.,interview,0.72,unverified
CS00633,CAN107,SKILL_043,Beginner,27,6.6,Mentioned Jenkins in resume with 4 years experience.,resume,0.84,unverified
CS00634,CAN107,SKILL_142,Basic,41,2.5,Answered Edge Computing related questions with practical examples.,interview,0.38,unverified
CS00635,CAN107,SKILL_096,Basic,43,6.9,Resume highlights HR Analytics expertise in multiple projects.,resume,0.85,unverified
CS00636,CAN107,SKILL_095,Basic,38,5.1,Built REST APIs using Training and Development for an e-commerce platform.,project,0.52,unverified
CS00637,CAN108,SKILL_060,Advanced,78,6.4,Resume highlights Penetration Testing expertise in multiple projects.,resume,0.72,unverified
CS00638,CAN108,SKILL_055,Advanced,76,5.3,Built REST APIs using Apache Spark for an e-commerce platform.,project,0.81,verified
CS00639,CAN108,SKILL_023,Advanced,82,0.7,Holds Spring Boot certification from recognized institution.,certification,0.82,unverified
CS00640,CAN108,SKILL_074,Expert,97,5.2,Holds Critical Thinking certification from recognized institution.,certification,0.97,unverified
CS00641,CAN108,SKILL_016,Expert,95,5.7,Holds React certification from recognized institution.,certification,0.75,pending
CS00642,CAN108,SKILL_085,Expert,100,7.0,Answered CRM Systems related questions with practical examples.,interview,0.37,unverified
CS00643,CAN108,SKILL_130,Expert,95,6.7,Completed advanced API Gateway Management certification course.,certification,0.72,pending
CS00644,CAN108,SKILL_034,Expert,97,9.7,Mentioned Apache Cassandra in resume with 5 years experience.,resume,0.71,unverified
CS00645,CAN109,SKILL_110,Expert,92,0.5,Completed advanced System Administration certification course.,certification,0.55,verified
CS00646,CAN109,SKILL_007,Expert,99,0.7,Demonstrated strong Go knowledge during technical interview.,interview,0.45,pending
CS00647,CAN109,SKILL_047,Intermediate,57,0.9,Holds Natural Language Processing certification from recognized institution.,certification,0.91,unverified
CS00648,CAN109,SKILL_004,Intermediate,62,0.9,Completed TypeScript coding challenge with above-average performance.,assessment,0.56,unverified
CS00649,CAN109,SKILL_003,Advanced,78,0.7,Demonstrated strong JavaScript knowledge during technical interview.,interview,0.77,unverified
CS00650,CAN109,SKILL_035,Intermediate,59,0.6,Listed Amazon DynamoDB as key skill in resume.,resume,0.5,unverified
CS00651,CAN110,SKILL_039,Expert,98,2.3,Built REST APIs using Docker for an e-commerce platform.,project,0.61,pending
CS00652,CAN110,SKILL_002,Intermediate,60,1.8,Answered Java related questions with practical examples.,interview,0.73,pending
CS00653,CAN110,SKILL_129,Advanced,75,2.1,Scored 91% in Event-Driven Architecture assessment test.,assessment,0.76,unverified
CS00654,CAN110,SKILL_114,Intermediate,55,2.2,Mentioned IT Service Management in resume with 2 years experience.,resume,0.41,unverified
CS00655,CAN110,SKILL_036,Advanced,79,1.3,Completed advanced AWS certification course.,certification,0.58,unverified
CS00656,CAN110,SKILL_099,Expert,90,1.9,Answered Logistics Management related questions with practical examples.,interview,0.76,pending
CS00657,CAN111,SKILL_067,Expert,91,0.8,Listed Project Management as key skill in resume.,resume,0.33,unverified
CS00658,CAN111,SKILL_031,Expert,100,0.7,Answered Redis related questions with practical examples.,interview,0.5,pending
CS00659,CAN111,SKILL_090,Advanced,79,1.7,Answered Brand Management related questions with practical examples.,interview,0.75,pending
CS00660,CAN111,SKILL_100,Intermediate,59,1.5,Scored 91% in Quality Assurance assessment test.,assessment,0.75,unverified
CS00661,CAN111,SKILL_079,Advanced,81,1.4,Created Mentoring-based microservices serving 10K+ requests/sec.,project,0.69,verified
CS00662,CAN112,SKILL_038,Beginner,27,4.5,Resume highlights Google Cloud Platform expertise in multiple projects.,resume,0.35,unverified
CS00663,CAN112,SKILL_145,Intermediate,64,7.7,Developed data pipeline using Active Listening processing 1M+ records daily.,project,0.35,pending
CS00664,CAN112,SKILL_020,Beginner,26,9.4,Developed data pipeline using Django processing 1M+ records daily.,project,0.6,unverified
CS00665,CAN112,SKILL_102,Basic,35,3.2,Holds Six Sigma certification from recognized institution.,certification,0.75,pending
CS00666,CAN112,SKILL_113,Beginner,29,6.8,Scored 84% in Technical Writing assessment test.,assessment,0.8,pending
CS00667,CAN112,SKILL_015,Basic,40,3.2,Answered HTML/CSS related questions with practical examples.,interview,0.35,verified
CS00668,CAN112,SKILL_089,Basic,37,8.4,Scored 94% in Content Marketing assessment test.,assessment,0.84,verified
CS00669,CAN113,SKILL_001,Advanced,82,1.0,Scored 73% in Python assessment test.,assessment,0.75,unverified
CS00670,CAN113,SKILL_058,Expert,94,1.2,Built REST APIs using Cybersecurity for an e-commerce platform.,project,0.33,verified
CS00671,CAN113,SKILL_014,Advanced,79,1.0,Holds R certification from recognized institution.,certification,0.52,unverified
CS00672,CAN113,SKILL_002,Expert,92,0.7,Developed data pipeline using Java processing 1M+ records daily.,project,0.73,unverified
CS00673,CAN114,SKILL_139,Intermediate,65,7.5,Holds Blockchain certification from recognized institution.,certification,0.88,pending
CS00674,CAN114,SKILL_055,Intermediate,65,5.5,Completed Apache Spark coding challenge with above-average performance.,assessment,0.83,pending
CS00675,CAN114,SKILL_024,Basic,37,5.1,Completed .NET Framework coding challenge with above-average performance.,assessment,0.88,pending
CS00676,CAN114,SKILL_047,Intermediate,57,7.4,Developed data pipeline using Natural Language Processing processing 1M+ records daily.,project,0.8,pending
CS00677,CAN114,SKILL_036,Intermediate,65,8.7,Completed advanced AWS certification course.,certification,0.85,verified
CS00678,CAN114,SKILL_074,Intermediate,56,0.8,Demonstrated strong Critical Thinking knowledge during technical interview.,interview,0.83,unverified
CS00679,CAN114,SKILL_078,Intermediate,60,5.9,Holds Conflict Resolution certification from recognized institution.,certification,0.96,unverified
CS00680,CAN114,SKILL_136,Basic,39,3.3,Created Google Analytics-based microservices serving 10K+ requests/sec.,project,0.5,unverified
CS00681,CAN115,SKILL_111,Advanced,80,4.5,Demonstrated strong Linux knowledge during technical interview.,interview,0.71,pending
CS00682,CAN115,SKILL_042,Advanced,80,5.6,Resume highlights Terraform expertise in multiple projects.,resume,0.84,verified
CS00683,CAN115,SKILL_076,Advanced,76,1.6,Scored 78% in Presentation Skills assessment test.,assessment,0.99,unverified
CS00684,CAN115,SKILL_137,Intermediate,58,1.7,Scored 68% in A/B Testing assessment test.,assessment,0.6,verified
CS00685,CAN115,SKILL_074,Advanced,78,2.4,Listed Critical Thinking as key skill in resume.,resume,0.49,unverified
CS00686,CAN115,SKILL_047,Advanced,81,2.5,Scored 70% in Natural Language Processing assessment test.,assessment,0.71,verified
CS00687,CAN116,SKILL_080,Expert,94,7.0,Completed advanced Financial Analysis certification course.,certification,0.9,verified
CS00688,CAN116,SKILL_139,Intermediate,58,1.6,Completed advanced Blockchain certification course.,certification,0.66,pending
CS00689,CAN116,SKILL_079,Expert,99,0.8,Holds Mentoring certification from recognized institution.,certification,0.91,unverified
CS00690,CAN116,SKILL_024,Advanced,84,5.2,Completed .NET Framework coding challenge with above-average performance.,assessment,0.84,verified
CS00691,CAN117,SKILL_150,Expert,90,0.7,Listed Compliance Management as key skill in resume.,resume,0.54,verified
CS00692,CAN117,SKILL_030,Advanced,81,3.9,Mentioned MongoDB in resume with 3 years experience.,resume,0.36,unverified
CS00693,CAN117,SKILL_056,Expert,96,2.5,Mentioned Tableau in resume with 1 years experience.,resume,0.76,pending
CS00694,CAN117,SKILL_126,Advanced,75,2.8,Developed data pipeline using React Native processing 1M+ records daily.,project,0.45,verified
CS00695,CAN117,SKILL_062,Expert,97,1.5,Mentioned Identity and Access Management in resume with 1 years experience.,resume,0.76,verified
CS00696,CAN117,SKILL_020,Expert,93,4.1,Holds Django certification from recognized institution.,certification,0.6,pending
CS00697,CAN117,SKILL_024,Expert,97,1.0,Listed .NET Framework as key skill in resume.,resume,0.37,pending
CS00698,CAN117,SKILL_138,Advanced,76,3.8,Created Mixpanel-based microservices serving 10K+ requests/sec.,project,0.32,verified
CS00699,CAN118,SKILL_154,Advanced,85,7.0,Listed Business Process Automation as key skill in resume.,resume,0.59,unverified
CS00700,CAN118,SKILL_099,Expert,100,1.2,Holds Logistics Management certification from recognized institution.,certification,0.72,unverified
CS00701,CAN118,SKILL_003,Expert,96,7.7,Created JavaScript-based microservices serving 10K+ requests/sec.,project,0.45,unverified
CS00702,CAN118,SKILL_077,Expert,93,2.8,Resume highlights Negotiation expertise in multiple projects.,resume,0.46,pending
CS00703,CAN118,SKILL_055,Expert,92,6.3,Resume highlights Apache Spark expertise in multiple projects.,resume,0.36,verified
CS00704,CAN118,SKILL_045,Expert,100,6.9,Implemented Machine Learning solution for real-time analytics dashboard.,project,0.33,pending
CS00705,CAN118,SKILL_140,Expert,98,5.3,Completed advanced Internet of Things certification course.,certification,0.58,unverified
CS00706,CAN118,SKILL_048,Expert,95,0.8,Completed Computer Vision coding challenge with above-average performance.,assessment,0.94,unverified
CS00707,CAN119,SKILL_065,Intermediate,62,1.6,Completed Kanban coding challenge with above-average performance.,assessment,0.55,verified
CS00708,CAN119,SKILL_110,Basic,37,1.4,Completed System Administration coding challenge with above-average performance.,assessment,0.51,verified
CS00709,CAN119,SKILL_034,Intermediate,63,0.6,Holds Apache Cassandra certification from recognized institution.,certification,0.99,unverified
CS00710,CAN119,SKILL_097,Intermediate,63,3.7,Answered Labor Law Compliance related questions with practical examples.,interview,0.61,verified
CS00711,CAN120,SKILL_114,Basic,43,2.7,Scored 92% in IT Service Management assessment test.,assessment,0.88,pending
CS00712,CAN120,SKILL_060,Beginner,23,1.4,Completed Penetration Testing coding challenge with above-average performance.,assessment,0.96,verified
CS00713,CAN120,SKILL_029,Basic,37,2.1,Answered MySQL related questions with practical examples.,interview,0.68,pending
CS00714,CAN120,SKILL_061,Basic,41,6.9,Scored 62% in OWASP Security assessment test.,assessment,0.67,verified
CS00715,CAN120,SKILL_035,Beginner,29,6.5,Holds Amazon DynamoDB certification from recognized institution.,certification,0.58,unverified
CS00716,CAN120,SKILL_006,Beginner,23,2.7,Holds C# certification from recognized institution.,certification,0.53,unverified
CS00717,CAN121,SKILL_066,Basic,45,2.8,Holds Waterfall certification from recognized institution.,certification,0.97,pending
CS00718,CAN121,SKILL_104,Intermediate,63,8.0,Answered UI/UX Design related questions with practical examples.,interview,0.82,pending
CS00719,CAN121,SKILL_046,Basic,44,2.9,Resume highlights Deep Learning expertise in multiple projects.,resume,0.79,verified
CS00720,CAN121,SKILL_095,Basic,35,5.4,Built REST APIs using Training and Development for an e-commerce platform.,project,0.47,unverified
CS00721,CAN121,SKILL_098,Intermediate,58,1.9,Listed Supply Chain Management as key skill in resume.,resume,0.79,verified
CS00722,CAN121,SKILL_139,Intermediate,65,6.2,Demonstrated strong Blockchain knowledge during technical interview.,interview,0.82,verified
CS00723,CAN121,SKILL_123,Basic,36,8.2,Scored 75% in Test Automation assessment test.,assessment,0.92,pending
CS00724,CAN122,SKILL_018,Advanced,76,0.7,Built REST APIs using Vue.js for an e-commerce platform.,project,0.34,pending
CS00725,CAN122,SKILL_101,Expert,95,0.6,Developed data pipeline using Process Improvement processing 1M+ records daily.,project,0.56,pending
CS00726,CAN122,SKILL_136,Advanced,77,0.7,Scored 90% in Google Analytics assessment test.,assessment,0.7,unverified
CS00727,CAN122,SKILL_152,Expert,94,0.8,Listed Stakeholder Management as key skill in resume.,resume,0.55,verified
CS00728,CAN122,SKILL_055,Expert,97,0.6,Completed Apache Spark coding challenge with above-average performance.,assessment,0.88,verified
CS00729,CAN122,SKILL_115,Advanced,78,0.6,Completed System Design coding challenge with above-average performance.,assessment,0.69,unverified
CS00730,CAN123,SKILL_136,Advanced,77,2.8,Mentioned Google Analytics in resume with 4 years experience.,resume,0.48,unverified
CS00731,CAN123,SKILL_071,Expert,99,8.5,Completed Leadership coding challenge with above-average performance.,assessment,0.87,verified
CS00732,CAN123,SKILL_077,Expert,95,2.7,Holds Negotiation certification from recognized institution.,certification,0.98,unverified
CS00733,CAN123,SKILL_155,Advanced,84,1.8,Completed Data Visualization coding challenge with above-average performance.,assessment,0.61,unverified
CS00734,CAN123,SKILL_022,Advanced,77,2.3,Mentioned FastAPI in resume with 4 years experience.,resume,0.43,unverified
CS00735,CAN123,SKILL_073,Expert,93,1.6,Resume highlights Problem Solving expertise in multiple projects.,resume,0.39,verified
CS00736,CAN123,SKILL_112,Advanced,78,3.9,Answered Windows Server related questions with practical examples.,interview,0.42,unverified
CS00737,CAN123,SKILL_148,Advanced,80,6.6,Resume highlights Service Level Management expertise in multiple projects.,resume,0.76,pending
CS00738,CAN124,SKILL_138,Intermediate,65,2.9,Scored 91% in Mixpanel assessment test.,assessment,0.79,pending
CS00739,CAN124,SKILL_130,Intermediate,63,8.4,Listed API Gateway Management as key skill in resume.,resume,0.68,verified
CS00740,CAN124,SKILL_150,Intermediate,61,7.9,Implemented Compliance Management solution for real-time analytics dashboard.,project,0.71,verified
CS00741,CAN124,SKILL_042,Intermediate,58,3.8,Scored 63% in Terraform assessment test.,assessment,1.0,pending
CS00742,CAN124,SKILL_020,Intermediate,56,6.0,Listed Django as key skill in resume.,resume,0.52,verified
CS00743,CAN124,SKILL_041,Advanced,83,8.4,Resume highlights CI/CD Pipelines expertise in multiple projects.,resume,0.46,pending
CS00744,CAN124,SKILL_112,Intermediate,60,9.5,Completed Windows Server coding challenge with above-average performance.,assessment,0.62,pending
CS00745,CAN125,SKILL_003,Intermediate,64,5.0,Answered JavaScript related questions with practical examples.,interview,0.38,pending
CS00746,CAN125,SKILL_155,Advanced,83,4.5,Scored 92% in Data Visualization assessment test.,assessment,0.88,unverified
CS00747,CAN125,SKILL_014,Advanced,76,9.3,Answered R related questions with practical examples.,interview,0.31,verified
CS00748,CAN125,SKILL_099,Advanced,84,9.8,Resume highlights Logistics Management expertise in multiple projects.,resume,0.4,verified
CS00749,CAN125,SKILL_118,Advanced,83,7.2,Completed Scalability Patterns coding challenge with above-average performance.,assessment,0.84,unverified
CS00750,CAN125,SKILL_050,Advanced,82,2.6,Mentioned Statistical Modeling in resume with 3 years experience.,resume,0.49,unverified
CS00751,CAN125,SKILL_071,Expert,90,0.7,Resume highlights Leadership expertise in multiple projects.,resume,0.82,verified
CS00752,CAN125,SKILL_120,Advanced,83,8.6,Developed data pipeline using Integration Testing processing 1M+ records daily.,project,0.32,verified
CS00753,CAN126,SKILL_095,Expert,90,0.5,Developed data pipeline using Training and Development processing 1M+ records daily.,project,0.76,unverified
CS00754,CAN126,SKILL_039,Advanced,81,0.7,Demonstrated strong Docker knowledge during technical interview.,interview,0.48,verified
CS00755,CAN126,SKILL_075,Advanced,81,0.8,Scored 68% in Time Management assessment test.,assessment,0.72,verified
CS00756,CAN126,SKILL_063,Expert,98,0.9,Holds Agile Methodology certification from recognized institution.,certification,0.64,verified
CS00757,CAN126,SKILL_057,Advanced,82,0.6,Completed Power BI coding challenge with above-average performance.,assessment,0.91,unverified
CS00758,CAN126,SKILL_150,Advanced,81,1.0,Built REST APIs using Compliance Management for an e-commerce platform.,project,0.7,unverified
CS00759,CAN126,SKILL_076,Expert,95,0.9,Scored 78% in Presentation Skills assessment test.,assessment,0.53,pending
CS00760,CAN127,SKILL_154,Expert,93,9.3,Built REST APIs using Business Process Automation for an e-commerce platform.,project,0.36,verified
CS00761,CAN127,SKILL_099,Expert,97,9.0,Demonstrated strong Logistics Management knowledge during technical interview.,interview,0.58,verified
CS00762,CAN127,SKILL_041,Advanced,85,5.0,Created CI/CD Pipelines-based microservices serving 10K+ requests/sec.,project,0.58,verified
CS00763,CAN127,SKILL_148,Expert,90,9.6,Completed advanced Service Level Management certification course.,certification,0.56,unverified
CS00764,CAN127,SKILL_129,Expert,95,1.8,Implemented Event-Driven Architecture solution for real-time analytics dashboard.,project,0.46,unverified
CS00765,CAN127,SKILL_056,Expert,99,2.4,Answered Tableau related questions with practical examples.,interview,0.59,verified
CS00766,CAN127,SKILL_027,Expert,100,5.4,Scored 89% in SQL assessment test.,assessment,0.7,verified
CS00767,CAN127,SKILL_155,Expert,92,8.9,Built REST APIs using Data Visualization for an e-commerce platform.,project,0.41,unverified
CS00768,CAN128,SKILL_068,Intermediate,58,6.4,Completed JIRA coding challenge with above-average performance.,assessment,0.79,verified
CS00769,CAN128,SKILL_086,Intermediate,61,3.1,Listed Salesforce as key skill in resume.,resume,0.42,pending
CS00770,CAN128,SKILL_113,Intermediate,56,6.0,Built REST APIs using Technical Writing for an e-commerce platform.,project,0.52,unverified
CS00771,CAN128,SKILL_007,Intermediate,58,5.6,Scored 92% in Go assessment test.,assessment,0.53,verified
CS00772,CAN129,SKILL_048,Advanced,75,1.2,Resume highlights Computer Vision expertise in multiple projects.,resume,0.82,unverified
CS00773,CAN129,SKILL_034,Advanced,75,6.5,Scored 89% in Apache Cassandra assessment test.,assessment,0.74,pending
CS00774,CAN129,SKILL_077,Advanced,75,9.7,Holds Negotiation certification from recognized institution.,certification,0.83,verified
CS00775,CAN129,SKILL_129,Advanced,76,3.4,Built REST APIs using Event-Driven Architecture for an e-commerce platform.,project,0.67,verified
CS00776,CAN129,SKILL_084,Expert,96,4.9,Scored 85% in Business Strategy assessment test.,assessment,0.98,pending
CS00777,CAN129,SKILL_100,Intermediate,65,1.1,Mentioned Quality Assurance in resume with 4 years experience.,resume,0.48,verified
CS00778,CAN129,SKILL_080,Expert,93,5.5,Implemented Financial Analysis solution for real-time analytics dashboard.,project,0.63,pending
CS00779,CAN129,SKILL_010,Advanced,79,5.4,Completed Ruby coding challenge with above-average performance.,assessment,0.89,pending
CS00780,CAN130,SKILL_002,Basic,38,6.5,Answered Java related questions with practical examples.,interview,0.58,unverified
CS00781,CAN130,SKILL_046,Intermediate,57,4.7,Implemented Deep Learning solution for real-time analytics dashboard.,project,0.31,pending
CS00782,CAN130,SKILL_036,Intermediate,59,8.6,Answered AWS related questions with practical examples.,interview,0.59,verified
CS00783,CAN130,SKILL_125,Basic,41,0.5,Built REST APIs using iOS Development for an e-commerce platform.,project,0.56,pending
CS00784,CAN131,SKILL_072,Expert,90,3.1,Scored 72% in Teamwork assessment test.,assessment,0.94,verified
CS00785,CAN131,SKILL_119,Advanced,82,1.3,Completed Unit Testing coding challenge with above-average performance.,assessment,0.56,pending
CS00786,CAN131,SKILL_021,Advanced,77,0.7,Completed Flask coding challenge with above-average performance.,assessment,0.98,pending
CS00787,CAN131,SKILL_013,Expert,98,3.8,Created Scala-based microservices serving 10K+ requests/sec.,project,0.69,unverified
CS00788,CAN131,SKILL_124,Expert,99,8.7,Implemented Android Development solution for real-time analytics dashboard.,project,0.64,verified
CS00789,CAN131,SKILL_023,Expert,97,6.2,Demonstrated strong Spring Boot knowledge during technical interview.,interview,0.54,pending
CS00790,CAN131,SKILL_075,Advanced,83,6.1,Completed Time Management coding challenge with above-average performance.,assessment,0.73,verified
CS00791,CAN131,SKILL_071,Expert,99,1.7,Mentioned Leadership in resume with 3 years experience.,resume,0.78,verified
CS00792,CAN132,SKILL_103,Intermediate,60,1.7,Holds Lean Management certification from recognized institution.,certification,0.59,unverified
CS00793,CAN132,SKILL_117,Advanced,79,4.0,Completed advanced High Availability Architecture certification course.,certification,0.98,pending
CS00794,CAN132,SKILL_154,Expert,90,3.2,Scored 74% in Business Process Automation assessment test.,assessment,0.74,verified
CS00795,CAN132,SKILL_031,Advanced,85,3.4,Implemented Redis solution for real-time analytics dashboard.,project,0.37,verified
CS00796,CAN133,SKILL_100,Intermediate,64,5.0,Completed advanced Quality Assurance certification course.,certification,0.58,verified
CS00797,CAN133,SKILL_066,Advanced,83,0.7,Answered Waterfall related questions with practical examples.,interview,0.83,unverified
CS00798,CAN133,SKILL_114,Intermediate,56,4.6,Scored 84% in IT Service Management assessment test.,assessment,0.7,unverified
CS00799,CAN133,SKILL_033,Advanced,76,6.1,Completed advanced Oracle Database certification course.,certification,0.93,verified
CS00800,CAN133,SKILL_003,Intermediate,55,6.1,Resume highlights JavaScript expertise in multiple projects.,resume,0.69,verified
CS00801,CAN133,SKILL_050,Advanced,76,4.1,Resume highlights Statistical Modeling expertise in multiple projects.,resume,0.77,pending
CS00802,CAN133,SKILL_111,Advanced,77,1.5,Listed Linux as key skill in resume.,resume,0.44,pending
CS00803,CAN133,SKILL_080,Advanced,81,9.3,Resume highlights Financial Analysis expertise in multiple projects.,resume,0.3,unverified
CS00804,CAN134,SKILL_125,Expert,100,1.1,Completed advanced iOS Development certification course.,certification,0.65,verified
CS00805,CAN134,SKILL_111,Advanced,85,1.0,Mentioned Linux in resume with 4 years experience.,resume,0.83,verified
CS00806,CAN134,SKILL_054,Advanced,79,0.6,Answered NumPy related questions with practical examples.,interview,0.33,unverified
CS00807,CAN134,SKILL_040,Intermediate,57,2.8,Listed Kubernetes as key skill in resume.,resume,0.45,pending
CS00808,CAN135,SKILL_051,Advanced,82,2.1,Completed TensorFlow coding challenge with above-average performance.,assessment,0.77,pending
CS00809,CAN135,SKILL_087,Advanced,79,1.9,Scored 94% in Digital Marketing assessment test.,assessment,0.98,pending
CS00810,CAN135,SKILL_123,Advanced,79,2.6,Developed data pipeline using Test Automation processing 1M+ records daily.,project,0.78,pending
CS00811,CAN135,SKILL_131,Expert,97,1.2,Resume highlights ETL Pipelines expertise in multiple projects.,resume,0.66,pending
CS00812,CAN135,SKILL_135,Expert,98,4.9,Completed advanced Data Modeling certification course.,certification,0.95,unverified
CS00813,CAN135,SKILL_018,Expert,96,2.6,Completed advanced Vue.js certification course.,certification,0.79,pending
CS00814,CAN135,SKILL_113,Advanced,75,2.3,Scored 76% in Technical Writing assessment test.,assessment,0.74,unverified
CS00815,CAN136,SKILL_024,Basic,39,9.5,Completed .NET Framework coding challenge with above-average performance.,assessment,0.91,unverified
CS00816,CAN136,SKILL_139,Beginner,28,5.7,Built REST APIs using Blockchain for an e-commerce platform.,project,0.48,unverified
CS00817,CAN136,SKILL_126,Basic,39,1.5,Holds React Native certification from recognized institution.,certification,0.89,pending
CS00818,CAN136,SKILL_063,Basic,44,2.5,Built REST APIs using Agile Methodology for an e-commerce platform.,project,0.79,unverified
CS00819,CAN136,SKILL_047,Basic,35,4.4,Completed Natural Language Processing coding challenge with above-average performance.,assessment,0.53,verified
CS00820,CAN137,SKILL_148,Intermediate,63,0.6,Implemented Service Level Management solution for real-time analytics dashboard.,project,0.49,pending
CS00821,CAN137,SKILL_007,Advanced,85,1.3,Resume highlights Go expertise in multiple projects.,resume,0.33,pending
CS00822,CAN137,SKILL_026,Intermediate,63,0.6,Demonstrated strong GraphQL knowledge during technical interview.,interview,0.77,pending
CS00823,CAN137,SKILL_023,Intermediate,61,1.3,Resume highlights Spring Boot expertise in multiple projects.,resume,0.58,verified
CS00824,CAN137,SKILL_112,Intermediate,55,0.7,Built REST APIs using Windows Server for an e-commerce platform.,project,0.33,unverified
CS00825,CAN138,SKILL_055,Expert,91,4.7,Demonstrated strong Apache Spark knowledge during technical interview.,interview,0.8,verified
CS00826,CAN138,SKILL_110,Advanced,79,1.9,Listed System Administration as key skill in resume.,resume,0.37,unverified
CS00827,CAN138,SKILL_026,Expert,92,7.7,Holds GraphQL certification from recognized institution.,certification,0.85,unverified
CS00828,CAN138,SKILL_117,Expert,93,5.2,Developed data pipeline using High Availability Architecture processing 1M+ records daily.,project,0.6,unverified
CS00829,CAN138,SKILL_007,Expert,91,1.5,Built REST APIs using Go for an e-commerce platform.,project,0.41,unverified
CS00830,CAN139,SKILL_068,Intermediate,59,3.4,Answered JIRA related questions with practical examples.,interview,0.41,pending
CS00831,CAN139,SKILL_118,Basic,45,2.0,Answered Scalability Patterns related questions with practical examples.,interview,0.43,verified
CS00832,CAN139,SKILL_126,Intermediate,65,0.7,Answered React Native related questions with practical examples.,interview,0.72,unverified
CS00833,CAN139,SKILL_086,Basic,43,6.0,Implemented Salesforce solution for real-time analytics dashboard.,project,0.49,verified
CS00834,CAN139,SKILL_020,Advanced,76,6.3,Listed Django as key skill in resume.,resume,0.61,pending
CS00835,CAN139,SKILL_078,Intermediate,62,6.0,Demonstrated strong Conflict Resolution knowledge during technical interview.,interview,0.48,unverified
CS00836,CAN140,SKILL_017,Advanced,75,2.4,Implemented Angular solution for real-time analytics dashboard.,project,0.31,verified
CS00837,CAN140,SKILL_104,Intermediate,61,1.8,Demonstrated strong UI/UX Design knowledge during technical interview.,interview,0.84,unverified
CS00838,CAN140,SKILL_112,Advanced,78,1.6,Developed data pipeline using Windows Server processing 1M+ records daily.,project,0.44,unverified
CS00839,CAN140,SKILL_008,Advanced,80,2.4,Developed data pipeline using Rust processing 1M+ records daily.,project,0.48,pending
CS00840,CAN140,SKILL_053,Advanced,84,2.3,Developed data pipeline using Pandas processing 1M+ records daily.,project,0.76,unverified
CS00841,CAN140,SKILL_026,Expert,97,1.6,Mentioned GraphQL in resume with 1 years experience.,resume,0.4,verified
CS00842,CAN141,SKILL_080,Advanced,78,1.3,Resume highlights Financial Analysis expertise in multiple projects.,resume,0.77,pending
CS00843,CAN141,SKILL_144,Expert,96,0.9,Scored 61% in Customer Relationship Management assessment test.,assessment,0.91,verified
CS00844,CAN141,SKILL_115,Advanced,85,1.7,Completed advanced System Design certification course.,certification,0.99,verified
CS00845,CAN141,SKILL_112,Expert,94,0.7,Demonstrated strong Windows Server knowledge during technical interview.,interview,0.57,unverified
CS00846,CAN141,SKILL_053,Advanced,76,1.0,Developed data pipeline using Pandas processing 1M+ records daily.,project,0.34,pending
CS00847,CAN141,SKILL_119,Advanced,84,0.9,Holds Unit Testing certification from recognized institution.,certification,0.85,verified
CS00848,CAN141,SKILL_065,Advanced,79,1.5,Answered Kanban related questions with practical examples.,interview,0.72,pending
CS00849,CAN141,SKILL_044,Advanced,79,1.8,Holds Ansible certification from recognized institution.,certification,0.75,verified
CS00850,CAN142,SKILL_038,Intermediate,61,1.0,Answered Google Cloud Platform related questions with practical examples.,interview,0.64,unverified
CS00851,CAN142,SKILL_035,Intermediate,64,1.6,Completed Amazon DynamoDB coding challenge with above-average performance.,assessment,0.69,unverified
CS00852,CAN142,SKILL_029,Intermediate,58,1.6,Completed advanced MySQL certification course.,certification,0.59,pending
CS00853,CAN142,SKILL_077,Intermediate,59,1.2,Resume highlights Negotiation expertise in multiple projects.,resume,0.7,pending
CS00854,CAN143,SKILL_117,Intermediate,58,0.5,Created High Availability Architecture-based microservices serving 10K+ requests/sec.,project,0.64,verified
CS00855,CAN143,SKILL_015,Advanced,81,0.5,Created HTML/CSS-based microservices serving 10K+ requests/sec.,project,0.42,unverified
CS00856,CAN143,SKILL_110,Intermediate,63,0.5,Implemented System Administration solution for real-time analytics dashboard.,project,0.3,verified
CS00857,CAN143,SKILL_049,Advanced,85,0.5,Holds Data Analysis certification from recognized institution.,certification,0.58,pending
CS00858,CAN144,SKILL_035,Advanced,78,0.9,Mentioned Amazon DynamoDB in resume with 5 years experience.,resume,0.73,verified
CS00859,CAN144,SKILL_147,Expert,93,1.6,Completed advanced Issue Resolution certification course.,certification,0.77,verified
CS00860,CAN144,SKILL_099,Advanced,83,1.2,Implemented Logistics Management solution for real-time analytics dashboard.,project,0.83,pending
CS00861,CAN144,SKILL_134,Advanced,80,1.6,Completed Apache Airflow coding challenge with above-average performance.,assessment,0.67,verified
CS00862,CAN144,SKILL_096,Expert,98,1.2,Completed advanced HR Analytics certification course.,certification,0.97,pending
CS00863,CAN144,SKILL_019,Intermediate,58,1.7,Scored 86% in Node.js assessment test.,assessment,0.71,pending
CS00864,CAN145,SKILL_085,Intermediate,57,6.3,Scored 89% in CRM Systems assessment test.,assessment,0.99,verified
CS00865,CAN145,SKILL_074,Intermediate,55,6.4,Holds Critical Thinking certification from recognized institution.,certification,0.64,unverified
CS00866,CAN145,SKILL_014,Intermediate,60,6.0,Scored 78% in R assessment test.,assessment,0.99,pending
CS00867,CAN145,SKILL_037,Basic,42,6.0,Completed advanced Microsoft Azure certification course.,certification,0.87,verified
CS00868,CAN145,SKILL_017,Intermediate,61,5.7,Implemented Angular solution for real-time analytics dashboard.,project,0.54,pending
CS00869,CAN145,SKILL_122,Intermediate,63,6.5,Completed Performance Testing coding challenge with above-average performance.,assessment,0.69,pending
CS00870,CAN146,SKILL_009,Intermediate,59,2.4,Completed PHP coding challenge with above-average performance.,assessment,0.86,unverified
CS00871,CAN146,SKILL_129,Basic,35,0.8,Completed Event-Driven Architecture coding challenge with above-average performance.,assessment,0.7,unverified
CS00872,CAN146,SKILL_087,Basic,39,2.3,Answered Digital Marketing related questions with practical examples.,interview,0.5,unverified
CS00873,CAN146,SKILL_143,Intermediate,57,1.2,Answered Generative AI related questions with practical examples.,interview,0.76,pending
CS00874,CAN147,SKILL_081,Advanced,78,4.6,Implemented Accounting solution for real-time analytics dashboard.,project,0.5,pending
CS00875,CAN147,SKILL_033,Intermediate,58,7.1,Completed advanced Oracle Database certification course.,certification,0.79,verified
CS00876,CAN147,SKILL_041,Expert,95,1.9,Holds CI/CD Pipelines certification from recognized institution.,certification,0.64,pending
CS00877,CAN147,SKILL_092,Expert,98,3.0,Completed Employee Relations coding challenge with above-average performance.,assessment,0.64,unverified
CS00878,CAN148,SKILL_017,Intermediate,58,1.0,Holds Angular certification from recognized institution.,certification,0.97,verified
CS00879,CAN148,SKILL_071,Intermediate,56,1.4,Mentioned Leadership in resume with 3 years experience.,resume,0.41,verified
CS00880,CAN148,SKILL_020,Advanced,80,0.9,Answered Django related questions with practical examples.,interview,0.32,pending
CS00881,CAN148,SKILL_132,Intermediate,64,1.7,Demonstrated strong Data Warehousing knowledge during technical interview.,interview,0.8,verified
CS00882,CAN148,SKILL_007,Advanced,81,1.0,Holds Go certification from recognized institution.,certification,0.92,verified
CS00883,CAN148,SKILL_097,Advanced,79,1.7,Developed data pipeline using Labor Law Compliance processing 1M+ records daily.,project,0.52,unverified
CS00884,CAN148,SKILL_010,Intermediate,57,1.7,Implemented Ruby solution for real-time analytics dashboard.,project,0.71,unverified
CS00885,CAN149,SKILL_088,Advanced,84,1.5,Built REST APIs using SEO/SEM for an e-commerce platform.,project,0.58,pending
CS00886,CAN149,SKILL_081,Advanced,83,1.3,Implemented Accounting solution for real-time analytics dashboard.,project,0.67,pending
CS00887,CAN149,SKILL_091,Advanced,84,1.6,Answered Talent Acquisition related questions with practical examples.,interview,0.59,pending
CS00888,CAN149,SKILL_001,Expert,91,1.0,Listed Python as key skill in resume.,resume,0.59,unverified
CS00889,CAN149,SKILL_131,Advanced,85,1.7,Built REST APIs using ETL Pipelines for an e-commerce platform.,project,0.75,pending
CS00890,CAN150,SKILL_126,Intermediate,60,3.9,Demonstrated strong React Native knowledge during technical interview.,interview,0.54,unverified
CS00891,CAN150,SKILL_131,Intermediate,63,8.1,Holds ETL Pipelines certification from recognized institution.,certification,0.98,pending
CS00892,CAN150,SKILL_130,Intermediate,58,1.3,Created API Gateway Management-based microservices serving 10K+ requests/sec.,project,0.63,unverified
CS00893,CAN150,SKILL_139,Intermediate,63,6.4,Mentioned Blockchain in resume with 2 years experience.,resume,0.73,pending
CS00894,CAN150,SKILL_120,Intermediate,59,4.3,Completed Integration Testing coding challenge with above-average performance.,assessment,0.88,pending
CS00895,CAN150,SKILL_062,Intermediate,58,2.7,Implemented Identity and Access Management solution for real-time analytics dashboard.,project,0.44,unverified
CS00896,CAN150,SKILL_137,Intermediate,58,3.1,Created A/B Testing-based microservices serving 10K+ requests/sec.,project,0.52,verified
CS00897,CAN151,SKILL_099,Expert,96,5.7,Resume highlights Logistics Management expertise in multiple projects.,resume,0.64,pending
CS00898,CAN151,SKILL_063,Expert,93,1.4,Built REST APIs using Agile Methodology for an e-commerce platform.,project,0.52,verified
CS00899,CAN151,SKILL_053,Advanced,84,2.2,Created Pandas-based microservices serving 10K+ requests/sec.,project,0.72,unverified
CS00900,CAN151,SKILL_098,Advanced,82,3.8,Scored 84% in Supply Chain Management assessment test.,assessment,0.77,unverified
CS00901,CAN151,SKILL_139,Expert,97,5.5,Mentioned Blockchain in resume with 4 years experience.,resume,0.69,pending
CS00902,CAN151,SKILL_075,Advanced,76,5.2,Built REST APIs using Time Management for an e-commerce platform.,project,0.82,unverified
CS00903,CAN152,SKILL_019,Expert,100,7.4,Completed Node.js coding challenge with above-average performance.,assessment,0.77,verified
CS00904,CAN152,SKILL_103,Advanced,78,9.2,Scored 69% in Lean Management assessment test.,assessment,0.59,unverified
CS00905,CAN152,SKILL_109,Expert,90,8.5,Resume highlights Networking expertise in multiple projects.,resume,0.54,verified
CS00906,CAN152,SKILL_085,Expert,93,6.1,Answered CRM Systems related questions with practical examples.,interview,0.67,pending
CS00907,CAN152,SKILL_037,Expert,99,2.3,Holds Microsoft Azure certification from recognized institution.,certification,0.78,unverified
CS00908,CAN152,SKILL_026,Expert,95,0.7,Scored 64% in GraphQL assessment test.,assessment,0.79,verified
CS00909,CAN152,SKILL_083,Expert,93,2.6,Demonstrated strong Market Analysis knowledge during technical interview.,interview,0.48,pending
CS00910,CAN152,SKILL_078,Expert,96,8.7,Resume highlights Conflict Resolution expertise in multiple projects.,resume,0.52,verified
CS00911,CAN153,SKILL_108,Expert,100,0.5,Resume highlights User Research expertise in multiple projects.,resume,0.85,verified
CS00912,CAN153,SKILL_066,Expert,98,0.5,Listed Waterfall as key skill in resume.,resume,0.69,verified
CS00913,CAN153,SKILL_090,Advanced,83,0.5,Answered Brand Management related questions with practical examples.,interview,0.34,unverified
CS00914,CAN153,SKILL_094,Advanced,76,0.5,Implemented Performance Management solution for real-time analytics dashboard.,project,0.49,pending
CS00915,CAN154,SKILL_110,Advanced,82,2.8,Developed data pipeline using System Administration processing 1M+ records daily.,project,0.72,unverified
CS00916,CAN154,SKILL_099,Advanced,79,5.3,Implemented Logistics Management solution for real-time analytics dashboard.,project,0.46,unverified
CS00917,CAN154,SKILL_153,Expert,94,8.8,Scored 81% in Strategic Planning assessment test.,assessment,0.99,verified
CS00918,CAN154,SKILL_118,Advanced,85,4.9,Answered Scalability Patterns related questions with practical examples.,interview,0.53,pending
CS00919,CAN154,SKILL_114,Advanced,77,5.4,Implemented IT Service Management solution for real-time analytics dashboard.,project,0.4,verified
CS00920,CAN154,SKILL_043,Advanced,80,8.6,Holds Jenkins certification from recognized institution.,certification,0.93,verified
CS00921,CAN154,SKILL_063,Expert,94,3.6,Implemented Agile Methodology solution for real-time analytics dashboard.,project,0.63,pending
CS00922,CAN155,SKILL_089,Intermediate,60,5.6,Answered Content Marketing related questions with practical examples.,interview,0.37,unverified
CS00923,CAN155,SKILL_076,Intermediate,55,6.3,Created Presentation Skills-based microservices serving 10K+ requests/sec.,project,0.41,unverified
CS00924,CAN155,SKILL_111,Intermediate,61,5.5,Holds Linux certification from recognized institution.,certification,0.6,verified
CS00925,CAN155,SKILL_023,Intermediate,64,5.5,Holds Spring Boot certification from recognized institution.,certification,0.51,pending
CS00926,CAN155,SKILL_039,Advanced,80,2.7,Completed Docker coding challenge with above-average performance.,assessment,0.76,pending
CS00927,CAN155,SKILL_062,Intermediate,55,5.9,Developed data pipeline using Identity and Access Management processing 1M+ records daily.,project,0.63,verified
CS00928,CAN155,SKILL_107,Intermediate,61,2.8,Completed advanced Prototyping certification course.,certification,0.64,verified
CS00929,CAN155,SKILL_007,Basic,39,7.1,Demonstrated strong Go knowledge during technical interview.,interview,0.41,verified
CS00930,CAN156,SKILL_024,Expert,100,5.2,Scored 65% in .NET Framework assessment test.,assessment,0.59,verified
CS00931,CAN156,SKILL_101,Advanced,81,2.4,Holds Process Improvement certification from recognized institution.,certification,0.94,pending
CS00932,CAN156,SKILL_133,Expert,93,1.9,Mentioned Apache Kafka in resume with 1 years experience.,resume,0.62,verified
CS00933,CAN156,SKILL_015,Expert,100,4.0,Demonstrated strong HTML/CSS knowledge during technical interview.,interview,0.34,pending
CS00934,CAN156,SKILL_026,Expert,98,3.1,Created GraphQL-based microservices serving 10K+ requests/sec.,project,0.81,unverified
CS00935,CAN156,SKILL_075,Advanced,79,1.2,Completed advanced Time Management certification course.,certification,0.59,pending
CS00936,CAN156,SKILL_086,Advanced,81,0.8,Built REST APIs using Salesforce for an e-commerce platform.,project,0.48,unverified
CS00937,CAN156,SKILL_084,Expert,90,4.7,Answered Business Strategy related questions with practical examples.,interview,0.71,unverified
CS00938,CAN157,SKILL_090,Advanced,76,1.3,Listed Brand Management as key skill in resume.,resume,0.8,unverified
CS00939,CAN157,SKILL_101,Intermediate,59,2.5,Listed Process Improvement as key skill in resume.,resume,0.71,verified
CS00940,CAN157,SKILL_081,Advanced,78,0.9,Scored 94% in Accounting assessment test.,assessment,0.73,verified
CS00941,CAN157,SKILL_018,Intermediate,60,2.5,Created Vue.js-based microservices serving 10K+ requests/sec.,project,0.54,unverified
CS00942,CAN157,SKILL_064,Intermediate,60,1.8,Holds Scrum certification from recognized institution.,certification,0.6,unverified
CS00943,CAN157,SKILL_071,Advanced,80,0.8,Completed advanced Leadership certification course.,certification,0.94,pending
CS00944,CAN158,SKILL_044,Basic,44,2.3,Implemented Ansible solution for real-time analytics dashboard.,project,0.8,verified
CS00945,CAN158,SKILL_039,Basic,43,1.5,Completed Docker coding challenge with above-average performance.,assessment,0.52,unverified
CS00946,CAN158,SKILL_037,Basic,37,0.7,Holds Microsoft Azure certification from recognized institution.,certification,0.86,verified
CS00947,CAN158,SKILL_122,Intermediate,59,2.1,Answered Performance Testing related questions with practical examples.,interview,0.41,verified
CS00948,CAN159,SKILL_007,Expert,95,0.5,Resume highlights Go expertise in multiple projects.,resume,0.58,pending
CS00949,CAN159,SKILL_126,Advanced,77,1.2,Built REST APIs using React Native for an e-commerce platform.,project,0.72,verified
CS00950,CAN159,SKILL_114,Advanced,77,0.6,Demonstrated strong IT Service Management knowledge during technical interview.,interview,0.34,unverified
CS00951,CAN159,SKILL_050,Advanced,80,0.6,Demonstrated strong Statistical Modeling knowledge during technical interview.,interview,0.57,verified
CS00952,CAN159,SKILL_125,Advanced,83,0.5,Completed advanced iOS Development certification course.,certification,0.73,verified
CS00953,CAN159,SKILL_148,Advanced,83,0.6,Scored 80% in Service Level Management assessment test.,assessment,0.93,verified
CS00954,CAN159,SKILL_115,Expert,91,0.5,Implemented System Design solution for real-time analytics dashboard.,project,0.7,unverified
CS00955,CAN159,SKILL_128,Expert,95,1.3,Resume highlights Microservices Architecture expertise in multiple projects.,resume,0.5,verified
CS00956,CAN160,SKILL_048,Expert,92,4.5,Scored 77% in Computer Vision assessment test.,assessment,0.95,verified
CS00957,CAN160,SKILL_110,Expert,90,9.3,Completed advanced System Administration certification course.,certification,0.52,verified
CS00958,CAN160,SKILL_007,Advanced,77,9.9,Mentioned Go in resume with 3 years experience.,resume,0.62,verified
CS00959,CAN160,SKILL_027,Expert,94,2.5,Implemented SQL solution for real-time analytics dashboard.,project,0.78,verified
CS00960,CAN160,SKILL_145,Advanced,81,8.4,Completed Active Listening coding challenge with above-average performance.,assessment,0.55,verified
CS00961,CAN160,SKILL_117,Advanced,83,9.5,Mentioned High Availability Architecture in resume with 4 years experience.,resume,0.7,verified
CS00962,CAN160,SKILL_047,Expert,100,7.7,Resume highlights Natural Language Processing expertise in multiple projects.,resume,0.51,verified
CS00963,CAN160,SKILL_039,Expert,97,7.9,Completed Docker coding challenge with above-average performance.,assessment,0.97,pending
CS00964,CAN161,SKILL_131,Intermediate,61,8.5,Scored 68% in ETL Pipelines assessment test.,assessment,0.52,verified
CS00965,CAN161,SKILL_150,Basic,40,1.5,Listed Compliance Management as key skill in resume.,resume,0.76,pending
CS00966,CAN161,SKILL_105,Intermediate,61,8.4,Demonstrated strong Figma knowledge during technical interview.,interview,0.31,verified
CS00967,CAN161,SKILL_130,Basic,44,3.6,Listed API Gateway Management as key skill in resume.,resume,0.75,pending
CS00968,CAN161,SKILL_078,Intermediate,64,6.5,Resume highlights Conflict Resolution expertise in multiple projects.,resume,0.52,verified
CS00969,CAN162,SKILL_069,Expert,96,0.9,Developed data pipeline using Product Management processing 1M+ records daily.,project,0.83,unverified
CS00970,CAN162,SKILL_043,Expert,90,1.5,Scored 61% in Jenkins assessment test.,assessment,0.53,unverified
CS00971,CAN162,SKILL_096,Advanced,77,1.4,Developed data pipeline using HR Analytics processing 1M+ records daily.,project,0.64,pending
CS00972,CAN162,SKILL_010,Advanced,79,1.4,Completed advanced Ruby certification course.,certification,0.52,pending
CS00973,CAN162,SKILL_030,Advanced,84,1.6,Listed MongoDB as key skill in resume.,resume,0.61,unverified
CS00974,CAN163,SKILL_104,Expert,93,2.4,Completed UI/UX Design coding challenge with above-average performance.,assessment,0.85,pending
CS00975,CAN163,SKILL_125,Expert,92,1.8,Completed iOS Development coding challenge with above-average performance.,assessment,0.86,unverified
CS00976,CAN163,SKILL_116,Advanced,85,1.3,Implemented Distributed Systems solution for real-time analytics dashboard.,project,0.69,verified
CS00977,CAN163,SKILL_028,Advanced,81,1.6,Created PostgreSQL-based microservices serving 10K+ requests/sec.,project,0.55,pending
CS00978,CAN163,SKILL_071,Expert,100,3.7,Demonstrated strong Leadership knowledge during technical interview.,interview,0.85,verified
CS00979,CAN163,SKILL_155,Expert,97,1.4,Completed Data Visualization coding challenge with above-average performance.,assessment,0.5,verified
CS00980,CAN164,SKILL_070,Expert,97,1.1,Completed Communication coding challenge with above-average performance.,assessment,0.74,verified
CS00981,CAN164,SKILL_012,Advanced,78,0.6,Holds Swift certification from recognized institution.,certification,0.63,verified
CS00982,CAN164,SKILL_085,Expert,98,1.0,Built REST APIs using CRM Systems for an e-commerce platform.,project,0.48,pending
CS00983,CAN164,SKILL_033,Expert,93,1.1,Completed advanced Oracle Database certification course.,certification,0.82,unverified
CS00984,CAN164,SKILL_117,Advanced,84,1.0,Demonstrated strong High Availability Architecture knowledge during technical interview.,interview,0.49,verified
CS00985,CAN164,SKILL_137,Advanced,81,1.2,Demonstrated strong A/B Testing knowledge during technical interview.,interview,0.77,verified
CS00986,CAN165,SKILL_153,Advanced,78,0.8,Demonstrated strong Strategic Planning knowledge during technical interview.,interview,0.75,unverified
CS00987,CAN165,SKILL_088,Advanced,85,1.8,Created SEO/SEM-based microservices serving 10K+ requests/sec.,project,0.81,unverified
CS00988,CAN165,SKILL_025,Expert,97,1.4,Built REST APIs using REST API Design for an e-commerce platform.,project,0.8,pending
CS00989,CAN165,SKILL_134,Advanced,84,1.8,Listed Apache Airflow as key skill in resume.,resume,0.38,pending
CS00990,CAN166,SKILL_016,Advanced,84,1.2,Holds React certification from recognized institution.,certification,0.55,pending
CS00991,CAN166,SKILL_047,Advanced,83,2.7,Listed Natural Language Processing as key skill in resume.,resume,0.49,verified
CS00992,CAN166,SKILL_095,Expert,91,2.5,Completed advanced Training and Development certification course.,certification,0.81,verified
CS00993,CAN166,SKILL_022,Intermediate,63,0.5,Answered FastAPI related questions with practical examples.,interview,0.46,unverified
CS00994,CAN166,SKILL_037,Expert,91,2.4,Listed Microsoft Azure as key skill in resume.,resume,0.38,unverified
CS00995,CAN166,SKILL_104,Expert,99,1.6,Completed UI/UX Design coding challenge with above-average performance.,assessment,0.85,unverified
CS00996,CAN166,SKILL_003,Advanced,83,2.1,Mentioned JavaScript in resume with 4 years experience.,resume,0.53,verified
CS00997,CAN167,SKILL_124,Intermediate,55,1.1,Created Android Development-based microservices serving 10K+ requests/sec.,project,0.63,verified
CS00998,CAN167,SKILL_117,Advanced,84,0.7,Implemented High Availability Architecture solution for real-time analytics dashboard.,project,0.43,unverified
CS00999,CAN167,SKILL_045,Advanced,80,1.1,Demonstrated strong Machine Learning knowledge during technical interview.,interview,0.58,verified
CS01000,CAN167,SKILL_103,Advanced,81,1.3,Resume highlights Lean Management expertise in multiple projects.,resume,0.62,pending
CS01001,CAN167,SKILL_053,Advanced,78,1.3,Completed advanced Pandas certification course.,certification,0.88,unverified
CS01002,CAN167,SKILL_098,Intermediate,56,1.0,Holds Supply Chain Management certification from recognized institution.,certification,0.52,unverified
CS01003,CAN167,SKILL_056,Advanced,79,1.6,Demonstrated strong Tableau knowledge during technical interview.,interview,0.37,pending
CS01004,CAN167,SKILL_033,Intermediate,57,1.5,Listed Oracle Database as key skill in resume.,resume,0.72,unverified
CS01005,CAN168,SKILL_110,Intermediate,60,0.6,Completed System Administration coding challenge with above-average performance.,assessment,0.99,verified
CS01006,CAN168,SKILL_015,Advanced,83,0.9,Resume highlights HTML/CSS expertise in multiple projects.,resume,0.62,verified
CS01007,CAN168,SKILL_025,Intermediate,55,0.8,Completed advanced REST API Design certification course.,certification,0.61,unverified
CS01008,CAN168,SKILL_128,Intermediate,62,0.5,Implemented Microservices Architecture solution for real-time analytics dashboard.,project,0.82,unverified
CS01009,CAN168,SKILL_056,Advanced,76,0.6,Mentioned Tableau in resume with 4 years experience.,resume,0.84,unverified
CS01010,CAN169,SKILL_128,Basic,36,7.5,Completed Microservices Architecture coding challenge with above-average performance.,assessment,0.85,verified
CS01011,CAN169,SKILL_146,Beginner,30,1.7,Created Empathy-based microservices serving 10K+ requests/sec.,project,0.74,pending
CS01012,CAN169,SKILL_015,Beginner,22,1.7,Developed data pipeline using HTML/CSS processing 1M+ records daily.,project,0.68,pending
CS01013,CAN169,SKILL_061,Basic,36,8.8,Scored 83% in OWASP Security assessment test.,assessment,0.84,verified
CS01014,CAN169,SKILL_096,Basic,37,2.5,Holds HR Analytics certification from recognized institution.,certification,0.63,pending
CS01015,CAN170,SKILL_035,Advanced,77,0.5,Resume highlights Amazon DynamoDB expertise in multiple projects.,resume,0.54,pending
CS01016,CAN170,SKILL_133,Basic,35,1.7,Demonstrated strong Apache Kafka knowledge during technical interview.,interview,0.46,verified
CS01017,CAN170,SKILL_094,Intermediate,61,0.6,Completed Performance Management coding challenge with above-average performance.,assessment,0.76,pending
CS01018,CAN170,SKILL_091,Intermediate,62,1.6,Scored 63% in Talent Acquisition assessment test.,assessment,0.82,unverified
CS01019,CAN170,SKILL_068,Intermediate,55,1.6,Holds JIRA certification from recognized institution.,certification,0.9,verified
CS01020,CAN170,SKILL_123,Advanced,82,1.2,Scored 80% in Test Automation assessment test.,assessment,0.86,pending
CS01021,CAN170,SKILL_080,Basic,36,0.9,Listed Financial Analysis as key skill in resume.,resume,0.51,unverified
CS01022,CAN171,SKILL_026,Advanced,78,5.1,Resume highlights GraphQL expertise in multiple projects.,resume,0.34,pending
CS01023,CAN171,SKILL_006,Advanced,80,4.0,Holds C# certification from recognized institution.,certification,0.52,unverified
CS01024,CAN171,SKILL_151,Advanced,84,1.5,Answered Vendor Management related questions with practical examples.,interview,0.66,verified
CS01025,CAN171,SKILL_154,Intermediate,64,4.4,Mentioned Business Process Automation in resume with 3 years experience.,resume,0.81,pending
CS01026,CAN172,SKILL_037,Expert,93,1.3,Developed data pipeline using Microsoft Azure processing 1M+ records daily.,project,0.42,pending
CS01027,CAN172,SKILL_099,Expert,98,0.9,Holds Logistics Management certification from recognized institution.,certification,0.92,pending
CS01028,CAN172,SKILL_083,Expert,99,1.9,Answered Market Analysis related questions with practical examples.,interview,0.79,verified
CS01029,CAN172,SKILL_114,Expert,90,1.1,Answered IT Service Management related questions with practical examples.,interview,0.67,pending
CS01030,CAN172,SKILL_084,Advanced,76,0.8,Built REST APIs using Business Strategy for an e-commerce platform.,project,0.72,pending
CS01031,CAN173,SKILL_050,Advanced,77,2.8,Developed data pipeline using Statistical Modeling processing 1M+ records daily.,project,0.32,verified
CS01032,CAN173,SKILL_045,Advanced,81,7.2,Mentioned Machine Learning in resume with 3 years experience.,resume,0.85,unverified
CS01033,CAN173,SKILL_132,Advanced,77,3.7,Answered Data Warehousing related questions with practical examples.,interview,0.67,pending
CS01034,CAN173,SKILL_125,Advanced,77,4.1,Demonstrated strong iOS Development knowledge during technical interview.,interview,0.53,unverified
CS01035,CAN173,SKILL_071,Advanced,80,8.2,Completed Leadership coding challenge with above-average performance.,assessment,0.77,unverified
CS01036,CAN173,SKILL_044,Advanced,79,6.7,Holds Ansible certification from recognized institution.,certification,0.64,verified
CS01037,CAN173,SKILL_083,Advanced,78,4.7,Completed Market Analysis coding challenge with above-average performance.,assessment,0.72,unverified
CS01038,CAN174,SKILL_082,Basic,38,4.0,Scored 67% in Budgeting assessment test.,assessment,0.52,pending
CS01039,CAN174,SKILL_006,Basic,45,4.5,Implemented C# solution for real-time analytics dashboard.,project,0.82,unverified
CS01040,CAN174,SKILL_047,Basic,35,5.5,Scored 68% in Natural Language Processing assessment test.,assessment,0.87,unverified
CS01041,CAN174,SKILL_039,Basic,35,3.3,Scored 82% in Docker assessment test.,assessment,0.99,pending
CS01042,CAN175,SKILL_131,Intermediate,65,0.8,Implemented ETL Pipelines solution for real-time analytics dashboard.,project,0.81,unverified
CS01043,CAN175,SKILL_138,Advanced,78,1.0,Completed advanced Mixpanel certification course.,certification,0.9,unverified
CS01044,CAN175,SKILL_094,Intermediate,62,2.1,Implemented Performance Management solution for real-time analytics dashboard.,project,0.64,verified
CS01045,CAN175,SKILL_002,Advanced,75,1.4,Scored 82% in Java assessment test.,assessment,0.67,unverified
CS01046,CAN176,SKILL_067,Advanced,78,0.6,Created Project Management-based microservices serving 10K+ requests/sec.,project,0.77,verified
CS01047,CAN176,SKILL_122,Intermediate,59,0.5,Completed advanced Performance Testing certification course.,certification,0.74,pending
CS01048,CAN176,SKILL_062,Advanced,77,0.7,Mentioned Identity and Access Management in resume with 2 years experience.,resume,0.46,verified
CS01049,CAN176,SKILL_055,Advanced,83,0.7,Completed Apache Spark coding challenge with above-average performance.,assessment,0.72,verified
CS01050,CAN177,SKILL_006,Advanced,80,1.3,Holds C# certification from recognized institution.,certification,0.95,verified
CS01051,CAN177,SKILL_084,Advanced,81,1.4,Resume highlights Business Strategy expertise in multiple projects.,resume,0.62,unverified
CS01052,CAN177,SKILL_008,Advanced,79,0.9,Mentioned Rust in resume with 4 years experience.,resume,0.37,unverified
CS01053,CAN177,SKILL_063,Intermediate,55,1.6,Answered Agile Methodology related questions with practical examples.,interview,0.3,verified
CS01054,CAN177,SKILL_011,Expert,99,0.6,Scored 88% in Kotlin assessment test.,assessment,0.9,verified
CS01055,CAN178,SKILL_075,Advanced,80,0.9,Mentioned Time Management in resume with 5 years experience.,resume,0.69,unverified
CS01056,CAN178,SKILL_083,Advanced,84,0.5,Developed data pipeline using Market Analysis processing 1M+ records daily.,project,0.55,unverified
CS01057,CAN178,SKILL_145,Expert,97,0.8,Implemented Active Listening solution for real-time analytics dashboard.,project,0.57,pending
CS01058,CAN178,SKILL_020,Expert,98,0.7,Built REST APIs using Django for an e-commerce platform.,project,0.51,pending
CS01059,CAN178,SKILL_047,Expert,97,0.5,Developed data pipeline using Natural Language Processing processing 1M+ records daily.,project,0.82,pending
CS01060,CAN178,SKILL_126,Expert,94,0.8,Answered React Native related questions with practical examples.,interview,0.71,pending
CS01061,CAN178,SKILL_100,Advanced,82,0.9,Created Quality Assurance-based microservices serving 10K+ requests/sec.,project,0.34,verified
CS01062,CAN178,SKILL_053,Expert,91,0.8,Completed advanced Pandas certification course.,certification,0.81,pending
CS01063,CAN179,SKILL_118,Intermediate,64,5.6,Built REST APIs using Scalability Patterns for an e-commerce platform.,project,0.81,pending
CS01064,CAN179,SKILL_149,Intermediate,62,9.1,Demonstrated strong Risk Management knowledge during technical interview.,interview,0.83,unverified
CS01065,CAN179,SKILL_116,Intermediate,62,5.0,Scored 68% in Distributed Systems assessment test.,assessment,0.99,pending
CS01066,CAN179,SKILL_057,Intermediate,61,7.0,Resume highlights Power BI expertise in multiple projects.,resume,0.49,pending
CS01067,CAN179,SKILL_066,Basic,37,5.3,Built REST APIs using Waterfall for an e-commerce platform.,project,0.59,verified
CS01068,CAN179,SKILL_050,Basic,35,5.5,Answered Statistical Modeling related questions with practical examples.,interview,0.51,verified
CS01069,CAN180,SKILL_073,Expert,96,0.9,Mentioned Problem Solving in resume with 1 years experience.,resume,0.48,unverified
CS01070,CAN180,SKILL_143,Intermediate,59,0.7,Listed Generative AI as key skill in resume.,resume,0.66,verified
CS01071,CAN180,SKILL_039,Expert,100,0.6,Listed Docker as key skill in resume.,resume,0.73,verified
CS01072,CAN180,SKILL_068,Advanced,80,1.0,Demonstrated strong JIRA knowledge during technical interview.,interview,0.53,unverified
CS01073,CAN181,SKILL_099,Expert,92,7.6,Completed Logistics Management coding challenge with above-average performance.,assessment,0.61,unverified
CS01074,CAN181,SKILL_141,Advanced,84,4.2,Developed data pipeline using Augmented Reality processing 1M+ records daily.,project,0.58,unverified
CS01075,CAN181,SKILL_067,Expert,96,5.3,Resume highlights Project Management expertise in multiple projects.,resume,0.38,pending
CS01076,CAN181,SKILL_044,Advanced,82,9.6,Holds Ansible certification from recognized institution.,certification,0.66,unverified
CS01077,CAN181,SKILL_062,Expert,93,0.7,Demonstrated strong Identity and Access Management knowledge during technical interview.,interview,0.65,verified
CS01078,CAN181,SKILL_121,Advanced,78,7.2,Completed Selenium coding challenge with above-average performance.,assessment,0.63,pending
CS01079,CAN181,SKILL_012,Advanced,76,3.8,Completed Swift coding challenge with above-average performance.,assessment,0.5,pending
CS01080,CAN181,SKILL_142,Intermediate,65,4.6,Holds Edge Computing certification from recognized institution.,certification,0.81,pending
CS01081,CAN182,SKILL_108,Advanced,79,2.0,Developed data pipeline using User Research processing 1M+ records daily.,project,0.81,unverified
CS01082,CAN182,SKILL_016,Expert,100,5.9,Listed React as key skill in resume.,resume,0.39,unverified
CS01083,CAN182,SKILL_057,Expert,98,8.3,Listed Power BI as key skill in resume.,resume,0.37,verified
CS01084,CAN182,SKILL_066,Advanced,78,0.7,Listed Waterfall as key skill in resume.,resume,0.68,unverified
CS01085,CAN182,SKILL_081,Expert,100,7.5,Holds Accounting certification from recognized institution.,certification,0.54,pending
CS01086,CAN183,SKILL_061,Intermediate,63,5.7,Answered OWASP Security related questions with practical examples.,interview,0.34,verified
CS01087,CAN183,SKILL_073,Intermediate,64,5.3,Implemented Problem Solving solution for real-time analytics dashboard.,project,0.33,pending
CS01088,CAN183,SKILL_024,Intermediate,62,3.8,Demonstrated strong .NET Framework knowledge during technical interview.,interview,0.65,unverified
CS01089,CAN183,SKILL_023,Intermediate,58,4.5,Resume highlights Spring Boot expertise in multiple projects.,resume,0.52,pending
CS01090,CAN183,SKILL_041,Intermediate,62,4.6,Holds CI/CD Pipelines certification from recognized institution.,certification,0.67,pending
CS01091,CAN183,SKILL_036,Intermediate,58,6.1,Scored 74% in AWS assessment test.,assessment,0.81,verified
CS01092,CAN183,SKILL_155,Basic,45,0.5,Scored 62% in Data Visualization assessment test.,assessment,0.72,pending
CS01093,CAN184,SKILL_072,Expert,97,3.9,Created Teamwork-based microservices serving 10K+ requests/sec.,project,0.76,pending
CS01094,CAN184,SKILL_047,Advanced,77,6.4,Implemented Natural Language Processing solution for real-time analytics dashboard.,project,0.49,pending
CS01095,CAN184,SKILL_079,Expert,97,1.6,Scored 82% in Mentoring assessment test.,assessment,0.98,verified
CS01096,CAN184,SKILL_052,Expert,96,0.6,Mentioned PyTorch in resume with 4 years experience.,resume,0.66,verified
CS01097,CAN184,SKILL_067,Advanced,83,9.3,Scored 87% in Project Management assessment test.,assessment,0.96,pending
CS01098,CAN185,SKILL_093,Basic,44,1.9,Demonstrated strong Compensation and Benefits knowledge during technical interview.,interview,0.43,unverified
CS01099,CAN185,SKILL_041,Basic,37,1.6,Answered CI/CD Pipelines related questions with practical examples.,interview,0.64,unverified
CS01100,CAN185,SKILL_023,Basic,45,3.9,Developed data pipeline using Spring Boot processing 1M+ records daily.,project,0.72,pending
CS01101,CAN185,SKILL_032,Beginner,22,5.1,Completed Elasticsearch coding challenge with above-average performance.,assessment,0.96,pending
CS01102,CAN186,SKILL_137,Advanced,76,0.6,Implemented A/B Testing solution for real-time analytics dashboard.,project,0.74,pending
CS01103,CAN186,SKILL_106,Intermediate,58,0.8,Scored 86% in Adobe Creative Suite assessment test.,assessment,0.9,verified
CS01104,CAN186,SKILL_116,Advanced,79,0.6,Completed advanced Distributed Systems certification course.,certification,0.76,verified
CS01105,CAN186,SKILL_024,Advanced,75,0.8,Completed .NET Framework coding challenge with above-average performance.,assessment,0.67,pending
CS01106,CAN186,SKILL_062,Intermediate,58,0.8,Scored 95% in Identity and Access Management assessment test.,assessment,0.95,pending
CS01107,CAN187,SKILL_130,Advanced,84,7.9,Resume highlights API Gateway Management expertise in multiple projects.,resume,0.84,pending
CS01108,CAN187,SKILL_099,Advanced,85,3.7,Completed Logistics Management coding challenge with above-average performance.,assessment,0.89,unverified
CS01109,CAN187,SKILL_065,Expert,98,6.3,Holds Kanban certification from recognized institution.,certification,0.76,pending
CS01110,CAN187,SKILL_055,Advanced,77,0.5,Implemented Apache Spark solution for real-time analytics dashboard.,project,0.46,unverified
CS01111,CAN188,SKILL_143,Advanced,80,1.4,Completed advanced Generative AI certification course.,certification,0.57,unverified
CS01112,CAN188,SKILL_016,Advanced,79,5.8,Developed data pipeline using React processing 1M+ records daily.,project,0.51,unverified
CS01113,CAN188,SKILL_117,Expert,96,4.5,Mentioned High Availability Architecture in resume with 2 years experience.,resume,0.61,pending
CS01114,CAN188,SKILL_066,Expert,94,3.7,Completed Waterfall coding challenge with above-average performance.,assessment,0.92,pending
CS01115,CAN188,SKILL_020,Expert,100,5.0,Scored 62% in Django assessment test.,assessment,1.0,pending
CS01116,CAN188,SKILL_130,Advanced,85,3.8,Scored 92% in API Gateway Management assessment test.,assessment,0.57,unverified
CS01117,CAN189,SKILL_119,Basic,41,2.6,Holds Unit Testing certification from recognized institution.,certification,0.56,pending
CS01118,CAN189,SKILL_019,Intermediate,57,2.7,Built REST APIs using Node.js for an e-commerce platform.,project,0.38,pending
CS01119,CAN189,SKILL_110,Advanced,78,1.2,Answered System Administration related questions with practical examples.,interview,0.72,pending
CS01120,CAN189,SKILL_017,Intermediate,55,2.1,Demonstrated strong Angular knowledge during technical interview.,interview,0.79,pending
CS01121,CAN189,SKILL_134,Basic,45,2.7,Demonstrated strong Apache Airflow knowledge during technical interview.,interview,0.49,verified
CS01122,CAN190,SKILL_054,Intermediate,60,0.6,Created NumPy-based microservices serving 10K+ requests/sec.,project,0.81,verified
CS01123,CAN190,SKILL_012,Intermediate,60,0.6,Demonstrated strong Swift knowledge during technical interview.,interview,0.82,unverified
CS01124,CAN190,SKILL_136,Advanced,84,0.8,Holds Google Analytics certification from recognized institution.,certification,0.83,pending
CS01125,CAN190,SKILL_110,Intermediate,57,0.6,Answered System Administration related questions with practical examples.,interview,0.59,unverified
CS01126,CAN191,SKILL_104,Expert,100,4.8,Developed data pipeline using UI/UX Design processing 1M+ records daily.,project,0.68,unverified
CS01127,CAN191,SKILL_136,Advanced,85,3.4,Scored 66% in Google Analytics assessment test.,assessment,0.59,pending
CS01128,CAN191,SKILL_010,Expert,90,1.2,Demonstrated strong Ruby knowledge during technical interview.,interview,0.51,unverified
CS01129,CAN191,SKILL_036,Expert,95,1.0,Implemented AWS solution for real-time analytics dashboard.,project,0.43,pending
CS01130,CAN192,SKILL_036,Advanced,83,7.7,Demonstrated strong AWS knowledge during technical interview.,interview,0.71,unverified
CS01131,CAN192,SKILL_074,Expert,98,6.1,Listed Critical Thinking as key skill in resume.,resume,0.31,pending
CS01132,CAN192,SKILL_025,Expert,97,2.7,Completed REST API Design coding challenge with above-average performance.,assessment,0.66,verified
CS01133,CAN192,SKILL_056,Advanced,85,6.8,Mentioned Tableau in resume with 4 years experience.,resume,0.46,unverified
CS01134,CAN192,SKILL_031,Expert,99,6.0,Built REST APIs using Redis for an e-commerce platform.,project,0.43,unverified
CS01135,CAN192,SKILL_008,Expert,91,3.0,Completed Rust coding challenge with above-average performance.,assessment,0.95,unverified
CS01136,CAN192,SKILL_133,Expert,98,4.0,Demonstrated strong Apache Kafka knowledge during technical interview.,interview,0.69,unverified
CS01137,CAN192,SKILL_035,Expert,97,7.0,Resume highlights Amazon DynamoDB expertise in multiple projects.,resume,0.47,verified
CS01138,CAN193,SKILL_087,Expert,99,0.8,Completed Digital Marketing coding challenge with above-average performance.,assessment,0.91,unverified
CS01139,CAN193,SKILL_068,Advanced,76,3.5,Built REST APIs using JIRA for an e-commerce platform.,project,0.47,verified
CS01140,CAN193,SKILL_067,Advanced,78,2.7,Completed Project Management coding challenge with above-average performance.,assessment,0.8,unverified
CS01141,CAN193,SKILL_065,Expert,93,3.4,Developed data pipeline using Kanban processing 1M+ records daily.,project,0.34,verified
CS01142,CAN193,SKILL_090,Advanced,79,5.7,Listed Brand Management as key skill in resume.,resume,0.49,pending
CS01143,CAN193,SKILL_143,Expert,95,9.3,Completed advanced Generative AI certification course.,certification,0.52,unverified
CS01144,CAN193,SKILL_136,Advanced,80,9.9,Created Google Analytics-based microservices serving 10K+ requests/sec.,project,0.37,pending
CS01145,CAN193,SKILL_059,Advanced,78,1.2,Answered Network Security related questions with practical examples.,interview,0.42,unverified
CS01146,CAN194,SKILL_075,Expert,96,0.8,Implemented Time Management solution for real-time analytics dashboard.,project,0.4,pending
CS01147,CAN194,SKILL_155,Advanced,77,0.6,Completed advanced Data Visualization certification course.,certification,0.78,unverified
CS01148,CAN194,SKILL_013,Advanced,79,0.6,Completed Scala coding challenge with above-average performance.,assessment,0.68,verified
CS01149,CAN194,SKILL_091,Advanced,79,2.2,Developed data pipeline using Talent Acquisition processing 1M+ records daily.,project,0.84,unverified
CS01150,CAN194,SKILL_059,Expert,92,1.9,Built REST APIs using Network Security for an e-commerce platform.,project,0.58,unverified
CS01151,CAN194,SKILL_100,Advanced,80,0.7,Completed advanced Quality Assurance certification course.,certification,0.98,pending
CS01152,CAN195,SKILL_003,Advanced,82,1.5,Listed JavaScript as key skill in resume.,resume,0.46,pending
CS01153,CAN195,SKILL_090,Expert,93,0.9,Holds Brand Management certification from recognized institution.,certification,0.81,unverified
CS01154,CAN195,SKILL_100,Advanced,75,2.4,Created Quality Assurance-based microservices serving 10K+ requests/sec.,project,0.4,verified
CS01155,CAN195,SKILL_081,Advanced,79,1.1,Mentioned Accounting in resume with 2 years experience.,resume,0.85,pending
CS01156,CAN195,SKILL_041,Expert,100,1.8,Holds CI/CD Pipelines certification from recognized institution.,certification,0.53,verified
CS01157,CAN195,SKILL_008,Expert,97,0.6,Holds Rust certification from recognized institution.,certification,0.97,pending
CS01158,CAN195,SKILL_078,Advanced,82,1.1,Completed Conflict Resolution coding challenge with above-average performance.,assessment,0.8,unverified
CS01159,CAN195,SKILL_117,Expert,93,2.5,Holds High Availability Architecture certification from recognized institution.,certification,0.96,unverified
CS01160,CAN196,SKILL_127,Advanced,79,2.4,Completed advanced Git/Version Control certification course.,certification,0.81,verified
CS01161,CAN196,SKILL_139,Advanced,83,2.4,Holds Blockchain certification from recognized institution.,certification,0.72,unverified
CS01162,CAN196,SKILL_092,Intermediate,63,6.1,Answered Employee Relations related questions with practical examples.,interview,0.54,verified
CS01163,CAN196,SKILL_009,Expert,95,4.4,Implemented PHP solution for real-time analytics dashboard.,project,0.66,unverified
CS01164,CAN196,SKILL_014,Expert,94,1.0,Demonstrated strong R knowledge during technical interview.,interview,0.73,unverified
CS01165,CAN196,SKILL_013,Expert,90,7.2,Developed data pipeline using Scala processing 1M+ records daily.,project,0.62,unverified
CS01166,CAN196,SKILL_026,Advanced,84,2.9,Built REST APIs using GraphQL for an e-commerce platform.,project,0.33,verified
CS01167,CAN197,SKILL_112,Advanced,76,7.4,Completed advanced Windows Server certification course.,certification,0.94,verified
CS01168,CAN197,SKILL_019,Expert,95,4.0,Completed Node.js coding challenge with above-average performance.,assessment,0.63,unverified
CS01169,CAN197,SKILL_025,Advanced,77,7.0,Answered REST API Design related questions with practical examples.,interview,0.58,verified
CS01170,CAN197,SKILL_052,Expert,93,8.8,Scored 66% in PyTorch assessment test.,assessment,0.61,verified
CS01171,CAN197,SKILL_106,Advanced,81,1.4,Created Adobe Creative Suite-based microservices serving 10K+ requests/sec.,project,0.83,verified
CS01172,CAN197,SKILL_119,Advanced,84,6.5,Demonstrated strong Unit Testing knowledge during technical interview.,interview,0.61,verified
CS01173,CAN197,SKILL_130,Expert,99,4.2,Completed advanced API Gateway Management certification course.,certification,0.95,verified
CS01174,CAN197,SKILL_070,Advanced,83,6.9,Listed Communication as key skill in resume.,resume,0.71,verified
CS01175,CAN198,SKILL_063,Advanced,83,3.9,Listed Agile Methodology as key skill in resume.,resume,0.61,unverified
CS01176,CAN198,SKILL_105,Expert,94,1.3,Holds Figma certification from recognized institution.,certification,0.62,unverified
CS01177,CAN198,SKILL_053,Advanced,84,1.4,Completed Pandas coding challenge with above-average performance.,assessment,0.76,unverified
CS01178,CAN198,SKILL_148,Expert,97,0.9,Answered Service Level Management related questions with practical examples.,interview,0.4,unverified
CS01179,CAN198,SKILL_067,Expert,94,4.5,Developed data pipeline using Project Management processing 1M+ records daily.,project,0.54,verified
CS01180,CAN198,SKILL_137,Expert,98,2.1,Mentioned A/B Testing in resume with 2 years experience.,resume,0.58,verified
CS01181,CAN199,SKILL_139,Intermediate,63,8.1,Completed Blockchain coding challenge with above-average performance.,assessment,0.53,unverified
CS01182,CAN199,SKILL_145,Advanced,82,5.0,Demonstrated strong Active Listening knowledge during technical interview.,interview,0.66,pending
CS01183,CAN199,SKILL_085,Intermediate,56,9.2,Holds CRM Systems certification from recognized institution.,certification,0.97,verified
CS01184,CAN199,SKILL_128,Basic,37,5.5,Scored 65% in Microservices Architecture assessment test.,assessment,0.88,verified
CS01185,CAN200,SKILL_001,Advanced,84,5.9,Mentioned Python in resume with 2 years experience.,resume,0.58,verified
CS01186,CAN200,SKILL_118,Expert,90,0.8,Demonstrated strong Scalability Patterns knowledge during technical interview.,interview,0.52,verified
CS01187,CAN200,SKILL_131,Advanced,79,4.1,Listed ETL Pipelines as key skill in resume.,resume,0.32,pending
CS01188,CAN200,SKILL_109,Advanced,82,1.8,Resume highlights Networking expertise in multiple projects.,resume,0.63,pending
CS01189,CAN200,SKILL_044,Intermediate,61,0.8,Resume highlights Ansible expertise in multiple projects.,resume,0.59,verified
CS01190,CAN200,SKILL_149,Advanced,75,7.2,Built REST APIs using Risk Management for an e-commerce platform.,project,0.61,verified
CS01191,CAN200,SKILL_073,Intermediate,59,5.2,Answered Problem Solving related questions with practical examples.,interview,0.54,pending
CS01192,CAN201,SKILL_039,Advanced,81,1.7,Scored 60% in Docker assessment test.,assessment,0.59,pending
CS01193,CAN201,SKILL_045,Advanced,80,0.5,Completed advanced Machine Learning certification course.,certification,0.93,verified
CS01194,CAN201,SKILL_011,Advanced,82,0.7,Mentioned Kotlin in resume with 4 years experience.,resume,0.66,pending
CS01195,CAN201,SKILL_121,Intermediate,56,0.8,Holds Selenium certification from recognized institution.,certification,0.94,verified
CS01196,CAN201,SKILL_100,Advanced,82,0.9,Created Quality Assurance-based microservices serving 10K+ requests/sec.,project,0.38,unverified
CS01197,CAN201,SKILL_105,Expert,92,0.9,Completed Figma coding challenge with above-average performance.,assessment,0.54,verified
CS01198,CAN201,SKILL_134,Advanced,78,1.3,Demonstrated strong Apache Airflow knowledge during technical interview.,interview,0.33,unverified
CS01199,CAN202,SKILL_124,Advanced,85,3.4,Completed advanced Android Development certification course.,certification,0.77,unverified
CS01200,CAN202,SKILL_049,Expert,96,5.1,Built REST APIs using Data Analysis for an e-commerce platform.,project,0.76,verified
CS01201,CAN202,SKILL_031,Advanced,79,8.2,Completed advanced Redis certification course.,certification,0.95,verified
CS01202,CAN202,SKILL_069,Advanced,85,6.2,Holds Product Management certification from recognized institution.,certification,0.69,verified
CS01203,CAN202,SKILL_047,Expert,90,9.7,Created Natural Language Processing-based microservices serving 10K+ requests/sec.,project,0.63,pending
CS01204,CAN202,SKILL_104,Advanced,85,8.5,Mentioned UI/UX Design in resume with 3 years experience.,resume,0.83,verified
CS01205,CAN202,SKILL_138,Expert,98,8.5,Answered Mixpanel related questions with practical examples.,interview,0.34,pending
CS01206,CAN203,SKILL_100,Advanced,75,0.5,Built REST APIs using Quality Assurance for an e-commerce platform.,project,0.81,unverified
CS01207,CAN203,SKILL_112,Advanced,84,1.4,Completed Windows Server coding challenge with above-average performance.,assessment,0.57,unverified
CS01208,CAN203,SKILL_033,Expert,94,0.9,Completed advanced Oracle Database certification course.,certification,0.63,unverified
CS01209,CAN203,SKILL_119,Advanced,82,1.5,Scored 64% in Unit Testing assessment test.,assessment,0.54,unverified
CS01210,CAN204,SKILL_091,Advanced,79,0.8,Scored 75% in Talent Acquisition assessment test.,assessment,0.57,verified
CS01211,CAN204,SKILL_085,Intermediate,63,1.3,Scored 91% in CRM Systems assessment test.,assessment,0.88,pending
CS01212,CAN204,SKILL_072,Intermediate,63,1.3,Built REST APIs using Teamwork for an e-commerce platform.,project,0.68,pending
CS01213,CAN204,SKILL_138,Advanced,82,0.5,Scored 64% in Mixpanel assessment test.,assessment,0.68,verified
CS01214,CAN204,SKILL_027,Intermediate,55,1.3,Completed advanced SQL certification course.,certification,0.73,unverified
CS01215,CAN204,SKILL_025,Intermediate,64,1.0,Listed REST API Design as key skill in resume.,resume,0.67,pending
CS01216,CAN205,SKILL_025,Expert,100,0.7,Scored 64% in REST API Design assessment test.,assessment,0.86,pending
CS01217,CAN205,SKILL_004,Expert,93,8.6,Completed advanced TypeScript certification course.,certification,0.87,verified
CS01218,CAN205,SKILL_127,Expert,99,8.6,Demonstrated strong Git/Version Control knowledge during technical interview.,interview,0.49,unverified
CS01219,CAN205,SKILL_112,Expert,96,2.0,Developed data pipeline using Windows Server processing 1M+ records daily.,project,0.39,verified
CS01220,CAN205,SKILL_096,Advanced,82,2.4,Demonstrated strong HR Analytics knowledge during technical interview.,interview,0.57,verified
CS01221,CAN206,SKILL_071,Basic,37,7.0,Answered Leadership related questions with practical examples.,interview,0.59,verified
CS01222,CAN206,SKILL_036,Basic,43,2.5,Developed data pipeline using AWS processing 1M+ records daily.,project,0.67,verified
CS01223,CAN206,SKILL_014,Beginner,22,8.8,Demonstrated strong R knowledge during technical interview.,interview,0.53,unverified
CS01224,CAN206,SKILL_091,Beginner,28,8.3,Listed Talent Acquisition as key skill in resume.,resume,0.34,pending
CS01225,CAN206,SKILL_110,Basic,45,2.6,Scored 89% in System Administration assessment test.,assessment,0.86,verified
CS01226,CAN207,SKILL_063,Advanced,82,3.7,Completed Agile Methodology coding challenge with above-average performance.,assessment,0.65,pending
CS01227,CAN207,SKILL_051,Expert,90,3.7,Scored 64% in TensorFlow assessment test.,assessment,0.83,unverified
CS01228,CAN207,SKILL_106,Advanced,78,0.7,Demonstrated strong Adobe Creative Suite knowledge during technical interview.,interview,0.47,verified
CS01229,CAN207,SKILL_046,Advanced,82,2.9,Scored 67% in Deep Learning assessment test.,assessment,0.56,verified
CS01230,CAN207,SKILL_024,Intermediate,55,1.4,Completed .NET Framework coding challenge with above-average performance.,assessment,0.87,pending
CS01231,CAN207,SKILL_112,Expert,96,2.2,Built REST APIs using Windows Server for an e-commerce platform.,project,0.53,verified
CS01232,CAN207,SKILL_040,Advanced,82,2.7,Completed Kubernetes coding challenge with above-average performance.,assessment,0.68,unverified
CS01233,CAN208,SKILL_111,Expert,90,5.9,Listed Linux as key skill in resume.,resume,0.51,unverified
CS01234,CAN208,SKILL_128,Expert,99,6.8,Demonstrated strong Microservices Architecture knowledge during technical interview.,interview,0.59,pending
CS01235,CAN208,SKILL_058,Expert,90,8.2,Developed data pipeline using Cybersecurity processing 1M+ records daily.,project,0.63,pending
CS01236,CAN208,SKILL_110,Expert,91,6.0,Built REST APIs using System Administration for an e-commerce platform.,project,0.67,pending
CS01237,CAN208,SKILL_123,Expert,96,1.7,Holds Test Automation certification from recognized institution.,certification,0.88,unverified
CS01238,CAN208,SKILL_010,Expert,94,1.2,Implemented Ruby solution for real-time analytics dashboard.,project,0.85,pending
CS01239,CAN208,SKILL_022,Advanced,76,0.6,Completed FastAPI coding challenge with above-average performance.,assessment,0.75,verified
CS01240,CAN209,SKILL_007,Expert,96,1.3,Demonstrated strong Go knowledge during technical interview.,interview,0.71,pending
CS01241,CAN209,SKILL_002,Advanced,82,1.4,Mentioned Java in resume with 4 years experience.,resume,0.53,pending
CS01242,CAN209,SKILL_019,Advanced,75,1.4,Scored 63% in Node.js assessment test.,assessment,0.57,pending
CS01243,CAN209,SKILL_135,Advanced,75,1.6,Completed Data Modeling coding challenge with above-average performance.,assessment,0.68,verified
CS01244,CAN209,SKILL_105,Intermediate,58,1.2,Answered Figma related questions with practical examples.,interview,0.32,unverified
CS01245,CAN209,SKILL_140,Expert,91,1.5,Answered Internet of Things related questions with practical examples.,interview,0.78,pending
CS01246,CAN209,SKILL_147,Advanced,83,1.4,Completed advanced Issue Resolution certification course.,certification,0.7,unverified
CS01247,CAN209,SKILL_129,Advanced,75,1.3,Completed advanced Event-Driven Architecture certification course.,certification,0.77,pending
CS01248,CAN210,SKILL_048,Beginner,28,1.8,Completed Computer Vision coding challenge with above-average performance.,assessment,0.57,verified
CS01249,CAN210,SKILL_017,Basic,44,1.7,Resume highlights Angular expertise in multiple projects.,resume,0.77,pending
CS01250,CAN210,SKILL_134,Beginner,30,1.7,Completed Apache Airflow coding challenge with above-average performance.,assessment,0.82,pending
CS01251,CAN210,SKILL_036,Beginner,30,0.9,Answered AWS related questions with practical examples.,interview,0.85,verified
CS01252,CAN210,SKILL_092,Beginner,25,1.3,Mentioned Employee Relations in resume with 1 years experience.,resume,0.66,pending
CS01253,CAN210,SKILL_028,Basic,45,1.1,Scored 72% in PostgreSQL assessment test.,assessment,0.69,verified
CS01254,CAN210,SKILL_020,Basic,37,1.1,Implemented Django solution for real-time analytics dashboard.,project,0.47,unverified
CS01255,CAN211,SKILL_066,Advanced,76,6.9,Demonstrated strong Waterfall knowledge during technical interview.,interview,0.67,unverified
CS01256,CAN211,SKILL_072,Intermediate,64,5.0,Completed Teamwork coding challenge with above-average performance.,assessment,0.89,verified
CS01257,CAN211,SKILL_124,Advanced,82,3.9,Listed Android Development as key skill in resume.,resume,0.73,unverified
CS01258,CAN211,SKILL_034,Expert,97,7.7,Completed Apache Cassandra coding challenge with above-average performance.,assessment,0.65,pending
CS01259,CAN211,SKILL_014,Advanced,77,7.0,Developed data pipeline using R processing 1M+ records daily.,project,0.72,unverified
CS01260,CAN211,SKILL_093,Advanced,80,7.9,Completed advanced Compensation and Benefits certification course.,certification,0.83,pending
CS01261,CAN212,SKILL_101,Expert,99,4.3,Created Process Improvement-based microservices serving 10K+ requests/sec.,project,0.67,pending
CS01262,CAN212,SKILL_088,Advanced,85,2.5,Resume highlights SEO/SEM expertise in multiple projects.,resume,0.54,pending
CS01263,CAN212,SKILL_123,Advanced,85,6.4,Resume highlights Test Automation expertise in multiple projects.,resume,0.83,verified
CS01264,CAN212,SKILL_073,Advanced,78,5.9,Scored 70% in Problem Solving assessment test.,assessment,0.66,verified
CS01265,CAN213,SKILL_057,Intermediate,55,5.4,Answered Power BI related questions with practical examples.,interview,0.79,unverified
CS01266,CAN213,SKILL_039,Intermediate,59,9.7,Demonstrated strong Docker knowledge during technical interview.,interview,0.82,pending
CS01267,CAN213,SKILL_066,Intermediate,59,9.1,Resume highlights Waterfall expertise in multiple projects.,resume,0.7,verified
CS01268,CAN213,SKILL_130,Intermediate,63,3.0,Completed API Gateway Management coding challenge with above-average performance.,assessment,0.73,pending
CS01269,CAN213,SKILL_111,Intermediate,59,7.2,Demonstrated strong Linux knowledge during technical interview.,interview,0.76,pending
CS01270,CAN213,SKILL_141,Intermediate,56,8.8,Scored 68% in Augmented Reality assessment test.,assessment,0.72,pending
CS01271,CAN213,SKILL_058,Basic,43,9.1,Scored 66% in Cybersecurity assessment test.,assessment,0.56,verified
CS01272,CAN214,SKILL_026,Advanced,80,0.7,Mentioned GraphQL in resume with 3 years experience.,resume,0.64,verified
CS01273,CAN214,SKILL_099,Advanced,76,0.8,Answered Logistics Management related questions with practical examples.,interview,0.44,verified
CS01274,CAN214,SKILL_090,Advanced,84,0.9,Completed advanced Brand Management certification course.,certification,0.95,verified
CS01275,CAN214,SKILL_022,Expert,97,1.5,Listed FastAPI as key skill in resume.,resume,0.62,verified
CS01276,CAN214,SKILL_054,Advanced,79,0.9,Scored 66% in NumPy assessment test.,assessment,0.86,pending
CS01277,CAN215,SKILL_085,Advanced,75,3.3,Completed CRM Systems coding challenge with above-average performance.,assessment,0.92,pending
CS01278,CAN215,SKILL_065,Expert,90,1.7,Completed Kanban coding challenge with above-average performance.,assessment,0.97,unverified
CS01279,CAN215,SKILL_140,Advanced,78,5.3,Built REST APIs using Internet of Things for an e-commerce platform.,project,0.63,unverified
CS01280,CAN215,SKILL_139,Expert,92,7.9,Demonstrated strong Blockchain knowledge during technical interview.,interview,0.81,verified
CS01281,CAN215,SKILL_068,Expert,97,6.6,Completed JIRA coding challenge with above-average performance.,assessment,0.61,pending
CS01282,CAN215,SKILL_040,Advanced,82,8.2,Built REST APIs using Kubernetes for an e-commerce platform.,project,0.75,pending
CS01283,CAN215,SKILL_125,Expert,99,7.0,Created iOS Development-based microservices serving 10K+ requests/sec.,project,0.43,unverified
CS01284,CAN216,SKILL_112,Advanced,77,1.0,Holds Windows Server certification from recognized institution.,certification,0.69,verified
CS01285,CAN216,SKILL_126,Advanced,79,2.1,Completed React Native coding challenge with above-average performance.,assessment,0.94,verified
CS01286,CAN216,SKILL_081,Expert,98,1.4,Developed data pipeline using Accounting processing 1M+ records daily.,project,0.61,pending
CS01287,CAN216,SKILL_069,Expert,93,1.3,Resume highlights Product Management expertise in multiple projects.,resume,0.6,unverified
CS01288,CAN216,SKILL_155,Expert,93,1.2,Completed Data Visualization coding challenge with above-average performance.,assessment,0.75,unverified
CS01289,CAN217,SKILL_023,Expert,97,8.2,Scored 70% in Spring Boot assessment test.,assessment,0.96,unverified
CS01290,CAN217,SKILL_116,Expert,97,0.7,Completed advanced Distributed Systems certification course.,certification,0.81,pending
CS01291,CAN217,SKILL_091,Expert,96,1.9,Listed Talent Acquisition as key skill in resume.,resume,0.55,verified
CS01292,CAN217,SKILL_067,Expert,91,8.1,Resume highlights Project Management expertise in multiple projects.,resume,0.36,pending
CS01293,CAN217,SKILL_031,Expert,98,4.2,Created Redis-based microservices serving 10K+ requests/sec.,project,0.38,pending
CS01294,CAN217,SKILL_024,Expert,99,6.8,Answered .NET Framework related questions with practical examples.,interview,0.72,pending
CS01295,CAN218,SKILL_057,Intermediate,57,3.0,Answered Power BI related questions with practical examples.,interview,0.67,pending
CS01296,CAN218,SKILL_027,Basic,41,7.5,Holds SQL certification from recognized institution.,certification,0.84,unverified
CS01297,CAN218,SKILL_025,Intermediate,62,6.3,Completed REST API Design coding challenge with above-average performance.,assessment,0.8,verified
CS01298,CAN218,SKILL_007,Intermediate,60,4.0,Scored 84% in Go assessment test.,assessment,0.8,unverified
CS01299,CAN218,SKILL_105,Basic,41,1.5,Demonstrated strong Figma knowledge during technical interview.,interview,0.66,verified
CS01300,CAN218,SKILL_119,Intermediate,63,0.9,Completed Unit Testing coding challenge with above-average performance.,assessment,0.93,verified
CS01301,CAN218,SKILL_059,Basic,36,4.2,Mentioned Network Security in resume with 3 years experience.,resume,0.42,verified
CS01302,CAN219,SKILL_007,Advanced,82,0.6,Completed Go coding challenge with above-average performance.,assessment,0.91,verified
CS01303,CAN219,SKILL_020,Advanced,80,1.1,Resume highlights Django expertise in multiple projects.,resume,0.57,pending
CS01304,CAN219,SKILL_106,Expert,91,2.1,Completed advanced Adobe Creative Suite certification course.,certification,0.76,unverified
CS01305,CAN219,SKILL_044,Intermediate,58,0.9,Completed advanced Ansible certification course.,certification,0.87,pending
CS01306,CAN219,SKILL_004,Expert,98,2.3,Demonstrated strong TypeScript knowledge during technical interview.,interview,0.69,pending
CS01307,CAN219,SKILL_149,Advanced,81,1.9,Resume highlights Risk Management expertise in multiple projects.,resume,0.38,pending
CS01308,CAN220,SKILL_094,Basic,35,0.6,Resume highlights Performance Management expertise in multiple projects.,resume,0.83,unverified
CS01309,CAN220,SKILL_123,Beginner,23,0.7,Holds Test Automation certification from recognized institution.,certification,0.72,unverified
CS01310,CAN220,SKILL_031,Intermediate,64,0.6,Completed advanced Redis certification course.,certification,0.79,verified
CS01311,CAN220,SKILL_028,Basic,42,0.7,Holds PostgreSQL certification from recognized institution.,certification,0.53,verified
CS01312,CAN221,SKILL_005,Advanced,76,0.8,Mentioned C++ in resume with 3 years experience.,resume,0.44,unverified
CS01313,CAN221,SKILL_051,Advanced,78,0.7,Resume highlights TensorFlow expertise in multiple projects.,resume,0.56,unverified
CS01314,CAN221,SKILL_123,Advanced,80,0.7,Completed advanced Test Automation certification course.,certification,0.54,pending
CS01315,CAN221,SKILL_029,Intermediate,57,0.5,Answered MySQL related questions with practical examples.,interview,0.34,pending
CS01316,CAN221,SKILL_115,Intermediate,61,0.8,Answered System Design related questions with practical examples.,interview,0.45,pending
CS01317,CAN221,SKILL_026,Intermediate,60,0.8,Built REST APIs using GraphQL for an e-commerce platform.,project,0.7,verified
CS01318,CAN221,SKILL_112,Advanced,81,0.6,Completed Windows Server coding challenge with above-average performance.,assessment,0.55,unverified
CS01319,CAN222,SKILL_060,Advanced,82,9.8,Listed Penetration Testing as key skill in resume.,resume,0.36,pending
CS01320,CAN222,SKILL_118,Expert,97,5.8,Resume highlights Scalability Patterns expertise in multiple projects.,resume,0.71,unverified
CS01321,CAN222,SKILL_054,Expert,95,1.9,Demonstrated strong NumPy knowledge during technical interview.,interview,0.57,unverified
CS01322,CAN222,SKILL_009,Advanced,75,3.5,Holds PHP certification from recognized institution.,certification,0.67,verified
CS01323,CAN222,SKILL_107,Advanced,81,4.4,Completed advanced Prototyping certification course.,certification,0.89,unverified
CS01324,CAN222,SKILL_084,Advanced,78,9.6,Answered Business Strategy related questions with practical examples.,interview,0.51,verified
CS01325,CAN222,SKILL_122,Expert,100,6.3,Scored 90% in Performance Testing assessment test.,assessment,0.7,unverified
CS01326,CAN222,SKILL_070,Expert,98,1.2,Completed Communication coding challenge with above-average performance.,assessment,0.79,pending
CS01327,CAN223,SKILL_101,Basic,41,0.9,Answered Process Improvement related questions with practical examples.,interview,0.38,pending
CS01328,CAN223,SKILL_035,Beginner,23,5.2,Scored 69% in Amazon DynamoDB assessment test.,assessment,0.89,pending
CS01329,CAN223,SKILL_077,Beginner,25,1.9,Demonstrated strong Negotiation knowledge during technical interview.,interview,0.77,pending
CS01330,CAN223,SKILL_136,Basic,44,4.0,Completed advanced Google Analytics certification course.,certification,0.78,verified
CS01331,CAN223,SKILL_100,Basic,39,2.9,Scored 75% in Quality Assurance assessment test.,assessment,0.97,pending
CS01332,CAN223,SKILL_145,Beginner,22,4.9,Completed advanced Active Listening certification course.,certification,0.56,verified
CS01333,CAN223,SKILL_121,Basic,37,1.7,Listed Selenium as key skill in resume.,resume,0.36,unverified
CS01334,CAN223,SKILL_041,Beginner,21,4.2,Completed advanced CI/CD Pipelines certification course.,certification,0.99,unverified
CS01335,CAN224,SKILL_050,Intermediate,57,0.5,Scored 88% in Statistical Modeling assessment test.,assessment,0.88,verified
CS01336,CAN224,SKILL_038,Intermediate,56,0.7,Implemented Google Cloud Platform solution for real-time analytics dashboard.,project,0.51,pending
CS01337,CAN224,SKILL_094,Intermediate,58,0.7,Implemented Performance Management solution for real-time analytics dashboard.,project,0.5,verified
CS01338,CAN224,SKILL_098,Intermediate,64,0.6,Built REST APIs using Supply Chain Management for an e-commerce platform.,project,0.5,pending
CS01339,CAN224,SKILL_131,Basic,40,0.8,Holds ETL Pipelines certification from recognized institution.,certification,0.88,pending
CS01340,CAN224,SKILL_120,Intermediate,57,0.5,Scored 84% in Integration Testing assessment test.,assessment,0.85,unverified
CS01341,CAN224,SKILL_128,Intermediate,57,0.5,Scored 66% in Microservices Architecture assessment test.,assessment,0.63,unverified
CS01342,CAN225,SKILL_139,Advanced,76,1.6,Completed Blockchain coding challenge with above-average performance.,assessment,0.94,pending
CS01343,CAN225,SKILL_014,Advanced,78,0.6,Answered R related questions with practical examples.,interview,0.65,unverified
CS01344,CAN225,SKILL_126,Advanced,80,2.1,Completed React Native coding challenge with above-average performance.,assessment,0.84,verified
CS01345,CAN225,SKILL_031,Expert,91,0.7,Answered Redis related questions with practical examples.,interview,0.35,verified
CS01346,CAN226,SKILL_097,Basic,44,0.9,Completed Labor Law Compliance coding challenge with above-average performance.,assessment,0.75,unverified
CS01347,CAN226,SKILL_132,Beginner,20,7.1,Demonstrated strong Data Warehousing knowledge during technical interview.,interview,0.68,pending
CS01348,CAN226,SKILL_058,Beginner,25,1.6,Completed advanced Cybersecurity certification course.,certification,0.93,unverified
CS01349,CAN226,SKILL_046,Basic,36,7.4,Resume highlights Deep Learning expertise in multiple projects.,resume,0.59,verified
CS01350,CAN226,SKILL_154,Beginner,20,4.8,Holds Business Process Automation certification from recognized institution.,certification,0.87,unverified
CS01351,CAN226,SKILL_035,Beginner,22,1.7,Listed Amazon DynamoDB as key skill in resume.,resume,0.59,unverified
CS01352,CAN226,SKILL_147,Basic,41,8.7,Demonstrated strong Issue Resolution knowledge during technical interview.,interview,0.7,unverified
CS01353,CAN227,SKILL_039,Advanced,79,0.5,Mentioned Docker in resume with 1 years experience.,resume,0.48,unverified
CS01354,CAN227,SKILL_042,Advanced,78,7.1,Listed Terraform as key skill in resume.,resume,0.35,pending
CS01355,CAN227,SKILL_153,Advanced,80,8.5,Completed advanced Strategic Planning certification course.,certification,0.86,verified
CS01356,CAN227,SKILL_014,Expert,90,4.1,Answered R related questions with practical examples.,interview,0.5,unverified
CS01357,CAN227,SKILL_084,Advanced,75,8.8,Holds Business Strategy certification from recognized institution.,certification,0.96,pending
CS01358,CAN227,SKILL_152,Expert,100,3.6,Holds Stakeholder Management certification from recognized institution.,certification,0.71,unverified
CS01359,CAN227,SKILL_081,Expert,95,5.5,Scored 93% in Accounting assessment test.,assessment,0.76,unverified
CS01360,CAN228,SKILL_139,Advanced,78,0.6,Scored 70% in Blockchain assessment test.,assessment,0.64,verified
CS01361,CAN228,SKILL_008,Advanced,79,1.1,Answered Rust related questions with practical examples.,interview,0.79,pending
CS01362,CAN228,SKILL_138,Advanced,85,1.0,Scored 70% in Mixpanel assessment test.,assessment,0.68,unverified
CS01363,CAN228,SKILL_090,Intermediate,65,0.7,Completed Brand Management coding challenge with above-average performance.,assessment,0.8,verified
CS01364,CAN228,SKILL_134,Advanced,76,2.1,Completed Apache Airflow coding challenge with above-average performance.,assessment,0.68,pending
CS01365,CAN229,SKILL_069,Basic,43,2.9,Completed advanced Product Management certification course.,certification,0.82,unverified
CS01366,CAN229,SKILL_026,Basic,44,4.7,Scored 73% in GraphQL assessment test.,assessment,0.98,pending
CS01367,CAN229,SKILL_025,Basic,38,3.6,Mentioned REST API Design in resume with 1 years experience.,resume,0.58,verified
CS01368,CAN229,SKILL_096,Basic,45,1.3,Mentioned HR Analytics in resume with 3 years experience.,resume,0.69,unverified
CS01369,CAN229,SKILL_054,Basic,40,4.9,Listed NumPy as key skill in resume.,resume,0.83,verified
CS01370,CAN230,SKILL_070,Advanced,83,8.1,Developed data pipeline using Communication processing 1M+ records daily.,project,0.61,verified
CS01371,CAN230,SKILL_069,Advanced,85,4.1,Mentioned Product Management in resume with 3 years experience.,resume,0.36,verified
CS01372,CAN230,SKILL_045,Advanced,75,7.8,Scored 66% in Machine Learning assessment test.,assessment,0.97,pending
CS01373,CAN230,SKILL_058,Advanced,78,3.2,Completed advanced Cybersecurity certification course.,certification,0.87,unverified
CS01374,CAN230,SKILL_029,Advanced,80,4.4,Developed data pipeline using MySQL processing 1M+ records daily.,project,0.55,verified
CS01375,CAN230,SKILL_116,Advanced,78,9.8,Listed Distributed Systems as key skill in resume.,resume,0.46,pending
CS01376,CAN231,SKILL_078,Advanced,82,5.1,Completed advanced Conflict Resolution certification course.,certification,0.82,pending
CS01377,CAN231,SKILL_126,Intermediate,61,3.3,Created React Native-based microservices serving 10K+ requests/sec.,project,0.41,unverified
CS01378,CAN231,SKILL_019,Advanced,78,3.2,Answered Node.js related questions with practical examples.,interview,0.6,pending
CS01379,CAN231,SKILL_123,Advanced,84,4.9,Developed data pipeline using Test Automation processing 1M+ records daily.,project,0.31,pending
CS01380,CAN232,SKILL_149,Advanced,80,7.3,Created Risk Management-based microservices serving 10K+ requests/sec.,project,0.55,unverified
CS01381,CAN232,SKILL_001,Expert,95,5.2,Answered Python related questions with practical examples.,interview,0.36,unverified
CS01382,CAN232,SKILL_070,Advanced,75,6.6,Completed Communication coding challenge with above-average performance.,assessment,0.83,verified
CS01383,CAN232,SKILL_092,Intermediate,59,3.3,Answered Employee Relations related questions with practical examples.,interview,0.65,pending
CS01384,CAN233,SKILL_128,Basic,37,2.8,Demonstrated strong Microservices Architecture knowledge during technical interview.,interview,0.47,pending
CS01385,CAN233,SKILL_111,Beginner,20,5.7,Completed Linux coding challenge with above-average performance.,assessment,0.76,pending
CS01386,CAN233,SKILL_099,Basic,43,5.6,Answered Logistics Management related questions with practical examples.,interview,0.54,unverified
CS01387,CAN233,SKILL_126,Basic,40,0.6,Answered React Native related questions with practical examples.,interview,0.81,pending
CS01388,CAN234,SKILL_035,Expert,91,0.5,Answered Amazon DynamoDB related questions with practical examples.,interview,0.31,unverified
CS01389,CAN234,SKILL_155,Advanced,84,0.5,Implemented Data Visualization solution for real-time analytics dashboard.,project,0.5,verified
CS01390,CAN234,SKILL_076,Advanced,75,0.5,Completed advanced Presentation Skills certification course.,certification,0.58,verified
CS01391,CAN234,SKILL_074,Expert,98,0.5,Demonstrated strong Critical Thinking knowledge during technical interview.,interview,0.73,verified
CS01392,CAN234,SKILL_002,Expert,93,0.5,Scored 66% in Java assessment test.,assessment,0.67,pending
CS01393,CAN234,SKILL_068,Expert,96,0.5,Mentioned JIRA in resume with 5 years experience.,resume,0.75,pending
CS01394,CAN234,SKILL_154,Advanced,79,0.5,Developed data pipeline using Business Process Automation processing 1M+ records daily.,project,0.7,pending
CS01395,CAN235,SKILL_144,Advanced,82,1.5,Implemented Customer Relationship Management solution for real-time analytics dashboard.,project,0.55,unverified
CS01396,CAN235,SKILL_105,Advanced,77,2.5,Completed Figma coding challenge with above-average performance.,assessment,0.89,verified
CS01397,CAN235,SKILL_120,Advanced,82,6.5,Scored 92% in Integration Testing assessment test.,assessment,0.73,unverified
CS01398,CAN235,SKILL_031,Advanced,77,7.2,Answered Redis related questions with practical examples.,interview,0.73,unverified
CS01399,CAN235,SKILL_143,Advanced,85,5.8,Holds Generative AI certification from recognized institution.,certification,0.57,pending
CS01400,CAN235,SKILL_125,Advanced,75,3.0,Demonstrated strong iOS Development knowledge during technical interview.,interview,0.64,pending
CS01401,CAN235,SKILL_112,Advanced,77,3.5,Answered Windows Server related questions with practical examples.,interview,0.45,verified
CS01402,CAN235,SKILL_099,Intermediate,63,2.8,Resume highlights Logistics Management expertise in multiple projects.,resume,0.57,unverified
CS01403,CAN236,SKILL_149,Intermediate,56,1.6,Completed Risk Management coding challenge with above-average performance.,assessment,0.6,unverified
CS01404,CAN236,SKILL_008,Intermediate,56,2.9,Implemented Rust solution for real-time analytics dashboard.,project,0.65,verified
CS01405,CAN236,SKILL_077,Basic,40,2.5,Scored 94% in Negotiation assessment test.,assessment,0.76,pending
CS01406,CAN236,SKILL_094,Intermediate,59,3.2,Built REST APIs using Performance Management for an e-commerce platform.,project,0.44,pending
CS01407,CAN236,SKILL_078,Intermediate,61,4.2,Mentioned Conflict Resolution in resume with 4 years experience.,resume,0.65,pending
CS01408,CAN236,SKILL_108,Basic,37,1.4,Scored 87% in User Research assessment test.,assessment,0.54,verified
CS01409,CAN236,SKILL_023,Basic,35,3.0,Answered Spring Boot related questions with practical examples.,interview,0.68,pending
CS01410,CAN236,SKILL_126,Basic,41,1.5,Completed React Native coding challenge with above-average performance.,assessment,0.71,pending
CS01411,CAN237,SKILL_012,Expert,98,8.2,Demonstrated strong Swift knowledge during technical interview.,interview,0.31,unverified
CS01412,CAN237,SKILL_088,Expert,95,8.1,Listed SEO/SEM as key skill in resume.,resume,0.32,unverified
CS01413,CAN237,SKILL_134,Expert,90,1.9,Demonstrated strong Apache Airflow knowledge during technical interview.,interview,0.74,pending
CS01414,CAN237,SKILL_098,Advanced,75,5.2,Completed advanced Supply Chain Management certification course.,certification,0.85,verified
CS01415,CAN237,SKILL_024,Expert,94,6.6,Answered .NET Framework related questions with practical examples.,interview,0.77,pending
CS01416,CAN237,SKILL_039,Advanced,83,5.9,Scored 77% in Docker assessment test.,assessment,0.99,pending
CS01417,CAN237,SKILL_103,Advanced,82,5.2,Scored 92% in Lean Management assessment test.,assessment,0.55,unverified
CS01418,CAN238,SKILL_036,Expert,91,7.8,Completed AWS coding challenge with above-average performance.,assessment,0.81,unverified
CS01419,CAN238,SKILL_144,Advanced,82,6.9,Resume highlights Customer Relationship Management expertise in multiple projects.,resume,0.43,unverified
CS01420,CAN238,SKILL_038,Expert,100,5.9,Mentioned Google Cloud Platform in resume with 1 years experience.,resume,0.67,verified
CS01421,CAN238,SKILL_152,Expert,98,2.5,Completed advanced Stakeholder Management certification course.,certification,0.69,verified
CS01422,CAN238,SKILL_131,Expert,91,5.7,Completed advanced ETL Pipelines certification course.,certification,0.75,verified
CS01423,CAN238,SKILL_048,Expert,98,2.9,Holds Computer Vision certification from recognized institution.,certification,0.85,pending
CS01424,CAN239,SKILL_018,Advanced,82,2.8,Answered Vue.js related questions with practical examples.,interview,0.69,verified
CS01425,CAN239,SKILL_135,Expert,98,1.2,Holds Data Modeling certification from recognized institution.,certification,0.8,unverified
CS01426,CAN239,SKILL_024,Advanced,82,6.1,Demonstrated strong .NET Framework knowledge during technical interview.,interview,0.3,verified
CS01427,CAN239,SKILL_076,Expert,99,0.5,Scored 68% in Presentation Skills assessment test.,assessment,0.84,unverified
CS01428,CAN240,SKILL_094,Expert,100,4.7,Scored 84% in Performance Management assessment test.,assessment,0.83,pending
CS01429,CAN240,SKILL_106,Expert,95,3.2,Answered Adobe Creative Suite related questions with practical examples.,interview,0.74,unverified
CS01430,CAN240,SKILL_036,Expert,97,3.7,Listed AWS as key skill in resume.,resume,0.6,pending
CS01431,CAN240,SKILL_043,Advanced,75,3.3,Completed advanced Jenkins certification course.,certification,0.98,verified
CS01432,CAN240,SKILL_124,Advanced,80,6.2,Developed data pipeline using Android Development processing 1M+ records daily.,project,0.81,verified
CS01433,CAN240,SKILL_010,Advanced,82,4.3,Demonstrated strong Ruby knowledge during technical interview.,interview,0.79,unverified
CS01434,CAN241,SKILL_079,Intermediate,64,8.0,Answered Mentoring related questions with practical examples.,interview,0.83,verified
CS01435,CAN241,SKILL_060,Advanced,80,9.7,Listed Penetration Testing as key skill in resume.,resume,0.85,verified
CS01436,CAN241,SKILL_017,Advanced,77,3.7,Scored 64% in Angular assessment test.,assessment,0.61,unverified
CS01437,CAN241,SKILL_002,Advanced,83,8.7,Scored 95% in Java assessment test.,assessment,0.83,verified
CS01438,CAN241,SKILL_137,Advanced,85,1.7,Holds A/B Testing certification from recognized institution.,certification,0.88,pending
CS01439,CAN242,SKILL_054,Expert,100,7.1,Completed NumPy coding challenge with above-average performance.,assessment,0.63,unverified
CS01440,CAN242,SKILL_123,Expert,97,6.6,Scored 81% in Test Automation assessment test.,assessment,0.62,unverified
CS01441,CAN242,SKILL_001,Expert,98,3.9,Demonstrated strong Python knowledge during technical interview.,interview,0.76,verified
CS01442,CAN242,SKILL_027,Advanced,82,3.5,Completed SQL coding challenge with above-average performance.,assessment,0.78,pending
CS01443,CAN243,SKILL_096,Expert,99,1.9,Completed advanced HR Analytics certification course.,certification,0.78,verified
CS01444,CAN243,SKILL_115,Advanced,77,0.8,Answered System Design related questions with practical examples.,interview,0.4,pending
CS01445,CAN243,SKILL_029,Expert,97,0.9,Holds MySQL certification from recognized institution.,certification,0.85,unverified
CS01446,CAN243,SKILL_007,Expert,96,0.6,Holds Go certification from recognized institution.,certification,0.75,pending
CS01447,CAN243,SKILL_148,Expert,91,2.1,Holds Service Level Management certification from recognized institution.,certification,0.6,verified
CS01448,CAN243,SKILL_060,Advanced,77,0.8,Answered Penetration Testing related questions with practical examples.,interview,0.45,verified
CS01449,CAN244,SKILL_127,Advanced,76,1.0,Demonstrated strong Git/Version Control knowledge during technical interview.,interview,0.61,pending
CS01450,CAN244,SKILL_062,Expert,99,7.9,Answered Identity and Access Management related questions with practical examples.,interview,0.47,verified
CS01451,CAN244,SKILL_037,Expert,92,8.7,Demonstrated strong Microsoft Azure knowledge during technical interview.,interview,0.5,pending
CS01452,CAN244,SKILL_112,Advanced,78,1.2,Listed Windows Server as key skill in resume.,resume,0.44,verified
CS01453,CAN244,SKILL_126,Expert,97,0.7,Built REST APIs using React Native for an e-commerce platform.,project,0.82,unverified
CS01454,CAN244,SKILL_083,Advanced,83,4.5,Demonstrated strong Market Analysis knowledge during technical interview.,interview,0.58,pending
CS01455,CAN245,SKILL_058,Intermediate,55,7.0,Scored 80% in Cybersecurity assessment test.,assessment,0.9,pending
CS01456,CAN245,SKILL_047,Intermediate,65,5.7,Holds Natural Language Processing certification from recognized institution.,certification,0.76,pending
CS01457,CAN245,SKILL_002,Basic,44,3.0,Completed advanced Java certification course.,certification,0.68,pending
CS01458,CAN245,SKILL_116,Basic,38,5.0,Scored 70% in Distributed Systems assessment test.,assessment,0.71,pending
CS01459,CAN245,SKILL_048,Intermediate,65,3.6,Demonstrated strong Computer Vision knowledge during technical interview.,interview,0.75,pending
CS01460,CAN245,SKILL_094,Advanced,79,6.4,Demonstrated strong Performance Management knowledge during technical interview.,interview,0.83,pending
CS01461,CAN246,SKILL_055,Expert,99,0.5,Mentioned Apache Spark in resume with 3 years experience.,resume,0.52,pending
CS01462,CAN246,SKILL_085,Expert,95,0.9,Developed data pipeline using CRM Systems processing 1M+ records daily.,project,0.73,unverified
CS01463,CAN246,SKILL_072,Expert,92,1.2,Listed Teamwork as key skill in resume.,resume,0.72,verified
CS01464,CAN246,SKILL_075,Advanced,75,0.8,Developed data pipeline using Time Management processing 1M+ records daily.,project,0.45,pending
CS01465,CAN247,SKILL_015,Advanced,75,2.1,Built REST APIs using HTML/CSS for an e-commerce platform.,project,0.8,unverified
CS01466,CAN247,SKILL_093,Expert,91,2.3,Scored 69% in Compensation and Benefits assessment test.,assessment,0.6,pending
CS01467,CAN247,SKILL_123,Advanced,83,2.4,Completed advanced Test Automation certification course.,certification,0.95,pending
CS01468,CAN247,SKILL_098,Expert,100,2.0,Completed advanced Supply Chain Management certification course.,certification,0.7,unverified
CS01469,CAN247,SKILL_042,Expert,98,2.5,Scored 84% in Terraform assessment test.,assessment,0.75,unverified
CS01470,CAN248,SKILL_009,Advanced,79,0.9,Holds PHP certification from recognized institution.,certification,0.79,verified
CS01471,CAN248,SKILL_078,Expert,98,0.9,Demonstrated strong Conflict Resolution knowledge during technical interview.,interview,0.53,pending
CS01472,CAN248,SKILL_013,Expert,90,0.8,Completed advanced Scala certification course.,certification,0.85,unverified
CS01473,CAN248,SKILL_131,Expert,98,1.1,Holds ETL Pipelines certification from recognized institution.,certification,0.61,unverified
CS01474,CAN249,SKILL_028,Expert,91,8.1,Developed data pipeline using PostgreSQL processing 1M+ records daily.,project,0.41,unverified
CS01475,CAN249,SKILL_079,Expert,92,5.8,Holds Mentoring certification from recognized institution.,certification,0.98,verified
CS01476,CAN249,SKILL_032,Advanced,83,9.6,Resume highlights Elasticsearch expertise in multiple projects.,resume,0.66,verified
CS01477,CAN249,SKILL_139,Advanced,75,7.5,Listed Blockchain as key skill in resume.,resume,0.78,verified
CS01478,CAN249,SKILL_080,Advanced,81,8.7,Developed data pipeline using Financial Analysis processing 1M+ records daily.,project,0.85,pending
CS01479,CAN249,SKILL_148,Advanced,76,7.0,Mentioned Service Level Management in resume with 2 years experience.,resume,0.69,unverified
CS01480,CAN250,SKILL_015,Expert,96,5.7,Answered HTML/CSS related questions with practical examples.,interview,0.62,pending
CS01481,CAN250,SKILL_013,Expert,92,1.2,Demonstrated strong Scala knowledge during technical interview.,interview,0.61,pending
CS01482,CAN250,SKILL_027,Advanced,76,3.8,Demonstrated strong SQL knowledge during technical interview.,interview,0.65,unverified
CS01483,CAN250,SKILL_109,Advanced,82,1.5,Completed Networking coding challenge with above-average performance.,assessment,0.61,verified
CS01484,CAN250,SKILL_096,Expert,100,5.3,Answered HR Analytics related questions with practical examples.,interview,0.8,pending
CS01485,CAN250,SKILL_103,Advanced,78,0.7,Built REST APIs using Lean Management for an e-commerce platform.,project,0.74,verified
CS01486,CAN251,SKILL_030,Basic,40,3.2,Completed advanced MongoDB certification course.,certification,0.99,unverified
CS01487,CAN251,SKILL_099,Beginner,21,2.1,Listed Logistics Management as key skill in resume.,resume,0.82,unverified
CS01488,CAN251,SKILL_010,Beginner,21,4.0,Implemented Ruby solution for real-time analytics dashboard.,project,0.65,unverified
CS01489,CAN251,SKILL_127,Beginner,26,6.5,Answered Git/Version Control related questions with practical examples.,interview,0.82,unverified
CS01490,CAN251,SKILL_107,Beginner,26,1.1,Demonstrated strong Prototyping knowledge during technical interview.,interview,0.7,unverified
CS01491,CAN251,SKILL_012,Beginner,25,3.4,Mentioned Swift in resume with 4 years experience.,resume,0.41,verified
CS01492,CAN251,SKILL_112,Basic,43,4.7,Demonstrated strong Windows Server knowledge during technical interview.,interview,0.5,verified
CS01493,CAN252,SKILL_118,Intermediate,65,0.7,Resume highlights Scalability Patterns expertise in multiple projects.,resume,0.33,verified
CS01494,CAN252,SKILL_036,Advanced,85,0.7,Mentioned AWS in resume with 4 years experience.,resume,0.44,unverified
CS01495,CAN252,SKILL_130,Intermediate,55,1.1,Holds API Gateway Management certification from recognized institution.,certification,0.63,pending
CS01496,CAN252,SKILL_045,Advanced,79,1.0,Answered Machine Learning related questions with practical examples.,interview,0.55,unverified
CS01497,CAN252,SKILL_094,Intermediate,64,0.9,Created Performance Management-based microservices serving 10K+ requests/sec.,project,0.3,unverified
CS01498,CAN253,SKILL_099,Intermediate,55,0.5,Holds Logistics Management certification from recognized institution.,certification,0.89,pending
CS01499,CAN253,SKILL_116,Advanced,85,0.6,Scored 78% in Distributed Systems assessment test.,assessment,0.85,unverified
CS01500,CAN253,SKILL_024,Intermediate,64,0.9,Holds .NET Framework certification from recognized institution.,certification,0.8,verified
CS01501,CAN253,SKILL_106,Advanced,78,0.8,Created Adobe Creative Suite-based microservices serving 10K+ requests/sec.,project,0.52,pending
CS01502,CAN254,SKILL_115,Expert,92,5.2,Resume highlights System Design expertise in multiple projects.,resume,0.73,unverified
CS01503,CAN254,SKILL_031,Expert,95,2.2,Completed Redis coding challenge with above-average performance.,assessment,0.55,verified
CS01504,CAN254,SKILL_036,Advanced,80,10.0,Demonstrated strong AWS knowledge during technical interview.,interview,0.62,pending
CS01505,CAN254,SKILL_088,Expert,91,10.0,Resume highlights SEO/SEM expertise in multiple projects.,resume,0.3,verified
CS01506,CAN254,SKILL_106,Advanced,80,9.1,Listed Adobe Creative Suite as key skill in resume.,resume,0.69,pending
CS01507,CAN254,SKILL_135,Expert,95,5.2,Completed Data Modeling coding challenge with above-average performance.,assessment,0.84,verified
CS01508,CAN255,SKILL_120,Basic,41,7.1,Scored 67% in Integration Testing assessment test.,assessment,0.52,verified
CS01509,CAN255,SKILL_102,Intermediate,59,5.3,Completed Six Sigma coding challenge with above-average performance.,assessment,0.74,pending
CS01510,CAN255,SKILL_101,Basic,41,1.9,Scored 83% in Process Improvement assessment test.,assessment,0.98,unverified
CS01511,CAN255,SKILL_058,Intermediate,64,7.5,Completed Cybersecurity coding challenge with above-average performance.,assessment,0.51,unverified
CS01512,CAN255,SKILL_117,Intermediate,62,6.4,Resume highlights High Availability Architecture expertise in multiple projects.,resume,0.66,pending
CS01513,CAN256,SKILL_031,Expert,100,3.8,Resume highlights Redis expertise in multiple projects.,resume,0.73,pending
CS01514,CAN256,SKILL_006,Advanced,79,9.1,Implemented C# solution for real-time analytics dashboard.,project,0.61,pending
CS01515,CAN256,SKILL_034,Advanced,79,1.7,Resume highlights Apache Cassandra expertise in multiple projects.,resume,0.4,unverified
CS01516,CAN256,SKILL_040,Advanced,76,7.0,Demonstrated strong Kubernetes knowledge during technical interview.,interview,0.51,verified
CS01517,CAN256,SKILL_142,Advanced,80,7.8,Completed advanced Edge Computing certification course.,certification,0.96,pending
CS01518,CAN256,SKILL_067,Expert,95,9.8,Demonstrated strong Project Management knowledge during technical interview.,interview,0.36,pending
CS01519,CAN257,SKILL_055,Advanced,85,4.6,Scored 95% in Apache Spark assessment test.,assessment,0.72,unverified
CS01520,CAN257,SKILL_123,Advanced,79,6.9,Scored 63% in Test Automation assessment test.,assessment,0.85,pending
CS01521,CAN257,SKILL_148,Advanced,84,9.2,Listed Service Level Management as key skill in resume.,resume,0.76,verified
CS01522,CAN257,SKILL_033,Advanced,83,7.0,Implemented Oracle Database solution for real-time analytics dashboard.,project,0.7,unverified
CS01523,CAN257,SKILL_004,Expert,99,5.9,Developed data pipeline using TypeScript processing 1M+ records daily.,project,0.47,pending
CS01524,CAN258,SKILL_127,Intermediate,64,0.6,Scored 81% in Git/Version Control assessment test.,assessment,0.63,unverified
CS01525,CAN258,SKILL_041,Intermediate,55,4.1,Demonstrated strong CI/CD Pipelines knowledge during technical interview.,interview,0.61,pending
CS01526,CAN258,SKILL_026,Intermediate,57,8.9,Demonstrated strong GraphQL knowledge during technical interview.,interview,0.36,pending
CS01527,CAN258,SKILL_132,Intermediate,61,9.8,Listed Data Warehousing as key skill in resume.,resume,0.5,pending
CS01528,CAN259,SKILL_087,Advanced,77,1.1,Resume highlights Digital Marketing expertise in multiple projects.,resume,0.4,unverified
CS01529,CAN259,SKILL_127,Expert,97,2.8,Resume highlights Git/Version Control expertise in multiple projects.,resume,0.41,unverified
CS01530,CAN259,SKILL_084,Advanced,81,1.4,Mentioned Business Strategy in resume with 4 years experience.,resume,0.53,unverified
CS01531,CAN259,SKILL_023,Expert,99,0.8,Answered Spring Boot related questions with practical examples.,interview,0.32,pending
CS01532,CAN259,SKILL_138,Expert,90,2.4,Built REST APIs using Mixpanel for an e-commerce platform.,project,0.4,verified
CS01533,CAN260,SKILL_032,Intermediate,58,1.3,Scored 66% in Elasticsearch assessment test.,assessment,0.66,pending
CS01534,CAN260,SKILL_147,Intermediate,56,3.0,Built REST APIs using Issue Resolution for an e-commerce platform.,project,0.84,pending
CS01535,CAN260,SKILL_132,Intermediate,62,1.3,Answered Data Warehousing related questions with practical examples.,interview,0.74,verified
CS01536,CAN260,SKILL_148,Advanced,79,2.7,Scored 68% in Service Level Management assessment test.,assessment,0.81,unverified
CS01537,CAN261,SKILL_005,Advanced,84,1.2,Answered C++ related questions with practical examples.,interview,0.38,pending
CS01538,CAN261,SKILL_131,Intermediate,61,1.4,Completed ETL Pipelines coding challenge with above-average performance.,assessment,0.58,unverified
CS01539,CAN261,SKILL_143,Intermediate,65,1.2,Mentioned Generative AI in resume with 3 years experience.,resume,0.81,verified
CS01540,CAN261,SKILL_088,Intermediate,61,0.7,Answered SEO/SEM related questions with practical examples.,interview,0.6,verified
CS01541,CAN261,SKILL_129,Intermediate,60,2.2,Developed data pipeline using Event-Driven Architecture processing 1M+ records daily.,project,0.39,verified
CS01542,CAN261,SKILL_089,Intermediate,57,0.9,Mentioned Content Marketing in resume with 4 years experience.,resume,0.64,unverified
CS01543,CAN262,SKILL_130,Expert,100,0.9,Scored 93% in API Gateway Management assessment test.,assessment,0.75,verified
CS01544,CAN262,SKILL_150,Expert,91,0.6,Built REST APIs using Compliance Management for an e-commerce platform.,project,0.61,pending
CS01545,CAN262,SKILL_132,Expert,91,0.8,Answered Data Warehousing related questions with practical examples.,interview,0.54,unverified
CS01546,CAN262,SKILL_088,Expert,94,0.7,Answered SEO/SEM related questions with practical examples.,interview,0.78,pending
CS01547,CAN262,SKILL_083,Advanced,80,0.6,Scored 84% in Market Analysis assessment test.,assessment,0.86,pending
CS01548,CAN263,SKILL_012,Expert,99,2.9,Mentioned Swift in resume with 1 years experience.,resume,0.84,pending
CS01549,CAN263,SKILL_137,Advanced,83,4.6,Mentioned A/B Testing in resume with 4 years experience.,resume,0.81,unverified
CS01550,CAN263,SKILL_121,Expert,99,5.4,Created Selenium-based microservices serving 10K+ requests/sec.,project,0.69,unverified
CS01551,CAN263,SKILL_144,Expert,94,4.6,Scored 74% in Customer Relationship Management assessment test.,assessment,0.98,unverified
CS01552,CAN263,SKILL_152,Expert,97,0.5,Demonstrated strong Stakeholder Management knowledge during technical interview.,interview,0.69,verified
CS01553,CAN263,SKILL_017,Expert,91,6.4,Mentioned Angular in resume with 5 years experience.,resume,0.62,pending
CS01554,CAN264,SKILL_014,Advanced,84,2.6,Demonstrated strong R knowledge during technical interview.,interview,0.57,pending
CS01555,CAN264,SKILL_098,Advanced,82,2.1,Scored 81% in Supply Chain Management assessment test.,assessment,0.95,pending
CS01556,CAN264,SKILL_063,Intermediate,55,2.0,Completed Agile Methodology coding challenge with above-average performance.,assessment,0.75,pending
CS01557,CAN264,SKILL_046,Advanced,83,0.6,Resume highlights Deep Learning expertise in multiple projects.,resume,0.76,verified
CS01558,CAN264,SKILL_149,Advanced,84,0.8,Mentioned Risk Management in resume with 2 years experience.,resume,0.37,unverified
CS01559,CAN265,SKILL_136,Intermediate,59,8.1,Scored 65% in Google Analytics assessment test.,assessment,0.85,unverified
CS01560,CAN265,SKILL_137,Basic,36,1.8,Completed A/B Testing coding challenge with above-average performance.,assessment,0.83,unverified
CS01561,CAN265,SKILL_069,Intermediate,64,0.9,Built REST APIs using Product Management for an e-commerce platform.,project,0.47,verified
CS01562,CAN265,SKILL_029,Basic,44,1.4,Created MySQL-based microservices serving 10K+ requests/sec.,project,0.74,unverified
CS01563,CAN265,SKILL_001,Advanced,81,6.0,Answered Python related questions with practical examples.,interview,0.81,unverified
CS01564,CAN265,SKILL_004,Intermediate,62,1.2,Completed advanced TypeScript certification course.,certification,0.67,pending
CS01565,CAN266,SKILL_028,Advanced,85,1.8,Built REST APIs using PostgreSQL for an e-commerce platform.,project,0.82,unverified
CS01566,CAN266,SKILL_002,Advanced,83,1.0,Holds Java certification from recognized institution.,certification,0.53,pending
CS01567,CAN266,SKILL_088,Advanced,82,0.6,Completed advanced SEO/SEM certification course.,certification,0.68,verified
CS01568,CAN266,SKILL_017,Advanced,78,1.7,Resume highlights Angular expertise in multiple projects.,resume,0.62,unverified
CS01569,CAN266,SKILL_119,Advanced,75,1.4,Completed Unit Testing coding challenge with above-average performance.,assessment,0.52,pending
CS01570,CAN266,SKILL_071,Advanced,79,2.0,Completed advanced Leadership certification course.,certification,0.68,verified
CS01571,CAN266,SKILL_125,Advanced,77,1.9,Listed iOS Development as key skill in resume.,resume,0.56,unverified
CS01572,CAN266,SKILL_141,Expert,96,2.3,Completed Augmented Reality coding challenge with above-average performance.,assessment,0.97,unverified
CS01573,CAN267,SKILL_102,Intermediate,59,9.3,Scored 86% in Six Sigma assessment test.,assessment,0.95,unverified
CS01574,CAN267,SKILL_137,Advanced,78,6.1,Mentioned A/B Testing in resume with 4 years experience.,resume,0.74,unverified
CS01575,CAN267,SKILL_112,Expert,96,4.5,Resume highlights Windows Server expertise in multiple projects.,resume,0.71,pending
CS01576,CAN267,SKILL_024,Intermediate,59,2.2,Scored 75% in .NET Framework assessment test.,assessment,0.91,pending
CS01577,CAN267,SKILL_134,Advanced,76,8.8,Holds Apache Airflow certification from recognized institution.,certification,0.99,pending
CS01578,CAN267,SKILL_149,Advanced,76,5.6,Listed Risk Management as key skill in resume.,resume,0.69,verified
CS01579,CAN268,SKILL_117,Intermediate,65,0.9,Holds High Availability Architecture certification from recognized institution.,certification,0.83,pending
CS01580,CAN268,SKILL_009,Intermediate,58,0.8,Completed PHP coding challenge with above-average performance.,assessment,0.75,unverified
CS01581,CAN268,SKILL_106,Advanced,78,0.7,Implemented Adobe Creative Suite solution for real-time analytics dashboard.,project,0.63,verified
CS01582,CAN268,SKILL_044,Intermediate,61,2.3,Built REST APIs using Ansible for an e-commerce platform.,project,0.68,pending
CS01583,CAN268,SKILL_120,Intermediate,62,1.3,Holds Integration Testing certification from recognized institution.,certification,0.98,pending
CS01584,CAN268,SKILL_101,Advanced,81,0.7,Implemented Process Improvement solution for real-time analytics dashboard.,project,0.75,pending
CS01585,CAN268,SKILL_056,Advanced,78,1.7,Resume highlights Tableau expertise in multiple projects.,resume,0.31,unverified
CS01586,CAN268,SKILL_119,Intermediate,59,2.4,Listed Unit Testing as key skill in resume.,resume,0.38,pending
CS01587,CAN269,SKILL_092,Intermediate,59,4.4,Answered Employee Relations related questions with practical examples.,interview,0.46,unverified
CS01588,CAN269,SKILL_012,Intermediate,63,5.1,Completed Swift coding challenge with above-average performance.,assessment,0.87,pending
CS01589,CAN269,SKILL_088,Basic,44,7.7,Mentioned SEO/SEM in resume with 3 years experience.,resume,0.77,unverified
CS01590,CAN269,SKILL_124,Intermediate,63,6.8,Mentioned Android Development in resume with 1 years experience.,resume,0.41,pending
CS01591,CAN269,SKILL_141,Basic,44,4.6,Implemented Augmented Reality solution for real-time analytics dashboard.,project,0.42,verified
CS01592,CAN269,SKILL_047,Intermediate,55,8.3,Mentioned Natural Language Processing in resume with 4 years experience.,resume,0.5,verified
CS01593,CAN269,SKILL_110,Basic,35,7.8,Completed System Administration coding challenge with above-average performance.,assessment,0.53,verified
CS01594,CAN269,SKILL_042,Basic,44,7.9,Demonstrated strong Terraform knowledge during technical interview.,interview,0.69,pending
CS01595,CAN270,SKILL_057,Advanced,78,0.9,Developed data pipeline using Power BI processing 1M+ records daily.,project,0.5,verified
CS01596,CAN270,SKILL_082,Intermediate,64,0.7,Mentioned Budgeting in resume with 2 years experience.,resume,0.64,verified
CS01597,CAN270,SKILL_067,Advanced,78,0.9,Implemented Project Management solution for real-time analytics dashboard.,project,0.76,unverified
CS01598,CAN270,SKILL_132,Advanced,83,1.1,Demonstrated strong Data Warehousing knowledge during technical interview.,interview,0.76,verified
CS01599,CAN270,SKILL_141,Advanced,81,0.9,Developed data pipeline using Augmented Reality processing 1M+ records daily.,project,0.41,verified
CS01600,CAN270,SKILL_145,Advanced,79,0.8,Scored 76% in Active Listening assessment test.,assessment,0.62,pending
CS01601,CAN270,SKILL_063,Advanced,80,0.5,Scored 72% in Agile Methodology assessment test.,assessment,0.69,unverified
CS01602,CAN271,SKILL_001,Expert,93,3.2,Scored 80% in Python assessment test.,assessment,0.79,unverified
CS01603,CAN271,SKILL_048,Expert,94,3.6,Created Computer Vision-based microservices serving 10K+ requests/sec.,project,0.45,pending
CS01604,CAN271,SKILL_090,Advanced,78,4.2,Scored 70% in Brand Management assessment test.,assessment,0.85,verified
CS01605,CAN271,SKILL_128,Intermediate,55,5.2,Implemented Microservices Architecture solution for real-time analytics dashboard.,project,0.65,unverified
CS01606,CAN271,SKILL_031,Expert,100,8.6,Holds Redis certification from recognized institution.,certification,0.62,verified
CS01607,CAN271,SKILL_060,Expert,90,9.8,Developed data pipeline using Penetration Testing processing 1M+ records daily.,project,0.66,pending
CS01608,CAN272,SKILL_021,Intermediate,55,1.2,Answered Flask related questions with practical examples.,interview,0.85,pending
CS01609,CAN272,SKILL_035,Intermediate,57,3.8,Resume highlights Amazon DynamoDB expertise in multiple projects.,resume,0.56,pending
CS01610,CAN272,SKILL_059,Intermediate,60,9.3,Demonstrated strong Network Security knowledge during technical interview.,interview,0.64,unverified
CS01611,CAN272,SKILL_127,Basic,41,5.8,Completed Git/Version Control coding challenge with above-average performance.,assessment,0.92,unverified
CS01612,CAN272,SKILL_101,Intermediate,65,2.5,Built REST APIs using Process Improvement for an e-commerce platform.,project,0.8,pending
CS01613,CAN272,SKILL_114,Basic,37,7.6,Mentioned IT Service Management in resume with 5 years experience.,resume,0.61,verified
CS01614,CAN272,SKILL_109,Intermediate,55,8.8,Listed Networking as key skill in resume.,resume,0.67,verified
CS01615,CAN273,SKILL_023,Intermediate,57,8.8,Built REST APIs using Spring Boot for an e-commerce platform.,project,0.63,unverified
CS01616,CAN273,SKILL_145,Intermediate,58,5.3,Resume highlights Active Listening expertise in multiple projects.,resume,0.51,pending
CS01617,CAN273,SKILL_082,Intermediate,63,9.6,Holds Budgeting certification from recognized institution.,certification,0.71,verified
CS01618,CAN273,SKILL_117,Intermediate,57,5.1,Created High Availability Architecture-based microservices serving 10K+ requests/sec.,project,0.8,pending
CS01619,CAN273,SKILL_097,Basic,41,9.4,Holds Labor Law Compliance certification from recognized institution.,certification,0.98,pending
CS01620,CAN274,SKILL_076,Basic,35,7.0,Completed advanced Presentation Skills certification course.,certification,0.92,verified
CS01621,CAN274,SKILL_059,Intermediate,61,3.2,Demonstrated strong Network Security knowledge during technical interview.,interview,0.8,unverified
CS01622,CAN274,SKILL_017,Basic,44,4.5,Listed Angular as key skill in resume.,resume,0.64,verified
CS01623,CAN274,SKILL_155,Intermediate,63,3.9,Implemented Data Visualization solution for real-time analytics dashboard.,project,0.51,verified
CS01624,CAN274,SKILL_019,Basic,35,6.2,Holds Node.js certification from recognized institution.,certification,0.63,pending
CS01625,CAN274,SKILL_088,Intermediate,63,3.1,Demonstrated strong SEO/SEM knowledge during technical interview.,interview,0.58,verified
CS01626,CAN274,SKILL_099,Basic,36,5.5,Scored 80% in Logistics Management assessment test.,assessment,0.96,pending
CS01627,CAN275,SKILL_022,Advanced,79,1.6,Holds FastAPI certification from recognized institution.,certification,0.87,verified
CS01628,CAN275,SKILL_114,Intermediate,62,1.5,Scored 90% in IT Service Management assessment test.,assessment,0.57,verified
CS01629,CAN275,SKILL_006,Advanced,82,0.6,Completed advanced C# certification course.,certification,0.75,verified
CS01630,CAN275,SKILL_076,Intermediate,56,1.1,Answered Presentation Skills related questions with practical examples.,interview,0.67,unverified
CS01631,CAN275,SKILL_025,Advanced,79,1.5,Demonstrated strong REST API Design knowledge during technical interview.,interview,0.75,unverified
CS01632,CAN276,SKILL_127,Basic,36,2.1,Resume highlights Git/Version Control expertise in multiple projects.,resume,0.4,pending
CS01633,CAN276,SKILL_094,Beginner,27,6.5,Holds Performance Management certification from recognized institution.,certification,0.81,verified
CS01634,CAN276,SKILL_120,Basic,40,6.4,Completed advanced Integration Testing certification course.,certification,0.57,verified
CS01635,CAN276,SKILL_135,Basic,43,7.3,Answered Data Modeling related questions with practical examples.,interview,0.77,pending
CS01636,CAN276,SKILL_142,Beginner,30,0.9,Answered Edge Computing related questions with practical examples.,interview,0.75,verified
CS01637,CAN276,SKILL_099,Beginner,20,4.6,Completed advanced Logistics Management certification course.,certification,0.78,pending
CS01638,CAN276,SKILL_002,Basic,38,3.0,Demonstrated strong Java knowledge during technical interview.,interview,0.65,verified
CS01639,CAN276,SKILL_055,Beginner,26,3.6,Built REST APIs using Apache Spark for an e-commerce platform.,project,0.6,verified
CS01640,CAN277,SKILL_083,Beginner,25,3.2,Resume highlights Market Analysis expertise in multiple projects.,resume,0.33,pending
CS01641,CAN277,SKILL_138,Basic,37,9.8,Scored 81% in Mixpanel assessment test.,assessment,0.82,verified
CS01642,CAN277,SKILL_065,Beginner,23,5.1,Scored 86% in Kanban assessment test.,assessment,0.61,unverified
CS01643,CAN277,SKILL_113,Beginner,26,6.6,Built REST APIs using Technical Writing for an e-commerce platform.,project,0.49,verified
CS01644,CAN277,SKILL_032,Beginner,20,1.2,Developed data pipeline using Elasticsearch processing 1M+ records daily.,project,0.47,verified
CS01645,CAN277,SKILL_152,Beginner,29,9.6,Holds Stakeholder Management certification from recognized institution.,certification,0.72,verified
CS01646,CAN277,SKILL_135,Beginner,22,9.9,Created Data Modeling-based microservices serving 10K+ requests/sec.,project,0.58,verified
CS01647,CAN277,SKILL_149,Basic,39,7.2,Developed data pipeline using Risk Management processing 1M+ records daily.,project,0.42,verified
CS01648,CAN278,SKILL_046,Basic,43,4.9,Completed advanced Deep Learning certification course.,certification,0.54,unverified
CS01649,CAN278,SKILL_071,Basic,35,5.6,Completed advanced Leadership certification course.,certification,0.98,verified
CS01650,CAN278,SKILL_044,Basic,36,1.7,Answered Ansible related questions with practical examples.,interview,0.34,unverified
CS01651,CAN278,SKILL_039,Basic,44,4.8,Holds Docker certification from recognized institution.,certification,0.88,verified
CS01652,CAN278,SKILL_068,Basic,40,7.1,Implemented JIRA solution for real-time analytics dashboard.,project,0.32,unverified
CS01653,CAN278,SKILL_116,Basic,36,8.0,Resume highlights Distributed Systems expertise in multiple projects.,resume,0.65,pending
CS01654,CAN279,SKILL_138,Intermediate,62,2.0,Scored 78% in Mixpanel assessment test.,assessment,0.88,pending
CS01655,CAN279,SKILL_090,Intermediate,63,1.3,Completed advanced Brand Management certification course.,certification,0.61,verified
CS01656,CAN279,SKILL_047,Intermediate,59,0.9,Completed advanced Natural Language Processing certification course.,certification,0.6,unverified
CS01657,CAN279,SKILL_074,Intermediate,55,0.7,Implemented Critical Thinking solution for real-time analytics dashboard.,project,0.37,verified
CS01658,CAN279,SKILL_038,Intermediate,57,1.9,Completed Google Cloud Platform coding challenge with above-average performance.,assessment,0.56,verified
CS01659,CAN280,SKILL_036,Intermediate,55,5.1,Created AWS-based microservices serving 10K+ requests/sec.,project,0.61,verified
CS01660,CAN280,SKILL_116,Intermediate,56,5.0,Demonstrated strong Distributed Systems knowledge during technical interview.,interview,0.6,verified
CS01661,CAN280,SKILL_070,Intermediate,55,4.3,Holds Communication certification from recognized institution.,certification,0.74,unverified
CS01662,CAN280,SKILL_146,Intermediate,56,5.1,Implemented Empathy solution for real-time analytics dashboard.,project,0.58,verified
CS01663,CAN280,SKILL_083,Intermediate,62,6.4,Answered Market Analysis related questions with practical examples.,interview,0.79,verified
CS01664,CAN281,SKILL_036,Advanced,81,0.5,Demonstrated strong AWS knowledge during technical interview.,interview,0.84,unverified
CS01665,CAN281,SKILL_006,Advanced,84,1.1,Created C#-based microservices serving 10K+ requests/sec.,project,0.7,pending
CS01666,CAN281,SKILL_071,Expert,92,0.5,Completed advanced Leadership certification course.,certification,0.72,verified
CS01667,CAN281,SKILL_052,Expert,90,1.0,Answered PyTorch related questions with practical examples.,interview,0.55,pending
CS01668,CAN281,SKILL_079,Intermediate,65,0.8,Built REST APIs using Mentoring for an e-commerce platform.,project,0.8,unverified
CS01669,CAN281,SKILL_014,Expert,100,1.2,Scored 92% in R assessment test.,assessment,0.73,unverified
CS01670,CAN282,SKILL_067,Intermediate,57,4.3,Scored 67% in Project Management assessment test.,assessment,0.72,verified
CS01671,CAN282,SKILL_115,Intermediate,60,6.9,Scored 60% in System Design assessment test.,assessment,0.81,verified
CS01672,CAN282,SKILL_045,Intermediate,61,4.4,Implemented Machine Learning solution for real-time analytics dashboard.,project,0.74,verified
CS01673,CAN282,SKILL_055,Intermediate,61,9.3,Resume highlights Apache Spark expertise in multiple projects.,resume,0.42,verified
CS01674,CAN282,SKILL_029,Advanced,84,6.8,Resume highlights MySQL expertise in multiple projects.,resume,0.46,verified
CS01675,CAN282,SKILL_105,Intermediate,57,9.3,Holds Figma certification from recognized institution.,certification,0.62,pending
CS01676,CAN282,SKILL_064,Advanced,81,7.6,Completed advanced Scrum certification course.,certification,0.55,unverified
CS01677,CAN283,SKILL_086,Advanced,81,7.9,Completed Salesforce coding challenge with above-average performance.,assessment,0.68,pending
CS01678,CAN283,SKILL_018,Advanced,83,0.8,Holds Vue.js certification from recognized institution.,certification,0.87,pending
CS01679,CAN283,SKILL_044,Advanced,77,3.4,Developed data pipeline using Ansible processing 1M+ records daily.,project,0.52,unverified
CS01680,CAN283,SKILL_028,Advanced,81,9.5,Completed PostgreSQL coding challenge with above-average performance.,assessment,0.64,pending
CS01681,CAN284,SKILL_149,Advanced,80,1.1,Scored 87% in Risk Management assessment test.,assessment,0.58,verified
CS01682,CAN284,SKILL_074,Advanced,81,1.2,Scored 61% in Critical Thinking assessment test.,assessment,0.54,pending
CS01683,CAN284,SKILL_098,Intermediate,62,1.1,Created Supply Chain Management-based microservices serving 10K+ requests/sec.,project,0.84,verified
CS01684,CAN284,SKILL_004,Advanced,79,1.3,Demonstrated strong TypeScript knowledge during technical interview.,interview,0.37,verified
CS01685,CAN285,SKILL_064,Intermediate,57,1.1,Mentioned Scrum in resume with 3 years experience.,resume,0.65,verified
CS01686,CAN285,SKILL_041,Intermediate,62,1.4,Holds CI/CD Pipelines certification from recognized institution.,certification,0.64,pending
CS01687,CAN285,SKILL_107,Advanced,85,0.6,Completed Prototyping coding challenge with above-average performance.,assessment,0.57,verified
CS01688,CAN285,SKILL_033,Intermediate,56,1.2,Resume highlights Oracle Database expertise in multiple projects.,resume,0.33,verified
CS01689,CAN285,SKILL_091,Intermediate,64,1.2,Created Talent Acquisition-based microservices serving 10K+ requests/sec.,project,0.42,pending
CS01690,CAN285,SKILL_143,Intermediate,55,1.3,Built REST APIs using Generative AI for an e-commerce platform.,project,0.4,unverified
CS01691,CAN285,SKILL_036,Intermediate,58,1.1,Created AWS-based microservices serving 10K+ requests/sec.,project,0.64,pending
CS01692,CAN286,SKILL_127,Expert,94,6.2,Completed Git/Version Control coding challenge with above-average performance.,assessment,0.54,verified
CS01693,CAN286,SKILL_140,Expert,93,8.8,Resume highlights Internet of Things expertise in multiple projects.,resume,0.66,unverified
CS01694,CAN286,SKILL_113,Advanced,84,1.0,Created Technical Writing-based microservices serving 10K+ requests/sec.,project,0.74,pending
CS01695,CAN286,SKILL_126,Advanced,82,3.7,Listed React Native as key skill in resume.,resume,0.38,pending
CS01696,CAN286,SKILL_094,Expert,95,7.2,Answered Performance Management related questions with practical examples.,interview,0.56,unverified
CS01697,CAN286,SKILL_032,Expert,96,2.9,Developed data pipeline using Elasticsearch processing 1M+ records daily.,project,0.42,unverified
CS01698,CAN287,SKILL_035,Expert,90,4.5,Listed Amazon DynamoDB as key skill in resume.,resume,0.82,verified
CS01699,CAN287,SKILL_088,Advanced,82,5.4,Demonstrated strong SEO/SEM knowledge during technical interview.,interview,0.8,verified
CS01700,CAN287,SKILL_113,Advanced,80,1.4,Created Technical Writing-based microservices serving 10K+ requests/sec.,project,0.71,verified
CS01701,CAN287,SKILL_142,Advanced,81,5.4,Implemented Edge Computing solution for real-time analytics dashboard.,project,0.49,pending
CS01702,CAN287,SKILL_024,Expert,92,3.0,Listed .NET Framework as key skill in resume.,resume,0.71,pending
CS01703,CAN287,SKILL_019,Expert,99,5.2,Completed Node.js coding challenge with above-average performance.,assessment,0.96,verified
CS01704,CAN287,SKILL_155,Expert,99,4.1,Created Data Visualization-based microservices serving 10K+ requests/sec.,project,0.3,unverified
CS01705,CAN287,SKILL_107,Expert,94,2.7,Scored 62% in Prototyping assessment test.,assessment,0.78,pending
CS01706,CAN288,SKILL_032,Expert,100,2.7,Demonstrated strong Elasticsearch knowledge during technical interview.,interview,0.34,verified
CS01707,CAN288,SKILL_023,Advanced,85,5.1,Listed Spring Boot as key skill in resume.,resume,0.38,pending
CS01708,CAN288,SKILL_118,Intermediate,55,5.2,Listed Scalability Patterns as key skill in resume.,resume,0.44,unverified
CS01709,CAN288,SKILL_112,Expert,97,3.2,Built REST APIs using Windows Server for an e-commerce platform.,project,0.5,pending
CS01710,CAN289,SKILL_016,Intermediate,64,3.6,Resume highlights React expertise in multiple projects.,resume,0.52,unverified
CS01711,CAN289,SKILL_026,Intermediate,55,1.2,Implemented GraphQL solution for real-time analytics dashboard.,project,0.34,verified
CS01712,CAN289,SKILL_073,Intermediate,61,3.2,Built REST APIs using Problem Solving for an e-commerce platform.,project,0.74,pending
CS01713,CAN289,SKILL_023,Intermediate,62,1.5,Scored 82% in Spring Boot assessment test.,assessment,0.99,verified
CS01714,CAN289,SKILL_092,Basic,45,5.0,Scored 66% in Employee Relations assessment test.,assessment,0.97,pending
CS01715,CAN289,SKILL_001,Intermediate,60,4.6,Completed Python coding challenge with above-average performance.,assessment,0.95,verified
CS01716,CAN290,SKILL_125,Basic,40,1.2,Developed data pipeline using iOS Development processing 1M+ records daily.,project,0.41,verified
CS01717,CAN290,SKILL_049,Basic,41,2.4,Mentioned Data Analysis in resume with 5 years experience.,resume,0.65,unverified
CS01718,CAN290,SKILL_048,Basic,39,4.3,Built REST APIs using Computer Vision for an e-commerce platform.,project,0.79,unverified
CS01719,CAN290,SKILL_063,Basic,36,6.1,Created Agile Methodology-based microservices serving 10K+ requests/sec.,project,0.79,unverified
CS01720,CAN290,SKILL_074,Intermediate,56,1.2,Demonstrated strong Critical Thinking knowledge during technical interview.,interview,0.7,pending
CS01721,CAN290,SKILL_115,Basic,38,6.5,Demonstrated strong System Design knowledge during technical interview.,interview,0.74,pending
CS01722,CAN291,SKILL_104,Expert,90,2.3,Completed advanced UI/UX Design certification course.,certification,0.59,unverified
CS01723,CAN291,SKILL_116,Advanced,85,7.5,Created Distributed Systems-based microservices serving 10K+ requests/sec.,project,0.6,verified
CS01724,CAN291,SKILL_122,Expert,93,9.1,Answered Performance Testing related questions with practical examples.,interview,0.58,verified
CS01725,CAN291,SKILL_093,Advanced,80,4.4,Implemented Compensation and Benefits solution for real-time analytics dashboard.,project,0.49,unverified
CS01726,CAN291,SKILL_026,Expert,98,6.9,Created GraphQL-based microservices serving 10K+ requests/sec.,project,0.62,unverified
CS01727,CAN291,SKILL_047,Expert,94,6.2,Demonstrated strong Natural Language Processing knowledge during technical interview.,interview,0.53,verified
CS01728,CAN291,SKILL_132,Expert,91,3.3,Completed advanced Data Warehousing certification course.,certification,0.6,pending
CS01729,CAN292,SKILL_155,Expert,96,4.8,Scored 77% in Data Visualization assessment test.,assessment,0.71,unverified
CS01730,CAN292,SKILL_032,Expert,99,4.5,Completed advanced Elasticsearch certification course.,certification,0.86,pending
CS01731,CAN292,SKILL_105,Advanced,78,3.0,Listed Figma as key skill in resume.,resume,0.36,unverified
CS01732,CAN292,SKILL_114,Advanced,79,8.4,Completed advanced IT Service Management certification course.,certification,0.95,verified
CS01733,CAN292,SKILL_019,Advanced,77,4.5,Demonstrated strong Node.js knowledge during technical interview.,interview,0.75,pending
CS01734,CAN292,SKILL_056,Advanced,80,9.4,Resume highlights Tableau expertise in multiple projects.,resume,0.72,pending
CS01735,CAN292,SKILL_052,Advanced,83,6.4,Implemented PyTorch solution for real-time analytics dashboard.,project,0.78,unverified
CS01736,CAN292,SKILL_021,Expert,95,2.6,Resume highlights Flask expertise in multiple projects.,resume,0.51,unverified
CS01737,CAN293,SKILL_093,Beginner,29,0.9,Scored 91% in Compensation and Benefits assessment test.,assessment,0.92,verified
CS01738,CAN293,SKILL_038,Beginner,25,0.9,Completed advanced Google Cloud Platform certification course.,certification,0.9,verified
CS01739,CAN293,SKILL_075,Basic,43,1.4,Listed Time Management as key skill in resume.,resume,0.51,unverified
CS01740,CAN293,SKILL_068,Beginner,21,2.5,Resume highlights JIRA expertise in multiple projects.,resume,0.65,verified
CS01741,CAN293,SKILL_055,Basic,38,0.7,Completed advanced Apache Spark certification course.,certification,0.81,pending
CS01742,CAN293,SKILL_127,Beginner,24,1.3,Listed Git/Version Control as key skill in resume.,resume,0.6,unverified
CS01743,CAN293,SKILL_048,Beginner,30,2.5,Created Computer Vision-based microservices serving 10K+ requests/sec.,project,0.83,unverified
CS01744,CAN294,SKILL_130,Advanced,79,0.6,Mentioned API Gateway Management in resume with 2 years experience.,resume,0.52,verified
CS01745,CAN294,SKILL_091,Advanced,81,4.8,Built REST APIs using Talent Acquisition for an e-commerce platform.,project,0.45,pending
CS01746,CAN294,SKILL_116,Expert,96,6.1,Resume highlights Distributed Systems expertise in multiple projects.,resume,0.68,unverified
CS01747,CAN294,SKILL_007,Expert,95,0.5,Scored 83% in Go assessment test.,assessment,0.59,pending
CS01748,CAN294,SKILL_021,Intermediate,63,1.7,Completed advanced Flask certification course.,certification,0.94,verified
CS01749,CAN294,SKILL_074,Advanced,80,1.6,Completed Critical Thinking coding challenge with above-average performance.,assessment,0.93,unverified
CS01750,CAN294,SKILL_030,Intermediate,63,4.5,Demonstrated strong MongoDB knowledge during technical interview.,interview,0.48,verified
CS01751,CAN295,SKILL_118,Expert,93,0.6,Demonstrated strong Scalability Patterns knowledge during technical interview.,interview,0.41,pending
CS01752,CAN295,SKILL_005,Expert,94,1.0,Answered C++ related questions with practical examples.,interview,0.57,unverified
CS01753,CAN295,SKILL_078,Advanced,75,0.9,Holds Conflict Resolution certification from recognized institution.,certification,0.74,unverified
CS01754,CAN295,SKILL_053,Expert,95,0.7,Demonstrated strong Pandas knowledge during technical interview.,interview,0.81,unverified
CS01755,CAN295,SKILL_110,Advanced,82,0.5,Completed advanced System Administration certification course.,certification,0.98,pending
CS01756,CAN295,SKILL_107,Expert,96,0.5,Created Prototyping-based microservices serving 10K+ requests/sec.,project,0.85,verified
CS01757,CAN296,SKILL_082,Expert,90,2.7,Completed advanced Budgeting certification course.,certification,0.9,pending
CS01758,CAN296,SKILL_058,Advanced,79,3.7,Holds Cybersecurity certification from recognized institution.,certification,0.65,verified
CS01759,CAN296,SKILL_153,Expert,92,0.9,Listed Strategic Planning as key skill in resume.,resume,0.51,pending
CS01760,CAN296,SKILL_154,Expert,98,1.6,Holds Business Process Automation certification from recognized institution.,certification,0.73,pending
CS01761,CAN297,SKILL_083,Intermediate,55,6.4,Completed advanced Market Analysis certification course.,certification,0.79,pending
CS01762,CAN297,SKILL_099,Expert,99,2.0,Implemented Logistics Management solution for real-time analytics dashboard.,project,0.43,pending
CS01763,CAN297,SKILL_137,Expert,99,3.9,Answered A/B Testing related questions with practical examples.,interview,0.46,unverified
CS01764,CAN297,SKILL_011,Advanced,79,2.0,Holds Kotlin certification from recognized institution.,certification,0.77,unverified
CS01765,CAN297,SKILL_022,Advanced,82,5.7,Holds FastAPI certification from recognized institution.,certification,0.86,verified
CS01766,CAN298,SKILL_149,Intermediate,55,4.3,Demonstrated strong Risk Management knowledge during technical interview.,interview,0.43,unverified
CS01767,CAN298,SKILL_132,Advanced,83,5.6,Answered Data Warehousing related questions with practical examples.,interview,0.4,unverified
CS01768,CAN298,SKILL_086,Intermediate,64,0.9,Demonstrated strong Salesforce knowledge during technical interview.,interview,0.53,pending
CS01769,CAN298,SKILL_016,Advanced,82,9.1,Completed advanced React certification course.,certification,0.86,verified
CS01770,CAN298,SKILL_059,Intermediate,65,5.9,Completed Network Security coding challenge with above-average performance.,assessment,0.61,pending
CS01771,CAN298,SKILL_032,Expert,91,3.3,Scored 89% in Elasticsearch assessment test.,assessment,0.86,unverified
CS01772,CAN298,SKILL_098,Advanced,80,8.1,Holds Supply Chain Management certification from recognized institution.,certification,0.8,verified
CS01773,CAN298,SKILL_118,Advanced,84,4.3,Implemented Scalability Patterns solution for real-time analytics dashboard.,project,0.6,unverified
CS01774,CAN299,SKILL_076,Advanced,82,1.9,Built REST APIs using Presentation Skills for an e-commerce platform.,project,0.61,verified
CS01775,CAN299,SKILL_148,Expert,99,0.9,Answered Service Level Management related questions with practical examples.,interview,0.72,unverified
CS01776,CAN299,SKILL_084,Advanced,76,0.7,Answered Business Strategy related questions with practical examples.,interview,0.7,verified
CS01777,CAN299,SKILL_048,Intermediate,55,1.1,Created Computer Vision-based microservices serving 10K+ requests/sec.,project,0.82,verified
CS01778,CAN299,SKILL_121,Intermediate,55,1.8,Scored 86% in Selenium assessment test.,assessment,0.59,unverified
CS01779,CAN299,SKILL_026,Advanced,82,0.8,Created GraphQL-based microservices serving 10K+ requests/sec.,project,0.41,pending
CS01780,CAN300,SKILL_108,Basic,43,2.6,Holds User Research certification from recognized institution.,certification,0.54,unverified
CS01781,CAN300,SKILL_086,Beginner,24,6.5,Developed data pipeline using Salesforce processing 1M+ records daily.,project,0.7,verified
CS01782,CAN300,SKILL_043,Basic,38,2.8,Mentioned Jenkins in resume with 4 years experience.,resume,0.32,unverified
CS01783,CAN300,SKILL_111,Beginner,27,1.5,Demonstrated strong Linux knowledge during technical interview.,interview,0.56,unverified
CS01784,CAN300,SKILL_099,Basic,36,4.1,Listed Logistics Management as key skill in resume.,resume,0.33,unverified
CS01785,CAN300,SKILL_046,Beginner,27,3.9,Resume highlights Deep Learning expertise in multiple projects.,resume,0.64,verified
CS01786,CAN300,SKILL_032,Basic,36,1.6,Answered Elasticsearch related questions with practical examples.,interview,0.33,unverified
CS01787,CAN300,SKILL_135,Basic,42,4.9,Completed advanced Data Modeling certification course.,certification,0.75,pending
