record_id,employee_id,role_kpi_id,period_start,period_end,actual_value,target_value,normalized_score,data_source,source_record_id,created_at
REC00001,EMP001,RKPI001,2026-01-01,2026-01-31,80.0,50.0,100,task_completion_system,TASKS_2026-01,2026-01-31T23:59:00
REC00002,EMP001,RKPI002,2026-01-01,2026-01-31,77.7,90.0,86.3,quality_system,QUALITY_2026-01,2026-01-31T23:59:00
REC00003,EMP001,RKPI003,2026-01-01,2026-01-31,87.5,85.0,87.5,ontime_delivery_system,TASKS_2026-01,2026-01-31T23:59:00
REC00004,EMP001,RKPI004,2026-01-01,2026-01-31,70.2,80.0,87.8,technical_skill_system,SKILLS_2026-01,2026-01-31T23:59:00
REC00005,EMP001,RKPI005,2026-01-01,2026-01-31,4.1,4.0,82.0,collaboration_system,FEEDBACK_2026-01,2026-01-31T23:59:00
REC00006,EMP001,RKPI006,2026-01-01,2026-01-31,70.8,75.0,94.4,learning_system,TRAINING_2026-01,2026-01-31T23:59:00
REC00007,EMP001,RKPI007,2026-01-01,2026-01-31,84.8,75.0,100,project_contribution_system,PROJECTS_2026-01,2026-01-31T23:59:00
REC00008,EMP001,RKPI001,2026-02-01,2026-02-28,81.8,50.0,100,task_completion_system,TASKS_2026-02,2026-02-28T23:59:00
REC00009,EMP001,RKPI002,2026-02-01,2026-02-28,85.4,90.0,94.9,quality_system,QUALITY_2026-02,2026-02-28T23:59:00
REC00010,EMP001,RKPI003,2026-02-01,2026-02-28,100.0,85.0,100,ontime_delivery_system,TASKS_2026-02,2026-02-28T23:59:00
REC00011,EMP001,RKPI004,2026-02-01,2026-02-28,86.0,80.0,100,technical_skill_system,SKILLS_2026-02,2026-02-28T23:59:00
REC00012,EMP001,RKPI005,2026-02-01,2026-02-28,4.4,4.0,88.0,collaboration_system,FEEDBACK_2026-02,2026-02-28T23:59:00
REC00013,EMP001,RKPI006,2026-02-01,2026-02-28,76.3,75.0,100,learning_system,TRAINING_2026-02,2026-02-28T23:59:00
REC00014,EMP001,RKPI007,2026-02-01,2026-02-28,81.2,75.0,100,project_contribution_system,PROJECTS_2026-02,2026-02-28T23:59:00
REC00015,EMP001,RKPI001,2026-03-01,2026-03-31,75.0,50.0,100,task_completion_system,TASKS_2026-03,2026-03-31T23:59:00
REC00016,EMP001,RKPI002,2026-03-01,2026-03-31,88.0,90.0,97.8,quality_system,QUALITY_2026-03,2026-03-31T23:59:00
REC00017,EMP001,RKPI003,2026-03-01,2026-03-31,83.3,85.0,83.3,ontime_delivery_system,TASKS_2026-03,2026-03-31T23:59:00
REC00018,EMP001,RKPI004,2026-03-01,2026-03-31,72.0,80.0,90.0,technical_skill_system,SKILLS_2026-03,2026-03-31T23:59:00
REC00019,EMP001,RKPI005,2026-03-01,2026-03-31,3.7,4.0,74.0,collaboration_system,FEEDBACK_2026-03,2026-03-31T23:59:00
REC00020,EMP001,RKPI006,2026-03-01,2026-03-31,66.9,75.0,89.2,learning_system,TRAINING_2026-03,2026-03-31T23:59:00
REC00021,EMP001,RKPI007,2026-03-01,2026-03-31,92.4,75.0,100,project_contribution_system,PROJECTS_2026-03,2026-03-31T23:59:00
REC00022,EMP001,RKPI001,2026-04-01,2026-04-30,91.7,50.0,100,task_completion_system,TASKS_2026-04,2026-04-30T23:59:00
REC00023,EMP001,RKPI002,2026-04-01,2026-04-30,74.7,90.0,83.0,quality_system,QUALITY_2026-04,2026-04-30T23:59:00
REC00024,EMP001,RKPI003,2026-04-01,2026-04-30,63.6,85.0,63.6,ontime_delivery_system,TASKS_2026-04,2026-04-30T23:59:00
REC00025,EMP001,RKPI004,2026-04-01,2026-04-30,59.7,80.0,74.6,technical_skill_system,SKILLS_2026-04,2026-04-30T23:59:00
REC00026,EMP001,RKPI005,2026-04-01,2026-04-30,3.5,4.0,70.0,collaboration_system,FEEDBACK_2026-04,2026-04-30T23:59:00
REC00027,EMP001,RKPI006,2026-04-01,2026-04-30,63.0,75.0,84.0,learning_system,TRAINING_2026-04,2026-04-30T23:59:00
REC00028,EMP001,RKPI007,2026-04-01,2026-04-30,88.1,75.0,100,project_contribution_system,PROJECTS_2026-04,2026-04-30T23:59:00
REC00029,EMP001,RKPI001,2026-05-01,2026-05-31,90.0,50.0,100,task_completion_system,TASKS_2026-05,2026-05-31T23:59:00
REC00030,EMP001,RKPI002,2026-05-01,2026-05-31,92.8,90.0,100,quality_system,QUALITY_2026-05,2026-05-31T23:59:00
REC00031,EMP001,RKPI003,2026-05-01,2026-05-31,88.9,85.0,88.9,ontime_delivery_system,TASKS_2026-05,2026-05-31T23:59:00
REC00032,EMP001,RKPI004,2026-05-01,2026-05-31,76.6,80.0,95.7,technical_skill_system,SKILLS_2026-05,2026-05-31T23:59:00
REC00033,EMP001,RKPI005,2026-05-01,2026-05-31,3.6,4.0,72.0,collaboration_system,FEEDBACK_2026-05,2026-05-31T23:59:00
REC00034,EMP001,RKPI006,2026-05-01,2026-05-31,78.7,75.0,100,learning_system,TRAINING_2026-05,2026-05-31T23:59:00
REC00035,EMP001,RKPI007,2026-05-01,2026-05-31,90.4,75.0,100,project_contribution_system,PROJECTS_2026-05,2026-05-31T23:59:00
REC00036,EMP001,RKPI001,2026-06-01,2026-06-30,60.0,50.0,100,task_completion_system,TASKS_2026-06,2026-06-30T23:59:00
REC00037,EMP001,RKPI002,2026-06-01,2026-06-30,83.3,90.0,92.6,quality_system,QUALITY_2026-06,2026-06-30T23:59:00
REC00038,EMP001,RKPI003,2026-06-01,2026-06-30,66.7,85.0,66.7,ontime_delivery_system,TASKS_2026-06,2026-06-30T23:59:00
REC00039,EMP001,RKPI004,2026-06-01,2026-06-30,84.0,80.0,100,technical_skill_system,SKILLS_2026-06,2026-06-30T23:59:00
REC00040,EMP001,RKPI005,2026-06-01,2026-06-30,3.8,4.0,76.0,collaboration_system,FEEDBACK_2026-06,2026-06-30T23:59:00
REC00041,EMP001,RKPI006,2026-06-01,2026-06-30,68.8,75.0,91.7,learning_system,TRAINING_2026-06,2026-06-30T23:59:00
REC00042,EMP001,RKPI007,2026-06-01,2026-06-30,74.4,75.0,99.2,project_contribution_system,PROJECTS_2026-06,2026-06-30T23:59:00
REC00043,EMP002,RKPI001,2026-01-01,2026-01-31,88.9,50.0,100,task_completion_system,TASKS_2026-01,2026-01-31T23:59:00
REC00044,EMP002,RKPI002,2026-01-01,2026-01-31,65.5,90.0,72.8,quality_system,QUALITY_2026-01,2026-01-31T23:59:00
REC00045,EMP002,RKPI003,2026-01-01,2026-01-31,50.0,85.0,50.0,ontime_delivery_system,TASKS_2026-01,2026-01-31T23:59:00
REC00046,EMP002,RKPI004,2026-01-01,2026-01-31,61.0,80.0,76.2,technical_skill_system,SKILLS_2026-01,2026-01-31T23:59:00
REC00047,EMP002,RKPI005,2026-01-01,2026-01-31,3.4,4.0,68.0,collaboration_system,FEEDBACK_2026-01,2026-01-31T23:59:00
REC00048,EMP002,RKPI006,2026-01-01,2026-01-31,59.8,75.0,79.7,learning_system,TRAINING_2026-01,2026-01-31T23:59:00
REC00049,EMP002,RKPI007,2026-01-01,2026-01-31,70.6,75.0,94.1,project_contribution_system,PROJECTS_2026-01,2026-01-31T23:59:00
REC00050,EMP002,RKPI001,2026-02-01,2026-02-28,75.0,50.0,100,task_completion_system,TASKS_2026-02,2026-02-28T23:59:00
REC00051,EMP002,RKPI002,2026-02-01,2026-02-28,74.5,90.0,82.8,quality_system,QUALITY_2026-02,2026-02-28T23:59:00
REC00052,EMP002,RKPI003,2026-02-01,2026-02-28,55.6,85.0,55.6,ontime_delivery_system,TASKS_2026-02,2026-02-28T23:59:00
REC00053,EMP002,RKPI004,2026-02-01,2026-02-28,70.0,80.0,87.5,technical_skill_system,SKILLS_2026-02,2026-02-28T23:59:00
REC00054,EMP002,RKPI005,2026-02-01,2026-02-28,3.7,4.0,74.0,collaboration_system,FEEDBACK_2026-02,2026-02-28T23:59:00
REC00055,EMP002,RKPI006,2026-02-01,2026-02-28,42.9,75.0,57.2,learning_system,TRAINING_2026-02,2026-02-28T23:59:00
REC00056,EMP002,RKPI007,2026-02-01,2026-02-28,74.0,75.0,98.7,project_contribution_system,PROJECTS_2026-02,2026-02-28T23:59:00
REC00057,EMP002,RKPI001,2026-03-01,2026-03-31,71.4,50.0,100,task_completion_system,TASKS_2026-03,2026-03-31T23:59:00
REC00058,EMP002,RKPI002,2026-03-01,2026-03-31,81.7,90.0,90.8,quality_system,QUALITY_2026-03,2026-03-31T23:59:00
REC00059,EMP002,RKPI003,2026-03-01,2026-03-31,100.0,85.0,100,ontime_delivery_system,TASKS_2026-03,2026-03-31T23:59:00
REC00060,EMP002,RKPI004,2026-03-01,2026-03-31,53.9,80.0,67.4,technical_skill_system,SKILLS_2026-03,2026-03-31T23:59:00
REC00061,EMP002,RKPI005,2026-03-01,2026-03-31,3.4,4.0,68.0,collaboration_system,FEEDBACK_2026-03,2026-03-31T23:59:00
REC00062,EMP002,RKPI006,2026-03-01,2026-03-31,60.6,75.0,80.8,learning_system,TRAINING_2026-03,2026-03-31T23:59:00
REC00063,EMP002,RKPI007,2026-03-01,2026-03-31,72.5,75.0,96.7,project_contribution_system,PROJECTS_2026-03,2026-03-31T23:59:00
REC00064,EMP002,RKPI001,2026-04-01,2026-04-30,75.0,50.0,100,task_completion_system,TASKS_2026-04,2026-04-30T23:59:00
REC00065,EMP002,RKPI002,2026-04-01,2026-04-30,81.2,90.0,90.2,quality_system,QUALITY_2026-04,2026-04-30T23:59:00
REC00066,EMP002,RKPI003,2026-04-01,2026-04-30,77.8,85.0,77.8,ontime_delivery_system,TASKS_2026-04,2026-04-30T23:59:00
REC00067,EMP002,RKPI004,2026-04-01,2026-04-30,64.0,80.0,80.0,technical_skill_system,SKILLS_2026-04,2026-04-30T23:59:00
REC00068,EMP002,RKPI005,2026-04-01,2026-04-30,3.8,4.0,76.0,collaboration_system,FEEDBACK_2026-04,2026-04-30T23:59:00
REC00069,EMP002,RKPI006,2026-04-01,2026-04-30,67.0,75.0,89.3,learning_system,TRAINING_2026-04,2026-04-30T23:59:00
REC00070,EMP002,RKPI007,2026-04-01,2026-04-30,54.8,75.0,73.1,project_contribution_system,PROJECTS_2026-04,2026-04-30T23:59:00
REC00071,EMP002,RKPI001,2026-05-01,2026-05-31,63.6,50.0,100,task_completion_system,TASKS_2026-05,2026-05-31T23:59:00
REC00072,EMP002,RKPI002,2026-05-01,2026-05-31,79.0,90.0,87.8,quality_system,QUALITY_2026-05,2026-05-31T23:59:00
REC00073,EMP002,RKPI003,2026-05-01,2026-05-31,57.1,85.0,57.1,ontime_delivery_system,TASKS_2026-05,2026-05-31T23:59:00
REC00074,EMP002,RKPI004,2026-05-01,2026-05-31,66.0,80.0,82.5,technical_skill_system,SKILLS_2026-05,2026-05-31T23:59:00
REC00075,EMP002,RKPI005,2026-05-01,2026-05-31,3.0,4.0,60.0,collaboration_system,FEEDBACK_2026-05,2026-05-31T23:59:00
REC00076,EMP002,RKPI006,2026-05-01,2026-05-31,57.0,75.0,76.0,learning_system,TRAINING_2026-05,2026-05-31T23:59:00
REC00077,EMP002,RKPI007,2026-05-01,2026-05-31,63.8,75.0,85.1,project_contribution_system,PROJECTS_2026-05,2026-05-31T23:59:00
REC00078,EMP002,RKPI001,2026-06-01,2026-06-30,62.5,50.0,100,task_completion_system,TASKS_2026-06,2026-06-30T23:59:00
REC00079,EMP002,RKPI002,2026-06-01,2026-06-30,64.4,90.0,71.6,quality_system,QUALITY_2026-06,2026-06-30T23:59:00
REC00080,EMP002,RKPI003,2026-06-01,2026-06-30,100.0,85.0,100,ontime_delivery_system,TASKS_2026-06,2026-06-30T23:59:00
REC00081,EMP002,RKPI004,2026-06-01,2026-06-30,56.1,80.0,70.1,technical_skill_system,SKILLS_2026-06,2026-06-30T23:59:00
REC00082,EMP002,RKPI005,2026-06-01,2026-06-30,3.5,4.0,70.0,collaboration_system,FEEDBACK_2026-06,2026-06-30T23:59:00
REC00083,EMP002,RKPI006,2026-06-01,2026-06-30,54.8,75.0,73.1,learning_system,TRAINING_2026-06,2026-06-30T23:59:00
REC00084,EMP002,RKPI007,2026-06-01,2026-06-30,58.5,75.0,78.0,project_contribution_system,PROJECTS_2026-06,2026-06-30T23:59:00
REC00085,EMP003,RKPI001,2026-01-01,2026-01-31,100.0,50.0,100,task_completion_system,TASKS_2026-01,2026-01-31T23:59:00
REC00086,EMP003,RKPI002,2026-01-01,2026-01-31,86.4,90.0,96.0,quality_system,QUALITY_2026-01,2026-01-31T23:59:00
REC00087,EMP003,RKPI003,2026-01-01,2026-01-31,66.7,85.0,66.7,ontime_delivery_system,TASKS_2026-01,2026-01-31T23:59:00
REC00088,EMP003,RKPI004,2026-01-01,2026-01-31,79.9,80.0,99.9,technical_skill_system,SKILLS_2026-01,2026-01-31T23:59:00
REC00089,EMP003,RKPI005,2026-01-01,2026-01-31,4.2,4.0,84.0,collaboration_system,FEEDBACK_2026-01,2026-01-31T23:59:00
REC00090,EMP003,RKPI006,2026-01-01,2026-01-31,86.7,75.0,100,learning_system,TRAINING_2026-01,2026-01-31T23:59:00
REC00091,EMP003,RKPI007,2026-01-01,2026-01-31,79.2,75.0,100,project_contribution_system,PROJECTS_2026-01,2026-01-31T23:59:00
REC00092,EMP003,RKPI001,2026-02-01,2026-02-28,80.0,50.0,100,task_completion_system,TASKS_2026-02,2026-02-28T23:59:00
REC00093,EMP003,RKPI002,2026-02-01,2026-02-28,75.0,90.0,83.3,quality_system,QUALITY_2026-02,2026-02-28T23:59:00
REC00094,EMP003,RKPI003,2026-02-01,2026-02-28,87.5,85.0,87.5,ontime_delivery_system,TASKS_2026-02,2026-02-28T23:59:00
REC00095,EMP003,RKPI004,2026-02-01,2026-02-28,68.5,80.0,85.6,technical_skill_system,SKILLS_2026-02,2026-02-28T23:59:00
REC00096,EMP003,RKPI005,2026-02-01,2026-02-28,4.3,4.0,86.0,collaboration_system,FEEDBACK_2026-02,2026-02-28T23:59:00
REC00097,EMP003,RKPI006,2026-02-01,2026-02-28,85.6,75.0,100,learning_system,TRAINING_2026-02,2026-02-28T23:59:00
REC00098,EMP003,RKPI007,2026-02-01,2026-02-28,89.5,75.0,100,project_contribution_system,PROJECTS_2026-02,2026-02-28T23:59:00
REC00099,EMP003,RKPI001,2026-03-01,2026-03-31,66.7,50.0,100,task_completion_system,TASKS_2026-03,2026-03-31T23:59:00
REC00100,EMP003,RKPI002,2026-03-01,2026-03-31,86.7,90.0,96.3,quality_system,QUALITY_2026-03,2026-03-31T23:59:00
REC00101,EMP003,RKPI003,2026-03-01,2026-03-31,100.0,85.0,100,ontime_delivery_system,TASKS_2026-03,2026-03-31T23:59:00
REC00102,EMP003,RKPI004,2026-03-01,2026-03-31,86.0,80.0,100,technical_skill_system,SKILLS_2026-03,2026-03-31T23:59:00
REC00103,EMP003,RKPI005,2026-03-01,2026-03-31,3.9,4.0,78.0,collaboration_system,FEEDBACK_2026-03,2026-03-31T23:59:00
REC00104,EMP003,RKPI006,2026-03-01,2026-03-31,66.0,75.0,88.0,learning_system,TRAINING_2026-03,2026-03-31T23:59:00
REC00105,EMP003,RKPI007,2026-03-01,2026-03-31,84.4,75.0,100,project_contribution_system,PROJECTS_2026-03,2026-03-31T23:59:00
REC00106,EMP003,RKPI001,2026-04-01,2026-04-30,87.5,50.0,100,task_completion_system,TASKS_2026-04,2026-04-30T23:59:00
REC00107,EMP003,RKPI002,2026-04-01,2026-04-30,92.5,90.0,100,quality_system,QUALITY_2026-04,2026-04-30T23:59:00
REC00108,EMP003,RKPI003,2026-04-01,2026-04-30,100.0,85.0,100,ontime_delivery_system,TASKS_2026-04,2026-04-30T23:59:00
REC00109,EMP003,RKPI004,2026-04-01,2026-04-30,76.0,80.0,95.0,technical_skill_system,SKILLS_2026-04,2026-04-30T23:59:00
REC00110,EMP003,RKPI005,2026-04-01,2026-04-30,4.5,4.0,90.0,collaboration_system,FEEDBACK_2026-04,2026-04-30T23:59:00
REC00111,EMP003,RKPI006,2026-04-01,2026-04-30,63.5,75.0,84.7,learning_system,TRAINING_2026-04,2026-04-30T23:59:00
REC00112,EMP003,RKPI007,2026-04-01,2026-04-30,68.8,75.0,91.7,project_contribution_system,PROJECTS_2026-04,2026-04-30T23:59:00
REC00113,EMP003,RKPI001,2026-05-01,2026-05-31,87.5,50.0,100,task_completion_system,TASKS_2026-05,2026-05-31T23:59:00
REC00114,EMP003,RKPI002,2026-05-01,2026-05-31,90.7,90.0,100,quality_system,QUALITY_2026-05,2026-05-31T23:59:00
REC00115,EMP003,RKPI003,2026-05-01,2026-05-31,85.7,85.0,85.7,ontime_delivery_system,TASKS_2026-05,2026-05-31T23:59:00
REC00116,EMP003,RKPI004,2026-05-01,2026-05-31,82.0,80.0,100,technical_skill_system,SKILLS_2026-05,2026-05-31T23:59:00
REC00117,EMP003,RKPI005,2026-05-01,2026-05-31,3.9,4.0,78.0,collaboration_system,FEEDBACK_2026-05,2026-05-31T23:59:00
REC00118,EMP003,RKPI006,2026-05-01,2026-05-31,76.1,75.0,100,learning_system,TRAINING_2026-05,2026-05-31T23:59:00
REC00119,EMP003,RKPI007,2026-05-01,2026-05-31,91.7,75.0,100,project_contribution_system,PROJECTS_2026-05,2026-05-31T23:59:00
REC00120,EMP003,RKPI001,2026-06-01,2026-06-30,87.5,50.0,100,task_completion_system,TASKS_2026-06,2026-06-30T23:59:00
REC00121,EMP003,RKPI002,2026-06-01,2026-06-30,78.6,90.0,87.3,quality_system,QUALITY_2026-06,2026-06-30T23:59:00
REC00122,EMP003,RKPI003,2026-06-01,2026-06-30,100.0,85.0,100,ontime_delivery_system,TASKS_2026-06,2026-06-30T23:59:00
REC00123,EMP003,RKPI004,2026-06-01,2026-06-30,76.0,80.0,95.0,technical_skill_system,SKILLS_2026-06,2026-06-30T23:59:00
REC00124,EMP003,RKPI005,2026-06-01,2026-06-30,3.9,4.0,78.0,collaboration_system,FEEDBACK_2026-06,2026-06-30T23:59:00
REC00125,EMP003,RKPI006,2026-06-01,2026-06-30,63.1,75.0,84.1,learning_system,TRAINING_2026-06,2026-06-30T23:59:00
REC00126,EMP003,RKPI007,2026-06-01,2026-06-30,95.5,75.0,100,project_contribution_system,PROJECTS_2026-06,2026-06-30T23:59:00
REC00127,EMP004,RKPI001,2026-01-01,2026-01-31,92.3,50.0,100,task_completion_system,TASKS_2026-01,2026-01-31T23:59:00
REC00128,EMP004,RKPI002,2026-01-01,2026-01-31,80.7,90.0,89.7,quality_system,QUALITY_2026-01,2026-01-31T23:59:00
REC00129,EMP004,RKPI003,2026-01-01,2026-01-31,100.0,85.0,100,ontime_delivery_system,TASKS_2026-01,2026-01-31T23:59:00
REC00130,EMP004,RKPI004,2026-01-01,2026-01-31,88.0,80.0,100,technical_skill_system,SKILLS_2026-01,2026-01-31T23:59:00
REC00131,EMP004,RKPI005,2026-01-01,2026-01-31,4.3,4.0,86.0,collaboration_system,FEEDBACK_2026-01,2026-01-31T23:59:00
REC00132,EMP004,RKPI006,2026-01-01,2026-01-31,75.0,75.0,100,learning_system,TRAINING_2026-01,2026-01-31T23:59:00
REC00133,EMP004,RKPI007,2026-01-01,2026-01-31,91.3,75.0,100,project_contribution_system,PROJECTS_2026-01,2026-01-31T23:59:00
REC00134,EMP004,RKPI001,2026-02-01,2026-02-28,100.0,50.0,100,task_completion_system,TASKS_2026-02,2026-02-28T23:59:00
REC00135,EMP004,RKPI002,2026-02-01,2026-02-28,81.0,90.0,90.0,quality_system,QUALITY_2026-02,2026-02-28T23:59:00
REC00136,EMP004,RKPI003,2026-02-01,2026-02-28,85.7,85.0,85.7,ontime_delivery_system,TASKS_2026-02,2026-02-28T23:59:00
REC00137,EMP004,RKPI004,2026-02-01,2026-02-28,90.0,80.0,100,technical_skill_system,SKILLS_2026-02,2026-02-28T23:59:00
REC00138,EMP004,RKPI005,2026-02-01,2026-02-28,4.2,4.0,84.0,collaboration_system,FEEDBACK_2026-02,2026-02-28T23:59:00
REC00139,EMP004,RKPI006,2026-02-01,2026-02-28,75.8,75.0,100,learning_system,TRAINING_2026-02,2026-02-28T23:59:00
REC00140,EMP004,RKPI007,2026-02-01,2026-02-28,83.0,75.0,100,project_contribution_system,PROJECTS_2026-02,2026-02-28T23:59:00
REC00141,EMP004,RKPI001,2026-03-01,2026-03-31,80.0,50.0,100,task_completion_system,TASKS_2026-03,2026-03-31T23:59:00
REC00142,EMP004,RKPI002,2026-03-01,2026-03-31,84.7,90.0,94.1,quality_system,QUALITY_2026-03,2026-03-31T23:59:00
REC00143,EMP004,RKPI003,2026-03-01,2026-03-31,100.0,85.0,100,ontime_delivery_system,TASKS_2026-03,2026-03-31T23:59:00
REC00144,EMP004,RKPI004,2026-03-01,2026-03-31,78.0,80.0,97.5,technical_skill_system,SKILLS_2026-03,2026-03-31T23:59:00
REC00145,EMP004,RKPI005,2026-03-01,2026-03-31,4.2,4.0,84.0,collaboration_system,FEEDBACK_2026-03,2026-03-31T23:59:00
REC00146,EMP004,RKPI006,2026-03-01,2026-03-31,76.5,75.0,100,learning_system,TRAINING_2026-03,2026-03-31T23:59:00
REC00147,EMP004,RKPI007,2026-03-01,2026-03-31,73.2,75.0,97.6,project_contribution_system,PROJECTS_2026-03,2026-03-31T23:59:00
REC00148,EMP004,RKPI001,2026-04-01,2026-04-30,100.0,50.0,100,task_completion_system,TASKS_2026-04,2026-04-30T23:59:00
REC00149,EMP004,RKPI002,2026-04-01,2026-04-30,87.5,90.0,97.2,quality_system,QUALITY_2026-04,2026-04-30T23:59:00
REC00150,EMP004,RKPI003,2026-04-01,2026-04-30,90.9,85.0,90.9,ontime_delivery_system,TASKS_2026-04,2026-04-30T23:59:00
REC00151,EMP004,RKPI004,2026-04-01,2026-04-30,74.0,80.0,92.5,technical_skill_system,SKILLS_2026-04,2026-04-30T23:59:00
REC00152,EMP004,RKPI005,2026-04-01,2026-04-30,3.8,4.0,76.0,collaboration_system,FEEDBACK_2026-04,2026-04-30T23:59:00
REC00153,EMP004,RKPI006,2026-04-01,2026-04-30,78.5,75.0,100,learning_system,TRAINING_2026-04,2026-04-30T23:59:00
REC00154,EMP004,RKPI007,2026-04-01,2026-04-30,91.2,75.0,100,project_contribution_system,PROJECTS_2026-04,2026-04-30T23:59:00
REC00155,EMP004,RKPI001,2026-05-01,2026-05-31,85.7,50.0,100,task_completion_system,TASKS_2026-05,2026-05-31T23:59:00
REC00156,EMP004,RKPI002,2026-05-01,2026-05-31,72.9,90.0,81.0,quality_system,QUALITY_2026-05,2026-05-31T23:59:00
REC00157,EMP004,RKPI003,2026-05-01,2026-05-31,50.0,85.0,50.0,ontime_delivery_system,TASKS_2026-05,2026-05-31T23:59:00
REC00158,EMP004,RKPI004,2026-05-01,2026-05-31,75.0,80.0,93.8,technical_skill_system,SKILLS_2026-05,2026-05-31T23:59:00
REC00159,EMP004,RKPI005,2026-05-01,2026-05-31,3.8,4.0,76.0,collaboration_system,FEEDBACK_2026-05,2026-05-31T23:59:00
REC00160,EMP004,RKPI006,2026-05-01,2026-05-31,70.7,75.0,94.3,learning_system,TRAINING_2026-05,2026-05-31T23:59:00
REC00161,EMP004,RKPI007,2026-05-01,2026-05-31,89.1,75.0,100,project_contribution_system,PROJECTS_2026-05,2026-05-31T23:59:00
REC00162,EMP004,RKPI001,2026-06-01,2026-06-30,100.0,50.0,100,task_completion_system,TASKS_2026-06,2026-06-30T23:59:00
REC00163,EMP004,RKPI002,2026-06-01,2026-06-30,93.2,90.0,100,quality_system,QUALITY_2026-06,2026-06-30T23:59:00
REC00164,EMP004,RKPI003,2026-06-01,2026-06-30,90.0,85.0,90.0,ontime_delivery_system,TASKS_2026-06,2026-06-30T23:59:00
REC00165,EMP004,RKPI004,2026-06-01,2026-06-30,78.0,80.0,97.5,technical_skill_system,SKILLS_2026-06,2026-06-30T23:59:00
REC00166,EMP004,RKPI005,2026-06-01,2026-06-30,3.6,4.0,72.0,collaboration_system,FEEDBACK_2026-06,2026-06-30T23:59:00
REC00167,EMP004,RKPI006,2026-06-01,2026-06-30,91.0,75.0,100,learning_system,TRAINING_2026-06,2026-06-30T23:59:00
REC00168,EMP004,RKPI007,2026-06-01,2026-06-30,83.5,75.0,100,project_contribution_system,PROJECTS_2026-06,2026-06-30T23:59:00
REC00169,EMP005,RKPI001,2026-01-01,2026-01-31,80.0,50.0,100,task_completion_system,TASKS_2026-01,2026-01-31T23:59:00
REC00170,EMP005,RKPI002,2026-01-01,2026-01-31,72.1,90.0,80.1,quality_system,QUALITY_2026-01,2026-01-31T23:59:00
REC00171,EMP005,RKPI003,2026-01-01,2026-01-31,50.0,85.0,50.0,ontime_delivery_system,TASKS_2026-01,2026-01-31T23:59:00
REC00172,EMP005,RKPI004,2026-01-01,2026-01-31,62.0,80.0,77.5,technical_skill_system,SKILLS_2026-01,2026-01-31T23:59:00
REC00173,EMP005,RKPI005,2026-01-01,2026-01-31,3.3,4.0,66.0,collaboration_system,FEEDBACK_2026-01,2026-01-31T23:59:00
REC00174,EMP005,RKPI006,2026-01-01,2026-01-31,33.5,75.0,44.7,learning_system,TRAINING_2026-01,2026-01-31T23:59:00
REC00175,EMP005,RKPI007,2026-01-01,2026-01-31,46.6,75.0,62.1,project_contribution_system,PROJECTS_2026-01,2026-01-31T23:59:00
REC00176,EMP005,RKPI001,2026-02-01,2026-02-28,57.1,50.0,100,task_completion_system,TASKS_2026-02,2026-02-28T23:59:00
REC00177,EMP005,RKPI002,2026-02-01,2026-02-28,45.9,90.0,51.0,quality_system,QUALITY_2026-02,2026-02-28T23:59:00
REC00178,EMP005,RKPI003,2026-02-01,2026-02-28,50.0,85.0,50.0,ontime_delivery_system,TASKS_2026-02,2026-02-28T23:59:00
REC00179,EMP005,RKPI004,2026-02-01,2026-02-28,50.0,80.0,62.5,technical_skill_system,SKILLS_2026-02,2026-02-28T23:59:00
REC00180,EMP005,RKPI005,2026-02-01,2026-02-28,3.2,4.0,64.0,collaboration_system,FEEDBACK_2026-02,2026-02-28T23:59:00
REC00181,EMP005,RKPI006,2026-02-01,2026-02-28,47.0,75.0,62.7,learning_system,TRAINING_2026-02,2026-02-28T23:59:00
REC00182,EMP005,RKPI007,2026-02-01,2026-02-28,50.9,75.0,67.9,project_contribution_system,PROJECTS_2026-02,2026-02-28T23:59:00
REC00183,EMP005,RKPI001,2026-03-01,2026-03-31,40.0,50.0,80.0,task_completion_system,TASKS_2026-03,2026-03-31T23:59:00
REC00184,EMP005,RKPI002,2026-03-01,2026-03-31,46.1,90.0,51.2,quality_system,QUALITY_2026-03,2026-03-31T23:59:00
REC00185,EMP005,RKPI003,2026-03-01,2026-03-31,50.0,85.0,50.0,ontime_delivery_system,TASKS_2026-03,2026-03-31T23:59:00
REC00186,EMP005,RKPI004,2026-03-01,2026-03-31,65.0,80.0,81.2,technical_skill_system,SKILLS_2026-03,2026-03-31T23:59:00
REC00187,EMP005,RKPI005,2026-03-01,2026-03-31,3.0,4.0,60.0,collaboration_system,FEEDBACK_2026-03,2026-03-31T23:59:00
REC00188,EMP005,RKPI006,2026-03-01,2026-03-31,27.3,75.0,36.4,learning_system,TRAINING_2026-03,2026-03-31T23:59:00
REC00189,EMP005,RKPI007,2026-03-01,2026-03-31,66.2,75.0,88.3,project_contribution_system,PROJECTS_2026-03,2026-03-31T23:59:00
REC00190,EMP005,RKPI001,2026-04-01,2026-04-30,55.6,50.0,100,task_completion_system,TASKS_2026-04,2026-04-30T23:59:00
REC00191,EMP005,RKPI002,2026-04-01,2026-04-30,55.6,90.0,61.8,quality_system,QUALITY_2026-04,2026-04-30T23:59:00
REC00192,EMP005,RKPI003,2026-04-01,2026-04-30,80.0,85.0,80.0,ontime_delivery_system,TASKS_2026-04,2026-04-30T23:59:00
REC00193,EMP005,RKPI004,2026-04-01,2026-04-30,56.0,80.0,70.0,technical_skill_system,SKILLS_2026-04,2026-04-30T23:59:00
REC00194,EMP005,RKPI005,2026-04-01,2026-04-30,3.2,4.0,64.0,collaboration_system,FEEDBACK_2026-04,2026-04-30T23:59:00
REC00195,EMP005,RKPI006,2026-04-01,2026-04-30,43.2,75.0,57.6,learning_system,TRAINING_2026-04,2026-04-30T23:59:00
REC00196,EMP005,RKPI007,2026-04-01,2026-04-30,51.9,75.0,69.2,project_contribution_system,PROJECTS_2026-04,2026-04-30T23:59:00
REC00197,EMP005,RKPI001,2026-05-01,2026-05-31,75.0,50.0,100,task_completion_system,TASKS_2026-05,2026-05-31T23:59:00
REC00198,EMP005,RKPI002,2026-05-01,2026-05-31,62.8,90.0,69.8,quality_system,QUALITY_2026-05,2026-05-31T23:59:00
REC00199,EMP005,RKPI003,2026-05-01,2026-05-31,83.3,85.0,83.3,ontime_delivery_system,TASKS_2026-05,2026-05-31T23:59:00
REC00200,EMP005,RKPI004,2026-05-01,2026-05-31,68.0,80.0,85.0,technical_skill_system,SKILLS_2026-05,2026-05-31T23:59:00
REC00201,EMP005,RKPI005,2026-05-01,2026-05-31,3.0,4.0,60.0,collaboration_system,FEEDBACK_2026-05,2026-05-31T23:59:00
REC00202,EMP005,RKPI006,2026-05-01,2026-05-31,45.7,75.0,60.9,learning_system,TRAINING_2026-05,2026-05-31T23:59:00
REC00203,EMP005,RKPI007,2026-05-01,2026-05-31,68.8,75.0,91.7,project_contribution_system,PROJECTS_2026-05,2026-05-31T23:59:00
REC00204,EMP005,RKPI001,2026-06-01,2026-06-30,87.5,50.0,100,task_completion_system,TASKS_2026-06,2026-06-30T23:59:00
REC00205,EMP005,RKPI002,2026-06-01,2026-06-30,59.9,90.0,66.6,quality_system,QUALITY_2026-06,2026-06-30T23:59:00
REC00206,EMP005,RKPI003,2026-06-01,2026-06-30,57.1,85.0,57.1,ontime_delivery_system,TASKS_2026-06,2026-06-30T23:59:00
REC00207,EMP005,RKPI004,2026-06-01,2026-06-30,60.0,80.0,75.0,technical_skill_system,SKILLS_2026-06,2026-06-30T23:59:00
REC00208,EMP005,RKPI005,2026-06-01,2026-06-30,3.4,4.0,68.0,collaboration_system,FEEDBACK_2026-06,2026-06-30T23:59:00
REC00209,EMP005,RKPI006,2026-06-01,2026-06-30,41.0,75.0,54.7,learning_system,TRAINING_2026-06,2026-06-30T23:59:00
REC00210,EMP005,RKPI007,2026-06-01,2026-06-30,61.2,75.0,81.6,project_contribution_system,PROJECTS_2026-06,2026-06-30T23:59:00
REC00211,EMP006,RKPI001,2026-01-01,2026-01-31,85.7,50.0,100,task_completion_system,TASKS_2026-01,2026-01-31T23:59:00
REC00212,EMP006,RKPI002,2026-01-01,2026-01-31,64.2,90.0,71.3,quality_system,QUALITY_2026-01,2026-01-31T23:59:00
REC00213,EMP006,RKPI003,2026-01-01,2026-01-31,83.3,85.0,83.3,ontime_delivery_system,TASKS_2026-01,2026-01-31T23:59:00
REC00214,EMP006,RKPI004,2026-01-01,2026-01-31,52.8,80.0,66.0,technical_skill_system,SKILLS_2026-01,2026-01-31T23:59:00
REC00215,EMP006,RKPI005,2026-01-01,2026-01-31,3.6,4.0,72.0,collaboration_system,FEEDBACK_2026-01,2026-01-31T23:59:00
REC00216,EMP006,RKPI006,2026-01-01,2026-01-31,65.6,75.0,87.5,learning_system,TRAINING_2026-01,2026-01-31T23:59:00
REC00217,EMP006,RKPI007,2026-01-01,2026-01-31,71.9,75.0,95.9,project_contribution_system,PROJECTS_2026-01,2026-01-31T23:59:00
REC00218,EMP006,RKPI001,2026-02-01,2026-02-28,83.3,50.0,100,task_completion_system,TASKS_2026-02,2026-02-28T23:59:00
REC00219,EMP006,RKPI002,2026-02-01,2026-02-28,75.5,90.0,83.9,quality_system,QUALITY_2026-02,2026-02-28T23:59:00
REC00220,EMP006,RKPI003,2026-02-01,2026-02-28,80.0,85.0,80.0,ontime_delivery_system,TASKS_2026-02,2026-02-28T23:59:00
REC00221,EMP006,RKPI004,2026-02-01,2026-02-28,62.2,80.0,77.8,technical_skill_system,SKILLS_2026-02,2026-02-28T23:59:00
REC00222,EMP006,RKPI005,2026-02-01,2026-02-28,3.4,4.0,68.0,collaboration_system,FEEDBACK_2026-02,2026-02-28T23:59:00
REC00223,EMP006,RKPI006,2026-02-01,2026-02-28,52.6,75.0,70.1,learning_system,TRAINING_2026-02,2026-02-28T23:59:00
REC00224,EMP006,RKPI007,2026-02-01,2026-02-28,71.5,75.0,95.3,project_contribution_system,PROJECTS_2026-02,2026-02-28T23:59:00
REC00225,EMP006,RKPI001,2026-03-01,2026-03-31,56.2,50.0,100,task_completion_system,TASKS_2026-03,2026-03-31T23:59:00
REC00226,EMP006,RKPI002,2026-03-01,2026-03-31,72.2,90.0,80.2,quality_system,QUALITY_2026-03,2026-03-31T23:59:00
REC00227,EMP006,RKPI003,2026-03-01,2026-03-31,88.9,85.0,88.9,ontime_delivery_system,TASKS_2026-03,2026-03-31T23:59:00
REC00228,EMP006,RKPI004,2026-03-01,2026-03-31,74.0,80.0,92.5,technical_skill_system,SKILLS_2026-03,2026-03-31T23:59:00
REC00229,EMP006,RKPI005,2026-03-01,2026-03-31,3.6,4.0,72.0,collaboration_system,FEEDBACK_2026-03,2026-03-31T23:59:00
REC00230,EMP006,RKPI006,2026-03-01,2026-03-31,67.0,75.0,89.3,learning_system,TRAINING_2026-03,2026-03-31T23:59:00
REC00231,EMP006,RKPI007,2026-03-01,2026-03-31,80.6,75.0,100,project_contribution_system,PROJECTS_2026-03,2026-03-31T23:59:00
REC00232,EMP006,RKPI001,2026-04-01,2026-04-30,81.8,50.0,100,task_completion_system,TASKS_2026-04,2026-04-30T23:59:00
REC00233,EMP006,RKPI002,2026-04-01,2026-04-30,79.5,90.0,88.3,quality_system,QUALITY_2026-04,2026-04-30T23:59:00
REC00234,EMP006,RKPI003,2026-04-01,2026-04-30,66.7,85.0,66.7,ontime_delivery_system,TASKS_2026-04,2026-04-30T23:59:00
REC00235,EMP006,RKPI004,2026-04-01,2026-04-30,65.0,80.0,81.2,technical_skill_system,SKILLS_2026-04,2026-04-30T23:59:00
REC00236,EMP006,RKPI005,2026-04-01,2026-04-30,3.6,4.0,72.0,collaboration_system,FEEDBACK_2026-04,2026-04-30T23:59:00
REC00237,EMP006,RKPI006,2026-04-01,2026-04-30,60.4,75.0,80.5,learning_system,TRAINING_2026-04,2026-04-30T23:59:00
REC00238,EMP006,RKPI007,2026-04-01,2026-04-30,62.8,75.0,83.7,project_contribution_system,PROJECTS_2026-04,2026-04-30T23:59:00
REC00239,EMP006,RKPI001,2026-05-01,2026-05-31,75.0,50.0,100,task_completion_system,TASKS_2026-05,2026-05-31T23:59:00
REC00240,EMP006,RKPI002,2026-05-01,2026-05-31,64.4,90.0,71.6,quality_system,QUALITY_2026-05,2026-05-31T23:59:00
REC00241,EMP006,RKPI003,2026-05-01,2026-05-31,66.7,85.0,66.7,ontime_delivery_system,TASKS_2026-05,2026-05-31T23:59:00
REC00242,EMP006,RKPI004,2026-05-01,2026-05-31,63.6,80.0,79.5,technical_skill_system,SKILLS_2026-05,2026-05-31T23:59:00
REC00243,EMP006,RKPI005,2026-05-01,2026-05-31,3.2,4.0,64.0,collaboration_system,FEEDBACK_2026-05,2026-05-31T23:59:00
REC00244,EMP006,RKPI006,2026-05-01,2026-05-31,64.9,75.0,86.5,learning_system,TRAINING_2026-05,2026-05-31T23:59:00
REC00245,EMP006,RKPI007,2026-05-01,2026-05-31,64.7,75.0,86.3,project_contribution_system,PROJECTS_2026-05,2026-05-31T23:59:00
REC00246,EMP006,RKPI001,2026-06-01,2026-06-30,60.0,50.0,100,task_completion_system,TASKS_2026-06,2026-06-30T23:59:00
REC00247,EMP006,RKPI002,2026-06-01,2026-06-30,68.0,90.0,75.6,quality_system,QUALITY_2026-06,2026-06-30T23:59:00
REC00248,EMP006,RKPI003,2026-06-01,2026-06-30,100.0,85.0,100,ontime_delivery_system,TASKS_2026-06,2026-06-30T23:59:00
REC00249,EMP006,RKPI004,2026-06-01,2026-06-30,76.0,80.0,95.0,technical_skill_system,SKILLS_2026-06,2026-06-30T23:59:00
REC00250,EMP006,RKPI005,2026-06-01,2026-06-30,4.0,4.0,80.0,collaboration_system,FEEDBACK_2026-06,2026-06-30T23:59:00
REC00251,EMP006,RKPI006,2026-06-01,2026-06-30,61.6,75.0,82.1,learning_system,TRAINING_2026-06,2026-06-30T23:59:00
REC00252,EMP006,RKPI007,2026-06-01,2026-06-30,59.9,75.0,79.9,project_contribution_system,PROJECTS_2026-06,2026-06-30T23:59:00
REC00253,EMP007,RKPI001,2026-01-01,2026-01-31,77.8,50.0,100,task_completion_system,TASKS_2026-01,2026-01-31T23:59:00
REC00254,EMP007,RKPI002,2026-01-01,2026-01-31,84.1,90.0,93.4,quality_system,QUALITY_2026-01,2026-01-31T23:59:00
REC00255,EMP007,RKPI003,2026-01-01,2026-01-31,85.7,85.0,85.7,ontime_delivery_system,TASKS_2026-01,2026-01-31T23:59:00
REC00256,EMP007,RKPI004,2026-01-01,2026-01-31,64.8,80.0,81.0,technical_skill_system,SKILLS_2026-01,2026-01-31T23:59:00
REC00257,EMP007,RKPI005,2026-01-01,2026-01-31,4.3,4.0,86.0,collaboration_system,FEEDBACK_2026-01,2026-01-31T23:59:00
REC00258,EMP007,RKPI006,2026-01-01,2026-01-31,78.4,75.0,100,learning_system,TRAINING_2026-01,2026-01-31T23:59:00
REC00259,EMP007,RKPI007,2026-01-01,2026-01-31,78.1,75.0,100,project_contribution_system,PROJECTS_2026-01,2026-01-31T23:59:00
REC00260,EMP007,RKPI001,2026-02-01,2026-02-28,83.3,50.0,100,task_completion_system,TASKS_2026-02,2026-02-28T23:59:00
REC00261,EMP007,RKPI002,2026-02-01,2026-02-28,79.8,90.0,88.7,quality_system,QUALITY_2026-02,2026-02-28T23:59:00
REC00262,EMP007,RKPI003,2026-02-01,2026-02-28,80.0,85.0,80.0,ontime_delivery_system,TASKS_2026-02,2026-02-28T23:59:00
REC00263,EMP007,RKPI004,2026-02-01,2026-02-28,61.7,80.0,77.1,technical_skill_system,SKILLS_2026-02,2026-02-28T23:59:00
REC00264,EMP007,RKPI005,2026-02-01,2026-02-28,3.5,4.0,70.0,collaboration_system,FEEDBACK_2026-02,2026-02-28T23:59:00
REC00265,EMP007,RKPI006,2026-02-01,2026-02-28,74.2,75.0,98.9,learning_system,TRAINING_2026-02,2026-02-28T23:59:00
REC00266,EMP007,RKPI007,2026-02-01,2026-02-28,75.6,75.0,100,project_contribution_system,PROJECTS_2026-02,2026-02-28T23:59:00
REC00267,EMP007,RKPI001,2026-03-01,2026-03-31,90.0,50.0,100,task_completion_system,TASKS_2026-03,2026-03-31T23:59:00
REC00268,EMP007,RKPI002,2026-03-01,2026-03-31,93.3,90.0,100,quality_system,QUALITY_2026-03,2026-03-31T23:59:00
REC00269,EMP007,RKPI003,2026-03-01,2026-03-31,100.0,85.0,100,ontime_delivery_system,TASKS_2026-03,2026-03-31T23:59:00
REC00270,EMP007,RKPI004,2026-03-01,2026-03-31,74.0,80.0,92.5,technical_skill_system,SKILLS_2026-03,2026-03-31T23:59:00
REC00271,EMP007,RKPI005,2026-03-01,2026-03-31,4.4,4.0,88.0,collaboration_system,FEEDBACK_2026-03,2026-03-31T23:59:00
REC00272,EMP007,RKPI006,2026-03-01,2026-03-31,66.5,75.0,88.7,learning_system,TRAINING_2026-03,2026-03-31T23:59:00
REC00273,EMP007,RKPI007,2026-03-01,2026-03-31,86.2,75.0,100,project_contribution_system,PROJECTS_2026-03,2026-03-31T23:59:00
REC00274,EMP007,RKPI001,2026-04-01,2026-04-30,92.9,50.0,100,task_completion_system,TASKS_2026-04,2026-04-30T23:59:00
REC00275,EMP007,RKPI002,2026-04-01,2026-04-30,70.2,90.0,78.0,quality_system,QUALITY_2026-04,2026-04-30T23:59:00
REC00276,EMP007,RKPI003,2026-04-01,2026-04-30,84.6,85.0,84.6,ontime_delivery_system,TASKS_2026-04,2026-04-30T23:59:00
REC00277,EMP007,RKPI004,2026-04-01,2026-04-30,71.0,80.0,88.8,technical_skill_system,SKILLS_2026-04,2026-04-30T23:59:00
REC00278,EMP007,RKPI005,2026-04-01,2026-04-30,3.9,4.0,78.0,collaboration_system,FEEDBACK_2026-04,2026-04-30T23:59:00
REC00279,EMP007,RKPI006,2026-04-01,2026-04-30,77.8,75.0,100,learning_system,TRAINING_2026-04,2026-04-30T23:59:00
REC00280,EMP007,RKPI007,2026-04-01,2026-04-30,82.6,75.0,100,project_contribution_system,PROJECTS_2026-04,2026-04-30T23:59:00
REC00281,EMP007,RKPI001,2026-05-01,2026-05-31,91.7,50.0,100,task_completion_system,TASKS_2026-05,2026-05-31T23:59:00
REC00282,EMP007,RKPI002,2026-05-01,2026-05-31,75.0,90.0,83.3,quality_system,QUALITY_2026-05,2026-05-31T23:59:00
REC00283,EMP007,RKPI003,2026-05-01,2026-05-31,90.9,85.0,90.9,ontime_delivery_system,TASKS_2026-05,2026-05-31T23:59:00
REC00284,EMP007,RKPI004,2026-05-01,2026-05-31,83.5,80.0,100,technical_skill_system,SKILLS_2026-05,2026-05-31T23:59:00
REC00285,EMP007,RKPI005,2026-05-01,2026-05-31,3.9,4.0,78.0,collaboration_system,FEEDBACK_2026-05,2026-05-31T23:59:00
REC00286,EMP007,RKPI006,2026-05-01,2026-05-31,69.1,75.0,92.1,learning_system,TRAINING_2026-05,2026-05-31T23:59:00
REC00287,EMP007,RKPI007,2026-05-01,2026-05-31,69.4,75.0,92.5,project_contribution_system,PROJECTS_2026-05,2026-05-31T23:59:00
REC00288,EMP007,RKPI001,2026-06-01,2026-06-30,80.0,50.0,100,task_completion_system,TASKS_2026-06,2026-06-30T23:59:00
REC00289,EMP007,RKPI002,2026-06-01,2026-06-30,93.0,90.0,100,quality_system,QUALITY_2026-06,2026-06-30T23:59:00
REC00290,EMP007,RKPI003,2026-06-01,2026-06-30,100.0,85.0,100,ontime_delivery_system,TASKS_2026-06,2026-06-30T23:59:00
REC00291,EMP007,RKPI004,2026-06-01,2026-06-30,70.1,80.0,87.6,technical_skill_system,SKILLS_2026-06,2026-06-30T23:59:00
REC00292,EMP007,RKPI005,2026-06-01,2026-06-30,4.1,4.0,82.0,collaboration_system,FEEDBACK_2026-06,2026-06-30T23:59:00
REC00293,EMP007,RKPI006,2026-06-01,2026-06-30,72.6,75.0,96.8,learning_system,TRAINING_2026-06,2026-06-30T23:59:00
REC00294,EMP007,RKPI007,2026-06-01,2026-06-30,83.8,75.0,100,project_contribution_system,PROJECTS_2026-06,2026-06-30T23:59:00
REC00295,EMP008,RKPI001,2026-01-01,2026-01-31,90.0,50.0,100,task_completion_system,TASKS_2026-01,2026-01-31T23:59:00
REC00296,EMP008,RKPI002,2026-01-01,2026-01-31,76.5,90.0,85.0,quality_system,QUALITY_2026-01,2026-01-31T23:59:00
REC00297,EMP008,RKPI003,2026-01-01,2026-01-31,94.4,85.0,94.4,ontime_delivery_system,TASKS_2026-01,2026-01-31T23:59:00
REC00298,EMP008,RKPI004,2026-01-01,2026-01-31,82.0,80.0,100,technical_skill_system,SKILLS_2026-01,2026-01-31T23:59:00
REC00299,EMP008,RKPI005,2026-01-01,2026-01-31,3.6,4.0,72.0,collaboration_system,FEEDBACK_2026-01,2026-01-31T23:59:00
REC00300,EMP008,RKPI006,2026-01-01,2026-01-31,70.7,75.0,94.3,learning_system,TRAINING_2026-01,2026-01-31T23:59:00
REC00301,EMP008,RKPI007,2026-01-01,2026-01-31,86.1,75.0,100,project_contribution_system,PROJECTS_2026-01,2026-01-31T23:59:00
REC00302,EMP008,RKPI001,2026-02-01,2026-02-28,90.0,50.0,100,task_completion_system,TASKS_2026-02,2026-02-28T23:59:00
REC00303,EMP008,RKPI002,2026-02-01,2026-02-28,76.8,90.0,85.3,quality_system,QUALITY_2026-02,2026-02-28T23:59:00
REC00304,EMP008,RKPI003,2026-02-01,2026-02-28,88.9,85.0,88.9,ontime_delivery_system,TASKS_2026-02,2026-02-28T23:59:00
REC00305,EMP008,RKPI004,2026-02-01,2026-02-28,70.0,80.0,87.5,technical_skill_system,SKILLS_2026-02,2026-02-28T23:59:00
REC00306,EMP008,RKPI005,2026-02-01,2026-02-28,4.0,4.0,80.0,collaboration_system,FEEDBACK_2026-02,2026-02-28T23:59:00
REC00307,EMP008,RKPI006,2026-02-01,2026-02-28,64.9,75.0,86.5,learning_system,TRAINING_2026-02,2026-02-28T23:59:00
REC00308,EMP008,RKPI007,2026-02-01,2026-02-28,92.9,75.0,100,project_contribution_system,PROJECTS_2026-02,2026-02-28T23:59:00
REC00309,EMP008,RKPI001,2026-03-01,2026-03-31,77.8,50.0,100,task_completion_system,TASKS_2026-03,2026-03-31T23:59:00
REC00310,EMP008,RKPI002,2026-03-01,2026-03-31,91.8,90.0,100,quality_system,QUALITY_2026-03,2026-03-31T23:59:00
REC00311,EMP008,RKPI003,2026-03-01,2026-03-31,85.7,85.0,85.7,ontime_delivery_system,TASKS_2026-03,2026-03-31T23:59:00
REC00312,EMP008,RKPI004,2026-03-01,2026-03-31,86.0,80.0,100,technical_skill_system,SKILLS_2026-03,2026-03-31T23:59:00
REC00313,EMP008,RKPI005,2026-03-01,2026-03-31,4.4,4.0,88.0,collaboration_system,FEEDBACK_2026-03,2026-03-31T23:59:00
REC00314,EMP008,RKPI006,2026-03-01,2026-03-31,76.4,75.0,100,learning_system,TRAINING_2026-03,2026-03-31T23:59:00
REC00315,EMP008,RKPI007,2026-03-01,2026-03-31,87.5,75.0,100,project_contribution_system,PROJECTS_2026-03,2026-03-31T23:59:00
REC00316,EMP008,RKPI001,2026-04-01,2026-04-30,66.7,50.0,100,task_completion_system,TASKS_2026-04,2026-04-30T23:59:00
REC00317,EMP008,RKPI002,2026-04-01,2026-04-30,77.7,90.0,86.3,quality_system,QUALITY_2026-04,2026-04-30T23:59:00
REC00318,EMP008,RKPI003,2026-04-01,2026-04-30,83.3,85.0,83.3,ontime_delivery_system,TASKS_2026-04,2026-04-30T23:59:00
REC00319,EMP008,RKPI004,2026-04-01,2026-04-30,61.7,80.0,77.1,technical_skill_system,SKILLS_2026-04,2026-04-30T23:59:00
REC00320,EMP008,RKPI005,2026-04-01,2026-04-30,3.7,4.0,74.0,collaboration_system,FEEDBACK_2026-04,2026-04-30T23:59:00
REC00321,EMP008,RKPI006,2026-04-01,2026-04-30,90.2,75.0,100,learning_system,TRAINING_2026-04,2026-04-30T23:59:00
REC00322,EMP008,RKPI007,2026-04-01,2026-04-30,76.6,75.0,100,project_contribution_system,PROJECTS_2026-04,2026-04-30T23:59:00
REC00323,EMP008,RKPI001,2026-05-01,2026-05-31,90.0,50.0,100,task_completion_system,TASKS_2026-05,2026-05-31T23:59:00
REC00324,EMP008,RKPI002,2026-05-01,2026-05-31,88.7,90.0,98.6,quality_system,QUALITY_2026-05,2026-05-31T23:59:00
REC00325,EMP008,RKPI003,2026-05-01,2026-05-31,88.9,85.0,88.9,ontime_delivery_system,TASKS_2026-05,2026-05-31T23:59:00
REC00326,EMP008,RKPI004,2026-05-01,2026-05-31,90.0,80.0,100,technical_skill_system,SKILLS_2026-05,2026-05-31T23:59:00
REC00327,EMP008,RKPI005,2026-05-01,2026-05-31,3.5,4.0,70.0,collaboration_system,FEEDBACK_2026-05,2026-05-31T23:59:00
REC00328,EMP008,RKPI006,2026-05-01,2026-05-31,72.3,75.0,96.4,learning_system,TRAINING_2026-05,2026-05-31T23:59:00
REC00329,EMP008,RKPI007,2026-05-01,2026-05-31,82.5,75.0,100,project_contribution_system,PROJECTS_2026-05,2026-05-31T23:59:00
REC00330,EMP008,RKPI001,2026-06-01,2026-06-30,66.7,50.0,100,task_completion_system,TASKS_2026-06,2026-06-30T23:59:00
REC00331,EMP008,RKPI002,2026-06-01,2026-06-30,71.1,90.0,79.0,quality_system,QUALITY_2026-06,2026-06-30T23:59:00
REC00332,EMP008,RKPI003,2026-06-01,2026-06-30,100.0,85.0,100,ontime_delivery_system,TASKS_2026-06,2026-06-30T23:59:00
REC00333,EMP008,RKPI004,2026-06-01,2026-06-30,58.1,80.0,72.6,technical_skill_system,SKILLS_2026-06,2026-06-30T23:59:00
REC00334,EMP008,RKPI005,2026-06-01,2026-06-30,3.7,4.0,74.0,collaboration_system,FEEDBACK_2026-06,2026-06-30T23:59:00
REC00335,EMP008,RKPI006,2026-06-01,2026-06-30,81.6,75.0,100,learning_system,TRAINING_2026-06,2026-06-30T23:59:00
REC00336,EMP008,RKPI007,2026-06-01,2026-06-30,81.3,75.0,100,project_contribution_system,PROJECTS_2026-06,2026-06-30T23:59:00
REC00337,EMP009,RKPI001,2026-01-01,2026-01-31,70.0,50.0,100,task_completion_system,TASKS_2026-01,2026-01-31T23:59:00
REC00338,EMP009,RKPI002,2026-01-01,2026-01-31,89.5,90.0,99.4,quality_system,QUALITY_2026-01,2026-01-31T23:59:00
REC00339,EMP009,RKPI003,2026-01-01,2026-01-31,85.7,85.0,85.7,ontime_delivery_system,TASKS_2026-01,2026-01-31T23:59:00
REC00340,EMP009,RKPI004,2026-01-01,2026-01-31,67.5,80.0,84.4,technical_skill_system,SKILLS_2026-01,2026-01-31T23:59:00
REC00341,EMP009,RKPI005,2026-01-01,2026-01-31,3.8,4.0,76.0,collaboration_system,FEEDBACK_2026-01,2026-01-31T23:59:00
REC00342,EMP009,RKPI006,2026-01-01,2026-01-31,86.6,75.0,100,learning_system,TRAINING_2026-01,2026-01-31T23:59:00
REC00343,EMP009,RKPI007,2026-01-01,2026-01-31,83.6,75.0,100,project_contribution_system,PROJECTS_2026-01,2026-01-31T23:59:00
REC00344,EMP009,RKPI001,2026-02-01,2026-02-28,100.0,50.0,100,task_completion_system,TASKS_2026-02,2026-02-28T23:59:00
REC00345,EMP009,RKPI002,2026-02-01,2026-02-28,87.2,90.0,96.9,quality_system,QUALITY_2026-02,2026-02-28T23:59:00
REC00346,EMP009,RKPI003,2026-02-01,2026-02-28,100.0,85.0,100,ontime_delivery_system,TASKS_2026-02,2026-02-28T23:59:00
REC00347,EMP009,RKPI004,2026-02-01,2026-02-28,78.0,80.0,97.5,technical_skill_system,SKILLS_2026-02,2026-02-28T23:59:00
REC00348,EMP009,RKPI005,2026-02-01,2026-02-28,3.6,4.0,72.0,collaboration_system,FEEDBACK_2026-02,2026-02-28T23:59:00
REC00349,EMP009,RKPI006,2026-02-01,2026-02-28,72.9,75.0,97.2,learning_system,TRAINING_2026-02,2026-02-28T23:59:00
REC00350,EMP009,RKPI007,2026-02-01,2026-02-28,78.1,75.0,100,project_contribution_system,PROJECTS_2026-02,2026-02-28T23:59:00
REC00351,EMP009,RKPI001,2026-03-01,2026-03-31,77.8,50.0,100,task_completion_system,TASKS_2026-03,2026-03-31T23:59:00
REC00352,EMP009,RKPI002,2026-03-01,2026-03-31,92.6,90.0,100,quality_system,QUALITY_2026-03,2026-03-31T23:59:00
REC00353,EMP009,RKPI003,2026-03-01,2026-03-31,100.0,85.0,100,ontime_delivery_system,TASKS_2026-03,2026-03-31T23:59:00
REC00354,EMP009,RKPI004,2026-03-01,2026-03-31,73.2,80.0,91.5,technical_skill_system,SKILLS_2026-03,2026-03-31T23:59:00
REC00355,EMP009,RKPI005,2026-03-01,2026-03-31,3.8,4.0,76.0,collaboration_system,FEEDBACK_2026-03,2026-03-31T23:59:00
REC00356,EMP009,RKPI006,2026-03-01,2026-03-31,68.4,75.0,91.2,learning_system,TRAINING_2026-03,2026-03-31T23:59:00
REC00357,EMP009,RKPI007,2026-03-01,2026-03-31,79.7,75.0,100,project_contribution_system,PROJECTS_2026-03,2026-03-31T23:59:00
REC00358,EMP009,RKPI001,2026-04-01,2026-04-30,88.9,50.0,100,task_completion_system,TASKS_2026-04,2026-04-30T23:59:00
REC00359,EMP009,RKPI002,2026-04-01,2026-04-30,82.5,90.0,91.7,quality_system,QUALITY_2026-04,2026-04-30T23:59:00
REC00360,EMP009,RKPI003,2026-04-01,2026-04-30,100.0,85.0,100,ontime_delivery_system,TASKS_2026-04,2026-04-30T23:59:00
REC00361,EMP009,RKPI004,2026-04-01,2026-04-30,61.6,80.0,77.0,technical_skill_system,SKILLS_2026-04,2026-04-30T23:59:00
REC00362,EMP009,RKPI005,2026-04-01,2026-04-30,4.1,4.0,82.0,collaboration_system,FEEDBACK_2026-04,2026-04-30T23:59:00
REC00363,EMP009,RKPI006,2026-04-01,2026-04-30,71.4,75.0,95.2,learning_system,TRAINING_2026-04,2026-04-30T23:59:00
REC00364,EMP009,RKPI007,2026-04-01,2026-04-30,88.2,75.0,100,project_contribution_system,PROJECTS_2026-04,2026-04-30T23:59:00
REC00365,EMP009,RKPI001,2026-05-01,2026-05-31,81.8,50.0,100,task_completion_system,TASKS_2026-05,2026-05-31T23:59:00
REC00366,EMP009,RKPI002,2026-05-01,2026-05-31,76.7,90.0,85.2,quality_system,QUALITY_2026-05,2026-05-31T23:59:00
REC00367,EMP009,RKPI003,2026-05-01,2026-05-31,88.9,85.0,88.9,ontime_delivery_system,TASKS_2026-05,2026-05-31T23:59:00
REC00368,EMP009,RKPI004,2026-05-01,2026-05-31,83.5,80.0,100,technical_skill_system,SKILLS_2026-05,2026-05-31T23:59:00
REC00369,EMP009,RKPI005,2026-05-01,2026-05-31,4.1,4.0,82.0,collaboration_system,FEEDBACK_2026-05,2026-05-31T23:59:00
REC00370,EMP009,RKPI006,2026-05-01,2026-05-31,64.0,75.0,85.3,learning_system,TRAINING_2026-05,2026-05-31T23:59:00
REC00371,EMP009,RKPI007,2026-05-01,2026-05-31,86.2,75.0,100,project_contribution_system,PROJECTS_2026-05,2026-05-31T23:59:00
REC00372,EMP009,RKPI001,2026-06-01,2026-06-30,100.0,50.0,100,task_completion_system,TASKS_2026-06,2026-06-30T23:59:00
REC00373,EMP009,RKPI002,2026-06-01,2026-06-30,87.8,90.0,97.6,quality_system,QUALITY_2026-06,2026-06-30T23:59:00
REC00374,EMP009,RKPI003,2026-06-01,2026-06-30,100.0,85.0,100,ontime_delivery_system,TASKS_2026-06,2026-06-30T23:59:00
REC00375,EMP009,RKPI004,2026-06-01,2026-06-30,64.2,80.0,80.2,technical_skill_system,SKILLS_2026-06,2026-06-30T23:59:00
REC00376,EMP009,RKPI005,2026-06-01,2026-06-30,3.7,4.0,74.0,collaboration_system,FEEDBACK_2026-06,2026-06-30T23:59:00
REC00377,EMP009,RKPI006,2026-06-01,2026-06-30,79.1,75.0,100,learning_system,TRAINING_2026-06,2026-06-30T23:59:00
REC00378,EMP009,RKPI007,2026-06-01,2026-06-30,70.5,75.0,94.0,project_contribution_system,PROJECTS_2026-06,2026-06-30T23:59:00
REC00379,EMP010,RKPI001,2026-01-01,2026-01-31,93.3,50.0,100,task_completion_system,TASKS_2026-01,2026-01-31T23:59:00
REC00380,EMP010,RKPI002,2026-01-01,2026-01-31,76.0,90.0,84.4,quality_system,QUALITY_2026-01,2026-01-31T23:59:00
REC00381,EMP010,RKPI003,2026-01-01,2026-01-31,71.4,85.0,71.4,ontime_delivery_system,TASKS_2026-01,2026-01-31T23:59:00
REC00382,EMP010,RKPI004,2026-01-01,2026-01-31,64.2,80.0,80.2,technical_skill_system,SKILLS_2026-01,2026-01-31T23:59:00
REC00383,EMP010,RKPI005,2026-01-01,2026-01-31,4.1,4.0,82.0,collaboration_system,FEEDBACK_2026-01,2026-01-31T23:59:00
REC00384,EMP010,RKPI006,2026-01-01,2026-01-31,62.2,75.0,82.9,learning_system,TRAINING_2026-01,2026-01-31T23:59:00
REC00385,EMP010,RKPI007,2026-01-01,2026-01-31,74.2,75.0,98.9,project_contribution_system,PROJECTS_2026-01,2026-01-31T23:59:00
REC00386,EMP010,RKPI001,2026-02-01,2026-02-28,83.3,50.0,100,task_completion_system,TASKS_2026-02,2026-02-28T23:59:00
REC00387,EMP010,RKPI002,2026-02-01,2026-02-28,81.1,90.0,90.1,quality_system,QUALITY_2026-02,2026-02-28T23:59:00
REC00388,EMP010,RKPI003,2026-02-01,2026-02-28,100.0,85.0,100,ontime_delivery_system,TASKS_2026-02,2026-02-28T23:59:00
REC00389,EMP010,RKPI004,2026-02-01,2026-02-28,74.0,80.0,92.5,technical_skill_system,SKILLS_2026-02,2026-02-28T23:59:00
REC00390,EMP010,RKPI005,2026-02-01,2026-02-28,4.5,4.0,90.0,collaboration_system,FEEDBACK_2026-02,2026-02-28T23:59:00
REC00391,EMP010,RKPI006,2026-02-01,2026-02-28,81.4,75.0,100,learning_system,TRAINING_2026-02,2026-02-28T23:59:00
REC00392,EMP010,RKPI007,2026-02-01,2026-02-28,78.7,75.0,100,project_contribution_system,PROJECTS_2026-02,2026-02-28T23:59:00
REC00393,EMP010,RKPI001,2026-03-01,2026-03-31,84.6,50.0,100,task_completion_system,TASKS_2026-03,2026-03-31T23:59:00
REC00394,EMP010,RKPI002,2026-03-01,2026-03-31,89.7,90.0,99.7,quality_system,QUALITY_2026-03,2026-03-31T23:59:00
REC00395,EMP010,RKPI003,2026-03-01,2026-03-31,90.9,85.0,90.9,ontime_delivery_system,TASKS_2026-03,2026-03-31T23:59:00
REC00396,EMP010,RKPI004,2026-03-01,2026-03-31,80.0,80.0,100,technical_skill_system,SKILLS_2026-03,2026-03-31T23:59:00
REC00397,EMP010,RKPI005,2026-03-01,2026-03-31,4.0,4.0,80.0,collaboration_system,FEEDBACK_2026-03,2026-03-31T23:59:00
REC00398,EMP010,RKPI006,2026-03-01,2026-03-31,74.6,75.0,99.5,learning_system,TRAINING_2026-03,2026-03-31T23:59:00
REC00399,EMP010,RKPI007,2026-03-01,2026-03-31,80.5,75.0,100,project_contribution_system,PROJECTS_2026-03,2026-03-31T23:59:00
REC00400,EMP010,RKPI001,2026-04-01,2026-04-30,90.9,50.0,100,task_completion_system,TASKS_2026-04,2026-04-30T23:59:00
REC00401,EMP010,RKPI002,2026-04-01,2026-04-30,84.9,90.0,94.3,quality_system,QUALITY_2026-04,2026-04-30T23:59:00
REC00402,EMP010,RKPI003,2026-04-01,2026-04-30,90.0,85.0,90.0,ontime_delivery_system,TASKS_2026-04,2026-04-30T23:59:00
REC00403,EMP010,RKPI004,2026-04-01,2026-04-30,69.5,80.0,86.9,technical_skill_system,SKILLS_2026-04,2026-04-30T23:59:00
REC00404,EMP010,RKPI005,2026-04-01,2026-04-30,3.5,4.0,70.0,collaboration_system,FEEDBACK_2026-04,2026-04-30T23:59:00
REC00405,EMP010,RKPI006,2026-04-01,2026-04-30,77.2,75.0,100,learning_system,TRAINING_2026-04,2026-04-30T23:59:00
REC00406,EMP010,RKPI007,2026-04-01,2026-04-30,86.3,75.0,100,project_contribution_system,PROJECTS_2026-04,2026-04-30T23:59:00
REC00407,EMP010,RKPI001,2026-05-01,2026-05-31,87.5,50.0,100,task_completion_system,TASKS_2026-05,2026-05-31T23:59:00
REC00408,EMP010,RKPI002,2026-05-01,2026-05-31,81.1,90.0,90.1,quality_system,QUALITY_2026-05,2026-05-31T23:59:00
REC00409,EMP010,RKPI003,2026-05-01,2026-05-31,85.7,85.0,85.7,ontime_delivery_system,TASKS_2026-05,2026-05-31T23:59:00
REC00410,EMP010,RKPI004,2026-05-01,2026-05-31,86.0,80.0,100,technical_skill_system,SKILLS_2026-05,2026-05-31T23:59:00
REC00411,EMP010,RKPI005,2026-05-01,2026-05-31,4.3,4.0,86.0,collaboration_system,FEEDBACK_2026-05,2026-05-31T23:59:00
REC00412,EMP010,RKPI006,2026-05-01,2026-05-31,86.5,75.0,100,learning_system,TRAINING_2026-05,2026-05-31T23:59:00
REC00413,EMP010,RKPI007,2026-05-01,2026-05-31,86.7,75.0,100,project_contribution_system,PROJECTS_2026-05,2026-05-31T23:59:00
REC00414,EMP010,RKPI001,2026-06-01,2026-06-30,100.0,50.0,100,task_completion_system,TASKS_2026-06,2026-06-30T23:59:00
REC00415,EMP010,RKPI002,2026-06-01,2026-06-30,85.0,90.0,94.4,quality_system,QUALITY_2026-06,2026-06-30T23:59:00
REC00416,EMP010,RKPI003,2026-06-01,2026-06-30,100.0,85.0,100,ontime_delivery_system,TASKS_2026-06,2026-06-30T23:59:00
REC00417,EMP010,RKPI004,2026-06-01,2026-06-30,88.0,80.0,100,technical_skill_system,SKILLS_2026-06,2026-06-30T23:59:00
REC00418,EMP010,RKPI005,2026-06-01,2026-06-30,4.1,4.0,82.0,collaboration_system,FEEDBACK_2026-06,2026-06-30T23:59:00
REC00419,EMP010,RKPI006,2026-06-01,2026-06-30,75.6,75.0,100,learning_system,TRAINING_2026-06,2026-06-30T23:59:00
REC00420,EMP010,RKPI007,2026-06-01,2026-06-30,85.1,75.0,100,project_contribution_system,PROJECTS_2026-06,2026-06-30T23:59:00
REC00421,EMP011,RKPI001,2026-01-01,2026-01-31,60.0,50.0,100,task_completion_system,TASKS_2026-01,2026-01-31T23:59:00
REC00422,EMP011,RKPI002,2026-01-01,2026-01-31,65.4,90.0,72.7,quality_system,QUALITY_2026-01,2026-01-31T23:59:00
REC00423,EMP011,RKPI003,2026-01-01,2026-01-31,83.3,85.0,83.3,ontime_delivery_system,TASKS_2026-01,2026-01-31T23:59:00
REC00424,EMP011,RKPI004,2026-01-01,2026-01-31,66.0,80.0,82.5,technical_skill_system,SKILLS_2026-01,2026-01-31T23:59:00
REC00425,EMP011,RKPI005,2026-01-01,2026-01-31,3.3,4.0,66.0,collaboration_system,FEEDBACK_2026-01,2026-01-31T23:59:00
REC00426,EMP011,RKPI006,2026-01-01,2026-01-31,53.3,75.0,71.1,learning_system,TRAINING_2026-01,2026-01-31T23:59:00
REC00427,EMP011,RKPI007,2026-01-01,2026-01-31,68.5,75.0,91.3,project_contribution_system,PROJECTS_2026-01,2026-01-31T23:59:00
REC00428,EMP011,RKPI001,2026-02-01,2026-02-28,88.9,50.0,100,task_completion_system,TASKS_2026-02,2026-02-28T23:59:00
REC00429,EMP011,RKPI002,2026-02-01,2026-02-28,68.8,90.0,76.4,quality_system,QUALITY_2026-02,2026-02-28T23:59:00
REC00430,EMP011,RKPI003,2026-02-01,2026-02-28,87.5,85.0,87.5,ontime_delivery_system,TASKS_2026-02,2026-02-28T23:59:00
REC00431,EMP011,RKPI004,2026-02-01,2026-02-28,70.0,80.0,87.5,technical_skill_system,SKILLS_2026-02,2026-02-28T23:59:00
REC00432,EMP011,RKPI005,2026-02-01,2026-02-28,3.8,4.0,76.0,collaboration_system,FEEDBACK_2026-02,2026-02-28T23:59:00
REC00433,EMP011,RKPI006,2026-02-01,2026-02-28,63.9,75.0,85.2,learning_system,TRAINING_2026-02,2026-02-28T23:59:00
REC00434,EMP011,RKPI007,2026-02-01,2026-02-28,76.8,75.0,100,project_contribution_system,PROJECTS_2026-02,2026-02-28T23:59:00
REC00435,EMP011,RKPI001,2026-03-01,2026-03-31,100.0,50.0,100,task_completion_system,TASKS_2026-03,2026-03-31T23:59:00
REC00436,EMP011,RKPI002,2026-03-01,2026-03-31,81.4,90.0,90.4,quality_system,QUALITY_2026-03,2026-03-31T23:59:00
REC00437,EMP011,RKPI003,2026-03-01,2026-03-31,62.5,85.0,62.5,ontime_delivery_system,TASKS_2026-03,2026-03-31T23:59:00
REC00438,EMP011,RKPI004,2026-03-01,2026-03-31,56.5,80.0,70.6,technical_skill_system,SKILLS_2026-03,2026-03-31T23:59:00
REC00439,EMP011,RKPI005,2026-03-01,2026-03-31,4.0,4.0,80.0,collaboration_system,FEEDBACK_2026-03,2026-03-31T23:59:00
REC00440,EMP011,RKPI006,2026-03-01,2026-03-31,56.7,75.0,75.6,learning_system,TRAINING_2026-03,2026-03-31T23:59:00
REC00441,EMP011,RKPI007,2026-03-01,2026-03-31,78.9,75.0,100,project_contribution_system,PROJECTS_2026-03,2026-03-31T23:59:00
REC00442,EMP011,RKPI001,2026-04-01,2026-04-30,77.8,50.0,100,task_completion_system,TASKS_2026-04,2026-04-30T23:59:00
REC00443,EMP011,RKPI002,2026-04-01,2026-04-30,66.0,90.0,73.3,quality_system,QUALITY_2026-04,2026-04-30T23:59:00
REC00444,EMP011,RKPI003,2026-04-01,2026-04-30,71.4,85.0,71.4,ontime_delivery_system,TASKS_2026-04,2026-04-30T23:59:00
REC00445,EMP011,RKPI004,2026-04-01,2026-04-30,80.0,80.0,100,technical_skill_system,SKILLS_2026-04,2026-04-30T23:59:00
REC00446,EMP011,RKPI005,2026-04-01,2026-04-30,3.7,4.0,74.0,collaboration_system,FEEDBACK_2026-04,2026-04-30T23:59:00
REC00447,EMP011,RKPI006,2026-04-01,2026-04-30,56.2,75.0,74.9,learning_system,TRAINING_2026-04,2026-04-30T23:59:00
REC00448,EMP011,RKPI007,2026-04-01,2026-04-30,62.0,75.0,82.7,project_contribution_system,PROJECTS_2026-04,2026-04-30T23:59:00
REC00449,EMP011,RKPI001,2026-05-01,2026-05-31,77.8,50.0,100,task_completion_system,TASKS_2026-05,2026-05-31T23:59:00
REC00450,EMP011,RKPI002,2026-05-01,2026-05-31,66.7,90.0,74.1,quality_system,QUALITY_2026-05,2026-05-31T23:59:00
REC00451,EMP011,RKPI003,2026-05-01,2026-05-31,71.4,85.0,71.4,ontime_delivery_system,TASKS_2026-05,2026-05-31T23:59:00
REC00452,EMP011,RKPI004,2026-05-01,2026-05-31,52.5,80.0,65.6,technical_skill_system,SKILLS_2026-05,2026-05-31T23:59:00
REC00453,EMP011,RKPI005,2026-05-01,2026-05-31,3.1,4.0,62.0,collaboration_system,FEEDBACK_2026-05,2026-05-31T23:59:00
REC00454,EMP011,RKPI006,2026-05-01,2026-05-31,47.3,75.0,63.1,learning_system,TRAINING_2026-05,2026-05-31T23:59:00
REC00455,EMP011,RKPI007,2026-05-01,2026-05-31,78.1,75.0,100,project_contribution_system,PROJECTS_2026-05,2026-05-31T23:59:00
REC00456,EMP011,RKPI001,2026-06-01,2026-06-30,100.0,50.0,100,task_completion_system,TASKS_2026-06,2026-06-30T23:59:00
REC00457,EMP011,RKPI002,2026-06-01,2026-06-30,75.1,90.0,83.4,quality_system,QUALITY_2026-06,2026-06-30T23:59:00
REC00458,EMP011,RKPI003,2026-06-01,2026-06-30,83.3,85.0,83.3,ontime_delivery_system,TASKS_2026-06,2026-06-30T23:59:00
REC00459,EMP011,RKPI004,2026-06-01,2026-06-30,62.0,80.0,77.5,technical_skill_system,SKILLS_2026-06,2026-06-30T23:59:00
REC00460,EMP011,RKPI005,2026-06-01,2026-06-30,3.9,4.0,78.0,collaboration_system,FEEDBACK_2026-06,2026-06-30T23:59:00
REC00461,EMP011,RKPI006,2026-06-01,2026-06-30,62.3,75.0,83.1,learning_system,TRAINING_2026-06,2026-06-30T23:59:00
REC00462,EMP011,RKPI007,2026-06-01,2026-06-30,74.5,75.0,99.3,project_contribution_system,PROJECTS_2026-06,2026-06-30T23:59:00
REC00463,EMP012,RKPI001,2026-01-01,2026-01-31,80.0,50.0,100,task_completion_system,TASKS_2026-01,2026-01-31T23:59:00
REC00464,EMP012,RKPI002,2026-01-01,2026-01-31,83.6,90.0,92.9,quality_system,QUALITY_2026-01,2026-01-31T23:59:00
REC00465,EMP012,RKPI003,2026-01-01,2026-01-31,100.0,85.0,100,ontime_delivery_system,TASKS_2026-01,2026-01-31T23:59:00
REC00466,EMP012,RKPI004,2026-01-01,2026-01-31,76.5,80.0,95.6,technical_skill_system,SKILLS_2026-01,2026-01-31T23:59:00
REC00467,EMP012,RKPI005,2026-01-01,2026-01-31,3.8,4.0,76.0,collaboration_system,FEEDBACK_2026-01,2026-01-31T23:59:00
REC00468,EMP012,RKPI006,2026-01-01,2026-01-31,76.8,75.0,100,learning_system,TRAINING_2026-01,2026-01-31T23:59:00
REC00469,EMP012,RKPI007,2026-01-01,2026-01-31,75.6,75.0,100,project_contribution_system,PROJECTS_2026-01,2026-01-31T23:59:00
REC00470,EMP012,RKPI001,2026-02-01,2026-02-28,75.0,50.0,100,task_completion_system,TASKS_2026-02,2026-02-28T23:59:00
REC00471,EMP012,RKPI002,2026-02-01,2026-02-28,82.2,90.0,91.3,quality_system,QUALITY_2026-02,2026-02-28T23:59:00
REC00472,EMP012,RKPI003,2026-02-01,2026-02-28,100.0,85.0,100,ontime_delivery_system,TASKS_2026-02,2026-02-28T23:59:00
REC00473,EMP012,RKPI004,2026-02-01,2026-02-28,88.0,80.0,100,technical_skill_system,SKILLS_2026-02,2026-02-28T23:59:00
REC00474,EMP012,RKPI005,2026-02-01,2026-02-28,3.7,4.0,74.0,collaboration_system,FEEDBACK_2026-02,2026-02-28T23:59:00
REC00475,EMP012,RKPI006,2026-02-01,2026-02-28,78.1,75.0,100,learning_system,TRAINING_2026-02,2026-02-28T23:59:00
REC00476,EMP012,RKPI007,2026-02-01,2026-02-28,70.3,75.0,93.7,project_contribution_system,PROJECTS_2026-02,2026-02-28T23:59:00
REC00477,EMP012,RKPI001,2026-03-01,2026-03-31,100.0,50.0,100,task_completion_system,TASKS_2026-03,2026-03-31T23:59:00
REC00478,EMP012,RKPI002,2026-03-01,2026-03-31,88.2,90.0,98.0,quality_system,QUALITY_2026-03,2026-03-31T23:59:00
REC00479,EMP012,RKPI003,2026-03-01,2026-03-31,85.7,85.0,85.7,ontime_delivery_system,TASKS_2026-03,2026-03-31T23:59:00
REC00480,EMP012,RKPI004,2026-03-01,2026-03-31,78.0,80.0,97.5,technical_skill_system,SKILLS_2026-03,2026-03-31T23:59:00
REC00481,EMP012,RKPI005,2026-03-01,2026-03-31,4.2,4.0,84.0,collaboration_system,FEEDBACK_2026-03,2026-03-31T23:59:00
REC00482,EMP012,RKPI006,2026-03-01,2026-03-31,67.7,75.0,90.3,learning_system,TRAINING_2026-03,2026-03-31T23:59:00
REC00483,EMP012,RKPI007,2026-03-01,2026-03-31,91.8,75.0,100,project_contribution_system,PROJECTS_2026-03,2026-03-31T23:59:00
REC00484,EMP012,RKPI001,2026-04-01,2026-04-30,71.4,50.0,100,task_completion_system,TASKS_2026-04,2026-04-30T23:59:00
REC00485,EMP012,RKPI002,2026-04-01,2026-04-30,78.1,90.0,86.8,quality_system,QUALITY_2026-04,2026-04-30T23:59:00
REC00486,EMP012,RKPI003,2026-04-01,2026-04-30,90.0,85.0,90.0,ontime_delivery_system,TASKS_2026-04,2026-04-30T23:59:00
REC00487,EMP012,RKPI004,2026-04-01,2026-04-30,64.9,80.0,81.1,technical_skill_system,SKILLS_2026-04,2026-04-30T23:59:00
REC00488,EMP012,RKPI005,2026-04-01,2026-04-30,4.0,4.0,80.0,collaboration_system,FEEDBACK_2026-04,2026-04-30T23:59:00
REC00489,EMP012,RKPI006,2026-04-01,2026-04-30,64.8,75.0,86.4,learning_system,TRAINING_2026-04,2026-04-30T23:59:00
REC00490,EMP012,RKPI007,2026-04-01,2026-04-30,87.8,75.0,100,project_contribution_system,PROJECTS_2026-04,2026-04-30T23:59:00
REC00491,EMP012,RKPI001,2026-05-01,2026-05-31,100.0,50.0,100,task_completion_system,TASKS_2026-05,2026-05-31T23:59:00
REC00492,EMP012,RKPI002,2026-05-01,2026-05-31,69.5,90.0,77.2,quality_system,QUALITY_2026-05,2026-05-31T23:59:00
REC00493,EMP012,RKPI003,2026-05-01,2026-05-31,100.0,85.0,100,ontime_delivery_system,TASKS_2026-05,2026-05-31T23:59:00
REC00494,EMP012,RKPI004,2026-05-01,2026-05-31,76.0,80.0,95.0,technical_skill_system,SKILLS_2026-05,2026-05-31T23:59:00
REC00495,EMP012,RKPI005,2026-05-01,2026-05-31,3.7,4.0,74.0,collaboration_system,FEEDBACK_2026-05,2026-05-31T23:59:00
REC00496,EMP012,RKPI006,2026-05-01,2026-05-31,85.2,75.0,100,learning_system,TRAINING_2026-05,2026-05-31T23:59:00
REC00497,EMP012,RKPI007,2026-05-01,2026-05-31,74.9,75.0,99.9,project_contribution_system,PROJECTS_2026-05,2026-05-31T23:59:00
REC00498,EMP012,RKPI001,2026-06-01,2026-06-30,50.0,50.0,100,task_completion_system,TASKS_2026-06,2026-06-30T23:59:00
REC00499,EMP012,RKPI002,2026-06-01,2026-06-30,83.2,90.0,92.4,quality_system,QUALITY_2026-06,2026-06-30T23:59:00
REC00500,EMP012,RKPI003,2026-06-01,2026-06-30,100.0,85.0,100,ontime_delivery_system,TASKS_2026-06,2026-06-30T23:59:00
REC00501,EMP012,RKPI004,2026-06-01,2026-06-30,70.5,80.0,88.1,technical_skill_system,SKILLS_2026-06,2026-06-30T23:59:00
REC00502,EMP012,RKPI005,2026-06-01,2026-06-30,3.8,4.0,76.0,collaboration_system,FEEDBACK_2026-06,2026-06-30T23:59:00
REC00503,EMP012,RKPI006,2026-06-01,2026-06-30,71.7,75.0,95.6,learning_system,TRAINING_2026-06,2026-06-30T23:59:00
REC00504,EMP012,RKPI007,2026-06-01,2026-06-30,72.3,75.0,96.4,project_contribution_system,PROJECTS_2026-06,2026-06-30T23:59:00
REC00505,EMP013,RKPI001,2026-01-01,2026-01-31,63.6,50.0,100,task_completion_system,TASKS_2026-01,2026-01-31T23:59:00
REC00506,EMP013,RKPI002,2026-01-01,2026-01-31,78.6,90.0,87.3,quality_system,QUALITY_2026-01,2026-01-31T23:59:00
REC00507,EMP013,RKPI003,2026-01-01,2026-01-31,71.4,85.0,71.4,ontime_delivery_system,TASKS_2026-01,2026-01-31T23:59:00
REC00508,EMP013,RKPI004,2026-01-01,2026-01-31,86.0,80.0,100,technical_skill_system,SKILLS_2026-01,2026-01-31T23:59:00
REC00509,EMP013,RKPI005,2026-01-01,2026-01-31,4.5,4.0,90.0,collaboration_system,FEEDBACK_2026-01,2026-01-31T23:59:00
REC00510,EMP013,RKPI006,2026-01-01,2026-01-31,88.7,75.0,100,learning_system,TRAINING_2026-01,2026-01-31T23:59:00
REC00511,EMP013,RKPI007,2026-01-01,2026-01-31,96.3,75.0,100,project_contribution_system,PROJECTS_2026-01,2026-01-31T23:59:00
REC00512,EMP013,RKPI001,2026-02-01,2026-02-28,85.7,50.0,100,task_completion_system,TASKS_2026-02,2026-02-28T23:59:00
REC00513,EMP013,RKPI002,2026-02-01,2026-02-28,75.3,90.0,83.7,quality_system,QUALITY_2026-02,2026-02-28T23:59:00
REC00514,EMP013,RKPI003,2026-02-01,2026-02-28,91.7,85.0,91.7,ontime_delivery_system,TASKS_2026-02,2026-02-28T23:59:00
REC00515,EMP013,RKPI004,2026-02-01,2026-02-28,83.0,80.0,100,technical_skill_system,SKILLS_2026-02,2026-02-28T23:59:00
REC00516,EMP013,RKPI005,2026-02-01,2026-02-28,4.0,4.0,80.0,collaboration_system,FEEDBACK_2026-02,2026-02-28T23:59:00
REC00517,EMP013,RKPI006,2026-02-01,2026-02-28,79.1,75.0,100,learning_system,TRAINING_2026-02,2026-02-28T23:59:00
REC00518,EMP013,RKPI007,2026-02-01,2026-02-28,85.6,75.0,100,project_contribution_system,PROJECTS_2026-02,2026-02-28T23:59:00
REC00519,EMP013,RKPI001,2026-03-01,2026-03-31,100.0,50.0,100,task_completion_system,TASKS_2026-03,2026-03-31T23:59:00
REC00520,EMP013,RKPI002,2026-03-01,2026-03-31,80.5,90.0,89.4,quality_system,QUALITY_2026-03,2026-03-31T23:59:00
REC00521,EMP013,RKPI003,2026-03-01,2026-03-31,66.7,85.0,66.7,ontime_delivery_system,TASKS_2026-03,2026-03-31T23:59:00
REC00522,EMP013,RKPI004,2026-03-01,2026-03-31,60.7,80.0,75.9,technical_skill_system,SKILLS_2026-03,2026-03-31T23:59:00
REC00523,EMP013,RKPI005,2026-03-01,2026-03-31,4.0,4.0,80.0,collaboration_system,FEEDBACK_2026-03,2026-03-31T23:59:00
REC00524,EMP013,RKPI006,2026-03-01,2026-03-31,84.8,75.0,100,learning_system,TRAINING_2026-03,2026-03-31T23:59:00
REC00525,EMP013,RKPI007,2026-03-01,2026-03-31,95.3,75.0,100,project_contribution_system,PROJECTS_2026-03,2026-03-31T23:59:00
REC00526,EMP013,RKPI001,2026-04-01,2026-04-30,87.5,50.0,100,task_completion_system,TASKS_2026-04,2026-04-30T23:59:00
REC00527,EMP013,RKPI002,2026-04-01,2026-04-30,77.4,90.0,86.0,quality_system,QUALITY_2026-04,2026-04-30T23:59:00
REC00528,EMP013,RKPI003,2026-04-01,2026-04-30,85.7,85.0,85.7,ontime_delivery_system,TASKS_2026-04,2026-04-30T23:59:00
REC00529,EMP013,RKPI004,2026-04-01,2026-04-30,76.3,80.0,95.4,technical_skill_system,SKILLS_2026-04,2026-04-30T23:59:00
REC00530,EMP013,RKPI005,2026-04-01,2026-04-30,4.3,4.0,86.0,collaboration_system,FEEDBACK_2026-04,2026-04-30T23:59:00
REC00531,EMP013,RKPI006,2026-04-01,2026-04-30,61.0,75.0,81.3,learning_system,TRAINING_2026-04,2026-04-30T23:59:00
REC00532,EMP013,RKPI007,2026-04-01,2026-04-30,80.1,75.0,100,project_contribution_system,PROJECTS_2026-04,2026-04-30T23:59:00
REC00533,EMP013,RKPI001,2026-05-01,2026-05-31,100.0,50.0,100,task_completion_system,TASKS_2026-05,2026-05-31T23:59:00
REC00534,EMP013,RKPI002,2026-05-01,2026-05-31,82.4,90.0,91.6,quality_system,QUALITY_2026-05,2026-05-31T23:59:00
REC00535,EMP013,RKPI003,2026-05-01,2026-05-31,66.7,85.0,66.7,ontime_delivery_system,TASKS_2026-05,2026-05-31T23:59:00
REC00536,EMP013,RKPI004,2026-05-01,2026-05-31,81.3,80.0,100,technical_skill_system,SKILLS_2026-05,2026-05-31T23:59:00
REC00537,EMP013,RKPI005,2026-05-01,2026-05-31,4.1,4.0,82.0,collaboration_system,FEEDBACK_2026-05,2026-05-31T23:59:00
REC00538,EMP013,RKPI006,2026-05-01,2026-05-31,76.0,75.0,100,learning_system,TRAINING_2026-05,2026-05-31T23:59:00
REC00539,EMP013,RKPI007,2026-05-01,2026-05-31,88.2,75.0,100,project_contribution_system,PROJECTS_2026-05,2026-05-31T23:59:00
REC00540,EMP013,RKPI001,2026-06-01,2026-06-30,100.0,50.0,100,task_completion_system,TASKS_2026-06,2026-06-30T23:59:00
REC00541,EMP013,RKPI002,2026-06-01,2026-06-30,78.4,90.0,87.1,quality_system,QUALITY_2026-06,2026-06-30T23:59:00
REC00542,EMP013,RKPI003,2026-06-01,2026-06-30,83.3,85.0,83.3,ontime_delivery_system,TASKS_2026-06,2026-06-30T23:59:00
REC00543,EMP013,RKPI004,2026-06-01,2026-06-30,84.0,80.0,100,technical_skill_system,SKILLS_2026-06,2026-06-30T23:59:00
REC00544,EMP013,RKPI005,2026-06-01,2026-06-30,3.7,4.0,74.0,collaboration_system,FEEDBACK_2026-06,2026-06-30T23:59:00
REC00545,EMP013,RKPI006,2026-06-01,2026-06-30,78.2,75.0,100,learning_system,TRAINING_2026-06,2026-06-30T23:59:00
REC00546,EMP013,RKPI007,2026-06-01,2026-06-30,87.4,75.0,100,project_contribution_system,PROJECTS_2026-06,2026-06-30T23:59:00
REC00547,EMP014,RKPI001,2026-01-01,2026-01-31,28.6,50.0,57.2,task_completion_system,TASKS_2026-01,2026-01-31T23:59:00
REC00548,EMP014,RKPI002,2026-01-01,2026-01-31,53.0,90.0,58.9,quality_system,QUALITY_2026-01,2026-01-31T23:59:00
REC00549,EMP014,RKPI003,2026-01-01,2026-01-31,0.0,85.0,0,ontime_delivery_system,TASKS_2026-01,2026-01-31T23:59:00
REC00550,EMP014,RKPI004,2026-01-01,2026-01-31,23.0,80.0,28.7,technical_skill_system,SKILLS_2026-01,2026-01-31T23:59:00
REC00551,EMP014,RKPI005,2026-01-01,2026-01-31,2.1,4.0,42.0,collaboration_system,FEEDBACK_2026-01,2026-01-31T23:59:00
REC00552,EMP014,RKPI006,2026-01-01,2026-01-31,30.6,75.0,40.8,learning_system,TRAINING_2026-01,2026-01-31T23:59:00
REC00553,EMP014,RKPI007,2026-01-01,2026-01-31,28.5,75.0,38.0,project_contribution_system,PROJECTS_2026-01,2026-01-31T23:59:00
REC00554,EMP014,RKPI001,2026-02-01,2026-02-28,62.5,50.0,100,task_completion_system,TASKS_2026-02,2026-02-28T23:59:00
REC00555,EMP014,RKPI002,2026-02-01,2026-02-28,43.2,90.0,48.0,quality_system,QUALITY_2026-02,2026-02-28T23:59:00
REC00556,EMP014,RKPI003,2026-02-01,2026-02-28,0.0,85.0,0,ontime_delivery_system,TASKS_2026-02,2026-02-28T23:59:00
REC00557,EMP014,RKPI004,2026-02-01,2026-02-28,58.0,80.0,72.5,technical_skill_system,SKILLS_2026-02,2026-02-28T23:59:00
REC00558,EMP014,RKPI005,2026-02-01,2026-02-28,2.3,4.0,46.0,collaboration_system,FEEDBACK_2026-02,2026-02-28T23:59:00
REC00559,EMP014,RKPI006,2026-02-01,2026-02-28,21.6,75.0,28.8,learning_system,TRAINING_2026-02,2026-02-28T23:59:00
REC00560,EMP014,RKPI007,2026-02-01,2026-02-28,21.3,75.0,28.4,project_contribution_system,PROJECTS_2026-02,2026-02-28T23:59:00
REC00561,EMP014,RKPI001,2026-03-01,2026-03-31,36.4,50.0,72.8,task_completion_system,TASKS_2026-03,2026-03-31T23:59:00
REC00562,EMP014,RKPI002,2026-03-01,2026-03-31,59.5,90.0,66.1,quality_system,QUALITY_2026-03,2026-03-31T23:59:00
REC00563,EMP014,RKPI003,2026-03-01,2026-03-31,50.0,85.0,50.0,ontime_delivery_system,TASKS_2026-03,2026-03-31T23:59:00
REC00564,EMP014,RKPI004,2026-03-01,2026-03-31,33.4,80.0,41.8,technical_skill_system,SKILLS_2026-03,2026-03-31T23:59:00
REC00565,EMP014,RKPI005,2026-03-01,2026-03-31,2.6,4.0,52.0,collaboration_system,FEEDBACK_2026-03,2026-03-31T23:59:00
REC00566,EMP014,RKPI006,2026-03-01,2026-03-31,40.9,75.0,54.5,learning_system,TRAINING_2026-03,2026-03-31T23:59:00
REC00567,EMP014,RKPI007,2026-03-01,2026-03-31,36.3,75.0,48.4,project_contribution_system,PROJECTS_2026-03,2026-03-31T23:59:00
REC00568,EMP014,RKPI001,2026-04-01,2026-04-30,33.3,50.0,66.6,task_completion_system,TASKS_2026-04,2026-04-30T23:59:00
REC00569,EMP014,RKPI002,2026-04-01,2026-04-30,54.0,90.0,60.0,quality_system,QUALITY_2026-04,2026-04-30T23:59:00
REC00570,EMP014,RKPI003,2026-04-01,2026-04-30,25.0,85.0,25.0,ontime_delivery_system,TASKS_2026-04,2026-04-30T23:59:00
REC00571,EMP014,RKPI004,2026-04-01,2026-04-30,27.7,80.0,34.6,technical_skill_system,SKILLS_2026-04,2026-04-30T23:59:00
REC00572,EMP014,RKPI005,2026-04-01,2026-04-30,2.2,4.0,44.0,collaboration_system,FEEDBACK_2026-04,2026-04-30T23:59:00
REC00573,EMP014,RKPI006,2026-04-01,2026-04-30,28.3,75.0,37.7,learning_system,TRAINING_2026-04,2026-04-30T23:59:00
REC00574,EMP014,RKPI007,2026-04-01,2026-04-30,47.7,75.0,63.6,project_contribution_system,PROJECTS_2026-04,2026-04-30T23:59:00
REC00575,EMP014,RKPI001,2026-05-01,2026-05-31,25.0,50.0,50.0,task_completion_system,TASKS_2026-05,2026-05-31T23:59:00
REC00576,EMP014,RKPI002,2026-05-01,2026-05-31,51.7,90.0,57.4,quality_system,QUALITY_2026-05,2026-05-31T23:59:00
REC00577,EMP014,RKPI003,2026-05-01,2026-05-31,0.0,85.0,0,ontime_delivery_system,TASKS_2026-05,2026-05-31T23:59:00
REC00578,EMP014,RKPI004,2026-05-01,2026-05-31,33.3,80.0,41.6,technical_skill_system,SKILLS_2026-05,2026-05-31T23:59:00
REC00579,EMP014,RKPI005,2026-05-01,2026-05-31,2.5,4.0,50.0,collaboration_system,FEEDBACK_2026-05,2026-05-31T23:59:00
REC00580,EMP014,RKPI006,2026-05-01,2026-05-31,32.7,75.0,43.6,learning_system,TRAINING_2026-05,2026-05-31T23:59:00
REC00581,EMP014,RKPI007,2026-05-01,2026-05-31,25.3,75.0,33.7,project_contribution_system,PROJECTS_2026-05,2026-05-31T23:59:00
REC00582,EMP014,RKPI001,2026-06-01,2026-06-30,75.0,50.0,100,task_completion_system,TASKS_2026-06,2026-06-30T23:59:00
REC00583,EMP014,RKPI002,2026-06-01,2026-06-30,52.1,90.0,57.9,quality_system,QUALITY_2026-06,2026-06-30T23:59:00
REC00584,EMP014,RKPI003,2026-06-01,2026-06-30,33.3,85.0,33.3,ontime_delivery_system,TASKS_2026-06,2026-06-30T23:59:00
REC00585,EMP014,RKPI004,2026-06-01,2026-06-30,53.0,80.0,66.2,technical_skill_system,SKILLS_2026-06,2026-06-30T23:59:00
REC00586,EMP014,RKPI005,2026-06-01,2026-06-30,2.5,4.0,50.0,collaboration_system,FEEDBACK_2026-06,2026-06-30T23:59:00
REC00587,EMP014,RKPI006,2026-06-01,2026-06-30,32.4,75.0,43.2,learning_system,TRAINING_2026-06,2026-06-30T23:59:00
REC00588,EMP014,RKPI007,2026-06-01,2026-06-30,33.4,75.0,44.5,project_contribution_system,PROJECTS_2026-06,2026-06-30T23:59:00
REC00589,EMP015,RKPI001,2026-01-01,2026-01-31,83.3,50.0,100,task_completion_system,TASKS_2026-01,2026-01-31T23:59:00
REC00590,EMP015,RKPI002,2026-01-01,2026-01-31,89.3,90.0,99.2,quality_system,QUALITY_2026-01,2026-01-31T23:59:00
REC00591,EMP015,RKPI003,2026-01-01,2026-01-31,100.0,85.0,100,ontime_delivery_system,TASKS_2026-01,2026-01-31T23:59:00
REC00592,EMP015,RKPI004,2026-01-01,2026-01-31,85.7,80.0,100,technical_skill_system,SKILLS_2026-01,2026-01-31T23:59:00
REC00593,EMP015,RKPI005,2026-01-01,2026-01-31,4.5,4.0,90.0,collaboration_system,FEEDBACK_2026-01,2026-01-31T23:59:00
REC00594,EMP015,RKPI006,2026-01-01,2026-01-31,87.5,75.0,100,learning_system,TRAINING_2026-01,2026-01-31T23:59:00
REC00595,EMP015,RKPI007,2026-01-01,2026-01-31,89.8,75.0,100,project_contribution_system,PROJECTS_2026-01,2026-01-31T23:59:00
REC00596,EMP015,RKPI001,2026-02-01,2026-02-28,83.3,50.0,100,task_completion_system,TASKS_2026-02,2026-02-28T23:59:00
REC00597,EMP015,RKPI002,2026-02-01,2026-02-28,91.8,90.0,100,quality_system,QUALITY_2026-02,2026-02-28T23:59:00
REC00598,EMP015,RKPI003,2026-02-01,2026-02-28,100.0,85.0,100,ontime_delivery_system,TASKS_2026-02,2026-02-28T23:59:00
REC00599,EMP015,RKPI004,2026-02-01,2026-02-28,80.0,80.0,100,technical_skill_system,SKILLS_2026-02,2026-02-28T23:59:00
REC00600,EMP015,RKPI005,2026-02-01,2026-02-28,4.2,4.0,84.0,collaboration_system,FEEDBACK_2026-02,2026-02-28T23:59:00
REC00601,EMP015,RKPI006,2026-02-01,2026-02-28,98.0,75.0,100,learning_system,TRAINING_2026-02,2026-02-28T23:59:00
REC00602,EMP015,RKPI007,2026-02-01,2026-02-28,93.8,75.0,100,project_contribution_system,PROJECTS_2026-02,2026-02-28T23:59:00
REC00603,EMP015,RKPI001,2026-03-01,2026-03-31,100.0,50.0,100,task_completion_system,TASKS_2026-03,2026-03-31T23:59:00
REC00604,EMP015,RKPI002,2026-03-01,2026-03-31,88.7,90.0,98.6,quality_system,QUALITY_2026-03,2026-03-31T23:59:00
REC00605,EMP015,RKPI003,2026-03-01,2026-03-31,91.7,85.0,91.7,ontime_delivery_system,TASKS_2026-03,2026-03-31T23:59:00
REC00606,EMP015,RKPI004,2026-03-01,2026-03-31,96.0,80.0,100,technical_skill_system,SKILLS_2026-03,2026-03-31T23:59:00
REC00607,EMP015,RKPI005,2026-03-01,2026-03-31,5.0,4.0,100.0,collaboration_system,FEEDBACK_2026-03,2026-03-31T23:59:00
REC00608,EMP015,RKPI006,2026-03-01,2026-03-31,94.6,75.0,100,learning_system,TRAINING_2026-03,2026-03-31T23:59:00
REC00609,EMP015,RKPI007,2026-03-01,2026-03-31,92.2,75.0,100,project_contribution_system,PROJECTS_2026-03,2026-03-31T23:59:00
REC00610,EMP015,RKPI001,2026-04-01,2026-04-30,85.7,50.0,100,task_completion_system,TASKS_2026-04,2026-04-30T23:59:00
REC00611,EMP015,RKPI002,2026-04-01,2026-04-30,86.8,90.0,96.4,quality_system,QUALITY_2026-04,2026-04-30T23:59:00
REC00612,EMP015,RKPI003,2026-04-01,2026-04-30,100.0,85.0,100,ontime_delivery_system,TASKS_2026-04,2026-04-30T23:59:00
REC00613,EMP015,RKPI004,2026-04-01,2026-04-30,78.1,80.0,97.6,technical_skill_system,SKILLS_2026-04,2026-04-30T23:59:00
REC00614,EMP015,RKPI005,2026-04-01,2026-04-30,4.6,4.0,92.0,collaboration_system,FEEDBACK_2026-04,2026-04-30T23:59:00
REC00615,EMP015,RKPI006,2026-04-01,2026-04-30,85.2,75.0,100,learning_system,TRAINING_2026-04,2026-04-30T23:59:00
REC00616,EMP015,RKPI007,2026-04-01,2026-04-30,90.4,75.0,100,project_contribution_system,PROJECTS_2026-04,2026-04-30T23:59:00
REC00617,EMP015,RKPI001,2026-05-01,2026-05-31,75.0,50.0,100,task_completion_system,TASKS_2026-05,2026-05-31T23:59:00
REC00618,EMP015,RKPI002,2026-05-01,2026-05-31,90.4,90.0,100,quality_system,QUALITY_2026-05,2026-05-31T23:59:00
REC00619,EMP015,RKPI003,2026-05-01,2026-05-31,100.0,85.0,100,ontime_delivery_system,TASKS_2026-05,2026-05-31T23:59:00
REC00620,EMP015,RKPI004,2026-05-01,2026-05-31,90.0,80.0,100,technical_skill_system,SKILLS_2026-05,2026-05-31T23:59:00
REC00621,EMP015,RKPI005,2026-05-01,2026-05-31,4.3,4.0,86.0,collaboration_system,FEEDBACK_2026-05,2026-05-31T23:59:00
REC00622,EMP015,RKPI006,2026-05-01,2026-05-31,87.4,75.0,100,learning_system,TRAINING_2026-05,2026-05-31T23:59:00
REC00623,EMP015,RKPI007,2026-05-01,2026-05-31,90.1,75.0,100,project_contribution_system,PROJECTS_2026-05,2026-05-31T23:59:00
REC00624,EMP015,RKPI001,2026-06-01,2026-06-30,100.0,50.0,100,task_completion_system,TASKS_2026-06,2026-06-30T23:59:00
REC00625,EMP015,RKPI002,2026-06-01,2026-06-30,91.8,90.0,100,quality_system,QUALITY_2026-06,2026-06-30T23:59:00
REC00626,EMP015,RKPI003,2026-06-01,2026-06-30,100.0,85.0,100,ontime_delivery_system,TASKS_2026-06,2026-06-30T23:59:00
REC00627,EMP015,RKPI004,2026-06-01,2026-06-30,84.0,80.0,100,technical_skill_system,SKILLS_2026-06,2026-06-30T23:59:00
REC00628,EMP015,RKPI005,2026-06-01,2026-06-30,4.4,4.0,88.0,collaboration_system,FEEDBACK_2026-06,2026-06-30T23:59:00
REC00629,EMP015,RKPI006,2026-06-01,2026-06-30,100,75.0,100,learning_system,TRAINING_2026-06,2026-06-30T23:59:00
REC00630,EMP015,RKPI007,2026-06-01,2026-06-30,81.8,75.0,100,project_contribution_system,PROJECTS_2026-06,2026-06-30T23:59:00
REC00631,EMP016,RKPI008,2026-01-01,2026-01-31,100.0,45.0,100,task_completion_system,TASKS_2026-01,2026-01-31T23:59:00
REC00632,EMP016,RKPI009,2026-01-01,2026-01-31,91.2,88.0,100,quality_system,QUALITY_2026-01,2026-01-31T23:59:00
REC00633,EMP016,RKPI010,2026-01-01,2026-01-31,86.7,85.0,86.7,ontime_delivery_system,TASKS_2026-01,2026-01-31T23:59:00
REC00634,EMP016,RKPI011,2026-01-01,2026-01-31,61.0,78.0,78.2,technical_skill_system,SKILLS_2026-01,2026-01-31T23:59:00
REC00635,EMP016,RKPI012,2026-01-01,2026-01-31,4.5,4.0,90.0,collaboration_system,FEEDBACK_2026-01,2026-01-31T23:59:00
REC00636,EMP016,RKPI013,2026-01-01,2026-01-31,72.2,75.0,96.3,learning_system,TRAINING_2026-01,2026-01-31T23:59:00
REC00637,EMP016,RKPI014,2026-01-01,2026-01-31,72.7,75.0,96.9,project_contribution_system,PROJECTS_2026-01,2026-01-31T23:59:00
REC00638,EMP016,RKPI008,2026-02-01,2026-02-28,88.9,45.0,100,task_completion_system,TASKS_2026-02,2026-02-28T23:59:00
REC00639,EMP016,RKPI009,2026-02-01,2026-02-28,89.1,88.0,100,quality_system,QUALITY_2026-02,2026-02-28T23:59:00
REC00640,EMP016,RKPI010,2026-02-01,2026-02-28,100.0,85.0,100,ontime_delivery_system,TASKS_2026-02,2026-02-28T23:59:00
REC00641,EMP016,RKPI011,2026-02-01,2026-02-28,79.0,78.0,100,technical_skill_system,SKILLS_2026-02,2026-02-28T23:59:00
REC00642,EMP016,RKPI012,2026-02-01,2026-02-28,4.0,4.0,80.0,collaboration_system,FEEDBACK_2026-02,2026-02-28T23:59:00
REC00643,EMP016,RKPI013,2026-02-01,2026-02-28,67.1,75.0,89.5,learning_system,TRAINING_2026-02,2026-02-28T23:59:00
REC00644,EMP016,RKPI014,2026-02-01,2026-02-28,80.8,75.0,100,project_contribution_system,PROJECTS_2026-02,2026-02-28T23:59:00
REC00645,EMP016,RKPI008,2026-03-01,2026-03-31,100.0,45.0,100,task_completion_system,TASKS_2026-03,2026-03-31T23:59:00
REC00646,EMP016,RKPI009,2026-03-01,2026-03-31,82.4,88.0,93.6,quality_system,QUALITY_2026-03,2026-03-31T23:59:00
REC00647,EMP016,RKPI010,2026-03-01,2026-03-31,100.0,85.0,100,ontime_delivery_system,TASKS_2026-03,2026-03-31T23:59:00
REC00648,EMP016,RKPI011,2026-03-01,2026-03-31,88.0,78.0,100,technical_skill_system,SKILLS_2026-03,2026-03-31T23:59:00
REC00649,EMP016,RKPI012,2026-03-01,2026-03-31,3.6,4.0,72.0,collaboration_system,FEEDBACK_2026-03,2026-03-31T23:59:00
REC00650,EMP016,RKPI013,2026-03-01,2026-03-31,74.3,75.0,99.1,learning_system,TRAINING_2026-03,2026-03-31T23:59:00
REC00651,EMP016,RKPI014,2026-03-01,2026-03-31,77.0,75.0,100,project_contribution_system,PROJECTS_2026-03,2026-03-31T23:59:00
REC00652,EMP016,RKPI008,2026-04-01,2026-04-30,87.5,45.0,100,task_completion_system,TASKS_2026-04,2026-04-30T23:59:00
REC00653,EMP016,RKPI009,2026-04-01,2026-04-30,80.0,88.0,90.9,quality_system,QUALITY_2026-04,2026-04-30T23:59:00
REC00654,EMP016,RKPI010,2026-04-01,2026-04-30,100.0,85.0,100,ontime_delivery_system,TASKS_2026-04,2026-04-30T23:59:00
REC00655,EMP016,RKPI011,2026-04-01,2026-04-30,74.0,78.0,94.9,technical_skill_system,SKILLS_2026-04,2026-04-30T23:59:00
REC00656,EMP016,RKPI012,2026-04-01,2026-04-30,4.1,4.0,82.0,collaboration_system,FEEDBACK_2026-04,2026-04-30T23:59:00
REC00657,EMP016,RKPI013,2026-04-01,2026-04-30,60.3,75.0,80.4,learning_system,TRAINING_2026-04,2026-04-30T23:59:00
REC00658,EMP016,RKPI014,2026-04-01,2026-04-30,70.8,75.0,94.4,project_contribution_system,PROJECTS_2026-04,2026-04-30T23:59:00
REC00659,EMP016,RKPI008,2026-05-01,2026-05-31,100.0,45.0,100,task_completion_system,TASKS_2026-05,2026-05-31T23:59:00
REC00660,EMP016,RKPI009,2026-05-01,2026-05-31,83.5,88.0,94.9,quality_system,QUALITY_2026-05,2026-05-31T23:59:00
REC00661,EMP016,RKPI010,2026-05-01,2026-05-31,83.3,85.0,83.3,ontime_delivery_system,TASKS_2026-05,2026-05-31T23:59:00
REC00662,EMP016,RKPI011,2026-05-01,2026-05-31,74.0,78.0,94.9,technical_skill_system,SKILLS_2026-05,2026-05-31T23:59:00
REC00663,EMP016,RKPI012,2026-05-01,2026-05-31,4.0,4.0,80.0,collaboration_system,FEEDBACK_2026-05,2026-05-31T23:59:00
REC00664,EMP016,RKPI013,2026-05-01,2026-05-31,78.6,75.0,100,learning_system,TRAINING_2026-05,2026-05-31T23:59:00
REC00665,EMP016,RKPI014,2026-05-01,2026-05-31,80.5,75.0,100,project_contribution_system,PROJECTS_2026-05,2026-05-31T23:59:00
REC00666,EMP016,RKPI008,2026-06-01,2026-06-30,100.0,45.0,100,task_completion_system,TASKS_2026-06,2026-06-30T23:59:00
REC00667,EMP016,RKPI009,2026-06-01,2026-06-30,70.5,88.0,80.1,quality_system,QUALITY_2026-06,2026-06-30T23:59:00
REC00668,EMP016,RKPI010,2026-06-01,2026-06-30,66.7,85.0,66.7,ontime_delivery_system,TASKS_2026-06,2026-06-30T23:59:00
REC00669,EMP016,RKPI011,2026-06-01,2026-06-30,78.0,78.0,100,technical_skill_system,SKILLS_2026-06,2026-06-30T23:59:00
REC00670,EMP016,RKPI012,2026-06-01,2026-06-30,3.7,4.0,74.0,collaboration_system,FEEDBACK_2026-06,2026-06-30T23:59:00
REC00671,EMP016,RKPI013,2026-06-01,2026-06-30,85.2,75.0,100,learning_system,TRAINING_2026-06,2026-06-30T23:59:00
REC00672,EMP016,RKPI014,2026-06-01,2026-06-30,71.7,75.0,95.6,project_contribution_system,PROJECTS_2026-06,2026-06-30T23:59:00
REC00673,EMP017,RKPI008,2026-01-01,2026-01-31,85.7,45.0,100,task_completion_system,TASKS_2026-01,2026-01-31T23:59:00
REC00674,EMP017,RKPI009,2026-01-01,2026-01-31,88.1,88.0,100,quality_system,QUALITY_2026-01,2026-01-31T23:59:00
REC00675,EMP017,RKPI010,2026-01-01,2026-01-31,66.7,85.0,66.7,ontime_delivery_system,TASKS_2026-01,2026-01-31T23:59:00
REC00676,EMP017,RKPI011,2026-01-01,2026-01-31,72.0,78.0,92.3,technical_skill_system,SKILLS_2026-01,2026-01-31T23:59:00
REC00677,EMP017,RKPI012,2026-01-01,2026-01-31,4.4,4.0,88.0,collaboration_system,FEEDBACK_2026-01,2026-01-31T23:59:00
REC00678,EMP017,RKPI013,2026-01-01,2026-01-31,85.9,75.0,100,learning_system,TRAINING_2026-01,2026-01-31T23:59:00
REC00679,EMP017,RKPI014,2026-01-01,2026-01-31,78.0,75.0,100,project_contribution_system,PROJECTS_2026-01,2026-01-31T23:59:00
REC00680,EMP017,RKPI008,2026-02-01,2026-02-28,100.0,45.0,100,task_completion_system,TASKS_2026-02,2026-02-28T23:59:00
REC00681,EMP017,RKPI009,2026-02-01,2026-02-28,83.9,88.0,95.3,quality_system,QUALITY_2026-02,2026-02-28T23:59:00
REC00682,EMP017,RKPI010,2026-02-01,2026-02-28,100.0,85.0,100,ontime_delivery_system,TASKS_2026-02,2026-02-28T23:59:00
REC00683,EMP017,RKPI011,2026-02-01,2026-02-28,78.0,78.0,100,technical_skill_system,SKILLS_2026-02,2026-02-28T23:59:00
REC00684,EMP017,RKPI012,2026-02-01,2026-02-28,4.4,4.0,88.0,collaboration_system,FEEDBACK_2026-02,2026-02-28T23:59:00
REC00685,EMP017,RKPI013,2026-02-01,2026-02-28,74.1,75.0,98.8,learning_system,TRAINING_2026-02,2026-02-28T23:59:00
REC00686,EMP017,RKPI014,2026-02-01,2026-02-28,75.9,75.0,100,project_contribution_system,PROJECTS_2026-02,2026-02-28T23:59:00
REC00687,EMP017,RKPI008,2026-03-01,2026-03-31,85.7,45.0,100,task_completion_system,TASKS_2026-03,2026-03-31T23:59:00
REC00688,EMP017,RKPI009,2026-03-01,2026-03-31,82.9,88.0,94.2,quality_system,QUALITY_2026-03,2026-03-31T23:59:00
REC00689,EMP017,RKPI010,2026-03-01,2026-03-31,100.0,85.0,100,ontime_delivery_system,TASKS_2026-03,2026-03-31T23:59:00
REC00690,EMP017,RKPI011,2026-03-01,2026-03-31,58.5,78.0,75.0,technical_skill_system,SKILLS_2026-03,2026-03-31T23:59:00
REC00691,EMP017,RKPI012,2026-03-01,2026-03-31,4.3,4.0,86.0,collaboration_system,FEEDBACK_2026-03,2026-03-31T23:59:00
REC00692,EMP017,RKPI013,2026-03-01,2026-03-31,67.2,75.0,89.6,learning_system,TRAINING_2026-03,2026-03-31T23:59:00
REC00693,EMP017,RKPI014,2026-03-01,2026-03-31,75.5,75.0,100,project_contribution_system,PROJECTS_2026-03,2026-03-31T23:59:00
REC00694,EMP017,RKPI008,2026-04-01,2026-04-30,100.0,45.0,100,task_completion_system,TASKS_2026-04,2026-04-30T23:59:00
REC00695,EMP017,RKPI009,2026-04-01,2026-04-30,77.6,88.0,88.2,quality_system,QUALITY_2026-04,2026-04-30T23:59:00
REC00696,EMP017,RKPI010,2026-04-01,2026-04-30,100.0,85.0,100,ontime_delivery_system,TASKS_2026-04,2026-04-30T23:59:00
REC00697,EMP017,RKPI011,2026-04-01,2026-04-30,80.0,78.0,100,technical_skill_system,SKILLS_2026-04,2026-04-30T23:59:00
REC00698,EMP017,RKPI012,2026-04-01,2026-04-30,3.9,4.0,78.0,collaboration_system,FEEDBACK_2026-04,2026-04-30T23:59:00
REC00699,EMP017,RKPI013,2026-04-01,2026-04-30,70.1,75.0,93.5,learning_system,TRAINING_2026-04,2026-04-30T23:59:00
REC00700,EMP017,RKPI014,2026-04-01,2026-04-30,94.7,75.0,100,project_contribution_system,PROJECTS_2026-04,2026-04-30T23:59:00
REC00701,EMP017,RKPI008,2026-05-01,2026-05-31,90.0,45.0,100,task_completion_system,TASKS_2026-05,2026-05-31T23:59:00
REC00702,EMP017,RKPI009,2026-05-01,2026-05-31,89.7,88.0,100,quality_system,QUALITY_2026-05,2026-05-31T23:59:00
REC00703,EMP017,RKPI010,2026-05-01,2026-05-31,66.7,85.0,66.7,ontime_delivery_system,TASKS_2026-05,2026-05-31T23:59:00
REC00704,EMP017,RKPI011,2026-05-01,2026-05-31,68.6,78.0,87.9,technical_skill_system,SKILLS_2026-05,2026-05-31T23:59:00
REC00705,EMP017,RKPI012,2026-05-01,2026-05-31,4.3,4.0,86.0,collaboration_system,FEEDBACK_2026-05,2026-05-31T23:59:00
REC00706,EMP017,RKPI013,2026-05-01,2026-05-31,67.0,75.0,89.3,learning_system,TRAINING_2026-05,2026-05-31T23:59:00
REC00707,EMP017,RKPI014,2026-05-01,2026-05-31,78.9,75.0,100,project_contribution_system,PROJECTS_2026-05,2026-05-31T23:59:00
REC00708,EMP017,RKPI008,2026-06-01,2026-06-30,100.0,45.0,100,task_completion_system,TASKS_2026-06,2026-06-30T23:59:00
REC00709,EMP017,RKPI009,2026-06-01,2026-06-30,85.7,88.0,97.4,quality_system,QUALITY_2026-06,2026-06-30T23:59:00
REC00710,EMP017,RKPI010,2026-06-01,2026-06-30,100.0,85.0,100,ontime_delivery_system,TASKS_2026-06,2026-06-30T23:59:00
REC00711,EMP017,RKPI011,2026-06-01,2026-06-30,88.0,78.0,100,technical_skill_system,SKILLS_2026-06,2026-06-30T23:59:00
REC00712,EMP017,RKPI012,2026-06-01,2026-06-30,3.8,4.0,76.0,collaboration_system,FEEDBACK_2026-06,2026-06-30T23:59:00
REC00713,EMP017,RKPI013,2026-06-01,2026-06-30,82.6,75.0,100,learning_system,TRAINING_2026-06,2026-06-30T23:59:00
REC00714,EMP017,RKPI014,2026-06-01,2026-06-30,95.9,75.0,100,project_contribution_system,PROJECTS_2026-06,2026-06-30T23:59:00
REC00715,EMP018,RKPI008,2026-01-01,2026-01-31,50.0,45.0,100,task_completion_system,TASKS_2026-01,2026-01-31T23:59:00
REC00716,EMP018,RKPI009,2026-01-01,2026-01-31,77.6,88.0,88.2,quality_system,QUALITY_2026-01,2026-01-31T23:59:00
REC00717,EMP018,RKPI010,2026-01-01,2026-01-31,33.3,85.0,33.3,ontime_delivery_system,TASKS_2026-01,2026-01-31T23:59:00
REC00718,EMP018,RKPI011,2026-01-01,2026-01-31,73.0,78.0,93.6,technical_skill_system,SKILLS_2026-01,2026-01-31T23:59:00
REC00719,EMP018,RKPI012,2026-01-01,2026-01-31,3.6,4.0,72.0,collaboration_system,FEEDBACK_2026-01,2026-01-31T23:59:00
REC00720,EMP018,RKPI013,2026-01-01,2026-01-31,53.7,75.0,71.6,learning_system,TRAINING_2026-01,2026-01-31T23:59:00
REC00721,EMP018,RKPI014,2026-01-01,2026-01-31,73.2,75.0,97.6,project_contribution_system,PROJECTS_2026-01,2026-01-31T23:59:00
REC00722,EMP018,RKPI008,2026-02-01,2026-02-28,63.6,45.0,100,task_completion_system,TASKS_2026-02,2026-02-28T23:59:00
REC00723,EMP018,RKPI009,2026-02-01,2026-02-28,74.2,88.0,84.3,quality_system,QUALITY_2026-02,2026-02-28T23:59:00
REC00724,EMP018,RKPI010,2026-02-01,2026-02-28,85.7,85.0,85.7,ontime_delivery_system,TASKS_2026-02,2026-02-28T23:59:00
REC00725,EMP018,RKPI011,2026-02-01,2026-02-28,48.8,78.0,62.6,technical_skill_system,SKILLS_2026-02,2026-02-28T23:59:00
REC00726,EMP018,RKPI012,2026-02-01,2026-02-28,3.5,4.0,70.0,collaboration_system,FEEDBACK_2026-02,2026-02-28T23:59:00
REC00727,EMP018,RKPI013,2026-02-01,2026-02-28,59.7,75.0,79.6,learning_system,TRAINING_2026-02,2026-02-28T23:59:00
REC00728,EMP018,RKPI014,2026-02-01,2026-02-28,69.6,75.0,92.8,project_contribution_system,PROJECTS_2026-02,2026-02-28T23:59:00
REC00729,EMP018,RKPI008,2026-03-01,2026-03-31,43.8,45.0,97.3,task_completion_system,TASKS_2026-03,2026-03-31T23:59:00
REC00730,EMP018,RKPI009,2026-03-01,2026-03-31,72.2,88.0,82.0,quality_system,QUALITY_2026-03,2026-03-31T23:59:00
REC00731,EMP018,RKPI010,2026-03-01,2026-03-31,71.4,85.0,71.4,ontime_delivery_system,TASKS_2026-03,2026-03-31T23:59:00
REC00732,EMP018,RKPI011,2026-03-01,2026-03-31,76.0,78.0,97.4,technical_skill_system,SKILLS_2026-03,2026-03-31T23:59:00
REC00733,EMP018,RKPI012,2026-03-01,2026-03-31,3.5,4.0,70.0,collaboration_system,FEEDBACK_2026-03,2026-03-31T23:59:00
REC00734,EMP018,RKPI013,2026-03-01,2026-03-31,52.8,75.0,70.4,learning_system,TRAINING_2026-03,2026-03-31T23:59:00
REC00735,EMP018,RKPI014,2026-03-01,2026-03-31,71.9,75.0,95.9,project_contribution_system,PROJECTS_2026-03,2026-03-31T23:59:00
REC00736,EMP018,RKPI008,2026-04-01,2026-04-30,66.7,45.0,100,task_completion_system,TASKS_2026-04,2026-04-30T23:59:00
REC00737,EMP018,RKPI009,2026-04-01,2026-04-30,71.9,88.0,81.7,quality_system,QUALITY_2026-04,2026-04-30T23:59:00
REC00738,EMP018,RKPI010,2026-04-01,2026-04-30,66.7,85.0,66.7,ontime_delivery_system,TASKS_2026-04,2026-04-30T23:59:00
REC00739,EMP018,RKPI011,2026-04-01,2026-04-30,74.0,78.0,94.9,technical_skill_system,SKILLS_2026-04,2026-04-30T23:59:00
REC00740,EMP018,RKPI012,2026-04-01,2026-04-30,3.2,4.0,64.0,collaboration_system,FEEDBACK_2026-04,2026-04-30T23:59:00
REC00741,EMP018,RKPI013,2026-04-01,2026-04-30,63.9,75.0,85.2,learning_system,TRAINING_2026-04,2026-04-30T23:59:00
REC00742,EMP018,RKPI014,2026-04-01,2026-04-30,71.2,75.0,94.9,project_contribution_system,PROJECTS_2026-04,2026-04-30T23:59:00
REC00743,EMP018,RKPI008,2026-05-01,2026-05-31,58.3,45.0,100,task_completion_system,TASKS_2026-05,2026-05-31T23:59:00
REC00744,EMP018,RKPI009,2026-05-01,2026-05-31,65.9,88.0,74.9,quality_system,QUALITY_2026-05,2026-05-31T23:59:00
REC00745,EMP018,RKPI010,2026-05-01,2026-05-31,57.1,85.0,57.1,ontime_delivery_system,TASKS_2026-05,2026-05-31T23:59:00
REC00746,EMP018,RKPI011,2026-05-01,2026-05-31,67.9,78.0,87.1,technical_skill_system,SKILLS_2026-05,2026-05-31T23:59:00
REC00747,EMP018,RKPI012,2026-05-01,2026-05-31,3.9,4.0,78.0,collaboration_system,FEEDBACK_2026-05,2026-05-31T23:59:00
REC00748,EMP018,RKPI013,2026-05-01,2026-05-31,62.4,75.0,83.2,learning_system,TRAINING_2026-05,2026-05-31T23:59:00
REC00749,EMP018,RKPI014,2026-05-01,2026-05-31,81.4,75.0,100,project_contribution_system,PROJECTS_2026-05,2026-05-31T23:59:00
REC00750,EMP018,RKPI008,2026-06-01,2026-06-30,54.5,45.0,100,task_completion_system,TASKS_2026-06,2026-06-30T23:59:00
REC00751,EMP018,RKPI009,2026-06-01,2026-06-30,69.8,88.0,79.3,quality_system,QUALITY_2026-06,2026-06-30T23:59:00
REC00752,EMP018,RKPI010,2026-06-01,2026-06-30,66.7,85.0,66.7,ontime_delivery_system,TASKS_2026-06,2026-06-30T23:59:00
REC00753,EMP018,RKPI011,2026-06-01,2026-06-30,57.6,78.0,73.8,technical_skill_system,SKILLS_2026-06,2026-06-30T23:59:00
REC00754,EMP018,RKPI012,2026-06-01,2026-06-30,3.9,4.0,78.0,collaboration_system,FEEDBACK_2026-06,2026-06-30T23:59:00
REC00755,EMP018,RKPI013,2026-06-01,2026-06-30,71.0,75.0,94.7,learning_system,TRAINING_2026-06,2026-06-30T23:59:00
REC00756,EMP018,RKPI014,2026-06-01,2026-06-30,66.2,75.0,88.3,project_contribution_system,PROJECTS_2026-06,2026-06-30T23:59:00
REC00757,EMP019,RKPI008,2026-01-01,2026-01-31,100.0,45.0,100,task_completion_system,TASKS_2026-01,2026-01-31T23:59:00
REC00758,EMP019,RKPI009,2026-01-01,2026-01-31,76.6,88.0,87.0,quality_system,QUALITY_2026-01,2026-01-31T23:59:00
REC00759,EMP019,RKPI010,2026-01-01,2026-01-31,75.0,85.0,75.0,ontime_delivery_system,TASKS_2026-01,2026-01-31T23:59:00
REC00760,EMP019,RKPI011,2026-01-01,2026-01-31,75.3,78.0,96.5,technical_skill_system,SKILLS_2026-01,2026-01-31T23:59:00
REC00761,EMP019,RKPI012,2026-01-01,2026-01-31,4.1,4.0,82.0,collaboration_system,FEEDBACK_2026-01,2026-01-31T23:59:00
REC00762,EMP019,RKPI013,2026-01-01,2026-01-31,73.7,75.0,98.3,learning_system,TRAINING_2026-01,2026-01-31T23:59:00
REC00763,EMP019,RKPI014,2026-01-01,2026-01-31,79.7,75.0,100,project_contribution_system,PROJECTS_2026-01,2026-01-31T23:59:00
REC00764,EMP019,RKPI008,2026-02-01,2026-02-28,88.9,45.0,100,task_completion_system,TASKS_2026-02,2026-02-28T23:59:00
REC00765,EMP019,RKPI009,2026-02-01,2026-02-28,76.1,88.0,86.5,quality_system,QUALITY_2026-02,2026-02-28T23:59:00
REC00766,EMP019,RKPI010,2026-02-01,2026-02-28,100.0,85.0,100,ontime_delivery_system,TASKS_2026-02,2026-02-28T23:59:00
REC00767,EMP019,RKPI011,2026-02-01,2026-02-28,64.9,78.0,83.2,technical_skill_system,SKILLS_2026-02,2026-02-28T23:59:00
REC00768,EMP019,RKPI012,2026-02-01,2026-02-28,3.8,4.0,76.0,collaboration_system,FEEDBACK_2026-02,2026-02-28T23:59:00
REC00769,EMP019,RKPI013,2026-02-01,2026-02-28,70.6,75.0,94.1,learning_system,TRAINING_2026-02,2026-02-28T23:59:00
REC00770,EMP019,RKPI014,2026-02-01,2026-02-28,81.9,75.0,100,project_contribution_system,PROJECTS_2026-02,2026-02-28T23:59:00
REC00771,EMP019,RKPI008,2026-03-01,2026-03-31,100.0,45.0,100,task_completion_system,TASKS_2026-03,2026-03-31T23:59:00
REC00772,EMP019,RKPI009,2026-03-01,2026-03-31,90.1,88.0,100,quality_system,QUALITY_2026-03,2026-03-31T23:59:00
REC00773,EMP019,RKPI010,2026-03-01,2026-03-31,100.0,85.0,100,ontime_delivery_system,TASKS_2026-03,2026-03-31T23:59:00
REC00774,EMP019,RKPI011,2026-03-01,2026-03-31,56.7,78.0,72.7,technical_skill_system,SKILLS_2026-03,2026-03-31T23:59:00
REC00775,EMP019,RKPI012,2026-03-01,2026-03-31,3.7,4.0,74.0,collaboration_system,FEEDBACK_2026-03,2026-03-31T23:59:00
REC00776,EMP019,RKPI013,2026-03-01,2026-03-31,79.0,75.0,100,learning_system,TRAINING_2026-03,2026-03-31T23:59:00
REC00777,EMP019,RKPI014,2026-03-01,2026-03-31,74.0,75.0,98.7,project_contribution_system,PROJECTS_2026-03,2026-03-31T23:59:00
REC00778,EMP019,RKPI008,2026-04-01,2026-04-30,62.5,45.0,100,task_completion_system,TASKS_2026-04,2026-04-30T23:59:00
REC00779,EMP019,RKPI009,2026-04-01,2026-04-30,79.4,88.0,90.2,quality_system,QUALITY_2026-04,2026-04-30T23:59:00
REC00780,EMP019,RKPI010,2026-04-01,2026-04-30,100.0,85.0,100,ontime_delivery_system,TASKS_2026-04,2026-04-30T23:59:00
REC00781,EMP019,RKPI011,2026-04-01,2026-04-30,86.0,78.0,100,technical_skill_system,SKILLS_2026-04,2026-04-30T23:59:00
REC00782,EMP019,RKPI012,2026-04-01,2026-04-30,4.0,4.0,80.0,collaboration_system,FEEDBACK_2026-04,2026-04-30T23:59:00
REC00783,EMP019,RKPI013,2026-04-01,2026-04-30,78.4,75.0,100,learning_system,TRAINING_2026-04,2026-04-30T23:59:00
REC00784,EMP019,RKPI014,2026-04-01,2026-04-30,77.5,75.0,100,project_contribution_system,PROJECTS_2026-04,2026-04-30T23:59:00
REC00785,EMP019,RKPI008,2026-05-01,2026-05-31,85.7,45.0,100,task_completion_system,TASKS_2026-05,2026-05-31T23:59:00
REC00786,EMP019,RKPI009,2026-05-01,2026-05-31,82.1,88.0,93.3,quality_system,QUALITY_2026-05,2026-05-31T23:59:00
REC00787,EMP019,RKPI010,2026-05-01,2026-05-31,100.0,85.0,100,ontime_delivery_system,TASKS_2026-05,2026-05-31T23:59:00
REC00788,EMP019,RKPI011,2026-05-01,2026-05-31,65.6,78.0,84.1,technical_skill_system,SKILLS_2026-05,2026-05-31T23:59:00
REC00789,EMP019,RKPI012,2026-05-01,2026-05-31,3.8,4.0,76.0,collaboration_system,FEEDBACK_2026-05,2026-05-31T23:59:00
REC00790,EMP019,RKPI013,2026-05-01,2026-05-31,63.3,75.0,84.4,learning_system,TRAINING_2026-05,2026-05-31T23:59:00
REC00791,EMP019,RKPI014,2026-05-01,2026-05-31,71.7,75.0,95.6,project_contribution_system,PROJECTS_2026-05,2026-05-31T23:59:00
REC00792,EMP019,RKPI008,2026-06-01,2026-06-30,75.0,45.0,100,task_completion_system,TASKS_2026-06,2026-06-30T23:59:00
REC00793,EMP019,RKPI009,2026-06-01,2026-06-30,83.8,88.0,95.2,quality_system,QUALITY_2026-06,2026-06-30T23:59:00
REC00794,EMP019,RKPI010,2026-06-01,2026-06-30,66.7,85.0,66.7,ontime_delivery_system,TASKS_2026-06,2026-06-30T23:59:00
REC00795,EMP019,RKPI011,2026-06-01,2026-06-30,62.4,78.0,80.0,technical_skill_system,SKILLS_2026-06,2026-06-30T23:59:00
REC00796,EMP019,RKPI012,2026-06-01,2026-06-30,4.2,4.0,84.0,collaboration_system,FEEDBACK_2026-06,2026-06-30T23:59:00
REC00797,EMP019,RKPI013,2026-06-01,2026-06-30,63.1,75.0,84.1,learning_system,TRAINING_2026-06,2026-06-30T23:59:00
REC00798,EMP019,RKPI014,2026-06-01,2026-06-30,75.3,75.0,100,project_contribution_system,PROJECTS_2026-06,2026-06-30T23:59:00
REC00799,EMP020,RKPI008,2026-01-01,2026-01-31,50.0,45.0,100,task_completion_system,TASKS_2026-01,2026-01-31T23:59:00
REC00800,EMP020,RKPI009,2026-01-01,2026-01-31,81.8,88.0,93.0,quality_system,QUALITY_2026-01,2026-01-31T23:59:00
REC00801,EMP020,RKPI010,2026-01-01,2026-01-31,75.0,85.0,75.0,ontime_delivery_system,TASKS_2026-01,2026-01-31T23:59:00
REC00802,EMP020,RKPI011,2026-01-01,2026-01-31,72.0,78.0,92.3,technical_skill_system,SKILLS_2026-01,2026-01-31T23:59:00
REC00803,EMP020,RKPI012,2026-01-01,2026-01-31,4.3,4.0,86.0,collaboration_system,FEEDBACK_2026-01,2026-01-31T23:59:00
REC00804,EMP020,RKPI013,2026-01-01,2026-01-31,59.7,75.0,79.6,learning_system,TRAINING_2026-01,2026-01-31T23:59:00
REC00805,EMP020,RKPI014,2026-01-01,2026-01-31,82.2,75.0,100,project_contribution_system,PROJECTS_2026-01,2026-01-31T23:59:00
REC00806,EMP020,RKPI008,2026-02-01,2026-02-28,85.7,45.0,100,task_completion_system,TASKS_2026-02,2026-02-28T23:59:00
REC00807,EMP020,RKPI009,2026-02-01,2026-02-28,80.5,88.0,91.5,quality_system,QUALITY_2026-02,2026-02-28T23:59:00
REC00808,EMP020,RKPI010,2026-02-01,2026-02-28,50.0,85.0,50.0,ontime_delivery_system,TASKS_2026-02,2026-02-28T23:59:00
REC00809,EMP020,RKPI011,2026-02-01,2026-02-28,76.0,78.0,97.4,technical_skill_system,SKILLS_2026-02,2026-02-28T23:59:00
REC00810,EMP020,RKPI012,2026-02-01,2026-02-28,4.2,4.0,84.0,collaboration_system,FEEDBACK_2026-02,2026-02-28T23:59:00
REC00811,EMP020,RKPI013,2026-02-01,2026-02-28,85.3,75.0,100,learning_system,TRAINING_2026-02,2026-02-28T23:59:00
REC00812,EMP020,RKPI014,2026-02-01,2026-02-28,94.5,75.0,100,project_contribution_system,PROJECTS_2026-02,2026-02-28T23:59:00
REC00813,EMP020,RKPI008,2026-03-01,2026-03-31,66.7,45.0,100,task_completion_system,TASKS_2026-03,2026-03-31T23:59:00
REC00814,EMP020,RKPI009,2026-03-01,2026-03-31,80.2,88.0,91.1,quality_system,QUALITY_2026-03,2026-03-31T23:59:00
REC00815,EMP020,RKPI010,2026-03-01,2026-03-31,90.0,85.0,90.0,ontime_delivery_system,TASKS_2026-03,2026-03-31T23:59:00
REC00816,EMP020,RKPI011,2026-03-01,2026-03-31,80.0,78.0,100,technical_skill_system,SKILLS_2026-03,2026-03-31T23:59:00
REC00817,EMP020,RKPI012,2026-03-01,2026-03-31,3.8,4.0,76.0,collaboration_system,FEEDBACK_2026-03,2026-03-31T23:59:00
REC00818,EMP020,RKPI013,2026-03-01,2026-03-31,67.2,75.0,89.6,learning_system,TRAINING_2026-03,2026-03-31T23:59:00
REC00819,EMP020,RKPI014,2026-03-01,2026-03-31,75.5,75.0,100,project_contribution_system,PROJECTS_2026-03,2026-03-31T23:59:00
REC00820,EMP020,RKPI008,2026-04-01,2026-04-30,85.7,45.0,100,task_completion_system,TASKS_2026-04,2026-04-30T23:59:00
REC00821,EMP020,RKPI009,2026-04-01,2026-04-30,78.8,88.0,89.5,quality_system,QUALITY_2026-04,2026-04-30T23:59:00
REC00822,EMP020,RKPI010,2026-04-01,2026-04-30,83.3,85.0,83.3,ontime_delivery_system,TASKS_2026-04,2026-04-30T23:59:00
REC00823,EMP020,RKPI011,2026-04-01,2026-04-30,84.0,78.0,100,technical_skill_system,SKILLS_2026-04,2026-04-30T23:59:00
REC00824,EMP020,RKPI012,2026-04-01,2026-04-30,4.5,4.0,90.0,collaboration_system,FEEDBACK_2026-04,2026-04-30T23:59:00
REC00825,EMP020,RKPI013,2026-04-01,2026-04-30,79.0,75.0,100,learning_system,TRAINING_2026-04,2026-04-30T23:59:00
REC00826,EMP020,RKPI014,2026-04-01,2026-04-30,86.0,75.0,100,project_contribution_system,PROJECTS_2026-04,2026-04-30T23:59:00
REC00827,EMP020,RKPI008,2026-05-01,2026-05-31,100.0,45.0,100,task_completion_system,TASKS_2026-05,2026-05-31T23:59:00
REC00828,EMP020,RKPI009,2026-05-01,2026-05-31,74.1,88.0,84.2,quality_system,QUALITY_2026-05,2026-05-31T23:59:00
REC00829,EMP020,RKPI010,2026-05-01,2026-05-31,100.0,85.0,100,ontime_delivery_system,TASKS_2026-05,2026-05-31T23:59:00
REC00830,EMP020,RKPI011,2026-05-01,2026-05-31,74.0,78.0,94.9,technical_skill_system,SKILLS_2026-05,2026-05-31T23:59:00
REC00831,EMP020,RKPI012,2026-05-01,2026-05-31,3.8,4.0,76.0,collaboration_system,FEEDBACK_2026-05,2026-05-31T23:59:00
REC00832,EMP020,RKPI013,2026-05-01,2026-05-31,78.7,75.0,100,learning_system,TRAINING_2026-05,2026-05-31T23:59:00
REC00833,EMP020,RKPI014,2026-05-01,2026-05-31,73.3,75.0,97.7,project_contribution_system,PROJECTS_2026-05,2026-05-31T23:59:00
REC00834,EMP020,RKPI008,2026-06-01,2026-06-30,87.5,45.0,100,task_completion_system,TASKS_2026-06,2026-06-30T23:59:00
REC00835,EMP020,RKPI009,2026-06-01,2026-06-30,78.4,88.0,89.1,quality_system,QUALITY_2026-06,2026-06-30T23:59:00
REC00836,EMP020,RKPI010,2026-06-01,2026-06-30,85.7,85.0,85.7,ontime_delivery_system,TASKS_2026-06,2026-06-30T23:59:00
REC00837,EMP020,RKPI011,2026-06-01,2026-06-30,80.0,78.0,100,technical_skill_system,SKILLS_2026-06,2026-06-30T23:59:00
REC00838,EMP020,RKPI012,2026-06-01,2026-06-30,4.0,4.0,80.0,collaboration_system,FEEDBACK_2026-06,2026-06-30T23:59:00
REC00839,EMP020,RKPI013,2026-06-01,2026-06-30,77.9,75.0,100,learning_system,TRAINING_2026-06,2026-06-30T23:59:00
REC00840,EMP020,RKPI014,2026-06-01,2026-06-30,75.5,75.0,100,project_contribution_system,PROJECTS_2026-06,2026-06-30T23:59:00
REC00841,EMP021,RKPI008,2026-01-01,2026-01-31,77.8,45.0,100,task_completion_system,TASKS_2026-01,2026-01-31T23:59:00
REC00842,EMP021,RKPI009,2026-01-01,2026-01-31,61.1,88.0,69.4,quality_system,QUALITY_2026-01,2026-01-31T23:59:00
REC00843,EMP021,RKPI010,2026-01-01,2026-01-31,42.9,85.0,42.9,ontime_delivery_system,TASKS_2026-01,2026-01-31T23:59:00
REC00844,EMP021,RKPI011,2026-01-01,2026-01-31,58.0,78.0,74.4,technical_skill_system,SKILLS_2026-01,2026-01-31T23:59:00
REC00845,EMP021,RKPI012,2026-01-01,2026-01-31,3.3,4.0,66.0,collaboration_system,FEEDBACK_2026-01,2026-01-31T23:59:00
REC00846,EMP021,RKPI013,2026-01-01,2026-01-31,58.4,75.0,77.9,learning_system,TRAINING_2026-01,2026-01-31T23:59:00
REC00847,EMP021,RKPI014,2026-01-01,2026-01-31,47.2,75.0,62.9,project_contribution_system,PROJECTS_2026-01,2026-01-31T23:59:00
REC00848,EMP021,RKPI008,2026-02-01,2026-02-28,50.0,45.0,100,task_completion_system,TASKS_2026-02,2026-02-28T23:59:00
REC00849,EMP021,RKPI009,2026-02-01,2026-02-28,45.8,88.0,52.0,quality_system,QUALITY_2026-02,2026-02-28T23:59:00
REC00850,EMP021,RKPI010,2026-02-01,2026-02-28,20.0,85.0,20.0,ontime_delivery_system,TASKS_2026-02,2026-02-28T23:59:00
REC00851,EMP021,RKPI011,2026-02-01,2026-02-28,66.0,78.0,84.6,technical_skill_system,SKILLS_2026-02,2026-02-28T23:59:00
REC00852,EMP021,RKPI012,2026-02-01,2026-02-28,2.8,4.0,56.0,collaboration_system,FEEDBACK_2026-02,2026-02-28T23:59:00
REC00853,EMP021,RKPI013,2026-02-01,2026-02-28,36.8,75.0,49.1,learning_system,TRAINING_2026-02,2026-02-28T23:59:00
REC00854,EMP021,RKPI014,2026-02-01,2026-02-28,69.0,75.0,92.0,project_contribution_system,PROJECTS_2026-02,2026-02-28T23:59:00
REC00855,EMP021,RKPI008,2026-03-01,2026-03-31,78.6,45.0,100,task_completion_system,TASKS_2026-03,2026-03-31T23:59:00
REC00856,EMP021,RKPI009,2026-03-01,2026-03-31,53.1,88.0,60.3,quality_system,QUALITY_2026-03,2026-03-31T23:59:00
REC00857,EMP021,RKPI010,2026-03-01,2026-03-31,27.3,85.0,27.3,ontime_delivery_system,TASKS_2026-03,2026-03-31T23:59:00
REC00858,EMP021,RKPI011,2026-03-01,2026-03-31,56.0,78.0,71.8,technical_skill_system,SKILLS_2026-03,2026-03-31T23:59:00
REC00859,EMP021,RKPI012,2026-03-01,2026-03-31,3.3,4.0,66.0,collaboration_system,FEEDBACK_2026-03,2026-03-31T23:59:00
REC00860,EMP021,RKPI013,2026-03-01,2026-03-31,49.0,75.0,65.3,learning_system,TRAINING_2026-03,2026-03-31T23:59:00
REC00861,EMP021,RKPI014,2026-03-01,2026-03-31,45.6,75.0,60.8,project_contribution_system,PROJECTS_2026-03,2026-03-31T23:59:00
REC00862,EMP021,RKPI008,2026-04-01,2026-04-30,18.2,45.0,40.4,task_completion_system,TASKS_2026-04,2026-04-30T23:59:00
REC00863,EMP021,RKPI009,2026-04-01,2026-04-30,61.5,88.0,69.9,quality_system,QUALITY_2026-04,2026-04-30T23:59:00
REC00864,EMP021,RKPI010,2026-04-01,2026-04-30,50.0,85.0,50.0,ontime_delivery_system,TASKS_2026-04,2026-04-30T23:59:00
REC00865,EMP021,RKPI011,2026-04-01,2026-04-30,68.0,78.0,87.2,technical_skill_system,SKILLS_2026-04,2026-04-30T23:59:00
REC00866,EMP021,RKPI012,2026-04-01,2026-04-30,2.7,4.0,54.0,collaboration_system,FEEDBACK_2026-04,2026-04-30T23:59:00
REC00867,EMP021,RKPI013,2026-04-01,2026-04-30,42.8,75.0,57.1,learning_system,TRAINING_2026-04,2026-04-30T23:59:00
REC00868,EMP021,RKPI014,2026-04-01,2026-04-30,57.1,75.0,76.1,project_contribution_system,PROJECTS_2026-04,2026-04-30T23:59:00
REC00869,EMP021,RKPI008,2026-05-01,2026-05-31,50.0,45.0,100,task_completion_system,TASKS_2026-05,2026-05-31T23:59:00
REC00870,EMP021,RKPI009,2026-05-01,2026-05-31,71.2,88.0,80.9,quality_system,QUALITY_2026-05,2026-05-31T23:59:00
REC00871,EMP021,RKPI010,2026-05-01,2026-05-31,75.0,85.0,75.0,ontime_delivery_system,TASKS_2026-05,2026-05-31T23:59:00
REC00872,EMP021,RKPI011,2026-05-01,2026-05-31,37.1,78.0,47.6,technical_skill_system,SKILLS_2026-05,2026-05-31T23:59:00
REC00873,EMP021,RKPI012,2026-05-01,2026-05-31,3.4,4.0,68.0,collaboration_system,FEEDBACK_2026-05,2026-05-31T23:59:00
REC00874,EMP021,RKPI013,2026-05-01,2026-05-31,48.9,75.0,65.2,learning_system,TRAINING_2026-05,2026-05-31T23:59:00
REC00875,EMP021,RKPI014,2026-05-01,2026-05-31,58.0,75.0,77.3,project_contribution_system,PROJECTS_2026-05,2026-05-31T23:59:00
REC00876,EMP021,RKPI008,2026-06-01,2026-06-30,40.0,45.0,88.9,task_completion_system,TASKS_2026-06,2026-06-30T23:59:00
REC00877,EMP021,RKPI009,2026-06-01,2026-06-30,61.8,88.0,70.2,quality_system,QUALITY_2026-06,2026-06-30T23:59:00
REC00878,EMP021,RKPI010,2026-06-01,2026-06-30,75.0,85.0,75.0,ontime_delivery_system,TASKS_2026-06,2026-06-30T23:59:00
REC00879,EMP021,RKPI011,2026-06-01,2026-06-30,64.0,78.0,82.1,technical_skill_system,SKILLS_2026-06,2026-06-30T23:59:00
REC00880,EMP021,RKPI012,2026-06-01,2026-06-30,3.0,4.0,60.0,collaboration_system,FEEDBACK_2026-06,2026-06-30T23:59:00
REC00881,EMP021,RKPI013,2026-06-01,2026-06-30,33.5,75.0,44.7,learning_system,TRAINING_2026-06,2026-06-30T23:59:00
REC00882,EMP021,RKPI014,2026-06-01,2026-06-30,36.6,75.0,48.8,project_contribution_system,PROJECTS_2026-06,2026-06-30T23:59:00
REC00883,EMP022,RKPI008,2026-01-01,2026-01-31,90.0,45.0,100,task_completion_system,TASKS_2026-01,2026-01-31T23:59:00
REC00884,EMP022,RKPI009,2026-01-01,2026-01-31,83.4,88.0,94.8,quality_system,QUALITY_2026-01,2026-01-31T23:59:00
REC00885,EMP022,RKPI010,2026-01-01,2026-01-31,88.9,85.0,88.9,ontime_delivery_system,TASKS_2026-01,2026-01-31T23:59:00
REC00886,EMP022,RKPI011,2026-01-01,2026-01-31,90.0,78.0,100,technical_skill_system,SKILLS_2026-01,2026-01-31T23:59:00
REC00887,EMP022,RKPI012,2026-01-01,2026-01-31,3.8,4.0,76.0,collaboration_system,FEEDBACK_2026-01,2026-01-31T23:59:00
REC00888,EMP022,RKPI013,2026-01-01,2026-01-31,74.6,75.0,99.5,learning_system,TRAINING_2026-01,2026-01-31T23:59:00
REC00889,EMP022,RKPI014,2026-01-01,2026-01-31,81.8,75.0,100,project_contribution_system,PROJECTS_2026-01,2026-01-31T23:59:00
REC00890,EMP022,RKPI008,2026-02-01,2026-02-28,100.0,45.0,100,task_completion_system,TASKS_2026-02,2026-02-28T23:59:00
REC00891,EMP022,RKPI009,2026-02-01,2026-02-28,81.8,88.0,93.0,quality_system,QUALITY_2026-02,2026-02-28T23:59:00
REC00892,EMP022,RKPI010,2026-02-01,2026-02-28,77.8,85.0,77.8,ontime_delivery_system,TASKS_2026-02,2026-02-28T23:59:00
REC00893,EMP022,RKPI011,2026-02-01,2026-02-28,74.0,78.0,94.9,technical_skill_system,SKILLS_2026-02,2026-02-28T23:59:00
REC00894,EMP022,RKPI012,2026-02-01,2026-02-28,3.6,4.0,72.0,collaboration_system,FEEDBACK_2026-02,2026-02-28T23:59:00
REC00895,EMP022,RKPI013,2026-02-01,2026-02-28,82.0,75.0,100,learning_system,TRAINING_2026-02,2026-02-28T23:59:00
REC00896,EMP022,RKPI014,2026-02-01,2026-02-28,94.5,75.0,100,project_contribution_system,PROJECTS_2026-02,2026-02-28T23:59:00
REC00897,EMP022,RKPI008,2026-03-01,2026-03-31,100.0,45.0,100,task_completion_system,TASKS_2026-03,2026-03-31T23:59:00
REC00898,EMP022,RKPI009,2026-03-01,2026-03-31,79.3,88.0,90.1,quality_system,QUALITY_2026-03,2026-03-31T23:59:00
REC00899,EMP022,RKPI010,2026-03-01,2026-03-31,80.0,85.0,80.0,ontime_delivery_system,TASKS_2026-03,2026-03-31T23:59:00
REC00900,EMP022,RKPI011,2026-03-01,2026-03-31,53.2,78.0,68.2,technical_skill_system,SKILLS_2026-03,2026-03-31T23:59:00
REC00901,EMP022,RKPI012,2026-03-01,2026-03-31,4.4,4.0,88.0,collaboration_system,FEEDBACK_2026-03,2026-03-31T23:59:00
REC00902,EMP022,RKPI013,2026-03-01,2026-03-31,72.5,75.0,96.7,learning_system,TRAINING_2026-03,2026-03-31T23:59:00
REC00903,EMP022,RKPI014,2026-03-01,2026-03-31,98.7,75.0,100,project_contribution_system,PROJECTS_2026-03,2026-03-31T23:59:00
REC00904,EMP022,RKPI008,2026-04-01,2026-04-30,91.7,45.0,100,task_completion_system,TASKS_2026-04,2026-04-30T23:59:00
REC00905,EMP022,RKPI009,2026-04-01,2026-04-30,79.5,88.0,90.3,quality_system,QUALITY_2026-04,2026-04-30T23:59:00
REC00906,EMP022,RKPI010,2026-04-01,2026-04-30,90.9,85.0,90.9,ontime_delivery_system,TASKS_2026-04,2026-04-30T23:59:00
REC00907,EMP022,RKPI011,2026-04-01,2026-04-30,71.3,78.0,91.4,technical_skill_system,SKILLS_2026-04,2026-04-30T23:59:00
REC00908,EMP022,RKPI012,2026-04-01,2026-04-30,3.9,4.0,78.0,collaboration_system,FEEDBACK_2026-04,2026-04-30T23:59:00
REC00909,EMP022,RKPI013,2026-04-01,2026-04-30,71.6,75.0,95.5,learning_system,TRAINING_2026-04,2026-04-30T23:59:00
REC00910,EMP022,RKPI014,2026-04-01,2026-04-30,95.8,75.0,100,project_contribution_system,PROJECTS_2026-04,2026-04-30T23:59:00
REC00911,EMP022,RKPI008,2026-05-01,2026-05-31,81.8,45.0,100,task_completion_system,TASKS_2026-05,2026-05-31T23:59:00
REC00912,EMP022,RKPI009,2026-05-01,2026-05-31,81.9,88.0,93.1,quality_system,QUALITY_2026-05,2026-05-31T23:59:00
REC00913,EMP022,RKPI010,2026-05-01,2026-05-31,100.0,85.0,100,ontime_delivery_system,TASKS_2026-05,2026-05-31T23:59:00
REC00914,EMP022,RKPI011,2026-05-01,2026-05-31,75.0,78.0,96.2,technical_skill_system,SKILLS_2026-05,2026-05-31T23:59:00
REC00915,EMP022,RKPI012,2026-05-01,2026-05-31,4.4,4.0,88.0,collaboration_system,FEEDBACK_2026-05,2026-05-31T23:59:00
REC00916,EMP022,RKPI013,2026-05-01,2026-05-31,65.4,75.0,87.2,learning_system,TRAINING_2026-05,2026-05-31T23:59:00
REC00917,EMP022,RKPI014,2026-05-01,2026-05-31,73.0,75.0,97.3,project_contribution_system,PROJECTS_2026-05,2026-05-31T23:59:00
REC00918,EMP022,RKPI008,2026-06-01,2026-06-30,62.5,45.0,100,task_completion_system,TASKS_2026-06,2026-06-30T23:59:00
REC00919,EMP022,RKPI009,2026-06-01,2026-06-30,82.4,88.0,93.6,quality_system,QUALITY_2026-06,2026-06-30T23:59:00
REC00920,EMP022,RKPI010,2026-06-01,2026-06-30,80.0,85.0,80.0,ontime_delivery_system,TASKS_2026-06,2026-06-30T23:59:00
REC00921,EMP022,RKPI011,2026-06-01,2026-06-30,78.0,78.0,100,technical_skill_system,SKILLS_2026-06,2026-06-30T23:59:00
REC00922,EMP022,RKPI012,2026-06-01,2026-06-30,4.2,4.0,84.0,collaboration_system,FEEDBACK_2026-06,2026-06-30T23:59:00
REC00923,EMP022,RKPI013,2026-06-01,2026-06-30,73.9,75.0,98.5,learning_system,TRAINING_2026-06,2026-06-30T23:59:00
REC00924,EMP022,RKPI014,2026-06-01,2026-06-30,85.5,75.0,100,project_contribution_system,PROJECTS_2026-06,2026-06-30T23:59:00
REC00925,EMP023,RKPI008,2026-01-01,2026-01-31,62.5,45.0,100,task_completion_system,TASKS_2026-01,2026-01-31T23:59:00
REC00926,EMP023,RKPI009,2026-01-01,2026-01-31,88.5,88.0,100,quality_system,QUALITY_2026-01,2026-01-31T23:59:00
REC00927,EMP023,RKPI010,2026-01-01,2026-01-31,100.0,85.0,100,ontime_delivery_system,TASKS_2026-01,2026-01-31T23:59:00
REC00928,EMP023,RKPI011,2026-01-01,2026-01-31,86.0,78.0,100,technical_skill_system,SKILLS_2026-01,2026-01-31T23:59:00
REC00929,EMP023,RKPI012,2026-01-01,2026-01-31,3.9,4.0,78.0,collaboration_system,FEEDBACK_2026-01,2026-01-31T23:59:00
REC00930,EMP023,RKPI013,2026-01-01,2026-01-31,65.0,75.0,86.7,learning_system,TRAINING_2026-01,2026-01-31T23:59:00
REC00931,EMP023,RKPI014,2026-01-01,2026-01-31,86.0,75.0,100,project_contribution_system,PROJECTS_2026-01,2026-01-31T23:59:00
REC00932,EMP023,RKPI008,2026-02-01,2026-02-28,75.0,45.0,100,task_completion_system,TASKS_2026-02,2026-02-28T23:59:00
REC00933,EMP023,RKPI009,2026-02-01,2026-02-28,86.0,88.0,97.7,quality_system,QUALITY_2026-02,2026-02-28T23:59:00
REC00934,EMP023,RKPI010,2026-02-01,2026-02-28,100.0,85.0,100,ontime_delivery_system,TASKS_2026-02,2026-02-28T23:59:00
REC00935,EMP023,RKPI011,2026-02-01,2026-02-28,84.0,78.0,100,technical_skill_system,SKILLS_2026-02,2026-02-28T23:59:00
REC00936,EMP023,RKPI012,2026-02-01,2026-02-28,4.4,4.0,88.0,collaboration_system,FEEDBACK_2026-02,2026-02-28T23:59:00
REC00937,EMP023,RKPI013,2026-02-01,2026-02-28,87.0,75.0,100,learning_system,TRAINING_2026-02,2026-02-28T23:59:00
REC00938,EMP023,RKPI014,2026-02-01,2026-02-28,78.8,75.0,100,project_contribution_system,PROJECTS_2026-02,2026-02-28T23:59:00
REC00939,EMP023,RKPI008,2026-03-01,2026-03-31,91.7,45.0,100,task_completion_system,TASKS_2026-03,2026-03-31T23:59:00
REC00940,EMP023,RKPI009,2026-03-01,2026-03-31,85.6,88.0,97.3,quality_system,QUALITY_2026-03,2026-03-31T23:59:00
REC00941,EMP023,RKPI010,2026-03-01,2026-03-31,90.9,85.0,90.9,ontime_delivery_system,TASKS_2026-03,2026-03-31T23:59:00
REC00942,EMP023,RKPI011,2026-03-01,2026-03-31,72.3,78.0,92.7,technical_skill_system,SKILLS_2026-03,2026-03-31T23:59:00
REC00943,EMP023,RKPI012,2026-03-01,2026-03-31,3.5,4.0,70.0,collaboration_system,FEEDBACK_2026-03,2026-03-31T23:59:00
REC00944,EMP023,RKPI013,2026-03-01,2026-03-31,92.0,75.0,100,learning_system,TRAINING_2026-03,2026-03-31T23:59:00
REC00945,EMP023,RKPI014,2026-03-01,2026-03-31,86.9,75.0,100,project_contribution_system,PROJECTS_2026-03,2026-03-31T23:59:00
REC00946,EMP023,RKPI008,2026-04-01,2026-04-30,75.0,45.0,100,task_completion_system,TASKS_2026-04,2026-04-30T23:59:00
REC00947,EMP023,RKPI009,2026-04-01,2026-04-30,90.2,88.0,100,quality_system,QUALITY_2026-04,2026-04-30T23:59:00
REC00948,EMP023,RKPI010,2026-04-01,2026-04-30,100.0,85.0,100,ontime_delivery_system,TASKS_2026-04,2026-04-30T23:59:00
REC00949,EMP023,RKPI011,2026-04-01,2026-04-30,71.3,78.0,91.4,technical_skill_system,SKILLS_2026-04,2026-04-30T23:59:00
REC00950,EMP023,RKPI012,2026-04-01,2026-04-30,3.7,4.0,74.0,collaboration_system,FEEDBACK_2026-04,2026-04-30T23:59:00
REC00951,EMP023,RKPI013,2026-04-01,2026-04-30,73.7,75.0,98.3,learning_system,TRAINING_2026-04,2026-04-30T23:59:00
REC00952,EMP023,RKPI014,2026-04-01,2026-04-30,96.4,75.0,100,project_contribution_system,PROJECTS_2026-04,2026-04-30T23:59:00
REC00953,EMP023,RKPI008,2026-05-01,2026-05-31,90.0,45.0,100,task_completion_system,TASKS_2026-05,2026-05-31T23:59:00
REC00954,EMP023,RKPI009,2026-05-01,2026-05-31,87.4,88.0,99.3,quality_system,QUALITY_2026-05,2026-05-31T23:59:00
REC00955,EMP023,RKPI010,2026-05-01,2026-05-31,88.9,85.0,88.9,ontime_delivery_system,TASKS_2026-05,2026-05-31T23:59:00
REC00956,EMP023,RKPI011,2026-05-01,2026-05-31,77.0,78.0,98.7,technical_skill_system,SKILLS_2026-05,2026-05-31T23:59:00
REC00957,EMP023,RKPI012,2026-05-01,2026-05-31,4.1,4.0,82.0,collaboration_system,FEEDBACK_2026-05,2026-05-31T23:59:00
REC00958,EMP023,RKPI013,2026-05-01,2026-05-31,88.6,75.0,100,learning_system,TRAINING_2026-05,2026-05-31T23:59:00
REC00959,EMP023,RKPI014,2026-05-01,2026-05-31,83.0,75.0,100,project_contribution_system,PROJECTS_2026-05,2026-05-31T23:59:00
REC00960,EMP023,RKPI008,2026-06-01,2026-06-30,85.7,45.0,100,task_completion_system,TASKS_2026-06,2026-06-30T23:59:00
REC00961,EMP023,RKPI009,2026-06-01,2026-06-30,83.1,88.0,94.4,quality_system,QUALITY_2026-06,2026-06-30T23:59:00
REC00962,EMP023,RKPI010,2026-06-01,2026-06-30,83.3,85.0,83.3,ontime_delivery_system,TASKS_2026-06,2026-06-30T23:59:00
REC00963,EMP023,RKPI011,2026-06-01,2026-06-30,80.0,78.0,100,technical_skill_system,SKILLS_2026-06,2026-06-30T23:59:00
REC00964,EMP023,RKPI012,2026-06-01,2026-06-30,4.2,4.0,84.0,collaboration_system,FEEDBACK_2026-06,2026-06-30T23:59:00
REC00965,EMP023,RKPI013,2026-06-01,2026-06-30,71.3,75.0,95.1,learning_system,TRAINING_2026-06,2026-06-30T23:59:00
REC00966,EMP023,RKPI014,2026-06-01,2026-06-30,71.8,75.0,95.7,project_contribution_system,PROJECTS_2026-06,2026-06-30T23:59:00
REC00967,EMP024,RKPI008,2026-01-01,2026-01-31,50.0,45.0,100,task_completion_system,TASKS_2026-01,2026-01-31T23:59:00
REC00968,EMP024,RKPI009,2026-01-01,2026-01-31,79.1,88.0,89.9,quality_system,QUALITY_2026-01,2026-01-31T23:59:00
REC00969,EMP024,RKPI010,2026-01-01,2026-01-31,100.0,85.0,100,ontime_delivery_system,TASKS_2026-01,2026-01-31T23:59:00
REC00970,EMP024,RKPI011,2026-01-01,2026-01-31,59.1,78.0,75.8,technical_skill_system,SKILLS_2026-01,2026-01-31T23:59:00
REC00971,EMP024,RKPI012,2026-01-01,2026-01-31,3.7,4.0,74.0,collaboration_system,FEEDBACK_2026-01,2026-01-31T23:59:00
REC00972,EMP024,RKPI013,2026-01-01,2026-01-31,70.6,75.0,94.1,learning_system,TRAINING_2026-01,2026-01-31T23:59:00
REC00973,EMP024,RKPI014,2026-01-01,2026-01-31,72.1,75.0,96.1,project_contribution_system,PROJECTS_2026-01,2026-01-31T23:59:00
REC00974,EMP024,RKPI008,2026-02-01,2026-02-28,72.7,45.0,100,task_completion_system,TASKS_2026-02,2026-02-28T23:59:00
REC00975,EMP024,RKPI009,2026-02-01,2026-02-28,77.8,88.0,88.4,quality_system,QUALITY_2026-02,2026-02-28T23:59:00
REC00976,EMP024,RKPI010,2026-02-01,2026-02-28,62.5,85.0,62.5,ontime_delivery_system,TASKS_2026-02,2026-02-28T23:59:00
REC00977,EMP024,RKPI011,2026-02-01,2026-02-28,50.2,78.0,64.4,technical_skill_system,SKILLS_2026-02,2026-02-28T23:59:00
REC00978,EMP024,RKPI012,2026-02-01,2026-02-28,3.3,4.0,66.0,collaboration_system,FEEDBACK_2026-02,2026-02-28T23:59:00
REC00979,EMP024,RKPI013,2026-02-01,2026-02-28,61.0,75.0,81.3,learning_system,TRAINING_2026-02,2026-02-28T23:59:00
REC00980,EMP024,RKPI014,2026-02-01,2026-02-28,69.8,75.0,93.1,project_contribution_system,PROJECTS_2026-02,2026-02-28T23:59:00
REC00981,EMP024,RKPI008,2026-03-01,2026-03-31,100.0,45.0,100,task_completion_system,TASKS_2026-03,2026-03-31T23:59:00
REC00982,EMP024,RKPI009,2026-03-01,2026-03-31,79.3,88.0,90.1,quality_system,QUALITY_2026-03,2026-03-31T23:59:00
REC00983,EMP024,RKPI010,2026-03-01,2026-03-31,85.7,85.0,85.7,ontime_delivery_system,TASKS_2026-03,2026-03-31T23:59:00
REC00984,EMP024,RKPI011,2026-03-01,2026-03-31,68.0,78.0,87.2,technical_skill_system,SKILLS_2026-03,2026-03-31T23:59:00
REC00985,EMP024,RKPI012,2026-03-01,2026-03-31,3.8,4.0,76.0,collaboration_system,FEEDBACK_2026-03,2026-03-31T23:59:00
REC00986,EMP024,RKPI013,2026-03-01,2026-03-31,51.9,75.0,69.2,learning_system,TRAINING_2026-03,2026-03-31T23:59:00
REC00987,EMP024,RKPI014,2026-03-01,2026-03-31,69.0,75.0,92.0,project_contribution_system,PROJECTS_2026-03,2026-03-31T23:59:00
REC00988,EMP024,RKPI008,2026-04-01,2026-04-30,62.5,45.0,100,task_completion_system,TASKS_2026-04,2026-04-30T23:59:00
REC00989,EMP024,RKPI009,2026-04-01,2026-04-30,80.0,88.0,90.9,quality_system,QUALITY_2026-04,2026-04-30T23:59:00
REC00990,EMP024,RKPI010,2026-04-01,2026-04-30,80.0,85.0,80.0,ontime_delivery_system,TASKS_2026-04,2026-04-30T23:59:00
REC00991,EMP024,RKPI011,2026-04-01,2026-04-30,43.7,78.0,56.0,technical_skill_system,SKILLS_2026-04,2026-04-30T23:59:00
REC00992,EMP024,RKPI012,2026-04-01,2026-04-30,3.5,4.0,70.0,collaboration_system,FEEDBACK_2026-04,2026-04-30T23:59:00
REC00993,EMP024,RKPI013,2026-04-01,2026-04-30,54.7,75.0,72.9,learning_system,TRAINING_2026-04,2026-04-30T23:59:00
REC00994,EMP024,RKPI014,2026-04-01,2026-04-30,82.5,75.0,100,project_contribution_system,PROJECTS_2026-04,2026-04-30T23:59:00
REC00995,EMP024,RKPI008,2026-05-01,2026-05-31,81.2,45.0,100,task_completion_system,TASKS_2026-05,2026-05-31T23:59:00
REC00996,EMP024,RKPI009,2026-05-01,2026-05-31,79.8,88.0,90.7,quality_system,QUALITY_2026-05,2026-05-31T23:59:00
REC00997,EMP024,RKPI010,2026-05-01,2026-05-31,84.6,85.0,84.6,ontime_delivery_system,TASKS_2026-05,2026-05-31T23:59:00
REC00998,EMP024,RKPI011,2026-05-01,2026-05-31,78.0,78.0,100,technical_skill_system,SKILLS_2026-05,2026-05-31T23:59:00
REC00999,EMP024,RKPI012,2026-05-01,2026-05-31,3.6,4.0,72.0,collaboration_system,FEEDBACK_2026-05,2026-05-31T23:59:00
REC01000,EMP024,RKPI013,2026-05-01,2026-05-31,72.9,75.0,97.2,learning_system,TRAINING_2026-05,2026-05-31T23:59:00
REC01001,EMP024,RKPI014,2026-05-01,2026-05-31,71.8,75.0,95.7,project_contribution_system,PROJECTS_2026-05,2026-05-31T23:59:00
REC01002,EMP024,RKPI008,2026-06-01,2026-06-30,50.0,45.0,100,task_completion_system,TASKS_2026-06,2026-06-30T23:59:00
REC01003,EMP024,RKPI009,2026-06-01,2026-06-30,72.1,88.0,81.9,quality_system,QUALITY_2026-06,2026-06-30T23:59:00
REC01004,EMP024,RKPI010,2026-06-01,2026-06-30,100.0,85.0,100,ontime_delivery_system,TASKS_2026-06,2026-06-30T23:59:00
REC01005,EMP024,RKPI011,2026-06-01,2026-06-30,74.0,78.0,94.9,technical_skill_system,SKILLS_2026-06,2026-06-30T23:59:00
REC01006,EMP024,RKPI012,2026-06-01,2026-06-30,3.0,4.0,60.0,collaboration_system,FEEDBACK_2026-06,2026-06-30T23:59:00
REC01007,EMP024,RKPI013,2026-06-01,2026-06-30,48.2,75.0,64.3,learning_system,TRAINING_2026-06,2026-06-30T23:59:00
REC01008,EMP024,RKPI014,2026-06-01,2026-06-30,56.7,75.0,75.6,project_contribution_system,PROJECTS_2026-06,2026-06-30T23:59:00
REC01009,EMP025,RKPI008,2026-01-01,2026-01-31,75.0,45.0,100,task_completion_system,TASKS_2026-01,2026-01-31T23:59:00
REC01010,EMP025,RKPI009,2026-01-01,2026-01-31,56.5,88.0,64.2,quality_system,QUALITY_2026-01,2026-01-31T23:59:00
REC01011,EMP025,RKPI010,2026-01-01,2026-01-31,50.0,85.0,50.0,ontime_delivery_system,TASKS_2026-01,2026-01-31T23:59:00
REC01012,EMP025,RKPI011,2026-01-01,2026-01-31,47.9,78.0,61.4,technical_skill_system,SKILLS_2026-01,2026-01-31T23:59:00
REC01013,EMP025,RKPI012,2026-01-01,2026-01-31,2.8,4.0,56.0,collaboration_system,FEEDBACK_2026-01,2026-01-31T23:59:00
REC01014,EMP025,RKPI013,2026-01-01,2026-01-31,44.8,75.0,59.7,learning_system,TRAINING_2026-01,2026-01-31T23:59:00
REC01015,EMP025,RKPI014,2026-01-01,2026-01-31,47.4,75.0,63.2,project_contribution_system,PROJECTS_2026-01,2026-01-31T23:59:00
REC01016,EMP025,RKPI008,2026-02-01,2026-02-28,83.3,45.0,100,task_completion_system,TASKS_2026-02,2026-02-28T23:59:00
REC01017,EMP025,RKPI009,2026-02-01,2026-02-28,68.0,88.0,77.3,quality_system,QUALITY_2026-02,2026-02-28T23:59:00
REC01018,EMP025,RKPI010,2026-02-01,2026-02-28,80.0,85.0,80.0,ontime_delivery_system,TASKS_2026-02,2026-02-28T23:59:00
REC01019,EMP025,RKPI011,2026-02-01,2026-02-28,25.7,78.0,32.9,technical_skill_system,SKILLS_2026-02,2026-02-28T23:59:00
REC01020,EMP025,RKPI012,2026-02-01,2026-02-28,2.8,4.0,56.0,collaboration_system,FEEDBACK_2026-02,2026-02-28T23:59:00
REC01021,EMP025,RKPI013,2026-02-01,2026-02-28,39.7,75.0,52.9,learning_system,TRAINING_2026-02,2026-02-28T23:59:00
REC01022,EMP025,RKPI014,2026-02-01,2026-02-28,61.3,75.0,81.7,project_contribution_system,PROJECTS_2026-02,2026-02-28T23:59:00
REC01023,EMP025,RKPI008,2026-03-01,2026-03-31,41.7,45.0,92.7,task_completion_system,TASKS_2026-03,2026-03-31T23:59:00
REC01024,EMP025,RKPI009,2026-03-01,2026-03-31,59.3,88.0,67.4,quality_system,QUALITY_2026-03,2026-03-31T23:59:00
REC01025,EMP025,RKPI010,2026-03-01,2026-03-31,60.0,85.0,60.0,ontime_delivery_system,TASKS_2026-03,2026-03-31T23:59:00
REC01026,EMP025,RKPI011,2026-03-01,2026-03-31,46.3,78.0,59.4,technical_skill_system,SKILLS_2026-03,2026-03-31T23:59:00
REC01027,EMP025,RKPI012,2026-03-01,2026-03-31,3.3,4.0,66.0,collaboration_system,FEEDBACK_2026-03,2026-03-31T23:59:00
REC01028,EMP025,RKPI013,2026-03-01,2026-03-31,34.7,75.0,46.3,learning_system,TRAINING_2026-03,2026-03-31T23:59:00
REC01029,EMP025,RKPI014,2026-03-01,2026-03-31,50.4,75.0,67.2,project_contribution_system,PROJECTS_2026-03,2026-03-31T23:59:00
REC01030,EMP025,RKPI008,2026-04-01,2026-04-30,66.7,45.0,100,task_completion_system,TASKS_2026-04,2026-04-30T23:59:00
REC01031,EMP025,RKPI009,2026-04-01,2026-04-30,54.1,88.0,61.5,quality_system,QUALITY_2026-04,2026-04-30T23:59:00
REC01032,EMP025,RKPI010,2026-04-01,2026-04-30,62.5,85.0,62.5,ontime_delivery_system,TASKS_2026-04,2026-04-30T23:59:00
REC01033,EMP025,RKPI011,2026-04-01,2026-04-30,59.0,78.0,75.6,technical_skill_system,SKILLS_2026-04,2026-04-30T23:59:00
REC01034,EMP025,RKPI012,2026-04-01,2026-04-30,3.0,4.0,60.0,collaboration_system,FEEDBACK_2026-04,2026-04-30T23:59:00
REC01035,EMP025,RKPI013,2026-04-01,2026-04-30,54.3,75.0,72.4,learning_system,TRAINING_2026-04,2026-04-30T23:59:00
REC01036,EMP025,RKPI014,2026-04-01,2026-04-30,62.0,75.0,82.7,project_contribution_system,PROJECTS_2026-04,2026-04-30T23:59:00
REC01037,EMP025,RKPI008,2026-05-01,2026-05-31,50.0,45.0,100,task_completion_system,TASKS_2026-05,2026-05-31T23:59:00
REC01038,EMP025,RKPI009,2026-05-01,2026-05-31,65.4,88.0,74.3,quality_system,QUALITY_2026-05,2026-05-31T23:59:00
REC01039,EMP025,RKPI010,2026-05-01,2026-05-31,0.0,85.0,0,ontime_delivery_system,TASKS_2026-05,2026-05-31T23:59:00
REC01040,EMP025,RKPI011,2026-05-01,2026-05-31,47.5,78.0,60.9,technical_skill_system,SKILLS_2026-05,2026-05-31T23:59:00
REC01041,EMP025,RKPI012,2026-05-01,2026-05-31,2.7,4.0,54.0,collaboration_system,FEEDBACK_2026-05,2026-05-31T23:59:00
REC01042,EMP025,RKPI013,2026-05-01,2026-05-31,32.0,75.0,42.7,learning_system,TRAINING_2026-05,2026-05-31T23:59:00
REC01043,EMP025,RKPI014,2026-05-01,2026-05-31,54.3,75.0,72.4,project_contribution_system,PROJECTS_2026-05,2026-05-31T23:59:00
REC01044,EMP025,RKPI008,2026-06-01,2026-06-30,40.0,45.0,88.9,task_completion_system,TASKS_2026-06,2026-06-30T23:59:00
REC01045,EMP025,RKPI009,2026-06-01,2026-06-30,68.4,88.0,77.7,quality_system,QUALITY_2026-06,2026-06-30T23:59:00
REC01046,EMP025,RKPI010,2026-06-01,2026-06-30,100.0,85.0,100,ontime_delivery_system,TASKS_2026-06,2026-06-30T23:59:00
REC01047,EMP025,RKPI011,2026-06-01,2026-06-30,60.0,78.0,76.9,technical_skill_system,SKILLS_2026-06,2026-06-30T23:59:00
REC01048,EMP025,RKPI012,2026-06-01,2026-06-30,3.0,4.0,60.0,collaboration_system,FEEDBACK_2026-06,2026-06-30T23:59:00
REC01049,EMP025,RKPI013,2026-06-01,2026-06-30,57.7,75.0,76.9,learning_system,TRAINING_2026-06,2026-06-30T23:59:00
REC01050,EMP025,RKPI014,2026-06-01,2026-06-30,54.5,75.0,72.7,project_contribution_system,PROJECTS_2026-06,2026-06-30T23:59:00
REC01051,EMP026,RKPI015,2026-01-01,2026-01-31,88.9,40.0,100,task_completion_system,TASKS_2026-01,2026-01-31T23:59:00
REC01052,EMP026,RKPI016,2026-01-01,2026-01-31,83.7,92.0,91.0,quality_system,QUALITY_2026-01,2026-01-31T23:59:00
REC01053,EMP026,RKPI017,2026-01-01,2026-01-31,87.5,88.0,87.5,ontime_delivery_system,TASKS_2026-01,2026-01-31T23:59:00
REC01054,EMP026,RKPI018,2026-01-01,2026-01-31,62.6,82.0,76.3,technical_skill_system,SKILLS_2026-01,2026-01-31T23:59:00
REC01055,EMP026,RKPI019,2026-01-01,2026-01-31,3.9,4.0,78.0,collaboration_system,FEEDBACK_2026-01,2026-01-31T23:59:00
REC01056,EMP026,RKPI020,2026-01-01,2026-01-31,89.3,78.0,100,learning_system,TRAINING_2026-01,2026-01-31T23:59:00
REC01057,EMP026,RKPI015,2026-02-01,2026-02-28,62.5,40.0,100,task_completion_system,TASKS_2026-02,2026-02-28T23:59:00
REC01058,EMP026,RKPI016,2026-02-01,2026-02-28,88.1,92.0,95.8,quality_system,QUALITY_2026-02,2026-02-28T23:59:00
REC01059,EMP026,RKPI017,2026-02-01,2026-02-28,100.0,88.0,100,ontime_delivery_system,TASKS_2026-02,2026-02-28T23:59:00
REC01060,EMP026,RKPI018,2026-02-01,2026-02-28,84.0,82.0,100,technical_skill_system,SKILLS_2026-02,2026-02-28T23:59:00
REC01061,EMP026,RKPI019,2026-02-01,2026-02-28,3.7,4.0,74.0,collaboration_system,FEEDBACK_2026-02,2026-02-28T23:59:00
REC01062,EMP026,RKPI020,2026-02-01,2026-02-28,76.8,78.0,98.5,learning_system,TRAINING_2026-02,2026-02-28T23:59:00
REC01063,EMP026,RKPI015,2026-03-01,2026-03-31,100.0,40.0,100,task_completion_system,TASKS_2026-03,2026-03-31T23:59:00
REC01064,EMP026,RKPI016,2026-03-01,2026-03-31,76.8,92.0,83.5,quality_system,QUALITY_2026-03,2026-03-31T23:59:00
REC01065,EMP026,RKPI017,2026-03-01,2026-03-31,100.0,88.0,100,ontime_delivery_system,TASKS_2026-03,2026-03-31T23:59:00
REC01066,EMP026,RKPI018,2026-03-01,2026-03-31,77.3,82.0,94.3,technical_skill_system,SKILLS_2026-03,2026-03-31T23:59:00
REC01067,EMP026,RKPI019,2026-03-01,2026-03-31,4.1,4.0,82.0,collaboration_system,FEEDBACK_2026-03,2026-03-31T23:59:00
REC01068,EMP026,RKPI020,2026-03-01,2026-03-31,62.6,78.0,80.3,learning_system,TRAINING_2026-03,2026-03-31T23:59:00
REC01069,EMP026,RKPI015,2026-04-01,2026-04-30,88.9,40.0,100,task_completion_system,TASKS_2026-04,2026-04-30T23:59:00
REC01070,EMP026,RKPI016,2026-04-01,2026-04-30,71.8,92.0,78.0,quality_system,QUALITY_2026-04,2026-04-30T23:59:00
REC01071,EMP026,RKPI017,2026-04-01,2026-04-30,100.0,88.0,100,ontime_delivery_system,TASKS_2026-04,2026-04-30T23:59:00
REC01072,EMP026,RKPI018,2026-04-01,2026-04-30,74.0,82.0,90.2,technical_skill_system,SKILLS_2026-04,2026-04-30T23:59:00
REC01073,EMP026,RKPI019,2026-04-01,2026-04-30,3.8,4.0,76.0,collaboration_system,FEEDBACK_2026-04,2026-04-30T23:59:00
REC01074,EMP026,RKPI020,2026-04-01,2026-04-30,71.7,78.0,91.9,learning_system,TRAINING_2026-04,2026-04-30T23:59:00
REC01075,EMP026,RKPI015,2026-05-01,2026-05-31,81.8,40.0,100,task_completion_system,TASKS_2026-05,2026-05-31T23:59:00
REC01076,EMP026,RKPI016,2026-05-01,2026-05-31,85.0,92.0,92.4,quality_system,QUALITY_2026-05,2026-05-31T23:59:00
REC01077,EMP026,RKPI017,2026-05-01,2026-05-31,100.0,88.0,100,ontime_delivery_system,TASKS_2026-05,2026-05-31T23:59:00
REC01078,EMP026,RKPI018,2026-05-01,2026-05-31,82.0,82.0,100,technical_skill_system,SKILLS_2026-05,2026-05-31T23:59:00
REC01079,EMP026,RKPI019,2026-05-01,2026-05-31,4.1,4.0,82.0,collaboration_system,FEEDBACK_2026-05,2026-05-31T23:59:00
REC01080,EMP026,RKPI020,2026-05-01,2026-05-31,63.1,78.0,80.9,learning_system,TRAINING_2026-05,2026-05-31T23:59:00
REC01081,EMP026,RKPI015,2026-06-01,2026-06-30,78.6,40.0,100,task_completion_system,TASKS_2026-06,2026-06-30T23:59:00
REC01082,EMP026,RKPI016,2026-06-01,2026-06-30,82.8,92.0,90.0,quality_system,QUALITY_2026-06,2026-06-30T23:59:00
REC01083,EMP026,RKPI017,2026-06-01,2026-06-30,81.8,88.0,81.8,ontime_delivery_system,TASKS_2026-06,2026-06-30T23:59:00
REC01084,EMP026,RKPI018,2026-06-01,2026-06-30,78.2,82.0,95.4,technical_skill_system,SKILLS_2026-06,2026-06-30T23:59:00
REC01085,EMP026,RKPI019,2026-06-01,2026-06-30,3.9,4.0,78.0,collaboration_system,FEEDBACK_2026-06,2026-06-30T23:59:00
REC01086,EMP026,RKPI020,2026-06-01,2026-06-30,75.3,78.0,96.5,learning_system,TRAINING_2026-06,2026-06-30T23:59:00
REC01087,EMP027,RKPI015,2026-01-01,2026-01-31,85.7,40.0,100,task_completion_system,TASKS_2026-01,2026-01-31T23:59:00
REC01088,EMP027,RKPI016,2026-01-01,2026-01-31,77.1,92.0,83.8,quality_system,QUALITY_2026-01,2026-01-31T23:59:00
REC01089,EMP027,RKPI017,2026-01-01,2026-01-31,33.3,88.0,33.3,ontime_delivery_system,TASKS_2026-01,2026-01-31T23:59:00
REC01090,EMP027,RKPI018,2026-01-01,2026-01-31,78.0,82.0,95.1,technical_skill_system,SKILLS_2026-01,2026-01-31T23:59:00
REC01091,EMP027,RKPI019,2026-01-01,2026-01-31,3.4,4.0,68.0,collaboration_system,FEEDBACK_2026-01,2026-01-31T23:59:00
REC01092,EMP027,RKPI020,2026-01-01,2026-01-31,56.9,78.0,72.9,learning_system,TRAINING_2026-01,2026-01-31T23:59:00
REC01093,EMP027,RKPI015,2026-02-01,2026-02-28,75.0,40.0,100,task_completion_system,TASKS_2026-02,2026-02-28T23:59:00
REC01094,EMP027,RKPI016,2026-02-01,2026-02-28,68.0,92.0,73.9,quality_system,QUALITY_2026-02,2026-02-28T23:59:00
REC01095,EMP027,RKPI017,2026-02-01,2026-02-28,66.7,88.0,66.7,ontime_delivery_system,TASKS_2026-02,2026-02-28T23:59:00
REC01096,EMP027,RKPI018,2026-02-01,2026-02-28,47.3,82.0,57.7,technical_skill_system,SKILLS_2026-02,2026-02-28T23:59:00
REC01097,EMP027,RKPI019,2026-02-01,2026-02-28,3.1,4.0,62.0,collaboration_system,FEEDBACK_2026-02,2026-02-28T23:59:00
REC01098,EMP027,RKPI020,2026-02-01,2026-02-28,54.9,78.0,70.4,learning_system,TRAINING_2026-02,2026-02-28T23:59:00
REC01099,EMP027,RKPI015,2026-03-01,2026-03-31,66.7,40.0,100,task_completion_system,TASKS_2026-03,2026-03-31T23:59:00
REC01100,EMP027,RKPI016,2026-03-01,2026-03-31,63.7,92.0,69.2,quality_system,QUALITY_2026-03,2026-03-31T23:59:00
REC01101,EMP027,RKPI017,2026-03-01,2026-03-31,75.0,88.0,75.0,ontime_delivery_system,TASKS_2026-03,2026-03-31T23:59:00
REC01102,EMP027,RKPI018,2026-03-01,2026-03-31,71.0,82.0,86.6,technical_skill_system,SKILLS_2026-03,2026-03-31T23:59:00
REC01103,EMP027,RKPI019,2026-03-01,2026-03-31,3.5,4.0,70.0,collaboration_system,FEEDBACK_2026-03,2026-03-31T23:59:00
REC01104,EMP027,RKPI020,2026-03-01,2026-03-31,66.3,78.0,85.0,learning_system,TRAINING_2026-03,2026-03-31T23:59:00
REC01105,EMP027,RKPI015,2026-04-01,2026-04-30,76.9,40.0,100,task_completion_system,TASKS_2026-04,2026-04-30T23:59:00
REC01106,EMP027,RKPI016,2026-04-01,2026-04-30,72.3,92.0,78.6,quality_system,QUALITY_2026-04,2026-04-30T23:59:00
REC01107,EMP027,RKPI017,2026-04-01,2026-04-30,60.0,88.0,60.0,ontime_delivery_system,TASKS_2026-04,2026-04-30T23:59:00
REC01108,EMP027,RKPI018,2026-04-01,2026-04-30,44.7,82.0,54.5,technical_skill_system,SKILLS_2026-04,2026-04-30T23:59:00
REC01109,EMP027,RKPI019,2026-04-01,2026-04-30,3.1,4.0,62.0,collaboration_system,FEEDBACK_2026-04,2026-04-30T23:59:00
REC01110,EMP027,RKPI020,2026-04-01,2026-04-30,56.3,78.0,72.2,learning_system,TRAINING_2026-04,2026-04-30T23:59:00
REC01111,EMP027,RKPI015,2026-05-01,2026-05-31,80.0,40.0,100,task_completion_system,TASKS_2026-05,2026-05-31T23:59:00
REC01112,EMP027,RKPI016,2026-05-01,2026-05-31,72.6,92.0,78.9,quality_system,QUALITY_2026-05,2026-05-31T23:59:00
REC01113,EMP027,RKPI017,2026-05-01,2026-05-31,75.0,88.0,75.0,ontime_delivery_system,TASKS_2026-05,2026-05-31T23:59:00
REC01114,EMP027,RKPI018,2026-05-01,2026-05-31,70.0,82.0,85.4,technical_skill_system,SKILLS_2026-05,2026-05-31T23:59:00
REC01115,EMP027,RKPI019,2026-05-01,2026-05-31,3.6,4.0,72.0,collaboration_system,FEEDBACK_2026-05,2026-05-31T23:59:00
REC01116,EMP027,RKPI020,2026-05-01,2026-05-31,61.7,78.0,79.1,learning_system,TRAINING_2026-05,2026-05-31T23:59:00
REC01117,EMP027,RKPI015,2026-06-01,2026-06-30,66.7,40.0,100,task_completion_system,TASKS_2026-06,2026-06-30T23:59:00
REC01118,EMP027,RKPI016,2026-06-01,2026-06-30,74.2,92.0,80.7,quality_system,QUALITY_2026-06,2026-06-30T23:59:00
REC01119,EMP027,RKPI017,2026-06-01,2026-06-30,83.3,88.0,83.3,ontime_delivery_system,TASKS_2026-06,2026-06-30T23:59:00
REC01120,EMP027,RKPI018,2026-06-01,2026-06-30,71.6,82.0,87.3,technical_skill_system,SKILLS_2026-06,2026-06-30T23:59:00
REC01121,EMP027,RKPI019,2026-06-01,2026-06-30,4.0,4.0,80.0,collaboration_system,FEEDBACK_2026-06,2026-06-30T23:59:00
REC01122,EMP027,RKPI020,2026-06-01,2026-06-30,57.0,78.0,73.1,learning_system,TRAINING_2026-06,2026-06-30T23:59:00
REC01123,EMP028,RKPI015,2026-01-01,2026-01-31,50.0,40.0,100,task_completion_system,TASKS_2026-01,2026-01-31T23:59:00
REC01124,EMP028,RKPI016,2026-01-01,2026-01-31,59.1,92.0,64.2,quality_system,QUALITY_2026-01,2026-01-31T23:59:00
REC01125,EMP028,RKPI017,2026-01-01,2026-01-31,75.0,88.0,75.0,ontime_delivery_system,TASKS_2026-01,2026-01-31T23:59:00
REC01126,EMP028,RKPI018,2026-01-01,2026-01-31,70.0,82.0,85.4,technical_skill_system,SKILLS_2026-01,2026-01-31T23:59:00
REC01127,EMP028,RKPI019,2026-01-01,2026-01-31,3.2,4.0,64.0,collaboration_system,FEEDBACK_2026-01,2026-01-31T23:59:00
REC01128,EMP028,RKPI020,2026-01-01,2026-01-31,54.1,78.0,69.4,learning_system,TRAINING_2026-01,2026-01-31T23:59:00
REC01129,EMP028,RKPI015,2026-02-01,2026-02-28,60.0,40.0,100,task_completion_system,TASKS_2026-02,2026-02-28T23:59:00
REC01130,EMP028,RKPI016,2026-02-01,2026-02-28,60.8,92.0,66.1,quality_system,QUALITY_2026-02,2026-02-28T23:59:00
REC01131,EMP028,RKPI017,2026-02-01,2026-02-28,66.7,88.0,66.7,ontime_delivery_system,TASKS_2026-02,2026-02-28T23:59:00
REC01132,EMP028,RKPI018,2026-02-01,2026-02-28,33.7,82.0,41.1,technical_skill_system,SKILLS_2026-02,2026-02-28T23:59:00
REC01133,EMP028,RKPI019,2026-02-01,2026-02-28,3.1,4.0,62.0,collaboration_system,FEEDBACK_2026-02,2026-02-28T23:59:00
REC01134,EMP028,RKPI020,2026-02-01,2026-02-28,35.5,78.0,45.5,learning_system,TRAINING_2026-02,2026-02-28T23:59:00
REC01135,EMP028,RKPI015,2026-03-01,2026-03-31,71.4,40.0,100,task_completion_system,TASKS_2026-03,2026-03-31T23:59:00
REC01136,EMP028,RKPI016,2026-03-01,2026-03-31,50.7,92.0,55.1,quality_system,QUALITY_2026-03,2026-03-31T23:59:00
REC01137,EMP028,RKPI017,2026-03-01,2026-03-31,60.0,88.0,60.0,ontime_delivery_system,TASKS_2026-03,2026-03-31T23:59:00
REC01138,EMP028,RKPI018,2026-03-01,2026-03-31,58.0,82.0,70.7,technical_skill_system,SKILLS_2026-03,2026-03-31T23:59:00
REC01139,EMP028,RKPI019,2026-03-01,2026-03-31,3.0,4.0,60.0,collaboration_system,FEEDBACK_2026-03,2026-03-31T23:59:00
REC01140,EMP028,RKPI020,2026-03-01,2026-03-31,44.5,78.0,57.1,learning_system,TRAINING_2026-03,2026-03-31T23:59:00
REC01141,EMP028,RKPI015,2026-04-01,2026-04-30,62.5,40.0,100,task_completion_system,TASKS_2026-04,2026-04-30T23:59:00
REC01142,EMP028,RKPI016,2026-04-01,2026-04-30,57.9,92.0,62.9,quality_system,QUALITY_2026-04,2026-04-30T23:59:00
REC01143,EMP028,RKPI017,2026-04-01,2026-04-30,80.0,88.0,80.0,ontime_delivery_system,TASKS_2026-04,2026-04-30T23:59:00
REC01144,EMP028,RKPI018,2026-04-01,2026-04-30,66.0,82.0,80.5,technical_skill_system,SKILLS_2026-04,2026-04-30T23:59:00
REC01145,EMP028,RKPI019,2026-04-01,2026-04-30,3.5,4.0,70.0,collaboration_system,FEEDBACK_2026-04,2026-04-30T23:59:00
REC01146,EMP028,RKPI020,2026-04-01,2026-04-30,42.2,78.0,54.1,learning_system,TRAINING_2026-04,2026-04-30T23:59:00
REC01147,EMP028,RKPI015,2026-05-01,2026-05-31,28.6,40.0,71.5,task_completion_system,TASKS_2026-05,2026-05-31T23:59:00
REC01148,EMP028,RKPI016,2026-05-01,2026-05-31,48.0,92.0,52.2,quality_system,QUALITY_2026-05,2026-05-31T23:59:00
REC01149,EMP028,RKPI017,2026-05-01,2026-05-31,25.0,88.0,25.0,ontime_delivery_system,TASKS_2026-05,2026-05-31T23:59:00
REC01150,EMP028,RKPI018,2026-05-01,2026-05-31,53.3,82.0,65.0,technical_skill_system,SKILLS_2026-05,2026-05-31T23:59:00
REC01151,EMP028,RKPI019,2026-05-01,2026-05-31,3.0,4.0,60.0,collaboration_system,FEEDBACK_2026-05,2026-05-31T23:59:00
REC01152,EMP028,RKPI020,2026-05-01,2026-05-31,46.5,78.0,59.6,learning_system,TRAINING_2026-05,2026-05-31T23:59:00
REC01153,EMP028,RKPI015,2026-06-01,2026-06-30,85.7,40.0,100,task_completion_system,TASKS_2026-06,2026-06-30T23:59:00
REC01154,EMP028,RKPI016,2026-06-01,2026-06-30,46.8,92.0,50.9,quality_system,QUALITY_2026-06,2026-06-30T23:59:00
REC01155,EMP028,RKPI017,2026-06-01,2026-06-30,83.3,88.0,83.3,ontime_delivery_system,TASKS_2026-06,2026-06-30T23:59:00
REC01156,EMP028,RKPI018,2026-06-01,2026-06-30,66.0,82.0,80.5,technical_skill_system,SKILLS_2026-06,2026-06-30T23:59:00
REC01157,EMP028,RKPI019,2026-06-01,2026-06-30,3.1,4.0,62.0,collaboration_system,FEEDBACK_2026-06,2026-06-30T23:59:00
REC01158,EMP028,RKPI020,2026-06-01,2026-06-30,58.6,78.0,75.1,learning_system,TRAINING_2026-06,2026-06-30T23:59:00
REC01159,EMP029,RKPI015,2026-01-01,2026-01-31,66.7,40.0,100,task_completion_system,TASKS_2026-01,2026-01-31T23:59:00
REC01160,EMP029,RKPI016,2026-01-01,2026-01-31,91.1,92.0,99.0,quality_system,QUALITY_2026-01,2026-01-31T23:59:00
REC01161,EMP029,RKPI017,2026-01-01,2026-01-31,50.0,88.0,50.0,ontime_delivery_system,TASKS_2026-01,2026-01-31T23:59:00
REC01162,EMP029,RKPI018,2026-01-01,2026-01-31,71.0,82.0,86.6,technical_skill_system,SKILLS_2026-01,2026-01-31T23:59:00
REC01163,EMP029,RKPI019,2026-01-01,2026-01-31,4.4,4.0,88.0,collaboration_system,FEEDBACK_2026-01,2026-01-31T23:59:00
REC01164,EMP029,RKPI020,2026-01-01,2026-01-31,75.5,78.0,96.8,learning_system,TRAINING_2026-01,2026-01-31T23:59:00
REC01165,EMP029,RKPI015,2026-02-01,2026-02-28,88.9,40.0,100,task_completion_system,TASKS_2026-02,2026-02-28T23:59:00
REC01166,EMP029,RKPI016,2026-02-01,2026-02-28,93.2,92.0,100,quality_system,QUALITY_2026-02,2026-02-28T23:59:00
REC01167,EMP029,RKPI017,2026-02-01,2026-02-28,100.0,88.0,100,ontime_delivery_system,TASKS_2026-02,2026-02-28T23:59:00
REC01168,EMP029,RKPI018,2026-02-01,2026-02-28,80.0,82.0,97.6,technical_skill_system,SKILLS_2026-02,2026-02-28T23:59:00
REC01169,EMP029,RKPI019,2026-02-01,2026-02-28,3.9,4.0,78.0,collaboration_system,FEEDBACK_2026-02,2026-02-28T23:59:00
REC01170,EMP029,RKPI020,2026-02-01,2026-02-28,71.4,78.0,91.5,learning_system,TRAINING_2026-02,2026-02-28T23:59:00
REC01171,EMP029,RKPI015,2026-03-01,2026-03-31,72.7,40.0,100,task_completion_system,TASKS_2026-03,2026-03-31T23:59:00
REC01172,EMP029,RKPI016,2026-03-01,2026-03-31,87.1,92.0,94.7,quality_system,QUALITY_2026-03,2026-03-31T23:59:00
REC01173,EMP029,RKPI017,2026-03-01,2026-03-31,75.0,88.0,75.0,ontime_delivery_system,TASKS_2026-03,2026-03-31T23:59:00
REC01174,EMP029,RKPI018,2026-03-01,2026-03-31,68.1,82.0,83.0,technical_skill_system,SKILLS_2026-03,2026-03-31T23:59:00
REC01175,EMP029,RKPI019,2026-03-01,2026-03-31,4.3,4.0,86.0,collaboration_system,FEEDBACK_2026-03,2026-03-31T23:59:00
REC01176,EMP029,RKPI020,2026-03-01,2026-03-31,70.8,78.0,90.8,learning_system,TRAINING_2026-03,2026-03-31T23:59:00
REC01177,EMP029,RKPI015,2026-04-01,2026-04-30,83.3,40.0,100,task_completion_system,TASKS_2026-04,2026-04-30T23:59:00
REC01178,EMP029,RKPI016,2026-04-01,2026-04-30,89.0,92.0,96.7,quality_system,QUALITY_2026-04,2026-04-30T23:59:00
REC01179,EMP029,RKPI017,2026-04-01,2026-04-30,100.0,88.0,100,ontime_delivery_system,TASKS_2026-04,2026-04-30T23:59:00
REC01180,EMP029,RKPI018,2026-04-01,2026-04-30,66.2,82.0,80.7,technical_skill_system,SKILLS_2026-04,2026-04-30T23:59:00
REC01181,EMP029,RKPI019,2026-04-01,2026-04-30,4.3,4.0,86.0,collaboration_system,FEEDBACK_2026-04,2026-04-30T23:59:00
REC01182,EMP029,RKPI020,2026-04-01,2026-04-30,67.4,78.0,86.4,learning_system,TRAINING_2026-04,2026-04-30T23:59:00
REC01183,EMP029,RKPI015,2026-05-01,2026-05-31,80.0,40.0,100,task_completion_system,TASKS_2026-05,2026-05-31T23:59:00
REC01184,EMP029,RKPI016,2026-05-01,2026-05-31,75.2,92.0,81.7,quality_system,QUALITY_2026-05,2026-05-31T23:59:00
REC01185,EMP029,RKPI017,2026-05-01,2026-05-31,100.0,88.0,100,ontime_delivery_system,TASKS_2026-05,2026-05-31T23:59:00
REC01186,EMP029,RKPI018,2026-05-01,2026-05-31,81.0,82.0,98.8,technical_skill_system,SKILLS_2026-05,2026-05-31T23:59:00
REC01187,EMP029,RKPI019,2026-05-01,2026-05-31,3.9,4.0,78.0,collaboration_system,FEEDBACK_2026-05,2026-05-31T23:59:00
REC01188,EMP029,RKPI020,2026-05-01,2026-05-31,66.6,78.0,85.4,learning_system,TRAINING_2026-05,2026-05-31T23:59:00
REC01189,EMP029,RKPI015,2026-06-01,2026-06-30,75.0,40.0,100,task_completion_system,TASKS_2026-06,2026-06-30T23:59:00
REC01190,EMP029,RKPI016,2026-06-01,2026-06-30,80.9,92.0,87.9,quality_system,QUALITY_2026-06,2026-06-30T23:59:00
REC01191,EMP029,RKPI017,2026-06-01,2026-06-30,83.3,88.0,83.3,ontime_delivery_system,TASKS_2026-06,2026-06-30T23:59:00
REC01192,EMP029,RKPI018,2026-06-01,2026-06-30,80.0,82.0,97.6,technical_skill_system,SKILLS_2026-06,2026-06-30T23:59:00
REC01193,EMP029,RKPI019,2026-06-01,2026-06-30,3.9,4.0,78.0,collaboration_system,FEEDBACK_2026-06,2026-06-30T23:59:00
REC01194,EMP029,RKPI020,2026-06-01,2026-06-30,77.1,78.0,98.8,learning_system,TRAINING_2026-06,2026-06-30T23:59:00
REC01195,EMP030,RKPI015,2026-01-01,2026-01-31,37.5,40.0,93.8,task_completion_system,TASKS_2026-01,2026-01-31T23:59:00
REC01196,EMP030,RKPI016,2026-01-01,2026-01-31,48.5,92.0,52.7,quality_system,QUALITY_2026-01,2026-01-31T23:59:00
REC01197,EMP030,RKPI017,2026-01-01,2026-01-31,100.0,88.0,100,ontime_delivery_system,TASKS_2026-01,2026-01-31T23:59:00
REC01198,EMP030,RKPI018,2026-01-01,2026-01-31,17.7,82.0,21.6,technical_skill_system,SKILLS_2026-01,2026-01-31T23:59:00
REC01199,EMP030,RKPI019,2026-01-01,2026-01-31,2.6,4.0,52.0,collaboration_system,FEEDBACK_2026-01,2026-01-31T23:59:00
REC01200,EMP030,RKPI020,2026-01-01,2026-01-31,41.7,78.0,53.5,learning_system,TRAINING_2026-01,2026-01-31T23:59:00
REC01201,EMP030,RKPI015,2026-02-01,2026-02-28,37.5,40.0,93.8,task_completion_system,TASKS_2026-02,2026-02-28T23:59:00
REC01202,EMP030,RKPI016,2026-02-01,2026-02-28,48.3,92.0,52.5,quality_system,QUALITY_2026-02,2026-02-28T23:59:00
REC01203,EMP030,RKPI017,2026-02-01,2026-02-28,33.3,88.0,33.3,ontime_delivery_system,TASKS_2026-02,2026-02-28T23:59:00
REC01204,EMP030,RKPI018,2026-02-01,2026-02-28,42.4,82.0,51.7,technical_skill_system,SKILLS_2026-02,2026-02-28T23:59:00
REC01205,EMP030,RKPI019,2026-02-01,2026-02-28,2.3,4.0,46.0,collaboration_system,FEEDBACK_2026-02,2026-02-28T23:59:00
REC01206,EMP030,RKPI020,2026-02-01,2026-02-28,28.4,78.0,36.4,learning_system,TRAINING_2026-02,2026-02-28T23:59:00
REC01207,EMP030,RKPI015,2026-03-01,2026-03-31,25.0,40.0,62.5,task_completion_system,TASKS_2026-03,2026-03-31T23:59:00
REC01208,EMP030,RKPI016,2026-03-01,2026-03-31,35.2,92.0,38.3,quality_system,QUALITY_2026-03,2026-03-31T23:59:00
REC01209,EMP030,RKPI017,2026-03-01,2026-03-31,0.0,88.0,0,ontime_delivery_system,TASKS_2026-03,2026-03-31T23:59:00
REC01210,EMP030,RKPI018,2026-03-01,2026-03-31,41.6,82.0,50.7,technical_skill_system,SKILLS_2026-03,2026-03-31T23:59:00
REC01211,EMP030,RKPI019,2026-03-01,2026-03-31,2.9,4.0,58.0,collaboration_system,FEEDBACK_2026-03,2026-03-31T23:59:00
REC01212,EMP030,RKPI020,2026-03-01,2026-03-31,30.9,78.0,39.6,learning_system,TRAINING_2026-03,2026-03-31T23:59:00
REC01213,EMP030,RKPI015,2026-04-01,2026-04-30,50.0,40.0,100,task_completion_system,TASKS_2026-04,2026-04-30T23:59:00
REC01214,EMP030,RKPI016,2026-04-01,2026-04-30,42.6,92.0,46.3,quality_system,QUALITY_2026-04,2026-04-30T23:59:00
REC01215,EMP030,RKPI017,2026-04-01,2026-04-30,100.0,88.0,100,ontime_delivery_system,TASKS_2026-04,2026-04-30T23:59:00
REC01216,EMP030,RKPI018,2026-04-01,2026-04-30,60.0,82.0,73.2,technical_skill_system,SKILLS_2026-04,2026-04-30T23:59:00
REC01217,EMP030,RKPI019,2026-04-01,2026-04-30,2.1,4.0,42.0,collaboration_system,FEEDBACK_2026-04,2026-04-30T23:59:00
REC01218,EMP030,RKPI020,2026-04-01,2026-04-30,24.1,78.0,30.9,learning_system,TRAINING_2026-04,2026-04-30T23:59:00
REC01219,EMP030,RKPI015,2026-05-01,2026-05-31,0.0,40.0,0,task_completion_system,TASKS_2026-05,2026-05-31T23:59:00
REC01220,EMP030,RKPI016,2026-05-01,2026-05-31,73.60000000000001,92.0,80.0,quality_system,QUALITY_2026-05,2026-05-31T23:59:00
REC01221,EMP030,RKPI017,2026-05-01,2026-05-31,0,88.0,0,ontime_delivery_system,TASKS_2026-05,2026-05-31T23:59:00
REC01222,EMP030,RKPI018,2026-05-01,2026-05-31,46.5,82.0,56.7,technical_skill_system,SKILLS_2026-05,2026-05-31T23:59:00
REC01223,EMP030,RKPI019,2026-05-01,2026-05-31,2.4,4.0,48.0,collaboration_system,FEEDBACK_2026-05,2026-05-31T23:59:00
REC01224,EMP030,RKPI020,2026-05-01,2026-05-31,31.8,78.0,40.8,learning_system,TRAINING_2026-05,2026-05-31T23:59:00
REC01225,EMP030,RKPI015,2026-06-01,2026-06-30,40.0,40.0,100,task_completion_system,TASKS_2026-06,2026-06-30T23:59:00
REC01226,EMP030,RKPI016,2026-06-01,2026-06-30,57.1,92.0,62.1,quality_system,QUALITY_2026-06,2026-06-30T23:59:00
REC01227,EMP030,RKPI017,2026-06-01,2026-06-30,100.0,88.0,100,ontime_delivery_system,TASKS_2026-06,2026-06-30T23:59:00
REC01228,EMP030,RKPI018,2026-06-01,2026-06-30,57.0,82.0,69.5,technical_skill_system,SKILLS_2026-06,2026-06-30T23:59:00
REC01229,EMP030,RKPI019,2026-06-01,2026-06-30,2.2,4.0,44.0,collaboration_system,FEEDBACK_2026-06,2026-06-30T23:59:00
REC01230,EMP030,RKPI020,2026-06-01,2026-06-30,23.5,78.0,30.1,learning_system,TRAINING_2026-06,2026-06-30T23:59:00
REC01231,EMP031,RKPI015,2026-01-01,2026-01-31,55.6,40.0,100,task_completion_system,TASKS_2026-01,2026-01-31T23:59:00
REC01232,EMP031,RKPI016,2026-01-01,2026-01-31,75.2,92.0,81.7,quality_system,QUALITY_2026-01,2026-01-31T23:59:00
REC01233,EMP031,RKPI017,2026-01-01,2026-01-31,100.0,88.0,100,ontime_delivery_system,TASKS_2026-01,2026-01-31T23:59:00
REC01234,EMP031,RKPI018,2026-01-01,2026-01-31,57.6,82.0,70.2,technical_skill_system,SKILLS_2026-01,2026-01-31T23:59:00
REC01235,EMP031,RKPI019,2026-01-01,2026-01-31,3.5,4.0,70.0,collaboration_system,FEEDBACK_2026-01,2026-01-31T23:59:00
REC01236,EMP031,RKPI020,2026-01-01,2026-01-31,59.3,78.0,76.0,learning_system,TRAINING_2026-01,2026-01-31T23:59:00
REC01237,EMP031,RKPI015,2026-02-01,2026-02-28,87.5,40.0,100,task_completion_system,TASKS_2026-02,2026-02-28T23:59:00
REC01238,EMP031,RKPI016,2026-02-01,2026-02-28,68.4,92.0,74.3,quality_system,QUALITY_2026-02,2026-02-28T23:59:00
REC01239,EMP031,RKPI017,2026-02-01,2026-02-28,71.4,88.0,71.4,ontime_delivery_system,TASKS_2026-02,2026-02-28T23:59:00
REC01240,EMP031,RKPI018,2026-02-01,2026-02-28,76.0,82.0,92.7,technical_skill_system,SKILLS_2026-02,2026-02-28T23:59:00
REC01241,EMP031,RKPI019,2026-02-01,2026-02-28,3.2,4.0,64.0,collaboration_system,FEEDBACK_2026-02,2026-02-28T23:59:00
REC01242,EMP031,RKPI020,2026-02-01,2026-02-28,56.5,78.0,72.4,learning_system,TRAINING_2026-02,2026-02-28T23:59:00
REC01243,EMP031,RKPI015,2026-03-01,2026-03-31,91.7,40.0,100,task_completion_system,TASKS_2026-03,2026-03-31T23:59:00
REC01244,EMP031,RKPI016,2026-03-01,2026-03-31,70.5,92.0,76.6,quality_system,QUALITY_2026-03,2026-03-31T23:59:00
REC01245,EMP031,RKPI017,2026-03-01,2026-03-31,72.7,88.0,72.7,ontime_delivery_system,TASKS_2026-03,2026-03-31T23:59:00
REC01246,EMP031,RKPI018,2026-03-01,2026-03-31,74.0,82.0,90.2,technical_skill_system,SKILLS_2026-03,2026-03-31T23:59:00
REC01247,EMP031,RKPI019,2026-03-01,2026-03-31,3.8,4.0,76.0,collaboration_system,FEEDBACK_2026-03,2026-03-31T23:59:00
REC01248,EMP031,RKPI020,2026-03-01,2026-03-31,58.3,78.0,74.7,learning_system,TRAINING_2026-03,2026-03-31T23:59:00
REC01249,EMP031,RKPI015,2026-04-01,2026-04-30,66.7,40.0,100,task_completion_system,TASKS_2026-04,2026-04-30T23:59:00
REC01250,EMP031,RKPI016,2026-04-01,2026-04-30,72.6,92.0,78.9,quality_system,QUALITY_2026-04,2026-04-30T23:59:00
REC01251,EMP031,RKPI017,2026-04-01,2026-04-30,62.5,88.0,62.5,ontime_delivery_system,TASKS_2026-04,2026-04-30T23:59:00
REC01252,EMP031,RKPI018,2026-04-01,2026-04-30,64.8,82.0,79.0,technical_skill_system,SKILLS_2026-04,2026-04-30T23:59:00
REC01253,EMP031,RKPI019,2026-04-01,2026-04-30,3.8,4.0,76.0,collaboration_system,FEEDBACK_2026-04,2026-04-30T23:59:00
REC01254,EMP031,RKPI020,2026-04-01,2026-04-30,58.8,78.0,75.4,learning_system,TRAINING_2026-04,2026-04-30T23:59:00
REC01255,EMP031,RKPI015,2026-05-01,2026-05-31,87.5,40.0,100,task_completion_system,TASKS_2026-05,2026-05-31T23:59:00
REC01256,EMP031,RKPI016,2026-05-01,2026-05-31,61.8,92.0,67.2,quality_system,QUALITY_2026-05,2026-05-31T23:59:00
REC01257,EMP031,RKPI017,2026-05-01,2026-05-31,100.0,88.0,100,ontime_delivery_system,TASKS_2026-05,2026-05-31T23:59:00
REC01258,EMP031,RKPI018,2026-05-01,2026-05-31,68.0,82.0,82.9,technical_skill_system,SKILLS_2026-05,2026-05-31T23:59:00
REC01259,EMP031,RKPI019,2026-05-01,2026-05-31,3.3,4.0,66.0,collaboration_system,FEEDBACK_2026-05,2026-05-31T23:59:00
REC01260,EMP031,RKPI020,2026-05-01,2026-05-31,61.3,78.0,78.6,learning_system,TRAINING_2026-05,2026-05-31T23:59:00
REC01261,EMP031,RKPI015,2026-06-01,2026-06-30,60.0,40.0,100,task_completion_system,TASKS_2026-06,2026-06-30T23:59:00
REC01262,EMP031,RKPI016,2026-06-01,2026-06-30,79.3,92.0,86.2,quality_system,QUALITY_2026-06,2026-06-30T23:59:00
REC01263,EMP031,RKPI017,2026-06-01,2026-06-30,100.0,88.0,100,ontime_delivery_system,TASKS_2026-06,2026-06-30T23:59:00
REC01264,EMP031,RKPI018,2026-06-01,2026-06-30,66.0,82.0,80.5,technical_skill_system,SKILLS_2026-06,2026-06-30T23:59:00
REC01265,EMP031,RKPI019,2026-06-01,2026-06-30,3.3,4.0,66.0,collaboration_system,FEEDBACK_2026-06,2026-06-30T23:59:00
REC01266,EMP031,RKPI020,2026-06-01,2026-06-30,74.5,78.0,95.5,learning_system,TRAINING_2026-06,2026-06-30T23:59:00
REC01267,EMP032,RKPI021,2026-01-01,2026-01-31,92.0,85.0,92.0,goal_achievement_system,GOALS_2026-01,2026-01-31T23:59:00
REC01268,EMP032,RKPI022,2026-01-01,2026-01-31,4.0,4.2,80.0,collaboration_system,FEEDBACK_2026-01,2026-01-31T23:59:00
REC01269,EMP032,RKPI023,2026-01-01,2026-01-31,89.5,80.0,100,project_contribution_system,PROJECTS_2026-01,2026-01-31T23:59:00
REC01270,EMP032,RKPI024,2026-01-01,2026-01-31,72.3,75.0,96.4,technical_skill_system,SKILLS_2026-01,2026-01-31T23:59:00
REC01271,EMP032,RKPI025,2026-01-01,2026-01-31,92.9,85.0,92.9,ontime_delivery_system,TASKS_2026-01,2026-01-31T23:59:00
REC01272,EMP032,RKPI026,2026-01-01,2026-01-31,86.9,88.0,98.8,quality_system,QUALITY_2026-01,2026-01-31T23:59:00
REC01273,EMP032,RKPI021,2026-02-01,2026-02-28,81.2,85.0,81.2,goal_achievement_system,GOALS_2026-02,2026-02-28T23:59:00
REC01274,EMP032,RKPI022,2026-02-01,2026-02-28,3.7,4.2,74.0,collaboration_system,FEEDBACK_2026-02,2026-02-28T23:59:00
REC01275,EMP032,RKPI023,2026-02-01,2026-02-28,80.2,80.0,100,project_contribution_system,PROJECTS_2026-02,2026-02-28T23:59:00
REC01276,EMP032,RKPI024,2026-02-01,2026-02-28,78.9,75.0,100,technical_skill_system,SKILLS_2026-02,2026-02-28T23:59:00
REC01277,EMP032,RKPI025,2026-02-01,2026-02-28,83.3,85.0,83.3,ontime_delivery_system,TASKS_2026-02,2026-02-28T23:59:00
REC01278,EMP032,RKPI026,2026-02-01,2026-02-28,80.0,88.0,90.9,quality_system,QUALITY_2026-02,2026-02-28T23:59:00
REC01279,EMP032,RKPI021,2026-03-01,2026-03-31,78.3,85.0,78.3,goal_achievement_system,GOALS_2026-03,2026-03-31T23:59:00
REC01280,EMP032,RKPI022,2026-03-01,2026-03-31,3.5,4.2,70.0,collaboration_system,FEEDBACK_2026-03,2026-03-31T23:59:00
REC01281,EMP032,RKPI023,2026-03-01,2026-03-31,92.2,80.0,100,project_contribution_system,PROJECTS_2026-03,2026-03-31T23:59:00
REC01282,EMP032,RKPI024,2026-03-01,2026-03-31,80.0,75.0,100,technical_skill_system,SKILLS_2026-03,2026-03-31T23:59:00
REC01283,EMP032,RKPI025,2026-03-01,2026-03-31,66.7,85.0,66.7,ontime_delivery_system,TASKS_2026-03,2026-03-31T23:59:00
REC01284,EMP032,RKPI026,2026-03-01,2026-03-31,92.8,88.0,100,quality_system,QUALITY_2026-03,2026-03-31T23:59:00
REC01285,EMP032,RKPI021,2026-04-01,2026-04-30,73.9,85.0,73.9,goal_achievement_system,GOALS_2026-04,2026-04-30T23:59:00
REC01286,EMP032,RKPI022,2026-04-01,2026-04-30,4.0,4.2,80.0,collaboration_system,FEEDBACK_2026-04,2026-04-30T23:59:00
REC01287,EMP032,RKPI023,2026-04-01,2026-04-30,92.9,80.0,100,project_contribution_system,PROJECTS_2026-04,2026-04-30T23:59:00
REC01288,EMP032,RKPI024,2026-04-01,2026-04-30,75.0,75.0,100,technical_skill_system,SKILLS_2026-04,2026-04-30T23:59:00
REC01289,EMP032,RKPI025,2026-04-01,2026-04-30,100.0,85.0,100,ontime_delivery_system,TASKS_2026-04,2026-04-30T23:59:00
REC01290,EMP032,RKPI026,2026-04-01,2026-04-30,77.1,88.0,87.6,quality_system,QUALITY_2026-04,2026-04-30T23:59:00
REC01291,EMP032,RKPI021,2026-05-01,2026-05-31,80.7,85.0,80.7,goal_achievement_system,GOALS_2026-05,2026-05-31T23:59:00
REC01292,EMP032,RKPI022,2026-05-01,2026-05-31,4.3,4.2,86.0,collaboration_system,FEEDBACK_2026-05,2026-05-31T23:59:00
REC01293,EMP032,RKPI023,2026-05-01,2026-05-31,74.2,80.0,92.8,project_contribution_system,PROJECTS_2026-05,2026-05-31T23:59:00
REC01294,EMP032,RKPI024,2026-05-01,2026-05-31,85.0,75.0,100,technical_skill_system,SKILLS_2026-05,2026-05-31T23:59:00
REC01295,EMP032,RKPI025,2026-05-01,2026-05-31,100.0,85.0,100,ontime_delivery_system,TASKS_2026-05,2026-05-31T23:59:00
REC01296,EMP032,RKPI026,2026-05-01,2026-05-31,89.0,88.0,100,quality_system,QUALITY_2026-05,2026-05-31T23:59:00
REC01297,EMP032,RKPI021,2026-06-01,2026-06-30,78.5,85.0,78.5,goal_achievement_system,GOALS_2026-06,2026-06-30T23:59:00
REC01298,EMP032,RKPI022,2026-06-01,2026-06-30,4.4,4.2,88.0,collaboration_system,FEEDBACK_2026-06,2026-06-30T23:59:00
REC01299,EMP032,RKPI023,2026-06-01,2026-06-30,83.7,80.0,100,project_contribution_system,PROJECTS_2026-06,2026-06-30T23:59:00
REC01300,EMP032,RKPI024,2026-06-01,2026-06-30,58.6,75.0,78.1,technical_skill_system,SKILLS_2026-06,2026-06-30T23:59:00
REC01301,EMP032,RKPI025,2026-06-01,2026-06-30,75.0,85.0,75.0,ontime_delivery_system,TASKS_2026-06,2026-06-30T23:59:00
REC01302,EMP032,RKPI026,2026-06-01,2026-06-30,79.3,88.0,90.1,quality_system,QUALITY_2026-06,2026-06-30T23:59:00
REC01303,EMP033,RKPI021,2026-01-01,2026-01-31,54.3,85.0,54.3,goal_achievement_system,GOALS_2026-01,2026-01-31T23:59:00
REC01304,EMP033,RKPI022,2026-01-01,2026-01-31,3.1,4.2,62.0,collaboration_system,FEEDBACK_2026-01,2026-01-31T23:59:00
REC01305,EMP033,RKPI023,2026-01-01,2026-01-31,64.6,80.0,80.7,project_contribution_system,PROJECTS_2026-01,2026-01-31T23:59:00
REC01306,EMP033,RKPI024,2026-01-01,2026-01-31,52.0,75.0,69.3,technical_skill_system,SKILLS_2026-01,2026-01-31T23:59:00
REC01307,EMP033,RKPI025,2026-01-01,2026-01-31,50.0,85.0,50.0,ontime_delivery_system,TASKS_2026-01,2026-01-31T23:59:00
REC01308,EMP033,RKPI026,2026-01-01,2026-01-31,58.9,88.0,66.9,quality_system,QUALITY_2026-01,2026-01-31T23:59:00
REC01309,EMP033,RKPI021,2026-02-01,2026-02-28,39.9,85.0,39.9,goal_achievement_system,GOALS_2026-02,2026-02-28T23:59:00
REC01310,EMP033,RKPI022,2026-02-01,2026-02-28,2.7,4.2,54.0,collaboration_system,FEEDBACK_2026-02,2026-02-28T23:59:00
REC01311,EMP033,RKPI023,2026-02-01,2026-02-28,43.7,80.0,54.6,project_contribution_system,PROJECTS_2026-02,2026-02-28T23:59:00
REC01312,EMP033,RKPI024,2026-02-01,2026-02-28,64.0,75.0,85.3,technical_skill_system,SKILLS_2026-02,2026-02-28T23:59:00
REC01313,EMP033,RKPI025,2026-02-01,2026-02-28,100.0,85.0,100,ontime_delivery_system,TASKS_2026-02,2026-02-28T23:59:00
REC01314,EMP033,RKPI026,2026-02-01,2026-02-28,71.0,88.0,80.7,quality_system,QUALITY_2026-02,2026-02-28T23:59:00
REC01315,EMP033,RKPI021,2026-03-01,2026-03-31,38.4,85.0,38.4,goal_achievement_system,GOALS_2026-03,2026-03-31T23:59:00
REC01316,EMP033,RKPI022,2026-03-01,2026-03-31,3.0,4.2,60.0,collaboration_system,FEEDBACK_2026-03,2026-03-31T23:59:00
REC01317,EMP033,RKPI023,2026-03-01,2026-03-31,54.9,80.0,68.6,project_contribution_system,PROJECTS_2026-03,2026-03-31T23:59:00
REC01318,EMP033,RKPI024,2026-03-01,2026-03-31,66.0,75.0,88.0,technical_skill_system,SKILLS_2026-03,2026-03-31T23:59:00
REC01319,EMP033,RKPI025,2026-03-01,2026-03-31,16.7,85.0,16.7,ontime_delivery_system,TASKS_2026-03,2026-03-31T23:59:00
REC01320,EMP033,RKPI026,2026-03-01,2026-03-31,50.3,88.0,57.2,quality_system,QUALITY_2026-03,2026-03-31T23:59:00
REC01321,EMP033,RKPI021,2026-04-01,2026-04-30,57.5,85.0,57.5,goal_achievement_system,GOALS_2026-04,2026-04-30T23:59:00
REC01322,EMP033,RKPI022,2026-04-01,2026-04-30,3.2,4.2,64.0,collaboration_system,FEEDBACK_2026-04,2026-04-30T23:59:00
REC01323,EMP033,RKPI023,2026-04-01,2026-04-30,54.1,80.0,67.6,project_contribution_system,PROJECTS_2026-04,2026-04-30T23:59:00
REC01324,EMP033,RKPI024,2026-04-01,2026-04-30,58.0,75.0,77.3,technical_skill_system,SKILLS_2026-04,2026-04-30T23:59:00
REC01325,EMP033,RKPI025,2026-04-01,2026-04-30,44.4,85.0,44.4,ontime_delivery_system,TASKS_2026-04,2026-04-30T23:59:00
REC01326,EMP033,RKPI026,2026-04-01,2026-04-30,68.4,88.0,77.7,quality_system,QUALITY_2026-04,2026-04-30T23:59:00
REC01327,EMP033,RKPI021,2026-05-01,2026-05-31,55.1,85.0,55.1,goal_achievement_system,GOALS_2026-05,2026-05-31T23:59:00
REC01328,EMP033,RKPI022,2026-05-01,2026-05-31,3.1,4.2,62.0,collaboration_system,FEEDBACK_2026-05,2026-05-31T23:59:00
REC01329,EMP033,RKPI023,2026-05-01,2026-05-31,56.7,80.0,70.9,project_contribution_system,PROJECTS_2026-05,2026-05-31T23:59:00
REC01330,EMP033,RKPI024,2026-05-01,2026-05-31,27.6,75.0,36.8,technical_skill_system,SKILLS_2026-05,2026-05-31T23:59:00
REC01331,EMP033,RKPI025,2026-05-01,2026-05-31,42.9,85.0,42.9,ontime_delivery_system,TASKS_2026-05,2026-05-31T23:59:00
REC01332,EMP033,RKPI026,2026-05-01,2026-05-31,59.6,88.0,67.7,quality_system,QUALITY_2026-05,2026-05-31T23:59:00
REC01333,EMP033,RKPI021,2026-06-01,2026-06-30,45.6,85.0,45.6,goal_achievement_system,GOALS_2026-06,2026-06-30T23:59:00
REC01334,EMP033,RKPI022,2026-06-01,2026-06-30,3.2,4.2,64.0,collaboration_system,FEEDBACK_2026-06,2026-06-30T23:59:00
REC01335,EMP033,RKPI023,2026-06-01,2026-06-30,53.0,80.0,66.2,project_contribution_system,PROJECTS_2026-06,2026-06-30T23:59:00
REC01336,EMP033,RKPI024,2026-06-01,2026-06-30,55.3,75.0,73.7,technical_skill_system,SKILLS_2026-06,2026-06-30T23:59:00
REC01337,EMP033,RKPI025,2026-06-01,2026-06-30,66.7,85.0,66.7,ontime_delivery_system,TASKS_2026-06,2026-06-30T23:59:00
REC01338,EMP033,RKPI026,2026-06-01,2026-06-30,53.0,88.0,60.2,quality_system,QUALITY_2026-06,2026-06-30T23:59:00
REC01339,EMP034,RKPI021,2026-01-01,2026-01-31,37.1,85.0,37.1,goal_achievement_system,GOALS_2026-01,2026-01-31T23:59:00
REC01340,EMP034,RKPI022,2026-01-01,2026-01-31,2.3,4.2,46.0,collaboration_system,FEEDBACK_2026-01,2026-01-31T23:59:00
REC01341,EMP034,RKPI023,2026-01-01,2026-01-31,33.3,80.0,41.6,project_contribution_system,PROJECTS_2026-01,2026-01-31T23:59:00
REC01342,EMP034,RKPI024,2026-01-01,2026-01-31,41.0,75.0,54.7,technical_skill_system,SKILLS_2026-01,2026-01-31T23:59:00
REC01343,EMP034,RKPI025,2026-01-01,2026-01-31,0.0,85.0,0,ontime_delivery_system,TASKS_2026-01,2026-01-31T23:59:00
REC01344,EMP034,RKPI026,2026-01-01,2026-01-31,60.6,88.0,68.9,quality_system,QUALITY_2026-01,2026-01-31T23:59:00
REC01345,EMP034,RKPI021,2026-02-01,2026-02-28,41.9,85.0,41.9,goal_achievement_system,GOALS_2026-02,2026-02-28T23:59:00
REC01346,EMP034,RKPI022,2026-02-01,2026-02-28,2.3,4.2,46.0,collaboration_system,FEEDBACK_2026-02,2026-02-28T23:59:00
REC01347,EMP034,RKPI023,2026-02-01,2026-02-28,29.7,80.0,37.1,project_contribution_system,PROJECTS_2026-02,2026-02-28T23:59:00
REC01348,EMP034,RKPI024,2026-02-01,2026-02-28,55.0,75.0,73.3,technical_skill_system,SKILLS_2026-02,2026-02-28T23:59:00
REC01349,EMP034,RKPI025,2026-02-01,2026-02-28,0.0,85.0,0,ontime_delivery_system,TASKS_2026-02,2026-02-28T23:59:00
REC01350,EMP034,RKPI026,2026-02-01,2026-02-28,49.5,88.0,56.2,quality_system,QUALITY_2026-02,2026-02-28T23:59:00
REC01351,EMP034,RKPI021,2026-03-01,2026-03-31,23.6,85.0,23.6,goal_achievement_system,GOALS_2026-03,2026-03-31T23:59:00
REC01352,EMP034,RKPI022,2026-03-01,2026-03-31,2.1,4.2,42.0,collaboration_system,FEEDBACK_2026-03,2026-03-31T23:59:00
REC01353,EMP034,RKPI023,2026-03-01,2026-03-31,21.6,80.0,27.0,project_contribution_system,PROJECTS_2026-03,2026-03-31T23:59:00
REC01354,EMP034,RKPI024,2026-03-01,2026-03-31,50.0,75.0,66.7,technical_skill_system,SKILLS_2026-03,2026-03-31T23:59:00
REC01355,EMP034,RKPI025,2026-03-01,2026-03-31,100.0,85.0,100,ontime_delivery_system,TASKS_2026-03,2026-03-31T23:59:00
REC01356,EMP034,RKPI026,2026-03-01,2026-03-31,54.9,88.0,62.4,quality_system,QUALITY_2026-03,2026-03-31T23:59:00
REC01357,EMP034,RKPI021,2026-04-01,2026-04-30,31.8,85.0,31.8,goal_achievement_system,GOALS_2026-04,2026-04-30T23:59:00
REC01358,EMP034,RKPI022,2026-04-01,2026-04-30,2.4,4.2,48.0,collaboration_system,FEEDBACK_2026-04,2026-04-30T23:59:00
REC01359,EMP034,RKPI023,2026-04-01,2026-04-30,45.2,80.0,56.5,project_contribution_system,PROJECTS_2026-04,2026-04-30T23:59:00
REC01360,EMP034,RKPI024,2026-04-01,2026-04-30,38.3,75.0,51.1,technical_skill_system,SKILLS_2026-04,2026-04-30T23:59:00
REC01361,EMP034,RKPI025,2026-04-01,2026-04-30,66.7,85.0,66.7,ontime_delivery_system,TASKS_2026-04,2026-04-30T23:59:00
REC01362,EMP034,RKPI026,2026-04-01,2026-04-30,48.6,88.0,55.2,quality_system,QUALITY_2026-04,2026-04-30T23:59:00
REC01363,EMP034,RKPI021,2026-05-01,2026-05-31,50.2,85.0,50.2,goal_achievement_system,GOALS_2026-05,2026-05-31T23:59:00
REC01364,EMP034,RKPI022,2026-05-01,2026-05-31,2.2,4.2,44.0,collaboration_system,FEEDBACK_2026-05,2026-05-31T23:59:00
REC01365,EMP034,RKPI023,2026-05-01,2026-05-31,30.0,80.0,37.5,project_contribution_system,PROJECTS_2026-05,2026-05-31T23:59:00
REC01366,EMP034,RKPI024,2026-05-01,2026-05-31,60.0,75.0,80.0,technical_skill_system,SKILLS_2026-05,2026-05-31T23:59:00
REC01367,EMP034,RKPI025,2026-05-01,2026-05-31,0,85.0,0,ontime_delivery_system,TASKS_2026-05,2026-05-31T23:59:00
REC01368,EMP034,RKPI026,2026-05-01,2026-05-31,70.4,88.0,80.0,quality_system,QUALITY_2026-05,2026-05-31T23:59:00
REC01369,EMP034,RKPI021,2026-06-01,2026-06-30,30.0,85.0,30.0,goal_achievement_system,GOALS_2026-06,2026-06-30T23:59:00
REC01370,EMP034,RKPI022,2026-06-01,2026-06-30,2.4,4.2,48.0,collaboration_system,FEEDBACK_2026-06,2026-06-30T23:59:00
REC01371,EMP034,RKPI023,2026-06-01,2026-06-30,36.0,80.0,45.0,project_contribution_system,PROJECTS_2026-06,2026-06-30T23:59:00
REC01372,EMP034,RKPI024,2026-06-01,2026-06-30,54.0,75.0,72.0,technical_skill_system,SKILLS_2026-06,2026-06-30T23:59:00
REC01373,EMP034,RKPI025,2026-06-01,2026-06-30,100.0,85.0,100,ontime_delivery_system,TASKS_2026-06,2026-06-30T23:59:00
REC01374,EMP034,RKPI026,2026-06-01,2026-06-30,49.8,88.0,56.6,quality_system,QUALITY_2026-06,2026-06-30T23:59:00
REC01375,EMP035,RKPI021,2026-01-01,2026-01-31,53.3,85.0,53.3,goal_achievement_system,GOALS_2026-01,2026-01-31T23:59:00
REC01376,EMP035,RKPI022,2026-01-01,2026-01-31,3.5,4.2,70.0,collaboration_system,FEEDBACK_2026-01,2026-01-31T23:59:00
REC01377,EMP035,RKPI023,2026-01-01,2026-01-31,73.3,80.0,91.6,project_contribution_system,PROJECTS_2026-01,2026-01-31T23:59:00
REC01378,EMP035,RKPI024,2026-01-01,2026-01-31,78.0,75.0,100,technical_skill_system,SKILLS_2026-01,2026-01-31T23:59:00
REC01379,EMP035,RKPI025,2026-01-01,2026-01-31,71.4,85.0,71.4,ontime_delivery_system,TASKS_2026-01,2026-01-31T23:59:00
REC01380,EMP035,RKPI026,2026-01-01,2026-01-31,77.0,88.0,87.5,quality_system,QUALITY_2026-01,2026-01-31T23:59:00
REC01381,EMP035,RKPI021,2026-02-01,2026-02-28,68.9,85.0,68.9,goal_achievement_system,GOALS_2026-02,2026-02-28T23:59:00
REC01382,EMP035,RKPI022,2026-02-01,2026-02-28,3.7,4.2,74.0,collaboration_system,FEEDBACK_2026-02,2026-02-28T23:59:00
REC01383,EMP035,RKPI023,2026-02-01,2026-02-28,66.1,80.0,82.6,project_contribution_system,PROJECTS_2026-02,2026-02-28T23:59:00
REC01384,EMP035,RKPI024,2026-02-01,2026-02-28,66.1,75.0,88.1,technical_skill_system,SKILLS_2026-02,2026-02-28T23:59:00
REC01385,EMP035,RKPI025,2026-02-01,2026-02-28,100.0,85.0,100,ontime_delivery_system,TASKS_2026-02,2026-02-28T23:59:00
REC01386,EMP035,RKPI026,2026-02-01,2026-02-28,73.0,88.0,83.0,quality_system,QUALITY_2026-02,2026-02-28T23:59:00
REC01387,EMP035,RKPI021,2026-03-01,2026-03-31,69.5,85.0,69.5,goal_achievement_system,GOALS_2026-03,2026-03-31T23:59:00
REC01388,EMP035,RKPI022,2026-03-01,2026-03-31,3.2,4.2,64.0,collaboration_system,FEEDBACK_2026-03,2026-03-31T23:59:00
REC01389,EMP035,RKPI023,2026-03-01,2026-03-31,73.1,80.0,91.4,project_contribution_system,PROJECTS_2026-03,2026-03-31T23:59:00
REC01390,EMP035,RKPI024,2026-03-01,2026-03-31,51.9,75.0,69.2,technical_skill_system,SKILLS_2026-03,2026-03-31T23:59:00
REC01391,EMP035,RKPI025,2026-03-01,2026-03-31,88.9,85.0,88.9,ontime_delivery_system,TASKS_2026-03,2026-03-31T23:59:00
REC01392,EMP035,RKPI026,2026-03-01,2026-03-31,70.4,88.0,80.0,quality_system,QUALITY_2026-03,2026-03-31T23:59:00
REC01393,EMP035,RKPI021,2026-04-01,2026-04-30,64.4,85.0,64.4,goal_achievement_system,GOALS_2026-04,2026-04-30T23:59:00
REC01394,EMP035,RKPI022,2026-04-01,2026-04-30,3.4,4.2,68.0,collaboration_system,FEEDBACK_2026-04,2026-04-30T23:59:00
REC01395,EMP035,RKPI023,2026-04-01,2026-04-30,73.0,80.0,91.2,project_contribution_system,PROJECTS_2026-04,2026-04-30T23:59:00
REC01396,EMP035,RKPI024,2026-04-01,2026-04-30,38.6,75.0,51.5,technical_skill_system,SKILLS_2026-04,2026-04-30T23:59:00
REC01397,EMP035,RKPI025,2026-04-01,2026-04-30,100.0,85.0,100,ontime_delivery_system,TASKS_2026-04,2026-04-30T23:59:00
REC01398,EMP035,RKPI026,2026-04-01,2026-04-30,71.0,88.0,80.7,quality_system,QUALITY_2026-04,2026-04-30T23:59:00
REC01399,EMP035,RKPI021,2026-05-01,2026-05-31,55.0,85.0,55.0,goal_achievement_system,GOALS_2026-05,2026-05-31T23:59:00
REC01400,EMP035,RKPI022,2026-05-01,2026-05-31,3.8,4.2,76.0,collaboration_system,FEEDBACK_2026-05,2026-05-31T23:59:00
REC01401,EMP035,RKPI023,2026-05-01,2026-05-31,71.9,80.0,89.9,project_contribution_system,PROJECTS_2026-05,2026-05-31T23:59:00
REC01402,EMP035,RKPI024,2026-05-01,2026-05-31,74.0,75.0,98.7,technical_skill_system,SKILLS_2026-05,2026-05-31T23:59:00
REC01403,EMP035,RKPI025,2026-05-01,2026-05-31,83.3,85.0,83.3,ontime_delivery_system,TASKS_2026-05,2026-05-31T23:59:00
REC01404,EMP035,RKPI026,2026-05-01,2026-05-31,82.6,88.0,93.9,quality_system,QUALITY_2026-05,2026-05-31T23:59:00
REC01405,EMP035,RKPI021,2026-06-01,2026-06-30,64.7,85.0,64.7,goal_achievement_system,GOALS_2026-06,2026-06-30T23:59:00
REC01406,EMP035,RKPI022,2026-06-01,2026-06-30,3.8,4.2,76.0,collaboration_system,FEEDBACK_2026-06,2026-06-30T23:59:00
REC01407,EMP035,RKPI023,2026-06-01,2026-06-30,78.2,80.0,97.8,project_contribution_system,PROJECTS_2026-06,2026-06-30T23:59:00
REC01408,EMP035,RKPI024,2026-06-01,2026-06-30,65.0,75.0,86.7,technical_skill_system,SKILLS_2026-06,2026-06-30T23:59:00
REC01409,EMP035,RKPI025,2026-06-01,2026-06-30,100.0,85.0,100,ontime_delivery_system,TASKS_2026-06,2026-06-30T23:59:00
REC01410,EMP035,RKPI026,2026-06-01,2026-06-30,74.5,88.0,84.7,quality_system,QUALITY_2026-06,2026-06-30T23:59:00
REC01411,EMP036,RKPI027,2026-01-01,2026-01-31,81.9,95.0,86.2,quality_system,QUALITY_2026-01,2026-01-31T23:59:00
REC01412,EMP036,RKPI028,2026-01-01,2026-01-31,100.0,60.0,100,task_completion_system,TASKS_2026-01,2026-01-31T23:59:00
REC01413,EMP036,RKPI029,2026-01-01,2026-01-31,100.0,85.0,100,ontime_delivery_system,TASKS_2026-01,2026-01-31T23:59:00
REC01414,EMP036,RKPI030,2026-01-01,2026-01-31,88.0,78.0,100,technical_skill_system,SKILLS_2026-01,2026-01-31T23:59:00
REC01415,EMP036,RKPI031,2026-01-01,2026-01-31,4.3,4.0,86.0,collaboration_system,FEEDBACK_2026-01,2026-01-31T23:59:00
REC01416,EMP036,RKPI032,2026-01-01,2026-01-31,60.4,75.0,80.5,learning_system,TRAINING_2026-01,2026-01-31T23:59:00
REC01417,EMP036,RKPI027,2026-02-01,2026-02-28,76.9,95.0,80.9,quality_system,QUALITY_2026-02,2026-02-28T23:59:00
REC01418,EMP036,RKPI028,2026-02-01,2026-02-28,100.0,60.0,100,task_completion_system,TASKS_2026-02,2026-02-28T23:59:00
REC01419,EMP036,RKPI029,2026-02-01,2026-02-28,92.3,85.0,92.3,ontime_delivery_system,TASKS_2026-02,2026-02-28T23:59:00
REC01420,EMP036,RKPI030,2026-02-01,2026-02-28,72.0,78.0,92.3,technical_skill_system,SKILLS_2026-02,2026-02-28T23:59:00
REC01421,EMP036,RKPI031,2026-02-01,2026-02-28,4.2,4.0,84.0,collaboration_system,FEEDBACK_2026-02,2026-02-28T23:59:00
REC01422,EMP036,RKPI032,2026-02-01,2026-02-28,79.3,75.0,100,learning_system,TRAINING_2026-02,2026-02-28T23:59:00
REC01423,EMP036,RKPI027,2026-03-01,2026-03-31,79.4,95.0,83.6,quality_system,QUALITY_2026-03,2026-03-31T23:59:00
REC01424,EMP036,RKPI028,2026-03-01,2026-03-31,92.3,60.0,100,task_completion_system,TASKS_2026-03,2026-03-31T23:59:00
REC01425,EMP036,RKPI029,2026-03-01,2026-03-31,83.3,85.0,83.3,ontime_delivery_system,TASKS_2026-03,2026-03-31T23:59:00
REC01426,EMP036,RKPI030,2026-03-01,2026-03-31,81.0,78.0,100,technical_skill_system,SKILLS_2026-03,2026-03-31T23:59:00
REC01427,EMP036,RKPI031,2026-03-01,2026-03-31,3.6,4.0,72.0,collaboration_system,FEEDBACK_2026-03,2026-03-31T23:59:00
REC01428,EMP036,RKPI032,2026-03-01,2026-03-31,83.3,75.0,100,learning_system,TRAINING_2026-03,2026-03-31T23:59:00
REC01429,EMP036,RKPI027,2026-04-01,2026-04-30,91.1,95.0,95.9,quality_system,QUALITY_2026-04,2026-04-30T23:59:00
REC01430,EMP036,RKPI028,2026-04-01,2026-04-30,62.5,60.0,100,task_completion_system,TASKS_2026-04,2026-04-30T23:59:00
REC01431,EMP036,RKPI029,2026-04-01,2026-04-30,100.0,85.0,100,ontime_delivery_system,TASKS_2026-04,2026-04-30T23:59:00
REC01432,EMP036,RKPI030,2026-04-01,2026-04-30,70.3,78.0,90.1,technical_skill_system,SKILLS_2026-04,2026-04-30T23:59:00
REC01433,EMP036,RKPI031,2026-04-01,2026-04-30,4.4,4.0,88.0,collaboration_system,FEEDBACK_2026-04,2026-04-30T23:59:00
REC01434,EMP036,RKPI032,2026-04-01,2026-04-30,64.3,75.0,85.7,learning_system,TRAINING_2026-04,2026-04-30T23:59:00
REC01435,EMP036,RKPI027,2026-05-01,2026-05-31,85.1,95.0,89.6,quality_system,QUALITY_2026-05,2026-05-31T23:59:00
REC01436,EMP036,RKPI028,2026-05-01,2026-05-31,70.0,60.0,100,task_completion_system,TASKS_2026-05,2026-05-31T23:59:00
REC01437,EMP036,RKPI029,2026-05-01,2026-05-31,71.4,85.0,71.4,ontime_delivery_system,TASKS_2026-05,2026-05-31T23:59:00
REC01438,EMP036,RKPI030,2026-05-01,2026-05-31,86.4,78.0,100,technical_skill_system,SKILLS_2026-05,2026-05-31T23:59:00
REC01439,EMP036,RKPI031,2026-05-01,2026-05-31,3.7,4.0,74.0,collaboration_system,FEEDBACK_2026-05,2026-05-31T23:59:00
REC01440,EMP036,RKPI032,2026-05-01,2026-05-31,74.0,75.0,98.7,learning_system,TRAINING_2026-05,2026-05-31T23:59:00
REC01441,EMP036,RKPI027,2026-06-01,2026-06-30,80.4,95.0,84.6,quality_system,QUALITY_2026-06,2026-06-30T23:59:00
REC01442,EMP036,RKPI028,2026-06-01,2026-06-30,91.7,60.0,100,task_completion_system,TASKS_2026-06,2026-06-30T23:59:00
REC01443,EMP036,RKPI029,2026-06-01,2026-06-30,100.0,85.0,100,ontime_delivery_system,TASKS_2026-06,2026-06-30T23:59:00
REC01444,EMP036,RKPI030,2026-06-01,2026-06-30,64.6,78.0,82.8,technical_skill_system,SKILLS_2026-06,2026-06-30T23:59:00
REC01445,EMP036,RKPI031,2026-06-01,2026-06-30,4.5,4.0,90.0,collaboration_system,FEEDBACK_2026-06,2026-06-30T23:59:00
REC01446,EMP036,RKPI032,2026-06-01,2026-06-30,86.7,75.0,100,learning_system,TRAINING_2026-06,2026-06-30T23:59:00
REC01447,EMP037,RKPI027,2026-01-01,2026-01-31,69.2,95.0,72.8,quality_system,QUALITY_2026-01,2026-01-31T23:59:00
REC01448,EMP037,RKPI028,2026-01-01,2026-01-31,42.9,60.0,71.5,task_completion_system,TASKS_2026-01,2026-01-31T23:59:00
REC01449,EMP037,RKPI029,2026-01-01,2026-01-31,33.3,85.0,33.3,ontime_delivery_system,TASKS_2026-01,2026-01-31T23:59:00
REC01450,EMP037,RKPI030,2026-01-01,2026-01-31,64.0,78.0,82.1,technical_skill_system,SKILLS_2026-01,2026-01-31T23:59:00
REC01451,EMP037,RKPI031,2026-01-01,2026-01-31,2.7,4.0,54.0,collaboration_system,FEEDBACK_2026-01,2026-01-31T23:59:00
REC01452,EMP037,RKPI032,2026-01-01,2026-01-31,43.4,75.0,57.9,learning_system,TRAINING_2026-01,2026-01-31T23:59:00
REC01453,EMP037,RKPI027,2026-02-01,2026-02-28,62.7,95.0,66.0,quality_system,QUALITY_2026-02,2026-02-28T23:59:00
REC01454,EMP037,RKPI028,2026-02-01,2026-02-28,22.2,60.0,37.0,task_completion_system,TASKS_2026-02,2026-02-28T23:59:00
REC01455,EMP037,RKPI029,2026-02-01,2026-02-28,100.0,85.0,100,ontime_delivery_system,TASKS_2026-02,2026-02-28T23:59:00
REC01456,EMP037,RKPI030,2026-02-01,2026-02-28,64.0,78.0,82.1,technical_skill_system,SKILLS_2026-02,2026-02-28T23:59:00
REC01457,EMP037,RKPI031,2026-02-01,2026-02-28,2.7,4.0,54.0,collaboration_system,FEEDBACK_2026-02,2026-02-28T23:59:00
REC01458,EMP037,RKPI032,2026-02-01,2026-02-28,48.8,75.0,65.1,learning_system,TRAINING_2026-02,2026-02-28T23:59:00
REC01459,EMP037,RKPI027,2026-03-01,2026-03-31,61.1,95.0,64.3,quality_system,QUALITY_2026-03,2026-03-31T23:59:00
REC01460,EMP037,RKPI028,2026-03-01,2026-03-31,41.7,60.0,69.5,task_completion_system,TASKS_2026-03,2026-03-31T23:59:00
REC01461,EMP037,RKPI029,2026-03-01,2026-03-31,60.0,85.0,60.0,ontime_delivery_system,TASKS_2026-03,2026-03-31T23:59:00
REC01462,EMP037,RKPI030,2026-03-01,2026-03-31,68.0,78.0,87.2,technical_skill_system,SKILLS_2026-03,2026-03-31T23:59:00
REC01463,EMP037,RKPI031,2026-03-01,2026-03-31,3.3,4.0,66.0,collaboration_system,FEEDBACK_2026-03,2026-03-31T23:59:00
REC01464,EMP037,RKPI032,2026-03-01,2026-03-31,40.5,75.0,54.0,learning_system,TRAINING_2026-03,2026-03-31T23:59:00
REC01465,EMP037,RKPI027,2026-04-01,2026-04-30,63.3,95.0,66.6,quality_system,QUALITY_2026-04,2026-04-30T23:59:00
REC01466,EMP037,RKPI028,2026-04-01,2026-04-30,12.5,60.0,20.8,task_completion_system,TASKS_2026-04,2026-04-30T23:59:00
REC01467,EMP037,RKPI029,2026-04-01,2026-04-30,0.0,85.0,0,ontime_delivery_system,TASKS_2026-04,2026-04-30T23:59:00
REC01468,EMP037,RKPI030,2026-04-01,2026-04-30,43.1,78.0,55.3,technical_skill_system,SKILLS_2026-04,2026-04-30T23:59:00
REC01469,EMP037,RKPI031,2026-04-01,2026-04-30,2.9,4.0,58.0,collaboration_system,FEEDBACK_2026-04,2026-04-30T23:59:00
REC01470,EMP037,RKPI032,2026-04-01,2026-04-30,51.3,75.0,68.4,learning_system,TRAINING_2026-04,2026-04-30T23:59:00
REC01471,EMP037,RKPI027,2026-05-01,2026-05-31,69.6,95.0,73.3,quality_system,QUALITY_2026-05,2026-05-31T23:59:00
REC01472,EMP037,RKPI028,2026-05-01,2026-05-31,50.0,60.0,83.3,task_completion_system,TASKS_2026-05,2026-05-31T23:59:00
REC01473,EMP037,RKPI029,2026-05-01,2026-05-31,50.0,85.0,50.0,ontime_delivery_system,TASKS_2026-05,2026-05-31T23:59:00
REC01474,EMP037,RKPI030,2026-05-01,2026-05-31,46.2,78.0,59.2,technical_skill_system,SKILLS_2026-05,2026-05-31T23:59:00
REC01475,EMP037,RKPI031,2026-05-01,2026-05-31,2.9,4.0,58.0,collaboration_system,FEEDBACK_2026-05,2026-05-31T23:59:00
REC01476,EMP037,RKPI032,2026-05-01,2026-05-31,33.7,75.0,44.9,learning_system,TRAINING_2026-05,2026-05-31T23:59:00
REC01477,EMP037,RKPI027,2026-06-01,2026-06-30,56.3,95.0,59.3,quality_system,QUALITY_2026-06,2026-06-30T23:59:00
REC01478,EMP037,RKPI028,2026-06-01,2026-06-30,77.8,60.0,100,task_completion_system,TASKS_2026-06,2026-06-30T23:59:00
REC01479,EMP037,RKPI029,2026-06-01,2026-06-30,85.7,85.0,85.7,ontime_delivery_system,TASKS_2026-06,2026-06-30T23:59:00
REC01480,EMP037,RKPI030,2026-06-01,2026-06-30,66.0,78.0,84.6,technical_skill_system,SKILLS_2026-06,2026-06-30T23:59:00
REC01481,EMP037,RKPI031,2026-06-01,2026-06-30,3.0,4.0,60.0,collaboration_system,FEEDBACK_2026-06,2026-06-30T23:59:00
REC01482,EMP037,RKPI032,2026-06-01,2026-06-30,32.6,75.0,43.5,learning_system,TRAINING_2026-06,2026-06-30T23:59:00
REC01483,EMP038,RKPI027,2026-01-01,2026-01-31,76.4,95.0,80.4,quality_system,QUALITY_2026-01,2026-01-31T23:59:00
REC01484,EMP038,RKPI028,2026-01-01,2026-01-31,62.5,60.0,100,task_completion_system,TASKS_2026-01,2026-01-31T23:59:00
REC01485,EMP038,RKPI029,2026-01-01,2026-01-31,80.0,85.0,80.0,ontime_delivery_system,TASKS_2026-01,2026-01-31T23:59:00
REC01486,EMP038,RKPI030,2026-01-01,2026-01-31,74.0,78.0,94.9,technical_skill_system,SKILLS_2026-01,2026-01-31T23:59:00
REC01487,EMP038,RKPI031,2026-01-01,2026-01-31,3.8,4.0,76.0,collaboration_system,FEEDBACK_2026-01,2026-01-31T23:59:00
REC01488,EMP038,RKPI032,2026-01-01,2026-01-31,84.0,75.0,100,learning_system,TRAINING_2026-01,2026-01-31T23:59:00
REC01489,EMP038,RKPI027,2026-02-01,2026-02-28,70.2,95.0,73.9,quality_system,QUALITY_2026-02,2026-02-28T23:59:00
REC01490,EMP038,RKPI028,2026-02-01,2026-02-28,69.2,60.0,100,task_completion_system,TASKS_2026-02,2026-02-28T23:59:00
REC01491,EMP038,RKPI029,2026-02-01,2026-02-28,77.8,85.0,77.8,ontime_delivery_system,TASKS_2026-02,2026-02-28T23:59:00
REC01492,EMP038,RKPI030,2026-02-01,2026-02-28,82.0,78.0,100,technical_skill_system,SKILLS_2026-02,2026-02-28T23:59:00
REC01493,EMP038,RKPI031,2026-02-01,2026-02-28,4.3,4.0,86.0,collaboration_system,FEEDBACK_2026-02,2026-02-28T23:59:00
REC01494,EMP038,RKPI032,2026-02-01,2026-02-28,75.1,75.0,100,learning_system,TRAINING_2026-02,2026-02-28T23:59:00
REC01495,EMP038,RKPI027,2026-03-01,2026-03-31,72.8,95.0,76.6,quality_system,QUALITY_2026-03,2026-03-31T23:59:00
REC01496,EMP038,RKPI028,2026-03-01,2026-03-31,81.8,60.0,100,task_completion_system,TASKS_2026-03,2026-03-31T23:59:00
REC01497,EMP038,RKPI029,2026-03-01,2026-03-31,77.8,85.0,77.8,ontime_delivery_system,TASKS_2026-03,2026-03-31T23:59:00
REC01498,EMP038,RKPI030,2026-03-01,2026-03-31,74.2,78.0,95.1,technical_skill_system,SKILLS_2026-03,2026-03-31T23:59:00
REC01499,EMP038,RKPI031,2026-03-01,2026-03-31,3.8,4.0,76.0,collaboration_system,FEEDBACK_2026-03,2026-03-31T23:59:00
REC01500,EMP038,RKPI032,2026-03-01,2026-03-31,79.4,75.0,100,learning_system,TRAINING_2026-03,2026-03-31T23:59:00
REC01501,EMP038,RKPI027,2026-04-01,2026-04-30,88.6,95.0,93.3,quality_system,QUALITY_2026-04,2026-04-30T23:59:00
REC01502,EMP038,RKPI028,2026-04-01,2026-04-30,80.0,60.0,100,task_completion_system,TASKS_2026-04,2026-04-30T23:59:00
REC01503,EMP038,RKPI029,2026-04-01,2026-04-30,75.0,85.0,75.0,ontime_delivery_system,TASKS_2026-04,2026-04-30T23:59:00
REC01504,EMP038,RKPI030,2026-04-01,2026-04-30,64.3,78.0,82.4,technical_skill_system,SKILLS_2026-04,2026-04-30T23:59:00
REC01505,EMP038,RKPI031,2026-04-01,2026-04-30,3.5,4.0,70.0,collaboration_system,FEEDBACK_2026-04,2026-04-30T23:59:00
REC01506,EMP038,RKPI032,2026-04-01,2026-04-30,64.2,75.0,85.6,learning_system,TRAINING_2026-04,2026-04-30T23:59:00
REC01507,EMP038,RKPI027,2026-05-01,2026-05-31,75.4,95.0,79.4,quality_system,QUALITY_2026-05,2026-05-31T23:59:00
REC01508,EMP038,RKPI028,2026-05-01,2026-05-31,80.0,60.0,100,task_completion_system,TASKS_2026-05,2026-05-31T23:59:00
REC01509,EMP038,RKPI029,2026-05-01,2026-05-31,75.0,85.0,75.0,ontime_delivery_system,TASKS_2026-05,2026-05-31T23:59:00
REC01510,EMP038,RKPI030,2026-05-01,2026-05-31,78.0,78.0,100,technical_skill_system,SKILLS_2026-05,2026-05-31T23:59:00
REC01511,EMP038,RKPI031,2026-05-01,2026-05-31,3.9,4.0,78.0,collaboration_system,FEEDBACK_2026-05,2026-05-31T23:59:00
REC01512,EMP038,RKPI032,2026-05-01,2026-05-31,60.8,75.0,81.1,learning_system,TRAINING_2026-05,2026-05-31T23:59:00
REC01513,EMP038,RKPI027,2026-06-01,2026-06-30,83.5,95.0,87.9,quality_system,QUALITY_2026-06,2026-06-30T23:59:00
REC01514,EMP038,RKPI028,2026-06-01,2026-06-30,100.0,60.0,100,task_completion_system,TASKS_2026-06,2026-06-30T23:59:00
REC01515,EMP038,RKPI029,2026-06-01,2026-06-30,77.8,85.0,77.8,ontime_delivery_system,TASKS_2026-06,2026-06-30T23:59:00
REC01516,EMP038,RKPI030,2026-06-01,2026-06-30,70.0,78.0,89.7,technical_skill_system,SKILLS_2026-06,2026-06-30T23:59:00
REC01517,EMP038,RKPI031,2026-06-01,2026-06-30,4.4,4.0,88.0,collaboration_system,FEEDBACK_2026-06,2026-06-30T23:59:00
REC01518,EMP038,RKPI032,2026-06-01,2026-06-30,85.9,75.0,100,learning_system,TRAINING_2026-06,2026-06-30T23:59:00
REC01519,EMP039,RKPI027,2026-01-01,2026-01-31,47.5,95.0,50.0,quality_system,QUALITY_2026-01,2026-01-31T23:59:00
REC01520,EMP039,RKPI028,2026-01-01,2026-01-31,8.3,60.0,13.8,task_completion_system,TASKS_2026-01,2026-01-31T23:59:00
REC01521,EMP039,RKPI029,2026-01-01,2026-01-31,100.0,85.0,100,ontime_delivery_system,TASKS_2026-01,2026-01-31T23:59:00
REC01522,EMP039,RKPI030,2026-01-01,2026-01-31,32.8,78.0,42.1,technical_skill_system,SKILLS_2026-01,2026-01-31T23:59:00
REC01523,EMP039,RKPI031,2026-01-01,2026-01-31,2.4,4.0,48.0,collaboration_system,FEEDBACK_2026-01,2026-01-31T23:59:00
REC01524,EMP039,RKPI032,2026-01-01,2026-01-31,29.4,75.0,39.2,learning_system,TRAINING_2026-01,2026-01-31T23:59:00
REC01525,EMP039,RKPI027,2026-02-01,2026-02-28,44.4,95.0,46.7,quality_system,QUALITY_2026-02,2026-02-28T23:59:00
REC01526,EMP039,RKPI028,2026-02-01,2026-02-28,28.6,60.0,47.7,task_completion_system,TASKS_2026-02,2026-02-28T23:59:00
REC01527,EMP039,RKPI029,2026-02-01,2026-02-28,50.0,85.0,50.0,ontime_delivery_system,TASKS_2026-02,2026-02-28T23:59:00
REC01528,EMP039,RKPI030,2026-02-01,2026-02-28,58.0,78.0,74.4,technical_skill_system,SKILLS_2026-02,2026-02-28T23:59:00
REC01529,EMP039,RKPI031,2026-02-01,2026-02-28,2.1,4.0,42.0,collaboration_system,FEEDBACK_2026-02,2026-02-28T23:59:00
REC01530,EMP039,RKPI032,2026-02-01,2026-02-28,41.8,75.0,55.7,learning_system,TRAINING_2026-02,2026-02-28T23:59:00
REC01531,EMP039,RKPI027,2026-03-01,2026-03-31,46.6,95.0,49.1,quality_system,QUALITY_2026-03,2026-03-31T23:59:00
REC01532,EMP039,RKPI028,2026-03-01,2026-03-31,33.3,60.0,55.5,task_completion_system,TASKS_2026-03,2026-03-31T23:59:00
REC01533,EMP039,RKPI029,2026-03-01,2026-03-31,0.0,85.0,0,ontime_delivery_system,TASKS_2026-03,2026-03-31T23:59:00
REC01534,EMP039,RKPI030,2026-03-01,2026-03-31,55.0,78.0,70.5,technical_skill_system,SKILLS_2026-03,2026-03-31T23:59:00
REC01535,EMP039,RKPI031,2026-03-01,2026-03-31,2.7,4.0,54.0,collaboration_system,FEEDBACK_2026-03,2026-03-31T23:59:00
REC01536,EMP039,RKPI032,2026-03-01,2026-03-31,31.2,75.0,41.6,learning_system,TRAINING_2026-03,2026-03-31T23:59:00
REC01537,EMP039,RKPI027,2026-04-01,2026-04-30,51.8,95.0,54.5,quality_system,QUALITY_2026-04,2026-04-30T23:59:00
REC01538,EMP039,RKPI028,2026-04-01,2026-04-30,33.3,60.0,55.5,task_completion_system,TASKS_2026-04,2026-04-30T23:59:00
REC01539,EMP039,RKPI029,2026-04-01,2026-04-30,50.0,85.0,50.0,ontime_delivery_system,TASKS_2026-04,2026-04-30T23:59:00
REC01540,EMP039,RKPI030,2026-04-01,2026-04-30,42.0,78.0,53.8,technical_skill_system,SKILLS_2026-04,2026-04-30T23:59:00
REC01541,EMP039,RKPI031,2026-04-01,2026-04-30,2.3,4.0,46.0,collaboration_system,FEEDBACK_2026-04,2026-04-30T23:59:00
REC01542,EMP039,RKPI032,2026-04-01,2026-04-30,32.6,75.0,43.5,learning_system,TRAINING_2026-04,2026-04-30T23:59:00
REC01543,EMP039,RKPI027,2026-05-01,2026-05-31,41.6,95.0,43.8,quality_system,QUALITY_2026-05,2026-05-31T23:59:00
REC01544,EMP039,RKPI028,2026-05-01,2026-05-31,41.7,60.0,69.5,task_completion_system,TASKS_2026-05,2026-05-31T23:59:00
REC01545,EMP039,RKPI029,2026-05-01,2026-05-31,20.0,85.0,20.0,ontime_delivery_system,TASKS_2026-05,2026-05-31T23:59:00
REC01546,EMP039,RKPI030,2026-05-01,2026-05-31,58.0,78.0,74.4,technical_skill_system,SKILLS_2026-05,2026-05-31T23:59:00
REC01547,EMP039,RKPI031,2026-05-01,2026-05-31,2.8,4.0,56.0,collaboration_system,FEEDBACK_2026-05,2026-05-31T23:59:00
REC01548,EMP039,RKPI032,2026-05-01,2026-05-31,31.5,75.0,42.0,learning_system,TRAINING_2026-05,2026-05-31T23:59:00
REC01549,EMP039,RKPI027,2026-06-01,2026-06-30,49.2,95.0,51.8,quality_system,QUALITY_2026-06,2026-06-30T23:59:00
REC01550,EMP039,RKPI028,2026-06-01,2026-06-30,60.0,60.0,100,task_completion_system,TASKS_2026-06,2026-06-30T23:59:00
REC01551,EMP039,RKPI029,2026-06-01,2026-06-30,0.0,85.0,0,ontime_delivery_system,TASKS_2026-06,2026-06-30T23:59:00
REC01552,EMP039,RKPI030,2026-06-01,2026-06-30,44.0,78.0,56.4,technical_skill_system,SKILLS_2026-06,2026-06-30T23:59:00
REC01553,EMP039,RKPI031,2026-06-01,2026-06-30,2.1,4.0,42.0,collaboration_system,FEEDBACK_2026-06,2026-06-30T23:59:00
REC01554,EMP039,RKPI032,2026-06-01,2026-06-30,28.3,75.0,37.7,learning_system,TRAINING_2026-06,2026-06-30T23:59:00
REC01555,EMP040,RKPI027,2026-01-01,2026-01-31,81.3,95.0,85.6,quality_system,QUALITY_2026-01,2026-01-31T23:59:00
REC01556,EMP040,RKPI028,2026-01-01,2026-01-31,83.3,60.0,100,task_completion_system,TASKS_2026-01,2026-01-31T23:59:00
REC01557,EMP040,RKPI029,2026-01-01,2026-01-31,60.0,85.0,60.0,ontime_delivery_system,TASKS_2026-01,2026-01-31T23:59:00
REC01558,EMP040,RKPI030,2026-01-01,2026-01-31,74.0,78.0,94.9,technical_skill_system,SKILLS_2026-01,2026-01-31T23:59:00
REC01559,EMP040,RKPI031,2026-01-01,2026-01-31,3.4,4.0,68.0,collaboration_system,FEEDBACK_2026-01,2026-01-31T23:59:00
REC01560,EMP040,RKPI032,2026-01-01,2026-01-31,64.2,75.0,85.6,learning_system,TRAINING_2026-01,2026-01-31T23:59:00
REC01561,EMP040,RKPI027,2026-02-01,2026-02-28,66.0,95.0,69.5,quality_system,QUALITY_2026-02,2026-02-28T23:59:00
REC01562,EMP040,RKPI028,2026-02-01,2026-02-28,76.9,60.0,100,task_completion_system,TASKS_2026-02,2026-02-28T23:59:00
REC01563,EMP040,RKPI029,2026-02-01,2026-02-28,70.0,85.0,70.0,ontime_delivery_system,TASKS_2026-02,2026-02-28T23:59:00
REC01564,EMP040,RKPI030,2026-02-01,2026-02-28,76.7,78.0,98.3,technical_skill_system,SKILLS_2026-02,2026-02-28T23:59:00
REC01565,EMP040,RKPI031,2026-02-01,2026-02-28,3.2,4.0,64.0,collaboration_system,FEEDBACK_2026-02,2026-02-28T23:59:00
REC01566,EMP040,RKPI032,2026-02-01,2026-02-28,58.2,75.0,77.6,learning_system,TRAINING_2026-02,2026-02-28T23:59:00
REC01567,EMP040,RKPI027,2026-03-01,2026-03-31,68.3,95.0,71.9,quality_system,QUALITY_2026-03,2026-03-31T23:59:00
REC01568,EMP040,RKPI028,2026-03-01,2026-03-31,83.3,60.0,100,task_completion_system,TASKS_2026-03,2026-03-31T23:59:00
REC01569,EMP040,RKPI029,2026-03-01,2026-03-31,80.0,85.0,80.0,ontime_delivery_system,TASKS_2026-03,2026-03-31T23:59:00
REC01570,EMP040,RKPI030,2026-03-01,2026-03-31,74.0,78.0,94.9,technical_skill_system,SKILLS_2026-03,2026-03-31T23:59:00
REC01571,EMP040,RKPI031,2026-03-01,2026-03-31,3.4,4.0,68.0,collaboration_system,FEEDBACK_2026-03,2026-03-31T23:59:00
REC01572,EMP040,RKPI032,2026-03-01,2026-03-31,54.6,75.0,72.8,learning_system,TRAINING_2026-03,2026-03-31T23:59:00
REC01573,EMP040,RKPI027,2026-04-01,2026-04-30,61.1,95.0,64.3,quality_system,QUALITY_2026-04,2026-04-30T23:59:00
REC01574,EMP040,RKPI028,2026-04-01,2026-04-30,40.0,60.0,66.7,task_completion_system,TASKS_2026-04,2026-04-30T23:59:00
REC01575,EMP040,RKPI029,2026-04-01,2026-04-30,25.0,85.0,25.0,ontime_delivery_system,TASKS_2026-04,2026-04-30T23:59:00
REC01576,EMP040,RKPI030,2026-04-01,2026-04-30,68.0,78.0,87.2,technical_skill_system,SKILLS_2026-04,2026-04-30T23:59:00
REC01577,EMP040,RKPI031,2026-04-01,2026-04-30,3.1,4.0,62.0,collaboration_system,FEEDBACK_2026-04,2026-04-30T23:59:00
REC01578,EMP040,RKPI032,2026-04-01,2026-04-30,54.9,75.0,73.2,learning_system,TRAINING_2026-04,2026-04-30T23:59:00
REC01579,EMP040,RKPI027,2026-05-01,2026-05-31,69.2,95.0,72.8,quality_system,QUALITY_2026-05,2026-05-31T23:59:00
REC01580,EMP040,RKPI028,2026-05-01,2026-05-31,75.0,60.0,100,task_completion_system,TASKS_2026-05,2026-05-31T23:59:00
REC01581,EMP040,RKPI029,2026-05-01,2026-05-31,83.3,85.0,83.3,ontime_delivery_system,TASKS_2026-05,2026-05-31T23:59:00
REC01582,EMP040,RKPI030,2026-05-01,2026-05-31,76.0,78.0,97.4,technical_skill_system,SKILLS_2026-05,2026-05-31T23:59:00
REC01583,EMP040,RKPI031,2026-05-01,2026-05-31,3.1,4.0,62.0,collaboration_system,FEEDBACK_2026-05,2026-05-31T23:59:00
REC01584,EMP040,RKPI032,2026-05-01,2026-05-31,55.1,75.0,73.5,learning_system,TRAINING_2026-05,2026-05-31T23:59:00
REC01585,EMP040,RKPI027,2026-06-01,2026-06-30,74.2,95.0,78.1,quality_system,QUALITY_2026-06,2026-06-30T23:59:00
REC01586,EMP040,RKPI028,2026-06-01,2026-06-30,71.4,60.0,100,task_completion_system,TASKS_2026-06,2026-06-30T23:59:00
REC01587,EMP040,RKPI029,2026-06-01,2026-06-30,80.0,85.0,80.0,ontime_delivery_system,TASKS_2026-06,2026-06-30T23:59:00
REC01588,EMP040,RKPI030,2026-06-01,2026-06-30,64.0,78.0,82.1,technical_skill_system,SKILLS_2026-06,2026-06-30T23:59:00
REC01589,EMP040,RKPI031,2026-06-01,2026-06-30,3.8,4.0,76.0,collaboration_system,FEEDBACK_2026-06,2026-06-30T23:59:00
REC01590,EMP040,RKPI032,2026-06-01,2026-06-30,70.0,75.0,93.3,learning_system,TRAINING_2026-06,2026-06-30T23:59:00
REC01591,EMP041,RKPI027,2026-01-01,2026-01-31,61.8,95.0,65.1,quality_system,QUALITY_2026-01,2026-01-31T23:59:00
REC01592,EMP041,RKPI028,2026-01-01,2026-01-31,25.0,60.0,41.7,task_completion_system,TASKS_2026-01,2026-01-31T23:59:00
REC01593,EMP041,RKPI029,2026-01-01,2026-01-31,50.0,85.0,50.0,ontime_delivery_system,TASKS_2026-01,2026-01-31T23:59:00
REC01594,EMP041,RKPI030,2026-01-01,2026-01-31,27.6,78.0,35.4,technical_skill_system,SKILLS_2026-01,2026-01-31T23:59:00
REC01595,EMP041,RKPI031,2026-01-01,2026-01-31,3.4,4.0,68.0,collaboration_system,FEEDBACK_2026-01,2026-01-31T23:59:00
REC01596,EMP041,RKPI032,2026-01-01,2026-01-31,40.6,75.0,54.1,learning_system,TRAINING_2026-01,2026-01-31T23:59:00
REC01597,EMP041,RKPI027,2026-02-01,2026-02-28,52.0,95.0,54.7,quality_system,QUALITY_2026-02,2026-02-28T23:59:00
REC01598,EMP041,RKPI028,2026-02-01,2026-02-28,71.4,60.0,100,task_completion_system,TASKS_2026-02,2026-02-28T23:59:00
REC01599,EMP041,RKPI029,2026-02-01,2026-02-28,60.0,85.0,60.0,ontime_delivery_system,TASKS_2026-02,2026-02-28T23:59:00
REC01600,EMP041,RKPI030,2026-02-01,2026-02-28,44.2,78.0,56.7,technical_skill_system,SKILLS_2026-02,2026-02-28T23:59:00
REC01601,EMP041,RKPI031,2026-02-01,2026-02-28,3.2,4.0,64.0,collaboration_system,FEEDBACK_2026-02,2026-02-28T23:59:00
REC01602,EMP041,RKPI032,2026-02-01,2026-02-28,30.3,75.0,40.4,learning_system,TRAINING_2026-02,2026-02-28T23:59:00
REC01603,EMP041,RKPI027,2026-03-01,2026-03-31,58.4,95.0,61.5,quality_system,QUALITY_2026-03,2026-03-31T23:59:00
REC01604,EMP041,RKPI028,2026-03-01,2026-03-31,70.0,60.0,100,task_completion_system,TASKS_2026-03,2026-03-31T23:59:00
REC01605,EMP041,RKPI029,2026-03-01,2026-03-31,42.9,85.0,42.9,ontime_delivery_system,TASKS_2026-03,2026-03-31T23:59:00
REC01606,EMP041,RKPI030,2026-03-01,2026-03-31,65.0,78.0,83.3,technical_skill_system,SKILLS_2026-03,2026-03-31T23:59:00
REC01607,EMP041,RKPI031,2026-03-01,2026-03-31,2.7,4.0,54.0,collaboration_system,FEEDBACK_2026-03,2026-03-31T23:59:00
REC01608,EMP041,RKPI032,2026-03-01,2026-03-31,41.5,75.0,55.3,learning_system,TRAINING_2026-03,2026-03-31T23:59:00
REC01609,EMP041,RKPI027,2026-04-01,2026-04-30,68.0,95.0,71.6,quality_system,QUALITY_2026-04,2026-04-30T23:59:00
REC01610,EMP041,RKPI028,2026-04-01,2026-04-30,66.7,60.0,100,task_completion_system,TASKS_2026-04,2026-04-30T23:59:00
REC01611,EMP041,RKPI029,2026-04-01,2026-04-30,50.0,85.0,50.0,ontime_delivery_system,TASKS_2026-04,2026-04-30T23:59:00
REC01612,EMP041,RKPI030,2026-04-01,2026-04-30,39.4,78.0,50.5,technical_skill_system,SKILLS_2026-04,2026-04-30T23:59:00
REC01613,EMP041,RKPI031,2026-04-01,2026-04-30,2.9,4.0,58.0,collaboration_system,FEEDBACK_2026-04,2026-04-30T23:59:00
REC01614,EMP041,RKPI032,2026-04-01,2026-04-30,44.7,75.0,59.6,learning_system,TRAINING_2026-04,2026-04-30T23:59:00
REC01615,EMP041,RKPI027,2026-05-01,2026-05-31,64.6,95.0,68.0,quality_system,QUALITY_2026-05,2026-05-31T23:59:00
REC01616,EMP041,RKPI028,2026-05-01,2026-05-31,30.0,60.0,50.0,task_completion_system,TASKS_2026-05,2026-05-31T23:59:00
REC01617,EMP041,RKPI029,2026-05-01,2026-05-31,100.0,85.0,100,ontime_delivery_system,TASKS_2026-05,2026-05-31T23:59:00
REC01618,EMP041,RKPI030,2026-05-01,2026-05-31,65.0,78.0,83.3,technical_skill_system,SKILLS_2026-05,2026-05-31T23:59:00
REC01619,EMP041,RKPI031,2026-05-01,2026-05-31,3.3,4.0,66.0,collaboration_system,FEEDBACK_2026-05,2026-05-31T23:59:00
REC01620,EMP041,RKPI032,2026-05-01,2026-05-31,41.2,75.0,54.9,learning_system,TRAINING_2026-05,2026-05-31T23:59:00
REC01621,EMP041,RKPI027,2026-06-01,2026-06-30,54.3,95.0,57.2,quality_system,QUALITY_2026-06,2026-06-30T23:59:00
REC01622,EMP041,RKPI028,2026-06-01,2026-06-30,100.0,60.0,100,task_completion_system,TASKS_2026-06,2026-06-30T23:59:00
REC01623,EMP041,RKPI029,2026-06-01,2026-06-30,0.0,85.0,0,ontime_delivery_system,TASKS_2026-06,2026-06-30T23:59:00
REC01624,EMP041,RKPI030,2026-06-01,2026-06-30,41.9,78.0,53.7,technical_skill_system,SKILLS_2026-06,2026-06-30T23:59:00
REC01625,EMP041,RKPI031,2026-06-01,2026-06-30,2.7,4.0,54.0,collaboration_system,FEEDBACK_2026-06,2026-06-30T23:59:00
REC01626,EMP041,RKPI032,2026-06-01,2026-06-30,42.2,75.0,56.3,learning_system,TRAINING_2026-06,2026-06-30T23:59:00
REC01627,EMP042,RKPI033,2026-01-01,2026-01-31,90.0,40.0,100,task_completion_system,TASKS_2026-01,2026-01-31T23:59:00
REC01628,EMP042,RKPI034,2026-01-01,2026-01-31,87.5,80.0,87.5,goal_achievement_system,GOALS_2026-01,2026-01-31T23:59:00
REC01629,EMP042,RKPI035,2026-01-01,2026-01-31,3.5,4.0,70.0,collaboration_system,FEEDBACK_2026-01,2026-01-31T23:59:00
REC01630,EMP042,RKPI036,2026-01-01,2026-01-31,100.0,95.0,100,attendance_system,ATTENDANCE_2026-01,2026-01-31T23:59:00
REC01631,EMP042,RKPI037,2026-01-01,2026-01-31,73.4,70.0,100,learning_system,TRAINING_2026-01,2026-01-31T23:59:00
REC01632,EMP042,RKPI038,2026-01-01,2026-01-31,4.0,4.0,80.0,customer_sat_system,FEEDBACK_2026-01,2026-01-31T23:59:00
REC01633,EMP042,RKPI033,2026-02-01,2026-02-28,100.0,40.0,100,task_completion_system,TASKS_2026-02,2026-02-28T23:59:00
REC01634,EMP042,RKPI034,2026-02-01,2026-02-28,86.8,80.0,86.8,goal_achievement_system,GOALS_2026-02,2026-02-28T23:59:00
REC01635,EMP042,RKPI035,2026-02-01,2026-02-28,4.5,4.0,90.0,collaboration_system,FEEDBACK_2026-02,2026-02-28T23:59:00
REC01636,EMP042,RKPI036,2026-02-01,2026-02-28,100.0,95.0,100,attendance_system,ATTENDANCE_2026-02,2026-02-28T23:59:00
REC01637,EMP042,RKPI037,2026-02-01,2026-02-28,61.0,70.0,87.1,learning_system,TRAINING_2026-02,2026-02-28T23:59:00
REC01638,EMP042,RKPI038,2026-02-01,2026-02-28,4.0,4.0,80.0,customer_sat_system,FEEDBACK_2026-02,2026-02-28T23:59:00
REC01639,EMP042,RKPI033,2026-03-01,2026-03-31,100.0,40.0,100,task_completion_system,TASKS_2026-03,2026-03-31T23:59:00
REC01640,EMP042,RKPI034,2026-03-01,2026-03-31,70.6,80.0,70.6,goal_achievement_system,GOALS_2026-03,2026-03-31T23:59:00
REC01641,EMP042,RKPI035,2026-03-01,2026-03-31,4.1,4.0,82.0,collaboration_system,FEEDBACK_2026-03,2026-03-31T23:59:00
REC01642,EMP042,RKPI036,2026-03-01,2026-03-31,100.0,95.0,100,attendance_system,ATTENDANCE_2026-03,2026-03-31T23:59:00
REC01643,EMP042,RKPI037,2026-03-01,2026-03-31,79.0,70.0,100,learning_system,TRAINING_2026-03,2026-03-31T23:59:00
REC01644,EMP042,RKPI038,2026-03-01,2026-03-31,3.9,4.0,78.0,customer_sat_system,FEEDBACK_2026-03,2026-03-31T23:59:00
REC01645,EMP042,RKPI033,2026-04-01,2026-04-30,60.0,40.0,100,task_completion_system,TASKS_2026-04,2026-04-30T23:59:00
REC01646,EMP042,RKPI034,2026-04-01,2026-04-30,85.0,80.0,85.0,goal_achievement_system,GOALS_2026-04,2026-04-30T23:59:00
REC01647,EMP042,RKPI035,2026-04-01,2026-04-30,4.4,4.0,88.0,collaboration_system,FEEDBACK_2026-04,2026-04-30T23:59:00
REC01648,EMP042,RKPI036,2026-04-01,2026-04-30,100.0,95.0,100,attendance_system,ATTENDANCE_2026-04,2026-04-30T23:59:00
REC01649,EMP042,RKPI037,2026-04-01,2026-04-30,80.9,70.0,100,learning_system,TRAINING_2026-04,2026-04-30T23:59:00
REC01650,EMP042,RKPI038,2026-04-01,2026-04-30,4.2,4.0,84.0,customer_sat_system,FEEDBACK_2026-04,2026-04-30T23:59:00
REC01651,EMP042,RKPI033,2026-05-01,2026-05-31,75.0,40.0,100,task_completion_system,TASKS_2026-05,2026-05-31T23:59:00
REC01652,EMP042,RKPI034,2026-05-01,2026-05-31,86.7,80.0,86.7,goal_achievement_system,GOALS_2026-05,2026-05-31T23:59:00
REC01653,EMP042,RKPI035,2026-05-01,2026-05-31,3.8,4.0,76.0,collaboration_system,FEEDBACK_2026-05,2026-05-31T23:59:00
REC01654,EMP042,RKPI036,2026-05-01,2026-05-31,100.0,95.0,100,attendance_system,ATTENDANCE_2026-05,2026-05-31T23:59:00
REC01655,EMP042,RKPI037,2026-05-01,2026-05-31,88.6,70.0,100,learning_system,TRAINING_2026-05,2026-05-31T23:59:00
REC01656,EMP042,RKPI038,2026-05-01,2026-05-31,3.9,4.0,78.0,customer_sat_system,FEEDBACK_2026-05,2026-05-31T23:59:00
REC01657,EMP042,RKPI033,2026-06-01,2026-06-30,85.7,40.0,100,task_completion_system,TASKS_2026-06,2026-06-30T23:59:00
REC01658,EMP042,RKPI034,2026-06-01,2026-06-30,72.6,80.0,72.6,goal_achievement_system,GOALS_2026-06,2026-06-30T23:59:00
REC01659,EMP042,RKPI035,2026-06-01,2026-06-30,4.0,4.0,80.0,collaboration_system,FEEDBACK_2026-06,2026-06-30T23:59:00
REC01660,EMP042,RKPI036,2026-06-01,2026-06-30,100.0,95.0,100,attendance_system,ATTENDANCE_2026-06,2026-06-30T23:59:00
REC01661,EMP042,RKPI037,2026-06-01,2026-06-30,66.1,70.0,94.4,learning_system,TRAINING_2026-06,2026-06-30T23:59:00
REC01662,EMP042,RKPI038,2026-06-01,2026-06-30,4.0,4.0,80.0,customer_sat_system,FEEDBACK_2026-06,2026-06-30T23:59:00
REC01663,EMP043,RKPI033,2026-01-01,2026-01-31,100.0,40.0,100,task_completion_system,TASKS_2026-01,2026-01-31T23:59:00
REC01664,EMP043,RKPI034,2026-01-01,2026-01-31,65.1,80.0,65.1,goal_achievement_system,GOALS_2026-01,2026-01-31T23:59:00
REC01665,EMP043,RKPI035,2026-01-01,2026-01-31,3.4,4.0,68.0,collaboration_system,FEEDBACK_2026-01,2026-01-31T23:59:00
REC01666,EMP043,RKPI036,2026-01-01,2026-01-31,71.4,95.0,71.4,attendance_system,ATTENDANCE_2026-01,2026-01-31T23:59:00
REC01667,EMP043,RKPI037,2026-01-01,2026-01-31,62.6,70.0,89.4,learning_system,TRAINING_2026-01,2026-01-31T23:59:00
REC01668,EMP043,RKPI038,2026-01-01,2026-01-31,3.4,4.0,68.0,customer_sat_system,FEEDBACK_2026-01,2026-01-31T23:59:00
REC01669,EMP043,RKPI033,2026-02-01,2026-02-28,72.7,40.0,100,task_completion_system,TASKS_2026-02,2026-02-28T23:59:00
REC01670,EMP043,RKPI034,2026-02-01,2026-02-28,60.3,80.0,60.3,goal_achievement_system,GOALS_2026-02,2026-02-28T23:59:00
REC01671,EMP043,RKPI035,2026-02-01,2026-02-28,3.5,4.0,70.0,collaboration_system,FEEDBACK_2026-02,2026-02-28T23:59:00
REC01672,EMP043,RKPI036,2026-02-01,2026-02-28,95.0,95.0,95.0,attendance_system,ATTENDANCE_2026-02,2026-02-28T23:59:00
REC01673,EMP043,RKPI037,2026-02-01,2026-02-28,64.8,70.0,92.6,learning_system,TRAINING_2026-02,2026-02-28T23:59:00
REC01674,EMP043,RKPI038,2026-02-01,2026-02-28,3.5,4.0,70.0,customer_sat_system,FEEDBACK_2026-02,2026-02-28T23:59:00
REC01675,EMP043,RKPI033,2026-03-01,2026-03-31,80.0,40.0,100,task_completion_system,TASKS_2026-03,2026-03-31T23:59:00
REC01676,EMP043,RKPI034,2026-03-01,2026-03-31,67.6,80.0,67.6,goal_achievement_system,GOALS_2026-03,2026-03-31T23:59:00
REC01677,EMP043,RKPI035,2026-03-01,2026-03-31,3.5,4.0,70.0,collaboration_system,FEEDBACK_2026-03,2026-03-31T23:59:00
REC01678,EMP043,RKPI036,2026-03-01,2026-03-31,80.0,95.0,80.0,attendance_system,ATTENDANCE_2026-03,2026-03-31T23:59:00
REC01679,EMP043,RKPI037,2026-03-01,2026-03-31,68.7,70.0,98.1,learning_system,TRAINING_2026-03,2026-03-31T23:59:00
REC01680,EMP043,RKPI038,2026-03-01,2026-03-31,3.5,4.0,70.0,customer_sat_system,FEEDBACK_2026-03,2026-03-31T23:59:00
REC01681,EMP043,RKPI033,2026-04-01,2026-04-30,72.7,40.0,100,task_completion_system,TASKS_2026-04,2026-04-30T23:59:00
REC01682,EMP043,RKPI034,2026-04-01,2026-04-30,59.4,80.0,59.4,goal_achievement_system,GOALS_2026-04,2026-04-30T23:59:00
REC01683,EMP043,RKPI035,2026-04-01,2026-04-30,3.9,4.0,78.0,collaboration_system,FEEDBACK_2026-04,2026-04-30T23:59:00
REC01684,EMP043,RKPI036,2026-04-01,2026-04-30,85.7,95.0,85.7,attendance_system,ATTENDANCE_2026-04,2026-04-30T23:59:00
REC01685,EMP043,RKPI037,2026-04-01,2026-04-30,64.6,70.0,92.3,learning_system,TRAINING_2026-04,2026-04-30T23:59:00
REC01686,EMP043,RKPI038,2026-04-01,2026-04-30,3.7,4.0,74.0,customer_sat_system,FEEDBACK_2026-04,2026-04-30T23:59:00
REC01687,EMP043,RKPI033,2026-05-01,2026-05-31,62.5,40.0,100,task_completion_system,TASKS_2026-05,2026-05-31T23:59:00
REC01688,EMP043,RKPI034,2026-05-01,2026-05-31,55.2,80.0,55.2,goal_achievement_system,GOALS_2026-05,2026-05-31T23:59:00
REC01689,EMP043,RKPI035,2026-05-01,2026-05-31,3.3,4.0,66.0,collaboration_system,FEEDBACK_2026-05,2026-05-31T23:59:00
REC01690,EMP043,RKPI036,2026-05-01,2026-05-31,95.0,95.0,95.0,attendance_system,ATTENDANCE_2026-05,2026-05-31T23:59:00
REC01691,EMP043,RKPI037,2026-05-01,2026-05-31,63.5,70.0,90.7,learning_system,TRAINING_2026-05,2026-05-31T23:59:00
REC01692,EMP043,RKPI038,2026-05-01,2026-05-31,3.4,4.0,68.0,customer_sat_system,FEEDBACK_2026-05,2026-05-31T23:59:00
REC01693,EMP043,RKPI033,2026-06-01,2026-06-30,66.7,40.0,100,task_completion_system,TASKS_2026-06,2026-06-30T23:59:00
REC01694,EMP043,RKPI034,2026-06-01,2026-06-30,60.1,80.0,60.1,goal_achievement_system,GOALS_2026-06,2026-06-30T23:59:00
REC01695,EMP043,RKPI035,2026-06-01,2026-06-30,3.4,4.0,68.0,collaboration_system,FEEDBACK_2026-06,2026-06-30T23:59:00
REC01696,EMP043,RKPI036,2026-06-01,2026-06-30,90.5,95.0,90.5,attendance_system,ATTENDANCE_2026-06,2026-06-30T23:59:00
REC01697,EMP043,RKPI037,2026-06-01,2026-06-30,64.8,70.0,92.6,learning_system,TRAINING_2026-06,2026-06-30T23:59:00
REC01698,EMP043,RKPI038,2026-06-01,2026-06-30,3.6,4.0,72.0,customer_sat_system,FEEDBACK_2026-06,2026-06-30T23:59:00
REC01699,EMP044,RKPI033,2026-01-01,2026-01-31,25.0,40.0,62.5,task_completion_system,TASKS_2026-01,2026-01-31T23:59:00
REC01700,EMP044,RKPI034,2026-01-01,2026-01-31,23.8,80.0,23.8,goal_achievement_system,GOALS_2026-01,2026-01-31T23:59:00
REC01701,EMP044,RKPI035,2026-01-01,2026-01-31,2.5,4.0,50.0,collaboration_system,FEEDBACK_2026-01,2026-01-31T23:59:00
REC01702,EMP044,RKPI036,2026-01-01,2026-01-31,85.7,95.0,85.7,attendance_system,ATTENDANCE_2026-01,2026-01-31T23:59:00
REC01703,EMP044,RKPI037,2026-01-01,2026-01-31,26.5,70.0,37.9,learning_system,TRAINING_2026-01,2026-01-31T23:59:00
REC01704,EMP044,RKPI038,2026-01-01,2026-01-31,2.6,4.0,52.0,customer_sat_system,FEEDBACK_2026-01,2026-01-31T23:59:00
REC01705,EMP044,RKPI033,2026-02-01,2026-02-28,46.7,40.0,100,task_completion_system,TASKS_2026-02,2026-02-28T23:59:00
REC01706,EMP044,RKPI034,2026-02-01,2026-02-28,44.6,80.0,44.6,goal_achievement_system,GOALS_2026-02,2026-02-28T23:59:00
REC01707,EMP044,RKPI035,2026-02-01,2026-02-28,2.9,4.0,58.0,collaboration_system,FEEDBACK_2026-02,2026-02-28T23:59:00
REC01708,EMP044,RKPI036,2026-02-01,2026-02-28,80.0,95.0,80.0,attendance_system,ATTENDANCE_2026-02,2026-02-28T23:59:00
REC01709,EMP044,RKPI037,2026-02-01,2026-02-28,23.4,70.0,33.4,learning_system,TRAINING_2026-02,2026-02-28T23:59:00
REC01710,EMP044,RKPI038,2026-02-01,2026-02-28,3.0,4.0,60.0,customer_sat_system,FEEDBACK_2026-02,2026-02-28T23:59:00
REC01711,EMP044,RKPI033,2026-03-01,2026-03-31,62.5,40.0,100,task_completion_system,TASKS_2026-03,2026-03-31T23:59:00
REC01712,EMP044,RKPI034,2026-03-01,2026-03-31,39.5,80.0,39.5,goal_achievement_system,GOALS_2026-03,2026-03-31T23:59:00
REC01713,EMP044,RKPI035,2026-03-01,2026-03-31,2.8,4.0,56.0,collaboration_system,FEEDBACK_2026-03,2026-03-31T23:59:00
REC01714,EMP044,RKPI036,2026-03-01,2026-03-31,70.0,95.0,70.0,attendance_system,ATTENDANCE_2026-03,2026-03-31T23:59:00
REC01715,EMP044,RKPI037,2026-03-01,2026-03-31,41.5,70.0,59.3,learning_system,TRAINING_2026-03,2026-03-31T23:59:00
REC01716,EMP044,RKPI038,2026-03-01,2026-03-31,2.7,4.0,54.0,customer_sat_system,FEEDBACK_2026-03,2026-03-31T23:59:00
REC01717,EMP044,RKPI033,2026-04-01,2026-04-30,33.3,40.0,83.2,task_completion_system,TASKS_2026-04,2026-04-30T23:59:00
REC01718,EMP044,RKPI034,2026-04-01,2026-04-30,29.9,80.0,29.9,goal_achievement_system,GOALS_2026-04,2026-04-30T23:59:00
REC01719,EMP044,RKPI035,2026-04-01,2026-04-30,2.7,4.0,54.0,collaboration_system,FEEDBACK_2026-04,2026-04-30T23:59:00
REC01720,EMP044,RKPI036,2026-04-01,2026-04-30,61.9,95.0,61.9,attendance_system,ATTENDANCE_2026-04,2026-04-30T23:59:00
REC01721,EMP044,RKPI037,2026-04-01,2026-04-30,42.8,70.0,61.1,learning_system,TRAINING_2026-04,2026-04-30T23:59:00
REC01722,EMP044,RKPI038,2026-04-01,2026-04-30,2.5,4.0,50.0,customer_sat_system,FEEDBACK_2026-04,2026-04-30T23:59:00
REC01723,EMP044,RKPI033,2026-05-01,2026-05-31,45.5,40.0,100,task_completion_system,TASKS_2026-05,2026-05-31T23:59:00
REC01724,EMP044,RKPI034,2026-05-01,2026-05-31,37.6,80.0,37.6,goal_achievement_system,GOALS_2026-05,2026-05-31T23:59:00
REC01725,EMP044,RKPI035,2026-05-01,2026-05-31,2.7,4.0,54.0,collaboration_system,FEEDBACK_2026-05,2026-05-31T23:59:00
REC01726,EMP044,RKPI036,2026-05-01,2026-05-31,60.0,95.0,60.0,attendance_system,ATTENDANCE_2026-05,2026-05-31T23:59:00
REC01727,EMP044,RKPI037,2026-05-01,2026-05-31,29.3,70.0,41.9,learning_system,TRAINING_2026-05,2026-05-31T23:59:00
REC01728,EMP044,RKPI038,2026-05-01,2026-05-31,2.2,4.0,44.0,customer_sat_system,FEEDBACK_2026-05,2026-05-31T23:59:00
REC01729,EMP044,RKPI033,2026-06-01,2026-06-30,16.7,40.0,41.8,task_completion_system,TASKS_2026-06,2026-06-30T23:59:00
REC01730,EMP044,RKPI034,2026-06-01,2026-06-30,28.8,80.0,28.8,goal_achievement_system,GOALS_2026-06,2026-06-30T23:59:00
REC01731,EMP044,RKPI035,2026-06-01,2026-06-30,2.2,4.0,44.0,collaboration_system,FEEDBACK_2026-06,2026-06-30T23:59:00
REC01732,EMP044,RKPI036,2026-06-01,2026-06-30,85.7,95.0,85.7,attendance_system,ATTENDANCE_2026-06,2026-06-30T23:59:00
REC01733,EMP044,RKPI037,2026-06-01,2026-06-30,43.9,70.0,62.7,learning_system,TRAINING_2026-06,2026-06-30T23:59:00
REC01734,EMP044,RKPI038,2026-06-01,2026-06-30,2.2,4.0,44.0,customer_sat_system,FEEDBACK_2026-06,2026-06-30T23:59:00
REC01735,EMP045,RKPI033,2026-01-01,2026-01-31,75.0,40.0,100,task_completion_system,TASKS_2026-01,2026-01-31T23:59:00
REC01736,EMP045,RKPI034,2026-01-01,2026-01-31,56.5,80.0,56.5,goal_achievement_system,GOALS_2026-01,2026-01-31T23:59:00
REC01737,EMP045,RKPI035,2026-01-01,2026-01-31,3.5,4.0,70.0,collaboration_system,FEEDBACK_2026-01,2026-01-31T23:59:00
REC01738,EMP045,RKPI036,2026-01-01,2026-01-31,95.2,95.0,95.2,attendance_system,ATTENDANCE_2026-01,2026-01-31T23:59:00
REC01739,EMP045,RKPI037,2026-01-01,2026-01-31,58.5,70.0,83.6,learning_system,TRAINING_2026-01,2026-01-31T23:59:00
REC01740,EMP045,RKPI038,2026-01-01,2026-01-31,3.4,4.0,68.0,customer_sat_system,FEEDBACK_2026-01,2026-01-31T23:59:00
REC01741,EMP045,RKPI033,2026-02-01,2026-02-28,73.3,40.0,100,task_completion_system,TASKS_2026-02,2026-02-28T23:59:00
REC01742,EMP045,RKPI034,2026-02-01,2026-02-28,65.0,80.0,65.0,goal_achievement_system,GOALS_2026-02,2026-02-28T23:59:00
REC01743,EMP045,RKPI035,2026-02-01,2026-02-28,3.7,4.0,74.0,collaboration_system,FEEDBACK_2026-02,2026-02-28T23:59:00
REC01744,EMP045,RKPI036,2026-02-01,2026-02-28,85.0,95.0,85.0,attendance_system,ATTENDANCE_2026-02,2026-02-28T23:59:00
REC01745,EMP045,RKPI037,2026-02-01,2026-02-28,57.4,70.0,82.0,learning_system,TRAINING_2026-02,2026-02-28T23:59:00
REC01746,EMP045,RKPI038,2026-02-01,2026-02-28,3.5,4.0,70.0,customer_sat_system,FEEDBACK_2026-02,2026-02-28T23:59:00
REC01747,EMP045,RKPI033,2026-03-01,2026-03-31,81.8,40.0,100,task_completion_system,TASKS_2026-03,2026-03-31T23:59:00
REC01748,EMP045,RKPI034,2026-03-01,2026-03-31,63.8,80.0,63.8,goal_achievement_system,GOALS_2026-03,2026-03-31T23:59:00
REC01749,EMP045,RKPI035,2026-03-01,2026-03-31,3.9,4.0,78.0,collaboration_system,FEEDBACK_2026-03,2026-03-31T23:59:00
REC01750,EMP045,RKPI036,2026-03-01,2026-03-31,85.0,95.0,85.0,attendance_system,ATTENDANCE_2026-03,2026-03-31T23:59:00
REC01751,EMP045,RKPI037,2026-03-01,2026-03-31,54.3,70.0,77.6,learning_system,TRAINING_2026-03,2026-03-31T23:59:00
REC01752,EMP045,RKPI038,2026-03-01,2026-03-31,3.9,4.0,78.0,customer_sat_system,FEEDBACK_2026-03,2026-03-31T23:59:00
REC01753,EMP045,RKPI033,2026-04-01,2026-04-30,100.0,40.0,100,task_completion_system,TASKS_2026-04,2026-04-30T23:59:00
REC01754,EMP045,RKPI034,2026-04-01,2026-04-30,72.9,80.0,72.9,goal_achievement_system,GOALS_2026-04,2026-04-30T23:59:00
REC01755,EMP045,RKPI035,2026-04-01,2026-04-30,4.0,4.0,80.0,collaboration_system,FEEDBACK_2026-04,2026-04-30T23:59:00
REC01756,EMP045,RKPI036,2026-04-01,2026-04-30,90.5,95.0,90.5,attendance_system,ATTENDANCE_2026-04,2026-04-30T23:59:00
REC01757,EMP045,RKPI037,2026-04-01,2026-04-30,64.1,70.0,91.6,learning_system,TRAINING_2026-04,2026-04-30T23:59:00
REC01758,EMP045,RKPI038,2026-04-01,2026-04-30,3.4,4.0,68.0,customer_sat_system,FEEDBACK_2026-04,2026-04-30T23:59:00
REC01759,EMP045,RKPI033,2026-05-01,2026-05-31,66.7,40.0,100,task_completion_system,TASKS_2026-05,2026-05-31T23:59:00
REC01760,EMP045,RKPI034,2026-05-01,2026-05-31,64.4,80.0,64.4,goal_achievement_system,GOALS_2026-05,2026-05-31T23:59:00
REC01761,EMP045,RKPI035,2026-05-01,2026-05-31,3.4,4.0,68.0,collaboration_system,FEEDBACK_2026-05,2026-05-31T23:59:00
REC01762,EMP045,RKPI036,2026-05-01,2026-05-31,100.0,95.0,100,attendance_system,ATTENDANCE_2026-05,2026-05-31T23:59:00
REC01763,EMP045,RKPI037,2026-05-01,2026-05-31,73.7,70.0,100,learning_system,TRAINING_2026-05,2026-05-31T23:59:00
REC01764,EMP045,RKPI038,2026-05-01,2026-05-31,3.9,4.0,78.0,customer_sat_system,FEEDBACK_2026-05,2026-05-31T23:59:00
REC01765,EMP045,RKPI033,2026-06-01,2026-06-30,57.1,40.0,100,task_completion_system,TASKS_2026-06,2026-06-30T23:59:00
REC01766,EMP045,RKPI034,2026-06-01,2026-06-30,66.9,80.0,66.9,goal_achievement_system,GOALS_2026-06,2026-06-30T23:59:00
REC01767,EMP045,RKPI035,2026-06-01,2026-06-30,3.2,4.0,64.0,collaboration_system,FEEDBACK_2026-06,2026-06-30T23:59:00
REC01768,EMP045,RKPI036,2026-06-01,2026-06-30,100.0,95.0,100,attendance_system,ATTENDANCE_2026-06,2026-06-30T23:59:00
REC01769,EMP045,RKPI037,2026-06-01,2026-06-30,60.0,70.0,85.7,learning_system,TRAINING_2026-06,2026-06-30T23:59:00
REC01770,EMP045,RKPI038,2026-06-01,2026-06-30,3.5,4.0,70.0,customer_sat_system,FEEDBACK_2026-06,2026-06-30T23:59:00
REC01771,EMP046,RKPI033,2026-01-01,2026-01-31,66.7,40.0,100,task_completion_system,TASKS_2026-01,2026-01-31T23:59:00
REC01772,EMP046,RKPI034,2026-01-01,2026-01-31,67.9,80.0,67.9,goal_achievement_system,GOALS_2026-01,2026-01-31T23:59:00
REC01773,EMP046,RKPI035,2026-01-01,2026-01-31,3.9,4.0,78.0,collaboration_system,FEEDBACK_2026-01,2026-01-31T23:59:00
REC01774,EMP046,RKPI036,2026-01-01,2026-01-31,95.2,95.0,95.2,attendance_system,ATTENDANCE_2026-01,2026-01-31T23:59:00
REC01775,EMP046,RKPI037,2026-01-01,2026-01-31,62.2,70.0,88.9,learning_system,TRAINING_2026-01,2026-01-31T23:59:00
REC01776,EMP046,RKPI038,2026-01-01,2026-01-31,3.7,4.0,74.0,customer_sat_system,FEEDBACK_2026-01,2026-01-31T23:59:00
REC01777,EMP046,RKPI033,2026-02-01,2026-02-28,60.0,40.0,100,task_completion_system,TASKS_2026-02,2026-02-28T23:59:00
REC01778,EMP046,RKPI034,2026-02-01,2026-02-28,71.9,80.0,71.9,goal_achievement_system,GOALS_2026-02,2026-02-28T23:59:00
REC01779,EMP046,RKPI035,2026-02-01,2026-02-28,3.5,4.0,70.0,collaboration_system,FEEDBACK_2026-02,2026-02-28T23:59:00
REC01780,EMP046,RKPI036,2026-02-01,2026-02-28,90.0,95.0,90.0,attendance_system,ATTENDANCE_2026-02,2026-02-28T23:59:00
REC01781,EMP046,RKPI037,2026-02-01,2026-02-28,54.3,70.0,77.6,learning_system,TRAINING_2026-02,2026-02-28T23:59:00
REC01782,EMP046,RKPI038,2026-02-01,2026-02-28,3.4,4.0,68.0,customer_sat_system,FEEDBACK_2026-02,2026-02-28T23:59:00
REC01783,EMP046,RKPI033,2026-03-01,2026-03-31,100.0,40.0,100,task_completion_system,TASKS_2026-03,2026-03-31T23:59:00
REC01784,EMP046,RKPI034,2026-03-01,2026-03-31,58.4,80.0,58.4,goal_achievement_system,GOALS_2026-03,2026-03-31T23:59:00
REC01785,EMP046,RKPI035,2026-03-01,2026-03-31,3.2,4.0,64.0,collaboration_system,FEEDBACK_2026-03,2026-03-31T23:59:00
REC01786,EMP046,RKPI036,2026-03-01,2026-03-31,100.0,95.0,100,attendance_system,ATTENDANCE_2026-03,2026-03-31T23:59:00
REC01787,EMP046,RKPI037,2026-03-01,2026-03-31,69.0,70.0,98.6,learning_system,TRAINING_2026-03,2026-03-31T23:59:00
REC01788,EMP046,RKPI038,2026-03-01,2026-03-31,4.0,4.0,80.0,customer_sat_system,FEEDBACK_2026-03,2026-03-31T23:59:00
REC01789,EMP046,RKPI033,2026-04-01,2026-04-30,87.5,40.0,100,task_completion_system,TASKS_2026-04,2026-04-30T23:59:00
REC01790,EMP046,RKPI034,2026-04-01,2026-04-30,53.3,80.0,53.3,goal_achievement_system,GOALS_2026-04,2026-04-30T23:59:00
REC01791,EMP046,RKPI035,2026-04-01,2026-04-30,3.5,4.0,70.0,collaboration_system,FEEDBACK_2026-04,2026-04-30T23:59:00
REC01792,EMP046,RKPI036,2026-04-01,2026-04-30,90.5,95.0,90.5,attendance_system,ATTENDANCE_2026-04,2026-04-30T23:59:00
REC01793,EMP046,RKPI037,2026-04-01,2026-04-30,72.4,70.0,100,learning_system,TRAINING_2026-04,2026-04-30T23:59:00
REC01794,EMP046,RKPI038,2026-04-01,2026-04-30,3.7,4.0,74.0,customer_sat_system,FEEDBACK_2026-04,2026-04-30T23:59:00
REC01795,EMP046,RKPI033,2026-05-01,2026-05-31,84.2,40.0,100,task_completion_system,TASKS_2026-05,2026-05-31T23:59:00
REC01796,EMP046,RKPI034,2026-05-01,2026-05-31,51.3,80.0,51.3,goal_achievement_system,GOALS_2026-05,2026-05-31T23:59:00
REC01797,EMP046,RKPI035,2026-05-01,2026-05-31,3.5,4.0,70.0,collaboration_system,FEEDBACK_2026-05,2026-05-31T23:59:00
REC01798,EMP046,RKPI036,2026-05-01,2026-05-31,100.0,95.0,100,attendance_system,ATTENDANCE_2026-05,2026-05-31T23:59:00
REC01799,EMP046,RKPI037,2026-05-01,2026-05-31,44.5,70.0,63.6,learning_system,TRAINING_2026-05,2026-05-31T23:59:00
REC01800,EMP046,RKPI038,2026-05-01,2026-05-31,3.5,4.0,70.0,customer_sat_system,FEEDBACK_2026-05,2026-05-31T23:59:00
REC01801,EMP046,RKPI033,2026-06-01,2026-06-30,75.0,40.0,100,task_completion_system,TASKS_2026-06,2026-06-30T23:59:00
REC01802,EMP046,RKPI034,2026-06-01,2026-06-30,67.8,80.0,67.8,goal_achievement_system,GOALS_2026-06,2026-06-30T23:59:00
REC01803,EMP046,RKPI035,2026-06-01,2026-06-30,3.0,4.0,60.0,collaboration_system,FEEDBACK_2026-06,2026-06-30T23:59:00
REC01804,EMP046,RKPI036,2026-06-01,2026-06-30,85.7,95.0,85.7,attendance_system,ATTENDANCE_2026-06,2026-06-30T23:59:00
REC01805,EMP046,RKPI037,2026-06-01,2026-06-30,73.1,70.0,100,learning_system,TRAINING_2026-06,2026-06-30T23:59:00
REC01806,EMP046,RKPI038,2026-06-01,2026-06-30,3.3,4.0,66.0,customer_sat_system,FEEDBACK_2026-06,2026-06-30T23:59:00
REC01807,EMP047,RKPI039,2026-01-01,2026-01-31,33.1,85.0,33.1,goal_achievement_system,GOALS_2026-01,2026-01-31T23:59:00
REC01808,EMP047,RKPI040,2026-01-01,2026-01-31,2.1,4.2,42.0,collaboration_system,FEEDBACK_2026-01,2026-01-31T23:59:00
REC01809,EMP047,RKPI041,2026-01-01,2026-01-31,76.2,95.0,76.2,attendance_system,ATTENDANCE_2026-01,2026-01-31T23:59:00
REC01810,EMP047,RKPI042,2026-01-01,2026-01-31,2.4,4.2,48.0,customer_sat_system,FEEDBACK_2026-01,2026-01-31T23:59:00
REC01811,EMP047,RKPI043,2026-01-01,2026-01-31,40.1,78.0,51.4,project_contribution_system,PROJECTS_2026-01,2026-01-31T23:59:00
REC01812,EMP047,RKPI044,2026-01-01,2026-01-31,25.0,75.0,33.3,learning_system,TRAINING_2026-01,2026-01-31T23:59:00
REC01813,EMP047,RKPI039,2026-02-01,2026-02-28,38.0,85.0,38.0,goal_achievement_system,GOALS_2026-02,2026-02-28T23:59:00
REC01814,EMP047,RKPI040,2026-02-01,2026-02-28,2.5,4.2,50.0,collaboration_system,FEEDBACK_2026-02,2026-02-28T23:59:00
REC01815,EMP047,RKPI041,2026-02-01,2026-02-28,70.0,95.0,70.0,attendance_system,ATTENDANCE_2026-02,2026-02-28T23:59:00
REC01816,EMP047,RKPI042,2026-02-01,2026-02-28,2.5,4.2,50.0,customer_sat_system,FEEDBACK_2026-02,2026-02-28T23:59:00
REC01817,EMP047,RKPI043,2026-02-01,2026-02-28,48.1,78.0,61.7,project_contribution_system,PROJECTS_2026-02,2026-02-28T23:59:00
REC01818,EMP047,RKPI044,2026-02-01,2026-02-28,22.0,75.0,29.3,learning_system,TRAINING_2026-02,2026-02-28T23:59:00
REC01819,EMP047,RKPI039,2026-03-01,2026-03-31,30.2,85.0,30.2,goal_achievement_system,GOALS_2026-03,2026-03-31T23:59:00
REC01820,EMP047,RKPI040,2026-03-01,2026-03-31,2.3,4.2,46.0,collaboration_system,FEEDBACK_2026-03,2026-03-31T23:59:00
REC01821,EMP047,RKPI041,2026-03-01,2026-03-31,80.0,95.0,80.0,attendance_system,ATTENDANCE_2026-03,2026-03-31T23:59:00
REC01822,EMP047,RKPI042,2026-03-01,2026-03-31,2.6,4.2,52.0,customer_sat_system,FEEDBACK_2026-03,2026-03-31T23:59:00
REC01823,EMP047,RKPI043,2026-03-01,2026-03-31,28.1,78.0,36.0,project_contribution_system,PROJECTS_2026-03,2026-03-31T23:59:00
REC01824,EMP047,RKPI044,2026-03-01,2026-03-31,44.6,75.0,59.5,learning_system,TRAINING_2026-03,2026-03-31T23:59:00
REC01825,EMP047,RKPI039,2026-04-01,2026-04-30,38.2,85.0,38.2,goal_achievement_system,GOALS_2026-04,2026-04-30T23:59:00
REC01826,EMP047,RKPI040,2026-04-01,2026-04-30,2.7,4.2,54.0,collaboration_system,FEEDBACK_2026-04,2026-04-30T23:59:00
REC01827,EMP047,RKPI041,2026-04-01,2026-04-30,71.4,95.0,71.4,attendance_system,ATTENDANCE_2026-04,2026-04-30T23:59:00
REC01828,EMP047,RKPI042,2026-04-01,2026-04-30,2.3,4.2,46.0,customer_sat_system,FEEDBACK_2026-04,2026-04-30T23:59:00
REC01829,EMP047,RKPI043,2026-04-01,2026-04-30,34.9,78.0,44.7,project_contribution_system,PROJECTS_2026-04,2026-04-30T23:59:00
REC01830,EMP047,RKPI044,2026-04-01,2026-04-30,20.2,75.0,26.9,learning_system,TRAINING_2026-04,2026-04-30T23:59:00
REC01831,EMP047,RKPI039,2026-05-01,2026-05-31,33.4,85.0,33.4,goal_achievement_system,GOALS_2026-05,2026-05-31T23:59:00
REC01832,EMP047,RKPI040,2026-05-01,2026-05-31,2.6,4.2,52.0,collaboration_system,FEEDBACK_2026-05,2026-05-31T23:59:00
REC01833,EMP047,RKPI041,2026-05-01,2026-05-31,75.0,95.0,75.0,attendance_system,ATTENDANCE_2026-05,2026-05-31T23:59:00
REC01834,EMP047,RKPI042,2026-05-01,2026-05-31,2.2,4.2,44.0,customer_sat_system,FEEDBACK_2026-05,2026-05-31T23:59:00
REC01835,EMP047,RKPI043,2026-05-01,2026-05-31,38.4,78.0,49.2,project_contribution_system,PROJECTS_2026-05,2026-05-31T23:59:00
REC01836,EMP047,RKPI044,2026-05-01,2026-05-31,30.8,75.0,41.1,learning_system,TRAINING_2026-05,2026-05-31T23:59:00
REC01837,EMP047,RKPI039,2026-06-01,2026-06-30,38.8,85.0,38.8,goal_achievement_system,GOALS_2026-06,2026-06-30T23:59:00
REC01838,EMP047,RKPI040,2026-06-01,2026-06-30,2.5,4.2,50.0,collaboration_system,FEEDBACK_2026-06,2026-06-30T23:59:00
REC01839,EMP047,RKPI041,2026-06-01,2026-06-30,76.2,95.0,76.2,attendance_system,ATTENDANCE_2026-06,2026-06-30T23:59:00
REC01840,EMP047,RKPI042,2026-06-01,2026-06-30,2.3,4.2,46.0,customer_sat_system,FEEDBACK_2026-06,2026-06-30T23:59:00
REC01841,EMP047,RKPI043,2026-06-01,2026-06-30,15.3,78.0,19.6,project_contribution_system,PROJECTS_2026-06,2026-06-30T23:59:00
REC01842,EMP047,RKPI044,2026-06-01,2026-06-30,22.4,75.0,29.9,learning_system,TRAINING_2026-06,2026-06-30T23:59:00
REC01843,EMP048,RKPI039,2026-01-01,2026-01-31,38.6,85.0,38.6,goal_achievement_system,GOALS_2026-01,2026-01-31T23:59:00
REC01844,EMP048,RKPI040,2026-01-01,2026-01-31,2.5,4.2,50.0,collaboration_system,FEEDBACK_2026-01,2026-01-31T23:59:00
REC01845,EMP048,RKPI041,2026-01-01,2026-01-31,81.0,95.0,81.0,attendance_system,ATTENDANCE_2026-01,2026-01-31T23:59:00
REC01846,EMP048,RKPI042,2026-01-01,2026-01-31,2.6,4.2,52.0,customer_sat_system,FEEDBACK_2026-01,2026-01-31T23:59:00
REC01847,EMP048,RKPI043,2026-01-01,2026-01-31,31.3,78.0,40.1,project_contribution_system,PROJECTS_2026-01,2026-01-31T23:59:00
REC01848,EMP048,RKPI044,2026-01-01,2026-01-31,34.2,75.0,45.6,learning_system,TRAINING_2026-01,2026-01-31T23:59:00
REC01849,EMP048,RKPI039,2026-02-01,2026-02-28,39.8,85.0,39.8,goal_achievement_system,GOALS_2026-02,2026-02-28T23:59:00
REC01850,EMP048,RKPI040,2026-02-01,2026-02-28,2.6,4.2,52.0,collaboration_system,FEEDBACK_2026-02,2026-02-28T23:59:00
REC01851,EMP048,RKPI041,2026-02-01,2026-02-28,80.0,95.0,80.0,attendance_system,ATTENDANCE_2026-02,2026-02-28T23:59:00
REC01852,EMP048,RKPI042,2026-02-01,2026-02-28,2.9,4.2,58.0,customer_sat_system,FEEDBACK_2026-02,2026-02-28T23:59:00
REC01853,EMP048,RKPI043,2026-02-01,2026-02-28,64.2,78.0,82.3,project_contribution_system,PROJECTS_2026-02,2026-02-28T23:59:00
REC01854,EMP048,RKPI044,2026-02-01,2026-02-28,41.5,75.0,55.3,learning_system,TRAINING_2026-02,2026-02-28T23:59:00
REC01855,EMP048,RKPI039,2026-03-01,2026-03-31,40.1,85.0,40.1,goal_achievement_system,GOALS_2026-03,2026-03-31T23:59:00
REC01856,EMP048,RKPI040,2026-03-01,2026-03-31,3.0,4.2,60.0,collaboration_system,FEEDBACK_2026-03,2026-03-31T23:59:00
REC01857,EMP048,RKPI041,2026-03-01,2026-03-31,80.0,95.0,80.0,attendance_system,ATTENDANCE_2026-03,2026-03-31T23:59:00
REC01858,EMP048,RKPI042,2026-03-01,2026-03-31,2.9,4.2,58.0,customer_sat_system,FEEDBACK_2026-03,2026-03-31T23:59:00
REC01859,EMP048,RKPI043,2026-03-01,2026-03-31,56.7,78.0,72.7,project_contribution_system,PROJECTS_2026-03,2026-03-31T23:59:00
REC01860,EMP048,RKPI044,2026-03-01,2026-03-31,53.5,75.0,71.3,learning_system,TRAINING_2026-03,2026-03-31T23:59:00
REC01861,EMP048,RKPI039,2026-04-01,2026-04-30,62.3,85.0,62.3,goal_achievement_system,GOALS_2026-04,2026-04-30T23:59:00
REC01862,EMP048,RKPI040,2026-04-01,2026-04-30,3.3,4.2,66.0,collaboration_system,FEEDBACK_2026-04,2026-04-30T23:59:00
REC01863,EMP048,RKPI041,2026-04-01,2026-04-30,81.0,95.0,81.0,attendance_system,ATTENDANCE_2026-04,2026-04-30T23:59:00
REC01864,EMP048,RKPI042,2026-04-01,2026-04-30,3.1,4.2,62.0,customer_sat_system,FEEDBACK_2026-04,2026-04-30T23:59:00
REC01865,EMP048,RKPI043,2026-04-01,2026-04-30,48.7,78.0,62.4,project_contribution_system,PROJECTS_2026-04,2026-04-30T23:59:00
REC01866,EMP048,RKPI044,2026-04-01,2026-04-30,55.2,75.0,73.6,learning_system,TRAINING_2026-04,2026-04-30T23:59:00
REC01867,EMP048,RKPI039,2026-05-01,2026-05-31,34.3,85.0,34.3,goal_achievement_system,GOALS_2026-05,2026-05-31T23:59:00
REC01868,EMP048,RKPI040,2026-05-01,2026-05-31,3.3,4.2,66.0,collaboration_system,FEEDBACK_2026-05,2026-05-31T23:59:00
REC01869,EMP048,RKPI041,2026-05-01,2026-05-31,80.0,95.0,80.0,attendance_system,ATTENDANCE_2026-05,2026-05-31T23:59:00
REC01870,EMP048,RKPI042,2026-05-01,2026-05-31,3.1,4.2,62.0,customer_sat_system,FEEDBACK_2026-05,2026-05-31T23:59:00
REC01871,EMP048,RKPI043,2026-05-01,2026-05-31,52.5,78.0,67.3,project_contribution_system,PROJECTS_2026-05,2026-05-31T23:59:00
REC01872,EMP048,RKPI044,2026-05-01,2026-05-31,41.3,75.0,55.1,learning_system,TRAINING_2026-05,2026-05-31T23:59:00
REC01873,EMP048,RKPI039,2026-06-01,2026-06-30,46.7,85.0,46.7,goal_achievement_system,GOALS_2026-06,2026-06-30T23:59:00
REC01874,EMP048,RKPI040,2026-06-01,2026-06-30,2.5,4.2,50.0,collaboration_system,FEEDBACK_2026-06,2026-06-30T23:59:00
REC01875,EMP048,RKPI041,2026-06-01,2026-06-30,71.4,95.0,71.4,attendance_system,ATTENDANCE_2026-06,2026-06-30T23:59:00
REC01876,EMP048,RKPI042,2026-06-01,2026-06-30,2.9,4.2,58.0,customer_sat_system,FEEDBACK_2026-06,2026-06-30T23:59:00
REC01877,EMP048,RKPI043,2026-06-01,2026-06-30,55.0,78.0,70.5,project_contribution_system,PROJECTS_2026-06,2026-06-30T23:59:00
REC01878,EMP048,RKPI044,2026-06-01,2026-06-30,52.3,75.0,69.7,learning_system,TRAINING_2026-06,2026-06-30T23:59:00
REC01879,EMP049,RKPI045,2026-01-01,2026-01-31,24.7,100.0,24.7,revenue_system,SALES_2026-01,2026-01-31T23:59:00
REC01880,EMP049,RKPI046,2026-01-01,2026-01-31,10.5,25.0,10.5,sales_conversion_system,SALES_2026-01,2026-01-31T23:59:00
REC01881,EMP049,RKPI047,2026-01-01,2026-01-31,2.6,4.0,52.0,customer_sat_system,FEEDBACK_2026-01,2026-01-31T23:59:00
REC01882,EMP049,RKPI048,2026-01-01,2026-01-31,40.0,35.0,100,task_completion_system,TASKS_2026-01,2026-01-31T23:59:00
REC01883,EMP049,RKPI049,2026-01-01,2026-01-31,28.8,80.0,28.8,goal_achievement_system,GOALS_2026-01,2026-01-31T23:59:00
REC01884,EMP049,RKPI050,2026-01-01,2026-01-31,66.7,92.0,66.7,attendance_system,ATTENDANCE_2026-01,2026-01-31T23:59:00
REC01885,EMP049,RKPI045,2026-02-01,2026-02-28,17.9,100.0,17.9,revenue_system,SALES_2026-02,2026-02-28T23:59:00
REC01886,EMP049,RKPI046,2026-02-01,2026-02-28,9.8,25.0,9.8,sales_conversion_system,SALES_2026-02,2026-02-28T23:59:00
REC01887,EMP049,RKPI047,2026-02-01,2026-02-28,2.4,4.0,48.0,customer_sat_system,FEEDBACK_2026-02,2026-02-28T23:59:00
REC01888,EMP049,RKPI048,2026-02-01,2026-02-28,23.1,35.0,66.0,task_completion_system,TASKS_2026-02,2026-02-28T23:59:00
REC01889,EMP049,RKPI049,2026-02-01,2026-02-28,27.2,80.0,27.2,goal_achievement_system,GOALS_2026-02,2026-02-28T23:59:00
REC01890,EMP049,RKPI050,2026-02-01,2026-02-28,70.0,92.0,70.0,attendance_system,ATTENDANCE_2026-02,2026-02-28T23:59:00
REC01891,EMP049,RKPI045,2026-03-01,2026-03-31,40.9,100.0,40.9,revenue_system,SALES_2026-03,2026-03-31T23:59:00
REC01892,EMP049,RKPI046,2026-03-01,2026-03-31,9.4,25.0,9.4,sales_conversion_system,SALES_2026-03,2026-03-31T23:59:00
REC01893,EMP049,RKPI047,2026-03-01,2026-03-31,2.5,4.0,50.0,customer_sat_system,FEEDBACK_2026-03,2026-03-31T23:59:00
REC01894,EMP049,RKPI048,2026-03-01,2026-03-31,14.3,35.0,40.9,task_completion_system,TASKS_2026-03,2026-03-31T23:59:00
REC01895,EMP049,RKPI049,2026-03-01,2026-03-31,35.4,80.0,35.4,goal_achievement_system,GOALS_2026-03,2026-03-31T23:59:00
REC01896,EMP049,RKPI050,2026-03-01,2026-03-31,85.0,92.0,85.0,attendance_system,ATTENDANCE_2026-03,2026-03-31T23:59:00
REC01897,EMP049,RKPI045,2026-04-01,2026-04-30,45.0,100.0,45.0,revenue_system,SALES_2026-04,2026-04-30T23:59:00
REC01898,EMP049,RKPI046,2026-04-01,2026-04-30,9.9,25.0,9.9,sales_conversion_system,SALES_2026-04,2026-04-30T23:59:00
REC01899,EMP049,RKPI047,2026-04-01,2026-04-30,2.4,4.0,48.0,customer_sat_system,FEEDBACK_2026-04,2026-04-30T23:59:00
REC01900,EMP049,RKPI048,2026-04-01,2026-04-30,75.0,35.0,100,task_completion_system,TASKS_2026-04,2026-04-30T23:59:00
REC01901,EMP049,RKPI049,2026-04-01,2026-04-30,34.7,80.0,34.7,goal_achievement_system,GOALS_2026-04,2026-04-30T23:59:00
REC01902,EMP049,RKPI050,2026-04-01,2026-04-30,85.7,92.0,85.7,attendance_system,ATTENDANCE_2026-04,2026-04-30T23:59:00
REC01903,EMP049,RKPI045,2026-05-01,2026-05-31,26.7,100.0,26.7,revenue_system,SALES_2026-05,2026-05-31T23:59:00
REC01904,EMP049,RKPI046,2026-05-01,2026-05-31,12.4,25.0,12.4,sales_conversion_system,SALES_2026-05,2026-05-31T23:59:00
REC01905,EMP049,RKPI047,2026-05-01,2026-05-31,2.7,4.0,54.0,customer_sat_system,FEEDBACK_2026-05,2026-05-31T23:59:00
REC01906,EMP049,RKPI048,2026-05-01,2026-05-31,16.7,35.0,47.7,task_completion_system,TASKS_2026-05,2026-05-31T23:59:00
REC01907,EMP049,RKPI049,2026-05-01,2026-05-31,19.9,80.0,19.9,goal_achievement_system,GOALS_2026-05,2026-05-31T23:59:00
REC01908,EMP049,RKPI050,2026-05-01,2026-05-31,65.0,92.0,65.0,attendance_system,ATTENDANCE_2026-05,2026-05-31T23:59:00
REC01909,EMP049,RKPI045,2026-06-01,2026-06-30,29.4,100.0,29.4,revenue_system,SALES_2026-06,2026-06-30T23:59:00
REC01910,EMP049,RKPI046,2026-06-01,2026-06-30,11.1,25.0,11.1,sales_conversion_system,SALES_2026-06,2026-06-30T23:59:00
REC01911,EMP049,RKPI047,2026-06-01,2026-06-30,2.4,4.0,48.0,customer_sat_system,FEEDBACK_2026-06,2026-06-30T23:59:00
REC01912,EMP049,RKPI048,2026-06-01,2026-06-30,11.1,35.0,31.7,task_completion_system,TASKS_2026-06,2026-06-30T23:59:00
REC01913,EMP049,RKPI049,2026-06-01,2026-06-30,39.5,80.0,39.5,goal_achievement_system,GOALS_2026-06,2026-06-30T23:59:00
REC01914,EMP049,RKPI050,2026-06-01,2026-06-30,90.5,92.0,90.5,attendance_system,ATTENDANCE_2026-06,2026-06-30T23:59:00
REC01915,EMP050,RKPI045,2026-01-01,2026-01-31,80.7,100.0,80.7,revenue_system,SALES_2026-01,2026-01-31T23:59:00
REC01916,EMP050,RKPI046,2026-01-01,2026-01-31,26.0,25.0,26.0,sales_conversion_system,SALES_2026-01,2026-01-31T23:59:00
REC01917,EMP050,RKPI047,2026-01-01,2026-01-31,3.9,4.0,78.0,customer_sat_system,FEEDBACK_2026-01,2026-01-31T23:59:00
REC01918,EMP050,RKPI048,2026-01-01,2026-01-31,100.0,35.0,100,task_completion_system,TASKS_2026-01,2026-01-31T23:59:00
REC01919,EMP050,RKPI049,2026-01-01,2026-01-31,79.3,80.0,79.3,goal_achievement_system,GOALS_2026-01,2026-01-31T23:59:00
REC01920,EMP050,RKPI050,2026-01-01,2026-01-31,90.5,92.0,90.5,attendance_system,ATTENDANCE_2026-01,2026-01-31T23:59:00
REC01921,EMP050,RKPI045,2026-02-01,2026-02-28,98.4,100.0,98.4,revenue_system,SALES_2026-02,2026-02-28T23:59:00
REC01922,EMP050,RKPI046,2026-02-01,2026-02-28,26.1,25.0,26.1,sales_conversion_system,SALES_2026-02,2026-02-28T23:59:00
REC01923,EMP050,RKPI047,2026-02-01,2026-02-28,4.1,4.0,82.0,customer_sat_system,FEEDBACK_2026-02,2026-02-28T23:59:00
REC01924,EMP050,RKPI048,2026-02-01,2026-02-28,100.0,35.0,100,task_completion_system,TASKS_2026-02,2026-02-28T23:59:00
REC01925,EMP050,RKPI049,2026-02-01,2026-02-28,76.2,80.0,76.2,goal_achievement_system,GOALS_2026-02,2026-02-28T23:59:00
REC01926,EMP050,RKPI050,2026-02-01,2026-02-28,80.0,92.0,80.0,attendance_system,ATTENDANCE_2026-02,2026-02-28T23:59:00
REC01927,EMP050,RKPI045,2026-03-01,2026-03-31,81.8,100.0,81.8,revenue_system,SALES_2026-03,2026-03-31T23:59:00
REC01928,EMP050,RKPI046,2026-03-01,2026-03-31,27.5,25.0,27.5,sales_conversion_system,SALES_2026-03,2026-03-31T23:59:00
REC01929,EMP050,RKPI047,2026-03-01,2026-03-31,3.8,4.0,76.0,customer_sat_system,FEEDBACK_2026-03,2026-03-31T23:59:00
REC01930,EMP050,RKPI048,2026-03-01,2026-03-31,91.7,35.0,100,task_completion_system,TASKS_2026-03,2026-03-31T23:59:00
REC01931,EMP050,RKPI049,2026-03-01,2026-03-31,83.7,80.0,83.7,goal_achievement_system,GOALS_2026-03,2026-03-31T23:59:00
REC01932,EMP050,RKPI050,2026-03-01,2026-03-31,85.0,92.0,85.0,attendance_system,ATTENDANCE_2026-03,2026-03-31T23:59:00
REC01933,EMP050,RKPI045,2026-04-01,2026-04-30,81.3,100.0,81.3,revenue_system,SALES_2026-04,2026-04-30T23:59:00
REC01934,EMP050,RKPI046,2026-04-01,2026-04-30,28.1,25.0,28.1,sales_conversion_system,SALES_2026-04,2026-04-30T23:59:00
REC01935,EMP050,RKPI047,2026-04-01,2026-04-30,4.0,4.0,80.0,customer_sat_system,FEEDBACK_2026-04,2026-04-30T23:59:00
REC01936,EMP050,RKPI048,2026-04-01,2026-04-30,88.9,35.0,100,task_completion_system,TASKS_2026-04,2026-04-30T23:59:00
REC01937,EMP050,RKPI049,2026-04-01,2026-04-30,92.4,80.0,92.4,goal_achievement_system,GOALS_2026-04,2026-04-30T23:59:00
REC01938,EMP050,RKPI050,2026-04-01,2026-04-30,85.7,92.0,85.7,attendance_system,ATTENDANCE_2026-04,2026-04-30T23:59:00
REC01939,EMP050,RKPI045,2026-05-01,2026-05-31,83.4,100.0,83.4,revenue_system,SALES_2026-05,2026-05-31T23:59:00
REC01940,EMP050,RKPI046,2026-05-01,2026-05-31,24.6,25.0,24.6,sales_conversion_system,SALES_2026-05,2026-05-31T23:59:00
REC01941,EMP050,RKPI047,2026-05-01,2026-05-31,4.1,4.0,82.0,customer_sat_system,FEEDBACK_2026-05,2026-05-31T23:59:00
REC01942,EMP050,RKPI048,2026-05-01,2026-05-31,75.0,35.0,100,task_completion_system,TASKS_2026-05,2026-05-31T23:59:00
REC01943,EMP050,RKPI049,2026-05-01,2026-05-31,77.6,80.0,77.6,goal_achievement_system,GOALS_2026-05,2026-05-31T23:59:00
REC01944,EMP050,RKPI050,2026-05-01,2026-05-31,100.0,92.0,100,attendance_system,ATTENDANCE_2026-05,2026-05-31T23:59:00
REC01945,EMP050,RKPI045,2026-06-01,2026-06-30,66.1,100.0,66.1,revenue_system,SALES_2026-06,2026-06-30T23:59:00
REC01946,EMP050,RKPI046,2026-06-01,2026-06-30,29.1,25.0,29.1,sales_conversion_system,SALES_2026-06,2026-06-30T23:59:00
REC01947,EMP050,RKPI047,2026-06-01,2026-06-30,3.9,4.0,78.0,customer_sat_system,FEEDBACK_2026-06,2026-06-30T23:59:00
REC01948,EMP050,RKPI048,2026-06-01,2026-06-30,100.0,35.0,100,task_completion_system,TASKS_2026-06,2026-06-30T23:59:00
REC01949,EMP050,RKPI049,2026-06-01,2026-06-30,77.5,80.0,77.5,goal_achievement_system,GOALS_2026-06,2026-06-30T23:59:00
REC01950,EMP050,RKPI050,2026-06-01,2026-06-30,95.2,92.0,95.2,attendance_system,ATTENDANCE_2026-06,2026-06-30T23:59:00
REC01951,EMP051,RKPI045,2026-01-01,2026-01-31,70.6,100.0,70.6,revenue_system,SALES_2026-01,2026-01-31T23:59:00
REC01952,EMP051,RKPI046,2026-01-01,2026-01-31,23.7,25.0,23.7,sales_conversion_system,SALES_2026-01,2026-01-31T23:59:00
REC01953,EMP051,RKPI047,2026-01-01,2026-01-31,3.8,4.0,76.0,customer_sat_system,FEEDBACK_2026-01,2026-01-31T23:59:00
REC01954,EMP051,RKPI048,2026-01-01,2026-01-31,91.7,35.0,100,task_completion_system,TASKS_2026-01,2026-01-31T23:59:00
REC01955,EMP051,RKPI049,2026-01-01,2026-01-31,93.2,80.0,93.2,goal_achievement_system,GOALS_2026-01,2026-01-31T23:59:00
REC01956,EMP051,RKPI050,2026-01-01,2026-01-31,100.0,92.0,100,attendance_system,ATTENDANCE_2026-01,2026-01-31T23:59:00
REC01957,EMP051,RKPI045,2026-02-01,2026-02-28,80.2,100.0,80.2,revenue_system,SALES_2026-02,2026-02-28T23:59:00
REC01958,EMP051,RKPI046,2026-02-01,2026-02-28,22.8,25.0,22.8,sales_conversion_system,SALES_2026-02,2026-02-28T23:59:00
REC01959,EMP051,RKPI047,2026-02-01,2026-02-28,4.0,4.0,80.0,customer_sat_system,FEEDBACK_2026-02,2026-02-28T23:59:00
REC01960,EMP051,RKPI048,2026-02-01,2026-02-28,100.0,35.0,100,task_completion_system,TASKS_2026-02,2026-02-28T23:59:00
REC01961,EMP051,RKPI049,2026-02-01,2026-02-28,78.6,80.0,78.6,goal_achievement_system,GOALS_2026-02,2026-02-28T23:59:00
REC01962,EMP051,RKPI050,2026-02-01,2026-02-28,100.0,92.0,100,attendance_system,ATTENDANCE_2026-02,2026-02-28T23:59:00
REC01963,EMP051,RKPI045,2026-03-01,2026-03-31,74.6,100.0,74.6,revenue_system,SALES_2026-03,2026-03-31T23:59:00
REC01964,EMP051,RKPI046,2026-03-01,2026-03-31,24.5,25.0,24.5,sales_conversion_system,SALES_2026-03,2026-03-31T23:59:00
REC01965,EMP051,RKPI047,2026-03-01,2026-03-31,3.8,4.0,76.0,customer_sat_system,FEEDBACK_2026-03,2026-03-31T23:59:00
REC01966,EMP051,RKPI048,2026-03-01,2026-03-31,77.8,35.0,100,task_completion_system,TASKS_2026-03,2026-03-31T23:59:00
REC01967,EMP051,RKPI049,2026-03-01,2026-03-31,71.4,80.0,71.4,goal_achievement_system,GOALS_2026-03,2026-03-31T23:59:00
REC01968,EMP051,RKPI050,2026-03-01,2026-03-31,95.0,92.0,95.0,attendance_system,ATTENDANCE_2026-03,2026-03-31T23:59:00
REC01969,EMP051,RKPI045,2026-04-01,2026-04-30,91.3,100.0,91.3,revenue_system,SALES_2026-04,2026-04-30T23:59:00
REC01970,EMP051,RKPI046,2026-04-01,2026-04-30,25.3,25.0,25.3,sales_conversion_system,SALES_2026-04,2026-04-30T23:59:00
REC01971,EMP051,RKPI047,2026-04-01,2026-04-30,4.0,4.0,80.0,customer_sat_system,FEEDBACK_2026-04,2026-04-30T23:59:00
REC01972,EMP051,RKPI048,2026-04-01,2026-04-30,90.9,35.0,100,task_completion_system,TASKS_2026-04,2026-04-30T23:59:00
REC01973,EMP051,RKPI049,2026-04-01,2026-04-30,76.0,80.0,76.0,goal_achievement_system,GOALS_2026-04,2026-04-30T23:59:00
REC01974,EMP051,RKPI050,2026-04-01,2026-04-30,95.2,92.0,95.2,attendance_system,ATTENDANCE_2026-04,2026-04-30T23:59:00
REC01975,EMP051,RKPI045,2026-05-01,2026-05-31,85.8,100.0,85.8,revenue_system,SALES_2026-05,2026-05-31T23:59:00
REC01976,EMP051,RKPI046,2026-05-01,2026-05-31,28.4,25.0,28.4,sales_conversion_system,SALES_2026-05,2026-05-31T23:59:00
REC01977,EMP051,RKPI047,2026-05-01,2026-05-31,4.1,4.0,82.0,customer_sat_system,FEEDBACK_2026-05,2026-05-31T23:59:00
REC01978,EMP051,RKPI048,2026-05-01,2026-05-31,83.3,35.0,100,task_completion_system,TASKS_2026-05,2026-05-31T23:59:00
REC01979,EMP051,RKPI049,2026-05-01,2026-05-31,83.0,80.0,83.0,goal_achievement_system,GOALS_2026-05,2026-05-31T23:59:00
REC01980,EMP051,RKPI050,2026-05-01,2026-05-31,90.0,92.0,90.0,attendance_system,ATTENDANCE_2026-05,2026-05-31T23:59:00
REC01981,EMP051,RKPI045,2026-06-01,2026-06-30,84.8,100.0,84.8,revenue_system,SALES_2026-06,2026-06-30T23:59:00
REC01982,EMP051,RKPI046,2026-06-01,2026-06-30,20.3,25.0,20.3,sales_conversion_system,SALES_2026-06,2026-06-30T23:59:00
REC01983,EMP051,RKPI047,2026-06-01,2026-06-30,4.1,4.0,82.0,customer_sat_system,FEEDBACK_2026-06,2026-06-30T23:59:00
REC01984,EMP051,RKPI048,2026-06-01,2026-06-30,83.3,35.0,100,task_completion_system,TASKS_2026-06,2026-06-30T23:59:00
REC01985,EMP051,RKPI049,2026-06-01,2026-06-30,78.2,80.0,78.2,goal_achievement_system,GOALS_2026-06,2026-06-30T23:59:00
REC01986,EMP051,RKPI050,2026-06-01,2026-06-30,100.0,92.0,100,attendance_system,ATTENDANCE_2026-06,2026-06-30T23:59:00
REC01987,EMP052,RKPI045,2026-01-01,2026-01-31,31.4,100.0,31.4,revenue_system,SALES_2026-01,2026-01-31T23:59:00
REC01988,EMP052,RKPI046,2026-01-01,2026-01-31,11.5,25.0,11.5,sales_conversion_system,SALES_2026-01,2026-01-31T23:59:00
REC01989,EMP052,RKPI047,2026-01-01,2026-01-31,2.9,4.0,58.0,customer_sat_system,FEEDBACK_2026-01,2026-01-31T23:59:00
REC01990,EMP052,RKPI048,2026-01-01,2026-01-31,18.2,35.0,52.0,task_completion_system,TASKS_2026-01,2026-01-31T23:59:00
REC01991,EMP052,RKPI049,2026-01-01,2026-01-31,38.8,80.0,38.8,goal_achievement_system,GOALS_2026-01,2026-01-31T23:59:00
REC01992,EMP052,RKPI050,2026-01-01,2026-01-31,71.4,92.0,71.4,attendance_system,ATTENDANCE_2026-01,2026-01-31T23:59:00
REC01993,EMP052,RKPI045,2026-02-01,2026-02-28,23.3,100.0,23.3,revenue_system,SALES_2026-02,2026-02-28T23:59:00
REC01994,EMP052,RKPI046,2026-02-01,2026-02-28,9.0,25.0,9.0,sales_conversion_system,SALES_2026-02,2026-02-28T23:59:00
REC01995,EMP052,RKPI047,2026-02-01,2026-02-28,2.6,4.0,52.0,customer_sat_system,FEEDBACK_2026-02,2026-02-28T23:59:00
REC01996,EMP052,RKPI048,2026-02-01,2026-02-28,41.7,35.0,100,task_completion_system,TASKS_2026-02,2026-02-28T23:59:00
REC01997,EMP052,RKPI049,2026-02-01,2026-02-28,32.5,80.0,32.5,goal_achievement_system,GOALS_2026-02,2026-02-28T23:59:00
REC01998,EMP052,RKPI050,2026-02-01,2026-02-28,80.0,92.0,80.0,attendance_system,ATTENDANCE_2026-02,2026-02-28T23:59:00
REC01999,EMP052,RKPI045,2026-03-01,2026-03-31,44.8,100.0,44.8,revenue_system,SALES_2026-03,2026-03-31T23:59:00
REC02000,EMP052,RKPI046,2026-03-01,2026-03-31,7.8,25.0,7.8,sales_conversion_system,SALES_2026-03,2026-03-31T23:59:00
REC02001,EMP052,RKPI047,2026-03-01,2026-03-31,2.4,4.0,48.0,customer_sat_system,FEEDBACK_2026-03,2026-03-31T23:59:00
REC02002,EMP052,RKPI048,2026-03-01,2026-03-31,0.0,35.0,0,task_completion_system,TASKS_2026-03,2026-03-31T23:59:00
REC02003,EMP052,RKPI049,2026-03-01,2026-03-31,31.9,80.0,31.9,goal_achievement_system,GOALS_2026-03,2026-03-31T23:59:00
REC02004,EMP052,RKPI050,2026-03-01,2026-03-31,85.0,92.0,85.0,attendance_system,ATTENDANCE_2026-03,2026-03-31T23:59:00
REC02005,EMP052,RKPI045,2026-04-01,2026-04-30,34.6,100.0,34.6,revenue_system,SALES_2026-04,2026-04-30T23:59:00
REC02006,EMP052,RKPI046,2026-04-01,2026-04-30,6.8,25.0,6.8,sales_conversion_system,SALES_2026-04,2026-04-30T23:59:00
REC02007,EMP052,RKPI047,2026-04-01,2026-04-30,2.9,4.0,58.0,customer_sat_system,FEEDBACK_2026-04,2026-04-30T23:59:00
REC02008,EMP052,RKPI048,2026-04-01,2026-04-30,37.5,35.0,100,task_completion_system,TASKS_2026-04,2026-04-30T23:59:00
REC02009,EMP052,RKPI049,2026-04-01,2026-04-30,35.8,80.0,35.8,goal_achievement_system,GOALS_2026-04,2026-04-30T23:59:00
REC02010,EMP052,RKPI050,2026-04-01,2026-04-30,66.7,92.0,66.7,attendance_system,ATTENDANCE_2026-04,2026-04-30T23:59:00
REC02011,EMP052,RKPI045,2026-05-01,2026-05-31,40.5,100.0,40.5,revenue_system,SALES_2026-05,2026-05-31T23:59:00
REC02012,EMP052,RKPI046,2026-05-01,2026-05-31,10.9,25.0,10.9,sales_conversion_system,SALES_2026-05,2026-05-31T23:59:00
REC02013,EMP052,RKPI047,2026-05-01,2026-05-31,2.4,4.0,48.0,customer_sat_system,FEEDBACK_2026-05,2026-05-31T23:59:00
REC02014,EMP052,RKPI048,2026-05-01,2026-05-31,42.9,35.0,100,task_completion_system,TASKS_2026-05,2026-05-31T23:59:00
REC02015,EMP052,RKPI049,2026-05-01,2026-05-31,27.9,80.0,27.9,goal_achievement_system,GOALS_2026-05,2026-05-31T23:59:00
REC02016,EMP052,RKPI050,2026-05-01,2026-05-31,80.0,92.0,80.0,attendance_system,ATTENDANCE_2026-05,2026-05-31T23:59:00
REC02017,EMP052,RKPI045,2026-06-01,2026-06-30,48.1,100.0,48.1,revenue_system,SALES_2026-06,2026-06-30T23:59:00
REC02018,EMP052,RKPI046,2026-06-01,2026-06-30,9.4,25.0,9.4,sales_conversion_system,SALES_2026-06,2026-06-30T23:59:00
REC02019,EMP052,RKPI047,2026-06-01,2026-06-30,2.3,4.0,46.0,customer_sat_system,FEEDBACK_2026-06,2026-06-30T23:59:00
REC02020,EMP052,RKPI048,2026-06-01,2026-06-30,60.0,35.0,100,task_completion_system,TASKS_2026-06,2026-06-30T23:59:00
REC02021,EMP052,RKPI049,2026-06-01,2026-06-30,37.3,80.0,37.3,goal_achievement_system,GOALS_2026-06,2026-06-30T23:59:00
REC02022,EMP052,RKPI050,2026-06-01,2026-06-30,85.7,92.0,85.7,attendance_system,ATTENDANCE_2026-06,2026-06-30T23:59:00
REC02023,EMP053,RKPI045,2026-01-01,2026-01-31,53.8,100.0,53.8,revenue_system,SALES_2026-01,2026-01-31T23:59:00
REC02024,EMP053,RKPI046,2026-01-01,2026-01-31,23.3,25.0,23.3,sales_conversion_system,SALES_2026-01,2026-01-31T23:59:00
REC02025,EMP053,RKPI047,2026-01-01,2026-01-31,3.3,4.0,66.0,customer_sat_system,FEEDBACK_2026-01,2026-01-31T23:59:00
REC02026,EMP053,RKPI048,2026-01-01,2026-01-31,76.9,35.0,100,task_completion_system,TASKS_2026-01,2026-01-31T23:59:00
REC02027,EMP053,RKPI049,2026-01-01,2026-01-31,60.2,80.0,60.2,goal_achievement_system,GOALS_2026-01,2026-01-31T23:59:00
REC02028,EMP053,RKPI050,2026-01-01,2026-01-31,90.5,92.0,90.5,attendance_system,ATTENDANCE_2026-01,2026-01-31T23:59:00
REC02029,EMP053,RKPI045,2026-02-01,2026-02-28,75.3,100.0,75.3,revenue_system,SALES_2026-02,2026-02-28T23:59:00
REC02030,EMP053,RKPI046,2026-02-01,2026-02-28,21.0,25.0,21.0,sales_conversion_system,SALES_2026-02,2026-02-28T23:59:00
REC02031,EMP053,RKPI047,2026-02-01,2026-02-28,3.5,4.0,70.0,customer_sat_system,FEEDBACK_2026-02,2026-02-28T23:59:00
REC02032,EMP053,RKPI048,2026-02-01,2026-02-28,61.5,35.0,100,task_completion_system,TASKS_2026-02,2026-02-28T23:59:00
REC02033,EMP053,RKPI049,2026-02-01,2026-02-28,51.2,80.0,51.2,goal_achievement_system,GOALS_2026-02,2026-02-28T23:59:00
REC02034,EMP053,RKPI050,2026-02-01,2026-02-28,100.0,92.0,100,attendance_system,ATTENDANCE_2026-02,2026-02-28T23:59:00
REC02035,EMP053,RKPI045,2026-03-01,2026-03-31,64.3,100.0,64.3,revenue_system,SALES_2026-03,2026-03-31T23:59:00
REC02036,EMP053,RKPI046,2026-03-01,2026-03-31,21.5,25.0,21.5,sales_conversion_system,SALES_2026-03,2026-03-31T23:59:00
REC02037,EMP053,RKPI047,2026-03-01,2026-03-31,3.6,4.0,72.0,customer_sat_system,FEEDBACK_2026-03,2026-03-31T23:59:00
REC02038,EMP053,RKPI048,2026-03-01,2026-03-31,100.0,35.0,100,task_completion_system,TASKS_2026-03,2026-03-31T23:59:00
REC02039,EMP053,RKPI049,2026-03-01,2026-03-31,56.7,80.0,56.7,goal_achievement_system,GOALS_2026-03,2026-03-31T23:59:00
REC02040,EMP053,RKPI050,2026-03-01,2026-03-31,95.0,92.0,95.0,attendance_system,ATTENDANCE_2026-03,2026-03-31T23:59:00
REC02041,EMP053,RKPI045,2026-04-01,2026-04-30,70.5,100.0,70.5,revenue_system,SALES_2026-04,2026-04-30T23:59:00
REC02042,EMP053,RKPI046,2026-04-01,2026-04-30,20.6,25.0,20.6,sales_conversion_system,SALES_2026-04,2026-04-30T23:59:00
REC02043,EMP053,RKPI047,2026-04-01,2026-04-30,3.1,4.0,62.0,customer_sat_system,FEEDBACK_2026-04,2026-04-30T23:59:00
REC02044,EMP053,RKPI048,2026-04-01,2026-04-30,75.0,35.0,100,task_completion_system,TASKS_2026-04,2026-04-30T23:59:00
REC02045,EMP053,RKPI049,2026-04-01,2026-04-30,58.8,80.0,58.8,goal_achievement_system,GOALS_2026-04,2026-04-30T23:59:00
REC02046,EMP053,RKPI050,2026-04-01,2026-04-30,95.2,92.0,95.2,attendance_system,ATTENDANCE_2026-04,2026-04-30T23:59:00
REC02047,EMP053,RKPI045,2026-05-01,2026-05-31,64.4,100.0,64.4,revenue_system,SALES_2026-05,2026-05-31T23:59:00
REC02048,EMP053,RKPI046,2026-05-01,2026-05-31,20.9,25.0,20.9,sales_conversion_system,SALES_2026-05,2026-05-31T23:59:00
REC02049,EMP053,RKPI047,2026-05-01,2026-05-31,3.5,4.0,70.0,customer_sat_system,FEEDBACK_2026-05,2026-05-31T23:59:00
REC02050,EMP053,RKPI048,2026-05-01,2026-05-31,62.5,35.0,100,task_completion_system,TASKS_2026-05,2026-05-31T23:59:00
REC02051,EMP053,RKPI049,2026-05-01,2026-05-31,61.8,80.0,61.8,goal_achievement_system,GOALS_2026-05,2026-05-31T23:59:00
REC02052,EMP053,RKPI050,2026-05-01,2026-05-31,95.0,92.0,95.0,attendance_system,ATTENDANCE_2026-05,2026-05-31T23:59:00
REC02053,EMP053,RKPI045,2026-06-01,2026-06-30,65.5,100.0,65.5,revenue_system,SALES_2026-06,2026-06-30T23:59:00
REC02054,EMP053,RKPI046,2026-06-01,2026-06-30,24.4,25.0,24.4,sales_conversion_system,SALES_2026-06,2026-06-30T23:59:00
REC02055,EMP053,RKPI047,2026-06-01,2026-06-30,3.6,4.0,72.0,customer_sat_system,FEEDBACK_2026-06,2026-06-30T23:59:00
REC02056,EMP053,RKPI048,2026-06-01,2026-06-30,100.0,35.0,100,task_completion_system,TASKS_2026-06,2026-06-30T23:59:00
REC02057,EMP053,RKPI049,2026-06-01,2026-06-30,61.0,80.0,61.0,goal_achievement_system,GOALS_2026-06,2026-06-30T23:59:00
REC02058,EMP053,RKPI050,2026-06-01,2026-06-30,90.5,92.0,90.5,attendance_system,ATTENDANCE_2026-06,2026-06-30T23:59:00
REC02059,EMP054,RKPI045,2026-01-01,2026-01-31,94.9,100.0,94.9,revenue_system,SALES_2026-01,2026-01-31T23:59:00
REC02060,EMP054,RKPI046,2026-01-01,2026-01-31,24.7,25.0,24.7,sales_conversion_system,SALES_2026-01,2026-01-31T23:59:00
REC02061,EMP054,RKPI047,2026-01-01,2026-01-31,3.8,4.0,76.0,customer_sat_system,FEEDBACK_2026-01,2026-01-31T23:59:00
REC02062,EMP054,RKPI048,2026-01-01,2026-01-31,80.0,35.0,100,task_completion_system,TASKS_2026-01,2026-01-31T23:59:00
REC02063,EMP054,RKPI049,2026-01-01,2026-01-31,72.4,80.0,72.4,goal_achievement_system,GOALS_2026-01,2026-01-31T23:59:00
REC02064,EMP054,RKPI050,2026-01-01,2026-01-31,100.0,92.0,100,attendance_system,ATTENDANCE_2026-01,2026-01-31T23:59:00
REC02065,EMP054,RKPI045,2026-02-01,2026-02-28,80.3,100.0,80.3,revenue_system,SALES_2026-02,2026-02-28T23:59:00
REC02066,EMP054,RKPI046,2026-02-01,2026-02-28,25.7,25.0,25.7,sales_conversion_system,SALES_2026-02,2026-02-28T23:59:00
REC02067,EMP054,RKPI047,2026-02-01,2026-02-28,3.8,4.0,76.0,customer_sat_system,FEEDBACK_2026-02,2026-02-28T23:59:00
REC02068,EMP054,RKPI048,2026-02-01,2026-02-28,81.8,35.0,100,task_completion_system,TASKS_2026-02,2026-02-28T23:59:00
REC02069,EMP054,RKPI049,2026-02-01,2026-02-28,82.8,80.0,82.8,goal_achievement_system,GOALS_2026-02,2026-02-28T23:59:00
REC02070,EMP054,RKPI050,2026-02-01,2026-02-28,95.0,92.0,95.0,attendance_system,ATTENDANCE_2026-02,2026-02-28T23:59:00
REC02071,EMP054,RKPI045,2026-03-01,2026-03-31,93.1,100.0,93.1,revenue_system,SALES_2026-03,2026-03-31T23:59:00
REC02072,EMP054,RKPI046,2026-03-01,2026-03-31,26.7,25.0,26.7,sales_conversion_system,SALES_2026-03,2026-03-31T23:59:00
REC02073,EMP054,RKPI047,2026-03-01,2026-03-31,3.9,4.0,78.0,customer_sat_system,FEEDBACK_2026-03,2026-03-31T23:59:00
REC02074,EMP054,RKPI048,2026-03-01,2026-03-31,94.4,35.0,100,task_completion_system,TASKS_2026-03,2026-03-31T23:59:00
REC02075,EMP054,RKPI049,2026-03-01,2026-03-31,83.1,80.0,83.1,goal_achievement_system,GOALS_2026-03,2026-03-31T23:59:00
REC02076,EMP054,RKPI050,2026-03-01,2026-03-31,95.0,92.0,95.0,attendance_system,ATTENDANCE_2026-03,2026-03-31T23:59:00
REC02077,EMP054,RKPI045,2026-04-01,2026-04-30,75.1,100.0,75.1,revenue_system,SALES_2026-04,2026-04-30T23:59:00
REC02078,EMP054,RKPI046,2026-04-01,2026-04-30,23.5,25.0,23.5,sales_conversion_system,SALES_2026-04,2026-04-30T23:59:00
REC02079,EMP054,RKPI047,2026-04-01,2026-04-30,4.0,4.0,80.0,customer_sat_system,FEEDBACK_2026-04,2026-04-30T23:59:00
REC02080,EMP054,RKPI048,2026-04-01,2026-04-30,75.0,35.0,100,task_completion_system,TASKS_2026-04,2026-04-30T23:59:00
REC02081,EMP054,RKPI049,2026-04-01,2026-04-30,72.2,80.0,72.2,goal_achievement_system,GOALS_2026-04,2026-04-30T23:59:00
REC02082,EMP054,RKPI050,2026-04-01,2026-04-30,95.2,92.0,95.2,attendance_system,ATTENDANCE_2026-04,2026-04-30T23:59:00
REC02083,EMP054,RKPI045,2026-05-01,2026-05-31,73.1,100.0,73.1,revenue_system,SALES_2026-05,2026-05-31T23:59:00
REC02084,EMP054,RKPI046,2026-05-01,2026-05-31,21.9,25.0,21.9,sales_conversion_system,SALES_2026-05,2026-05-31T23:59:00
REC02085,EMP054,RKPI047,2026-05-01,2026-05-31,4.0,4.0,80.0,customer_sat_system,FEEDBACK_2026-05,2026-05-31T23:59:00
REC02086,EMP054,RKPI048,2026-05-01,2026-05-31,70.0,35.0,100,task_completion_system,TASKS_2026-05,2026-05-31T23:59:00
REC02087,EMP054,RKPI049,2026-05-01,2026-05-31,74.8,80.0,74.8,goal_achievement_system,GOALS_2026-05,2026-05-31T23:59:00
REC02088,EMP054,RKPI050,2026-05-01,2026-05-31,95.0,92.0,95.0,attendance_system,ATTENDANCE_2026-05,2026-05-31T23:59:00
REC02089,EMP054,RKPI045,2026-06-01,2026-06-30,82.2,100.0,82.2,revenue_system,SALES_2026-06,2026-06-30T23:59:00
REC02090,EMP054,RKPI046,2026-06-01,2026-06-30,26.5,25.0,26.5,sales_conversion_system,SALES_2026-06,2026-06-30T23:59:00
REC02091,EMP054,RKPI047,2026-06-01,2026-06-30,3.7,4.0,74.0,customer_sat_system,FEEDBACK_2026-06,2026-06-30T23:59:00
REC02092,EMP054,RKPI048,2026-06-01,2026-06-30,88.9,35.0,100,task_completion_system,TASKS_2026-06,2026-06-30T23:59:00
REC02093,EMP054,RKPI049,2026-06-01,2026-06-30,73.1,80.0,73.1,goal_achievement_system,GOALS_2026-06,2026-06-30T23:59:00
REC02094,EMP054,RKPI050,2026-06-01,2026-06-30,81.0,92.0,81.0,attendance_system,ATTENDANCE_2026-06,2026-06-30T23:59:00
REC02095,EMP055,RKPI045,2026-01-01,2026-01-31,71.8,100.0,71.8,revenue_system,SALES_2026-01,2026-01-31T23:59:00
REC02096,EMP055,RKPI046,2026-01-01,2026-01-31,21.2,25.0,21.2,sales_conversion_system,SALES_2026-01,2026-01-31T23:59:00
REC02097,EMP055,RKPI047,2026-01-01,2026-01-31,3.3,4.0,66.0,customer_sat_system,FEEDBACK_2026-01,2026-01-31T23:59:00
REC02098,EMP055,RKPI048,2026-01-01,2026-01-31,76.9,35.0,100,task_completion_system,TASKS_2026-01,2026-01-31T23:59:00
REC02099,EMP055,RKPI049,2026-01-01,2026-01-31,71.8,80.0,71.8,goal_achievement_system,GOALS_2026-01,2026-01-31T23:59:00
REC02100,EMP055,RKPI050,2026-01-01,2026-01-31,90.5,92.0,90.5,attendance_system,ATTENDANCE_2026-01,2026-01-31T23:59:00
REC02101,EMP055,RKPI045,2026-02-01,2026-02-28,61.6,100.0,61.6,revenue_system,SALES_2026-02,2026-02-28T23:59:00
REC02102,EMP055,RKPI046,2026-02-01,2026-02-28,21.3,25.0,21.3,sales_conversion_system,SALES_2026-02,2026-02-28T23:59:00
REC02103,EMP055,RKPI047,2026-02-01,2026-02-28,3.5,4.0,70.0,customer_sat_system,FEEDBACK_2026-02,2026-02-28T23:59:00
REC02104,EMP055,RKPI048,2026-02-01,2026-02-28,54.5,35.0,100,task_completion_system,TASKS_2026-02,2026-02-28T23:59:00
REC02105,EMP055,RKPI049,2026-02-01,2026-02-28,59.7,80.0,59.7,goal_achievement_system,GOALS_2026-02,2026-02-28T23:59:00
REC02106,EMP055,RKPI050,2026-02-01,2026-02-28,85.0,92.0,85.0,attendance_system,ATTENDANCE_2026-02,2026-02-28T23:59:00
REC02107,EMP055,RKPI045,2026-03-01,2026-03-31,64.2,100.0,64.2,revenue_system,SALES_2026-03,2026-03-31T23:59:00
REC02108,EMP055,RKPI046,2026-03-01,2026-03-31,20.1,25.0,20.1,sales_conversion_system,SALES_2026-03,2026-03-31T23:59:00
REC02109,EMP055,RKPI047,2026-03-01,2026-03-31,3.2,4.0,64.0,customer_sat_system,FEEDBACK_2026-03,2026-03-31T23:59:00
REC02110,EMP055,RKPI048,2026-03-01,2026-03-31,55.6,35.0,100,task_completion_system,TASKS_2026-03,2026-03-31T23:59:00
REC02111,EMP055,RKPI049,2026-03-01,2026-03-31,61.8,80.0,61.8,goal_achievement_system,GOALS_2026-03,2026-03-31T23:59:00
REC02112,EMP055,RKPI050,2026-03-01,2026-03-31,95.0,92.0,95.0,attendance_system,ATTENDANCE_2026-03,2026-03-31T23:59:00
REC02113,EMP055,RKPI045,2026-04-01,2026-04-30,60.6,100.0,60.6,revenue_system,SALES_2026-04,2026-04-30T23:59:00
REC02114,EMP055,RKPI046,2026-04-01,2026-04-30,19.4,25.0,19.4,sales_conversion_system,SALES_2026-04,2026-04-30T23:59:00
REC02115,EMP055,RKPI047,2026-04-01,2026-04-30,3.6,4.0,72.0,customer_sat_system,FEEDBACK_2026-04,2026-04-30T23:59:00
REC02116,EMP055,RKPI048,2026-04-01,2026-04-30,91.7,35.0,100,task_completion_system,TASKS_2026-04,2026-04-30T23:59:00
REC02117,EMP055,RKPI049,2026-04-01,2026-04-30,53.8,80.0,53.8,goal_achievement_system,GOALS_2026-04,2026-04-30T23:59:00
REC02118,EMP055,RKPI050,2026-04-01,2026-04-30,95.2,92.0,95.2,attendance_system,ATTENDANCE_2026-04,2026-04-30T23:59:00
REC02119,EMP055,RKPI045,2026-05-01,2026-05-31,62.1,100.0,62.1,revenue_system,SALES_2026-05,2026-05-31T23:59:00
REC02120,EMP055,RKPI046,2026-05-01,2026-05-31,24.8,25.0,24.8,sales_conversion_system,SALES_2026-05,2026-05-31T23:59:00
REC02121,EMP055,RKPI047,2026-05-01,2026-05-31,3.1,4.0,62.0,customer_sat_system,FEEDBACK_2026-05,2026-05-31T23:59:00
REC02122,EMP055,RKPI048,2026-05-01,2026-05-31,50.0,35.0,100,task_completion_system,TASKS_2026-05,2026-05-31T23:59:00
REC02123,EMP055,RKPI049,2026-05-01,2026-05-31,59.8,80.0,59.8,goal_achievement_system,GOALS_2026-05,2026-05-31T23:59:00
REC02124,EMP055,RKPI050,2026-05-01,2026-05-31,95.0,92.0,95.0,attendance_system,ATTENDANCE_2026-05,2026-05-31T23:59:00
REC02125,EMP055,RKPI045,2026-06-01,2026-06-30,73.9,100.0,73.9,revenue_system,SALES_2026-06,2026-06-30T23:59:00
REC02126,EMP055,RKPI046,2026-06-01,2026-06-30,17.9,25.0,17.9,sales_conversion_system,SALES_2026-06,2026-06-30T23:59:00
REC02127,EMP055,RKPI047,2026-06-01,2026-06-30,3.6,4.0,72.0,customer_sat_system,FEEDBACK_2026-06,2026-06-30T23:59:00
REC02128,EMP055,RKPI048,2026-06-01,2026-06-30,50.0,35.0,100,task_completion_system,TASKS_2026-06,2026-06-30T23:59:00
REC02129,EMP055,RKPI049,2026-06-01,2026-06-30,69.7,80.0,69.7,goal_achievement_system,GOALS_2026-06,2026-06-30T23:59:00
REC02130,EMP055,RKPI050,2026-06-01,2026-06-30,81.0,92.0,81.0,attendance_system,ATTENDANCE_2026-06,2026-06-30T23:59:00
REC02131,EMP056,RKPI045,2026-01-01,2026-01-31,91.7,100.0,91.7,revenue_system,SALES_2026-01,2026-01-31T23:59:00
REC02132,EMP056,RKPI046,2026-01-01,2026-01-31,24.1,25.0,24.1,sales_conversion_system,SALES_2026-01,2026-01-31T23:59:00
REC02133,EMP056,RKPI047,2026-01-01,2026-01-31,4.0,4.0,80.0,customer_sat_system,FEEDBACK_2026-01,2026-01-31T23:59:00
REC02134,EMP056,RKPI048,2026-01-01,2026-01-31,66.7,35.0,100,task_completion_system,TASKS_2026-01,2026-01-31T23:59:00
REC02135,EMP056,RKPI049,2026-01-01,2026-01-31,92.1,80.0,92.1,goal_achievement_system,GOALS_2026-01,2026-01-31T23:59:00
REC02136,EMP056,RKPI050,2026-01-01,2026-01-31,95.2,92.0,95.2,attendance_system,ATTENDANCE_2026-01,2026-01-31T23:59:00
REC02137,EMP056,RKPI045,2026-02-01,2026-02-28,73.3,100.0,73.3,revenue_system,SALES_2026-02,2026-02-28T23:59:00
REC02138,EMP056,RKPI046,2026-02-01,2026-02-28,23.2,25.0,23.2,sales_conversion_system,SALES_2026-02,2026-02-28T23:59:00
REC02139,EMP056,RKPI047,2026-02-01,2026-02-28,4.1,4.0,82.0,customer_sat_system,FEEDBACK_2026-02,2026-02-28T23:59:00
REC02140,EMP056,RKPI048,2026-02-01,2026-02-28,81.8,35.0,100,task_completion_system,TASKS_2026-02,2026-02-28T23:59:00
REC02141,EMP056,RKPI049,2026-02-01,2026-02-28,86.1,80.0,86.1,goal_achievement_system,GOALS_2026-02,2026-02-28T23:59:00
REC02142,EMP056,RKPI050,2026-02-01,2026-02-28,95.0,92.0,95.0,attendance_system,ATTENDANCE_2026-02,2026-02-28T23:59:00
REC02143,EMP056,RKPI045,2026-03-01,2026-03-31,82.5,100.0,82.5,revenue_system,SALES_2026-03,2026-03-31T23:59:00
REC02144,EMP056,RKPI046,2026-03-01,2026-03-31,25.2,25.0,25.2,sales_conversion_system,SALES_2026-03,2026-03-31T23:59:00
REC02145,EMP056,RKPI047,2026-03-01,2026-03-31,3.9,4.0,78.0,customer_sat_system,FEEDBACK_2026-03,2026-03-31T23:59:00
REC02146,EMP056,RKPI048,2026-03-01,2026-03-31,90.9,35.0,100,task_completion_system,TASKS_2026-03,2026-03-31T23:59:00
REC02147,EMP056,RKPI049,2026-03-01,2026-03-31,78.4,80.0,78.4,goal_achievement_system,GOALS_2026-03,2026-03-31T23:59:00
REC02148,EMP056,RKPI050,2026-03-01,2026-03-31,100.0,92.0,100,attendance_system,ATTENDANCE_2026-03,2026-03-31T23:59:00
REC02149,EMP056,RKPI045,2026-04-01,2026-04-30,76.1,100.0,76.1,revenue_system,SALES_2026-04,2026-04-30T23:59:00
REC02150,EMP056,RKPI046,2026-04-01,2026-04-30,23.7,25.0,23.7,sales_conversion_system,SALES_2026-04,2026-04-30T23:59:00
REC02151,EMP056,RKPI047,2026-04-01,2026-04-30,3.9,4.0,78.0,customer_sat_system,FEEDBACK_2026-04,2026-04-30T23:59:00
REC02152,EMP056,RKPI048,2026-04-01,2026-04-30,84.6,35.0,100,task_completion_system,TASKS_2026-04,2026-04-30T23:59:00
REC02153,EMP056,RKPI049,2026-04-01,2026-04-30,83.1,80.0,83.1,goal_achievement_system,GOALS_2026-04,2026-04-30T23:59:00
REC02154,EMP056,RKPI050,2026-04-01,2026-04-30,95.2,92.0,95.2,attendance_system,ATTENDANCE_2026-04,2026-04-30T23:59:00
REC02155,EMP056,RKPI045,2026-05-01,2026-05-31,82.3,100.0,82.3,revenue_system,SALES_2026-05,2026-05-31T23:59:00
REC02156,EMP056,RKPI046,2026-05-01,2026-05-31,22.3,25.0,22.3,sales_conversion_system,SALES_2026-05,2026-05-31T23:59:00
REC02157,EMP056,RKPI047,2026-05-01,2026-05-31,4.1,4.0,82.0,customer_sat_system,FEEDBACK_2026-05,2026-05-31T23:59:00
REC02158,EMP056,RKPI048,2026-05-01,2026-05-31,100.0,35.0,100,task_completion_system,TASKS_2026-05,2026-05-31T23:59:00
REC02159,EMP056,RKPI049,2026-05-01,2026-05-31,84.1,80.0,84.1,goal_achievement_system,GOALS_2026-05,2026-05-31T23:59:00
REC02160,EMP056,RKPI050,2026-05-01,2026-05-31,95.0,92.0,95.0,attendance_system,ATTENDANCE_2026-05,2026-05-31T23:59:00
REC02161,EMP056,RKPI045,2026-06-01,2026-06-30,62.9,100.0,62.9,revenue_system,SALES_2026-06,2026-06-30T23:59:00
REC02162,EMP056,RKPI046,2026-06-01,2026-06-30,26.9,25.0,26.9,sales_conversion_system,SALES_2026-06,2026-06-30T23:59:00
REC02163,EMP056,RKPI047,2026-06-01,2026-06-30,3.9,4.0,78.0,customer_sat_system,FEEDBACK_2026-06,2026-06-30T23:59:00
REC02164,EMP056,RKPI048,2026-06-01,2026-06-30,100.0,35.0,100,task_completion_system,TASKS_2026-06,2026-06-30T23:59:00
REC02165,EMP056,RKPI049,2026-06-01,2026-06-30,78.8,80.0,78.8,goal_achievement_system,GOALS_2026-06,2026-06-30T23:59:00
REC02166,EMP056,RKPI050,2026-06-01,2026-06-30,90.5,92.0,90.5,attendance_system,ATTENDANCE_2026-06,2026-06-30T23:59:00
REC02167,EMP057,RKPI045,2026-01-01,2026-01-31,58.3,100.0,58.3,revenue_system,SALES_2026-01,2026-01-31T23:59:00
REC02168,EMP057,RKPI046,2026-01-01,2026-01-31,19.7,25.0,19.7,sales_conversion_system,SALES_2026-01,2026-01-31T23:59:00
REC02169,EMP057,RKPI047,2026-01-01,2026-01-31,3.8,4.0,76.0,customer_sat_system,FEEDBACK_2026-01,2026-01-31T23:59:00
REC02170,EMP057,RKPI048,2026-01-01,2026-01-31,66.7,35.0,100,task_completion_system,TASKS_2026-01,2026-01-31T23:59:00
REC02171,EMP057,RKPI049,2026-01-01,2026-01-31,66.2,80.0,66.2,goal_achievement_system,GOALS_2026-01,2026-01-31T23:59:00
REC02172,EMP057,RKPI050,2026-01-01,2026-01-31,90.5,92.0,90.5,attendance_system,ATTENDANCE_2026-01,2026-01-31T23:59:00
REC02173,EMP057,RKPI045,2026-02-01,2026-02-28,71.0,100.0,71.0,revenue_system,SALES_2026-02,2026-02-28T23:59:00
REC02174,EMP057,RKPI046,2026-02-01,2026-02-28,19.9,25.0,19.9,sales_conversion_system,SALES_2026-02,2026-02-28T23:59:00
REC02175,EMP057,RKPI047,2026-02-01,2026-02-28,3.2,4.0,64.0,customer_sat_system,FEEDBACK_2026-02,2026-02-28T23:59:00
REC02176,EMP057,RKPI048,2026-02-01,2026-02-28,57.1,35.0,100,task_completion_system,TASKS_2026-02,2026-02-28T23:59:00
REC02177,EMP057,RKPI049,2026-02-01,2026-02-28,66.7,80.0,66.7,goal_achievement_system,GOALS_2026-02,2026-02-28T23:59:00
REC02178,EMP057,RKPI050,2026-02-01,2026-02-28,95.0,92.0,95.0,attendance_system,ATTENDANCE_2026-02,2026-02-28T23:59:00
REC02179,EMP057,RKPI045,2026-03-01,2026-03-31,60.4,100.0,60.4,revenue_system,SALES_2026-03,2026-03-31T23:59:00
REC02180,EMP057,RKPI046,2026-03-01,2026-03-31,22.1,25.0,22.1,sales_conversion_system,SALES_2026-03,2026-03-31T23:59:00
REC02181,EMP057,RKPI047,2026-03-01,2026-03-31,3.5,4.0,70.0,customer_sat_system,FEEDBACK_2026-03,2026-03-31T23:59:00
REC02182,EMP057,RKPI048,2026-03-01,2026-03-31,66.7,35.0,100,task_completion_system,TASKS_2026-03,2026-03-31T23:59:00
REC02183,EMP057,RKPI049,2026-03-01,2026-03-31,55.6,80.0,55.6,goal_achievement_system,GOALS_2026-03,2026-03-31T23:59:00
REC02184,EMP057,RKPI050,2026-03-01,2026-03-31,90.0,92.0,90.0,attendance_system,ATTENDANCE_2026-03,2026-03-31T23:59:00
REC02185,EMP057,RKPI045,2026-04-01,2026-04-30,56.8,100.0,56.8,revenue_system,SALES_2026-04,2026-04-30T23:59:00
REC02186,EMP057,RKPI046,2026-04-01,2026-04-30,22.5,25.0,22.5,sales_conversion_system,SALES_2026-04,2026-04-30T23:59:00
REC02187,EMP057,RKPI047,2026-04-01,2026-04-30,3.4,4.0,68.0,customer_sat_system,FEEDBACK_2026-04,2026-04-30T23:59:00
REC02188,EMP057,RKPI048,2026-04-01,2026-04-30,75.0,35.0,100,task_completion_system,TASKS_2026-04,2026-04-30T23:59:00
REC02189,EMP057,RKPI049,2026-04-01,2026-04-30,66.0,80.0,66.0,goal_achievement_system,GOALS_2026-04,2026-04-30T23:59:00
REC02190,EMP057,RKPI050,2026-04-01,2026-04-30,95.2,92.0,95.2,attendance_system,ATTENDANCE_2026-04,2026-04-30T23:59:00
REC02191,EMP057,RKPI045,2026-05-01,2026-05-31,67.0,100.0,67.0,revenue_system,SALES_2026-05,2026-05-31T23:59:00
REC02192,EMP057,RKPI046,2026-05-01,2026-05-31,20.3,25.0,20.3,sales_conversion_system,SALES_2026-05,2026-05-31T23:59:00
REC02193,EMP057,RKPI047,2026-05-01,2026-05-31,3.6,4.0,72.0,customer_sat_system,FEEDBACK_2026-05,2026-05-31T23:59:00
REC02194,EMP057,RKPI048,2026-05-01,2026-05-31,66.7,35.0,100,task_completion_system,TASKS_2026-05,2026-05-31T23:59:00
REC02195,EMP057,RKPI049,2026-05-01,2026-05-31,58.8,80.0,58.8,goal_achievement_system,GOALS_2026-05,2026-05-31T23:59:00
REC02196,EMP057,RKPI050,2026-05-01,2026-05-31,90.0,92.0,90.0,attendance_system,ATTENDANCE_2026-05,2026-05-31T23:59:00
REC02197,EMP057,RKPI045,2026-06-01,2026-06-30,82.2,100.0,82.2,revenue_system,SALES_2026-06,2026-06-30T23:59:00
REC02198,EMP057,RKPI046,2026-06-01,2026-06-30,17.4,25.0,17.4,sales_conversion_system,SALES_2026-06,2026-06-30T23:59:00
REC02199,EMP057,RKPI047,2026-06-01,2026-06-30,3.3,4.0,66.0,customer_sat_system,FEEDBACK_2026-06,2026-06-30T23:59:00
REC02200,EMP057,RKPI048,2026-06-01,2026-06-30,57.1,35.0,100,task_completion_system,TASKS_2026-06,2026-06-30T23:59:00
REC02201,EMP057,RKPI049,2026-06-01,2026-06-30,74.7,80.0,74.7,goal_achievement_system,GOALS_2026-06,2026-06-30T23:59:00
REC02202,EMP057,RKPI050,2026-06-01,2026-06-30,85.7,92.0,85.7,attendance_system,ATTENDANCE_2026-06,2026-06-30T23:59:00
REC02203,EMP058,RKPI045,2026-01-01,2026-01-31,62.0,100.0,62.0,revenue_system,SALES_2026-01,2026-01-31T23:59:00
REC02204,EMP058,RKPI046,2026-01-01,2026-01-31,19.1,25.0,19.1,sales_conversion_system,SALES_2026-01,2026-01-31T23:59:00
REC02205,EMP058,RKPI047,2026-01-01,2026-01-31,3.6,4.0,72.0,customer_sat_system,FEEDBACK_2026-01,2026-01-31T23:59:00
REC02206,EMP058,RKPI048,2026-01-01,2026-01-31,66.7,35.0,100,task_completion_system,TASKS_2026-01,2026-01-31T23:59:00
REC02207,EMP058,RKPI049,2026-01-01,2026-01-31,60.1,80.0,60.1,goal_achievement_system,GOALS_2026-01,2026-01-31T23:59:00
REC02208,EMP058,RKPI050,2026-01-01,2026-01-31,100.0,92.0,100,attendance_system,ATTENDANCE_2026-01,2026-01-31T23:59:00
REC02209,EMP058,RKPI045,2026-02-01,2026-02-28,64.6,100.0,64.6,revenue_system,SALES_2026-02,2026-02-28T23:59:00
REC02210,EMP058,RKPI046,2026-02-01,2026-02-28,23.3,25.0,23.3,sales_conversion_system,SALES_2026-02,2026-02-28T23:59:00
REC02211,EMP058,RKPI047,2026-02-01,2026-02-28,3.4,4.0,68.0,customer_sat_system,FEEDBACK_2026-02,2026-02-28T23:59:00
REC02212,EMP058,RKPI048,2026-02-01,2026-02-28,66.7,35.0,100,task_completion_system,TASKS_2026-02,2026-02-28T23:59:00
REC02213,EMP058,RKPI049,2026-02-01,2026-02-28,61.7,80.0,61.7,goal_achievement_system,GOALS_2026-02,2026-02-28T23:59:00
REC02214,EMP058,RKPI050,2026-02-01,2026-02-28,100.0,92.0,100,attendance_system,ATTENDANCE_2026-02,2026-02-28T23:59:00
REC02215,EMP058,RKPI045,2026-03-01,2026-03-31,65.8,100.0,65.8,revenue_system,SALES_2026-03,2026-03-31T23:59:00
REC02216,EMP058,RKPI046,2026-03-01,2026-03-31,25.1,25.0,25.1,sales_conversion_system,SALES_2026-03,2026-03-31T23:59:00
REC02217,EMP058,RKPI047,2026-03-01,2026-03-31,3.3,4.0,66.0,customer_sat_system,FEEDBACK_2026-03,2026-03-31T23:59:00
REC02218,EMP058,RKPI048,2026-03-01,2026-03-31,71.4,35.0,100,task_completion_system,TASKS_2026-03,2026-03-31T23:59:00
REC02219,EMP058,RKPI049,2026-03-01,2026-03-31,77.8,80.0,77.8,goal_achievement_system,GOALS_2026-03,2026-03-31T23:59:00
REC02220,EMP058,RKPI050,2026-03-01,2026-03-31,90.0,92.0,90.0,attendance_system,ATTENDANCE_2026-03,2026-03-31T23:59:00
REC02221,EMP058,RKPI045,2026-04-01,2026-04-30,75.5,100.0,75.5,revenue_system,SALES_2026-04,2026-04-30T23:59:00
REC02222,EMP058,RKPI046,2026-04-01,2026-04-30,18.1,25.0,18.1,sales_conversion_system,SALES_2026-04,2026-04-30T23:59:00
REC02223,EMP058,RKPI047,2026-04-01,2026-04-30,3.0,4.0,60.0,customer_sat_system,FEEDBACK_2026-04,2026-04-30T23:59:00
REC02224,EMP058,RKPI048,2026-04-01,2026-04-30,87.5,35.0,100,task_completion_system,TASKS_2026-04,2026-04-30T23:59:00
REC02225,EMP058,RKPI049,2026-04-01,2026-04-30,77.3,80.0,77.3,goal_achievement_system,GOALS_2026-04,2026-04-30T23:59:00
REC02226,EMP058,RKPI050,2026-04-01,2026-04-30,90.5,92.0,90.5,attendance_system,ATTENDANCE_2026-04,2026-04-30T23:59:00
REC02227,EMP058,RKPI045,2026-05-01,2026-05-31,70.3,100.0,70.3,revenue_system,SALES_2026-05,2026-05-31T23:59:00
REC02228,EMP058,RKPI046,2026-05-01,2026-05-31,20.7,25.0,20.7,sales_conversion_system,SALES_2026-05,2026-05-31T23:59:00
REC02229,EMP058,RKPI047,2026-05-01,2026-05-31,3.5,4.0,70.0,customer_sat_system,FEEDBACK_2026-05,2026-05-31T23:59:00
REC02230,EMP058,RKPI048,2026-05-01,2026-05-31,66.7,35.0,100,task_completion_system,TASKS_2026-05,2026-05-31T23:59:00
REC02231,EMP058,RKPI049,2026-05-01,2026-05-31,73.4,80.0,73.4,goal_achievement_system,GOALS_2026-05,2026-05-31T23:59:00
REC02232,EMP058,RKPI050,2026-05-01,2026-05-31,90.0,92.0,90.0,attendance_system,ATTENDANCE_2026-05,2026-05-31T23:59:00
REC02233,EMP058,RKPI045,2026-06-01,2026-06-30,52.5,100.0,52.5,revenue_system,SALES_2026-06,2026-06-30T23:59:00
REC02234,EMP058,RKPI046,2026-06-01,2026-06-30,19.7,25.0,19.7,sales_conversion_system,SALES_2026-06,2026-06-30T23:59:00
REC02235,EMP058,RKPI047,2026-06-01,2026-06-30,3.7,4.0,74.0,customer_sat_system,FEEDBACK_2026-06,2026-06-30T23:59:00
REC02236,EMP058,RKPI048,2026-06-01,2026-06-30,60.0,35.0,100,task_completion_system,TASKS_2026-06,2026-06-30T23:59:00
REC02237,EMP058,RKPI049,2026-06-01,2026-06-30,57.9,80.0,57.9,goal_achievement_system,GOALS_2026-06,2026-06-30T23:59:00
REC02238,EMP058,RKPI050,2026-06-01,2026-06-30,95.2,92.0,95.2,attendance_system,ATTENDANCE_2026-06,2026-06-30T23:59:00
REC02239,EMP059,RKPI051,2026-01-01,2026-01-31,63.8,100.0,63.8,revenue_system,SALES_2026-01,2026-01-31T23:59:00
REC02240,EMP059,RKPI052,2026-01-01,2026-01-31,17.4,28.0,17.4,sales_conversion_system,SALES_2026-01,2026-01-31T23:59:00
REC02241,EMP059,RKPI053,2026-01-01,2026-01-31,59.3,85.0,59.3,goal_achievement_system,GOALS_2026-01,2026-01-31T23:59:00
REC02242,EMP059,RKPI054,2026-01-01,2026-01-31,3.2,4.2,64.0,collaboration_system,FEEDBACK_2026-01,2026-01-31T23:59:00
REC02243,EMP059,RKPI055,2026-01-01,2026-01-31,78.6,80.0,98.2,project_contribution_system,PROJECTS_2026-01,2026-01-31T23:59:00
REC02244,EMP059,RKPI051,2026-02-01,2026-02-28,71.1,100.0,71.1,revenue_system,SALES_2026-02,2026-02-28T23:59:00
REC02245,EMP059,RKPI052,2026-02-01,2026-02-28,18.8,28.0,18.8,sales_conversion_system,SALES_2026-02,2026-02-28T23:59:00
REC02246,EMP059,RKPI053,2026-02-01,2026-02-28,67.7,85.0,67.7,goal_achievement_system,GOALS_2026-02,2026-02-28T23:59:00
REC02247,EMP059,RKPI054,2026-02-01,2026-02-28,3.2,4.2,64.0,collaboration_system,FEEDBACK_2026-02,2026-02-28T23:59:00
REC02248,EMP059,RKPI055,2026-02-01,2026-02-28,57.8,80.0,72.2,project_contribution_system,PROJECTS_2026-02,2026-02-28T23:59:00
REC02249,EMP059,RKPI051,2026-03-01,2026-03-31,78.2,100.0,78.2,revenue_system,SALES_2026-03,2026-03-31T23:59:00
REC02250,EMP059,RKPI052,2026-03-01,2026-03-31,18.2,28.0,18.2,sales_conversion_system,SALES_2026-03,2026-03-31T23:59:00
REC02251,EMP059,RKPI053,2026-03-01,2026-03-31,71.3,85.0,71.3,goal_achievement_system,GOALS_2026-03,2026-03-31T23:59:00
REC02252,EMP059,RKPI054,2026-03-01,2026-03-31,3.6,4.2,72.0,collaboration_system,FEEDBACK_2026-03,2026-03-31T23:59:00
REC02253,EMP059,RKPI055,2026-03-01,2026-03-31,66.6,80.0,83.2,project_contribution_system,PROJECTS_2026-03,2026-03-31T23:59:00
REC02254,EMP059,RKPI051,2026-04-01,2026-04-30,72.6,100.0,72.6,revenue_system,SALES_2026-04,2026-04-30T23:59:00
REC02255,EMP059,RKPI052,2026-04-01,2026-04-30,16.5,28.0,16.5,sales_conversion_system,SALES_2026-04,2026-04-30T23:59:00
REC02256,EMP059,RKPI053,2026-04-01,2026-04-30,61.1,85.0,61.1,goal_achievement_system,GOALS_2026-04,2026-04-30T23:59:00
REC02257,EMP059,RKPI054,2026-04-01,2026-04-30,3.1,4.2,62.0,collaboration_system,FEEDBACK_2026-04,2026-04-30T23:59:00
REC02258,EMP059,RKPI055,2026-04-01,2026-04-30,52.7,80.0,65.9,project_contribution_system,PROJECTS_2026-04,2026-04-30T23:59:00
REC02259,EMP059,RKPI051,2026-05-01,2026-05-31,51.2,100.0,51.2,revenue_system,SALES_2026-05,2026-05-31T23:59:00
REC02260,EMP059,RKPI052,2026-05-01,2026-05-31,19.8,28.0,19.8,sales_conversion_system,SALES_2026-05,2026-05-31T23:59:00
REC02261,EMP059,RKPI053,2026-05-01,2026-05-31,61.8,85.0,61.8,goal_achievement_system,GOALS_2026-05,2026-05-31T23:59:00
REC02262,EMP059,RKPI054,2026-05-01,2026-05-31,3.9,4.2,78.0,collaboration_system,FEEDBACK_2026-05,2026-05-31T23:59:00
REC02263,EMP059,RKPI055,2026-05-01,2026-05-31,55.7,80.0,69.6,project_contribution_system,PROJECTS_2026-05,2026-05-31T23:59:00
REC02264,EMP059,RKPI051,2026-06-01,2026-06-30,72.8,100.0,72.8,revenue_system,SALES_2026-06,2026-06-30T23:59:00
REC02265,EMP059,RKPI052,2026-06-01,2026-06-30,21.2,28.0,21.2,sales_conversion_system,SALES_2026-06,2026-06-30T23:59:00
REC02266,EMP059,RKPI053,2026-06-01,2026-06-30,63.4,85.0,63.4,goal_achievement_system,GOALS_2026-06,2026-06-30T23:59:00
REC02267,EMP059,RKPI054,2026-06-01,2026-06-30,3.5,4.2,70.0,collaboration_system,FEEDBACK_2026-06,2026-06-30T23:59:00
REC02268,EMP059,RKPI055,2026-06-01,2026-06-30,76.1,80.0,95.1,project_contribution_system,PROJECTS_2026-06,2026-06-30T23:59:00
REC02269,EMP060,RKPI051,2026-01-01,2026-01-31,49.2,100.0,49.2,revenue_system,SALES_2026-01,2026-01-31T23:59:00
REC02270,EMP060,RKPI052,2026-01-01,2026-01-31,14.8,28.0,14.8,sales_conversion_system,SALES_2026-01,2026-01-31T23:59:00
REC02271,EMP060,RKPI053,2026-01-01,2026-01-31,38.6,85.0,38.6,goal_achievement_system,GOALS_2026-01,2026-01-31T23:59:00
REC02272,EMP060,RKPI054,2026-01-01,2026-01-31,2.1,4.2,42.0,collaboration_system,FEEDBACK_2026-01,2026-01-31T23:59:00
REC02273,EMP060,RKPI055,2026-01-01,2026-01-31,48.8,80.0,61.0,project_contribution_system,PROJECTS_2026-01,2026-01-31T23:59:00
REC02274,EMP060,RKPI051,2026-02-01,2026-02-28,43.7,100.0,43.7,revenue_system,SALES_2026-02,2026-02-28T23:59:00
REC02275,EMP060,RKPI052,2026-02-01,2026-02-28,9.9,28.0,9.9,sales_conversion_system,SALES_2026-02,2026-02-28T23:59:00
REC02276,EMP060,RKPI053,2026-02-01,2026-02-28,22.7,85.0,22.7,goal_achievement_system,GOALS_2026-02,2026-02-28T23:59:00
REC02277,EMP060,RKPI054,2026-02-01,2026-02-28,2.3,4.2,46.0,collaboration_system,FEEDBACK_2026-02,2026-02-28T23:59:00
REC02278,EMP060,RKPI055,2026-02-01,2026-02-28,18.4,80.0,23.0,project_contribution_system,PROJECTS_2026-02,2026-02-28T23:59:00
REC02279,EMP060,RKPI051,2026-03-01,2026-03-31,41.6,100.0,41.6,revenue_system,SALES_2026-03,2026-03-31T23:59:00
REC02280,EMP060,RKPI052,2026-03-01,2026-03-31,14.5,28.0,14.5,sales_conversion_system,SALES_2026-03,2026-03-31T23:59:00
REC02281,EMP060,RKPI053,2026-03-01,2026-03-31,34.4,85.0,34.4,goal_achievement_system,GOALS_2026-03,2026-03-31T23:59:00
REC02282,EMP060,RKPI054,2026-03-01,2026-03-31,2.6,4.2,52.0,collaboration_system,FEEDBACK_2026-03,2026-03-31T23:59:00
REC02283,EMP060,RKPI055,2026-03-01,2026-03-31,36.4,80.0,45.5,project_contribution_system,PROJECTS_2026-03,2026-03-31T23:59:00
REC02284,EMP060,RKPI051,2026-04-01,2026-04-30,30.0,100.0,30.0,revenue_system,SALES_2026-04,2026-04-30T23:59:00
REC02285,EMP060,RKPI052,2026-04-01,2026-04-30,9.5,28.0,9.5,sales_conversion_system,SALES_2026-04,2026-04-30T23:59:00
REC02286,EMP060,RKPI053,2026-04-01,2026-04-30,26.0,85.0,26.0,goal_achievement_system,GOALS_2026-04,2026-04-30T23:59:00
REC02287,EMP060,RKPI054,2026-04-01,2026-04-30,2.9,4.2,58.0,collaboration_system,FEEDBACK_2026-04,2026-04-30T23:59:00
REC02288,EMP060,RKPI055,2026-04-01,2026-04-30,54.1,80.0,67.6,project_contribution_system,PROJECTS_2026-04,2026-04-30T23:59:00
REC02289,EMP060,RKPI051,2026-05-01,2026-05-31,36.2,100.0,36.2,revenue_system,SALES_2026-05,2026-05-31T23:59:00
REC02290,EMP060,RKPI052,2026-05-01,2026-05-31,11.1,28.0,11.1,sales_conversion_system,SALES_2026-05,2026-05-31T23:59:00
REC02291,EMP060,RKPI053,2026-05-01,2026-05-31,23.0,85.0,23.0,goal_achievement_system,GOALS_2026-05,2026-05-31T23:59:00
REC02292,EMP060,RKPI054,2026-05-01,2026-05-31,2.4,4.2,48.0,collaboration_system,FEEDBACK_2026-05,2026-05-31T23:59:00
REC02293,EMP060,RKPI055,2026-05-01,2026-05-31,29.1,80.0,36.4,project_contribution_system,PROJECTS_2026-05,2026-05-31T23:59:00
REC02294,EMP060,RKPI051,2026-06-01,2026-06-30,29.4,100.0,29.4,revenue_system,SALES_2026-06,2026-06-30T23:59:00
REC02295,EMP060,RKPI052,2026-06-01,2026-06-30,11.8,28.0,11.8,sales_conversion_system,SALES_2026-06,2026-06-30T23:59:00
REC02296,EMP060,RKPI053,2026-06-01,2026-06-30,38.3,85.0,38.3,goal_achievement_system,GOALS_2026-06,2026-06-30T23:59:00
REC02297,EMP060,RKPI054,2026-06-01,2026-06-30,2.4,4.2,48.0,collaboration_system,FEEDBACK_2026-06,2026-06-30T23:59:00
REC02298,EMP060,RKPI055,2026-06-01,2026-06-30,36.2,80.0,45.2,project_contribution_system,PROJECTS_2026-06,2026-06-30T23:59:00
REC02299,EMP061,RKPI051,2026-01-01,2026-01-31,65.3,100.0,65.3,revenue_system,SALES_2026-01,2026-01-31T23:59:00
REC02300,EMP061,RKPI052,2026-01-01,2026-01-31,25.1,28.0,25.1,sales_conversion_system,SALES_2026-01,2026-01-31T23:59:00
REC02301,EMP061,RKPI053,2026-01-01,2026-01-31,52.8,85.0,52.8,goal_achievement_system,GOALS_2026-01,2026-01-31T23:59:00
REC02302,EMP061,RKPI054,2026-01-01,2026-01-31,3.0,4.2,60.0,collaboration_system,FEEDBACK_2026-01,2026-01-31T23:59:00
REC02303,EMP061,RKPI055,2026-01-01,2026-01-31,68.4,80.0,85.5,project_contribution_system,PROJECTS_2026-01,2026-01-31T23:59:00
REC02304,EMP061,RKPI051,2026-02-01,2026-02-28,69.3,100.0,69.3,revenue_system,SALES_2026-02,2026-02-28T23:59:00
REC02305,EMP061,RKPI052,2026-02-01,2026-02-28,21.8,28.0,21.8,sales_conversion_system,SALES_2026-02,2026-02-28T23:59:00
REC02306,EMP061,RKPI053,2026-02-01,2026-02-28,74.8,85.0,74.8,goal_achievement_system,GOALS_2026-02,2026-02-28T23:59:00
REC02307,EMP061,RKPI054,2026-02-01,2026-02-28,3.1,4.2,62.0,collaboration_system,FEEDBACK_2026-02,2026-02-28T23:59:00
REC02308,EMP061,RKPI055,2026-02-01,2026-02-28,59.7,80.0,74.6,project_contribution_system,PROJECTS_2026-02,2026-02-28T23:59:00
REC02309,EMP061,RKPI051,2026-03-01,2026-03-31,55.7,100.0,55.7,revenue_system,SALES_2026-03,2026-03-31T23:59:00
REC02310,EMP061,RKPI052,2026-03-01,2026-03-31,25.8,28.0,25.8,sales_conversion_system,SALES_2026-03,2026-03-31T23:59:00
REC02311,EMP061,RKPI053,2026-03-01,2026-03-31,62.4,85.0,62.4,goal_achievement_system,GOALS_2026-03,2026-03-31T23:59:00
REC02312,EMP061,RKPI054,2026-03-01,2026-03-31,3.5,4.2,70.0,collaboration_system,FEEDBACK_2026-03,2026-03-31T23:59:00
REC02313,EMP061,RKPI055,2026-03-01,2026-03-31,74.5,80.0,93.1,project_contribution_system,PROJECTS_2026-03,2026-03-31T23:59:00
REC02314,EMP061,RKPI051,2026-04-01,2026-04-30,76.1,100.0,76.1,revenue_system,SALES_2026-04,2026-04-30T23:59:00
REC02315,EMP061,RKPI052,2026-04-01,2026-04-30,24.4,28.0,24.4,sales_conversion_system,SALES_2026-04,2026-04-30T23:59:00
REC02316,EMP061,RKPI053,2026-04-01,2026-04-30,69.2,85.0,69.2,goal_achievement_system,GOALS_2026-04,2026-04-30T23:59:00
REC02317,EMP061,RKPI054,2026-04-01,2026-04-30,3.9,4.2,78.0,collaboration_system,FEEDBACK_2026-04,2026-04-30T23:59:00
REC02318,EMP061,RKPI055,2026-04-01,2026-04-30,71.8,80.0,89.8,project_contribution_system,PROJECTS_2026-04,2026-04-30T23:59:00
REC02319,EMP061,RKPI051,2026-05-01,2026-05-31,56.4,100.0,56.4,revenue_system,SALES_2026-05,2026-05-31T23:59:00
REC02320,EMP061,RKPI052,2026-05-01,2026-05-31,19.8,28.0,19.8,sales_conversion_system,SALES_2026-05,2026-05-31T23:59:00
REC02321,EMP061,RKPI053,2026-05-01,2026-05-31,74.6,85.0,74.6,goal_achievement_system,GOALS_2026-05,2026-05-31T23:59:00
REC02322,EMP061,RKPI054,2026-05-01,2026-05-31,3.9,4.2,78.0,collaboration_system,FEEDBACK_2026-05,2026-05-31T23:59:00
REC02323,EMP061,RKPI055,2026-05-01,2026-05-31,68.4,80.0,85.5,project_contribution_system,PROJECTS_2026-05,2026-05-31T23:59:00
REC02324,EMP061,RKPI051,2026-06-01,2026-06-30,52.9,100.0,52.9,revenue_system,SALES_2026-06,2026-06-30T23:59:00
REC02325,EMP061,RKPI052,2026-06-01,2026-06-30,22.9,28.0,22.9,sales_conversion_system,SALES_2026-06,2026-06-30T23:59:00
REC02326,EMP061,RKPI053,2026-06-01,2026-06-30,67.4,85.0,67.4,goal_achievement_system,GOALS_2026-06,2026-06-30T23:59:00
REC02327,EMP061,RKPI054,2026-06-01,2026-06-30,3.5,4.2,70.0,collaboration_system,FEEDBACK_2026-06,2026-06-30T23:59:00
REC02328,EMP061,RKPI055,2026-06-01,2026-06-30,72.6,80.0,90.8,project_contribution_system,PROJECTS_2026-06,2026-06-30T23:59:00
REC02329,EMP062,RKPI056,2026-01-01,2026-01-31,46.7,40.0,100,task_completion_system,TASKS_2026-01,2026-01-31T23:59:00
REC02330,EMP062,RKPI057,2026-01-01,2026-01-31,20.6,80.0,20.6,goal_achievement_system,GOALS_2026-01,2026-01-31T23:59:00
REC02331,EMP062,RKPI058,2026-01-01,2026-01-31,14.3,85.0,14.3,ontime_delivery_system,TASKS_2026-01,2026-01-31T23:59:00
REC02332,EMP062,RKPI059,2026-01-01,2026-01-31,2.2,4.0,44.0,collaboration_system,FEEDBACK_2026-01,2026-01-31T23:59:00
REC02333,EMP062,RKPI060,2026-01-01,2026-01-31,27.7,72.0,38.5,learning_system,TRAINING_2026-01,2026-01-31T23:59:00
REC02334,EMP062,RKPI061,2026-01-01,2026-01-31,19.0,75.0,25.3,project_contribution_system,PROJECTS_2026-01,2026-01-31T23:59:00
REC02335,EMP062,RKPI056,2026-02-01,2026-02-28,33.3,40.0,83.2,task_completion_system,TASKS_2026-02,2026-02-28T23:59:00
REC02336,EMP062,RKPI057,2026-02-01,2026-02-28,40.8,80.0,40.8,goal_achievement_system,GOALS_2026-02,2026-02-28T23:59:00
REC02337,EMP062,RKPI058,2026-02-01,2026-02-28,25.0,85.0,25.0,ontime_delivery_system,TASKS_2026-02,2026-02-28T23:59:00
REC02338,EMP062,RKPI059,2026-02-01,2026-02-28,3.0,4.0,60.0,collaboration_system,FEEDBACK_2026-02,2026-02-28T23:59:00
REC02339,EMP062,RKPI060,2026-02-01,2026-02-28,32.3,72.0,44.9,learning_system,TRAINING_2026-02,2026-02-28T23:59:00
REC02340,EMP062,RKPI061,2026-02-01,2026-02-28,54.6,75.0,72.8,project_contribution_system,PROJECTS_2026-02,2026-02-28T23:59:00
REC02341,EMP062,RKPI056,2026-03-01,2026-03-31,50.0,40.0,100,task_completion_system,TASKS_2026-03,2026-03-31T23:59:00
REC02342,EMP062,RKPI057,2026-03-01,2026-03-31,30.5,80.0,30.5,goal_achievement_system,GOALS_2026-03,2026-03-31T23:59:00
REC02343,EMP062,RKPI058,2026-03-01,2026-03-31,50.0,85.0,50.0,ontime_delivery_system,TASKS_2026-03,2026-03-31T23:59:00
REC02344,EMP062,RKPI059,2026-03-01,2026-03-31,2.3,4.0,46.0,collaboration_system,FEEDBACK_2026-03,2026-03-31T23:59:00
REC02345,EMP062,RKPI060,2026-03-01,2026-03-31,27.3,72.0,37.9,learning_system,TRAINING_2026-03,2026-03-31T23:59:00
REC02346,EMP062,RKPI061,2026-03-01,2026-03-31,38.9,75.0,51.9,project_contribution_system,PROJECTS_2026-03,2026-03-31T23:59:00
REC02347,EMP062,RKPI056,2026-04-01,2026-04-30,57.1,40.0,100,task_completion_system,TASKS_2026-04,2026-04-30T23:59:00
REC02348,EMP062,RKPI057,2026-04-01,2026-04-30,30.9,80.0,30.9,goal_achievement_system,GOALS_2026-04,2026-04-30T23:59:00
REC02349,EMP062,RKPI058,2026-04-01,2026-04-30,25.0,85.0,25.0,ontime_delivery_system,TASKS_2026-04,2026-04-30T23:59:00
REC02350,EMP062,RKPI059,2026-04-01,2026-04-30,2.8,4.0,56.0,collaboration_system,FEEDBACK_2026-04,2026-04-30T23:59:00
REC02351,EMP062,RKPI060,2026-04-01,2026-04-30,27.9,72.0,38.7,learning_system,TRAINING_2026-04,2026-04-30T23:59:00
REC02352,EMP062,RKPI061,2026-04-01,2026-04-30,41.5,75.0,55.3,project_contribution_system,PROJECTS_2026-04,2026-04-30T23:59:00
REC02353,EMP062,RKPI056,2026-05-01,2026-05-31,53.8,40.0,100,task_completion_system,TASKS_2026-05,2026-05-31T23:59:00
REC02354,EMP062,RKPI057,2026-05-01,2026-05-31,38.7,80.0,38.7,goal_achievement_system,GOALS_2026-05,2026-05-31T23:59:00
REC02355,EMP062,RKPI058,2026-05-01,2026-05-31,14.3,85.0,14.3,ontime_delivery_system,TASKS_2026-05,2026-05-31T23:59:00
REC02356,EMP062,RKPI059,2026-05-01,2026-05-31,2.1,4.0,42.0,collaboration_system,FEEDBACK_2026-05,2026-05-31T23:59:00
REC02357,EMP062,RKPI060,2026-05-01,2026-05-31,30.1,72.0,41.8,learning_system,TRAINING_2026-05,2026-05-31T23:59:00
REC02358,EMP062,RKPI061,2026-05-01,2026-05-31,27.0,75.0,36.0,project_contribution_system,PROJECTS_2026-05,2026-05-31T23:59:00
REC02359,EMP062,RKPI056,2026-06-01,2026-06-30,33.3,40.0,83.2,task_completion_system,TASKS_2026-06,2026-06-30T23:59:00
REC02360,EMP062,RKPI057,2026-06-01,2026-06-30,39.2,80.0,39.2,goal_achievement_system,GOALS_2026-06,2026-06-30T23:59:00
REC02361,EMP062,RKPI058,2026-06-01,2026-06-30,33.3,85.0,33.3,ontime_delivery_system,TASKS_2026-06,2026-06-30T23:59:00
REC02362,EMP062,RKPI059,2026-06-01,2026-06-30,2.5,4.0,50.0,collaboration_system,FEEDBACK_2026-06,2026-06-30T23:59:00
REC02363,EMP062,RKPI060,2026-06-01,2026-06-30,20.5,72.0,28.5,learning_system,TRAINING_2026-06,2026-06-30T23:59:00
REC02364,EMP062,RKPI061,2026-06-01,2026-06-30,41.3,75.0,55.1,project_contribution_system,PROJECTS_2026-06,2026-06-30T23:59:00
REC02365,EMP063,RKPI056,2026-01-01,2026-01-31,57.1,40.0,100,task_completion_system,TASKS_2026-01,2026-01-31T23:59:00
REC02366,EMP063,RKPI057,2026-01-01,2026-01-31,56.8,80.0,56.8,goal_achievement_system,GOALS_2026-01,2026-01-31T23:59:00
REC02367,EMP063,RKPI058,2026-01-01,2026-01-31,50.0,85.0,50.0,ontime_delivery_system,TASKS_2026-01,2026-01-31T23:59:00
REC02368,EMP063,RKPI059,2026-01-01,2026-01-31,3.2,4.0,64.0,collaboration_system,FEEDBACK_2026-01,2026-01-31T23:59:00
REC02369,EMP063,RKPI060,2026-01-01,2026-01-31,46.2,72.0,64.2,learning_system,TRAINING_2026-01,2026-01-31T23:59:00
REC02370,EMP063,RKPI061,2026-01-01,2026-01-31,33.8,75.0,45.1,project_contribution_system,PROJECTS_2026-01,2026-01-31T23:59:00
REC02371,EMP063,RKPI056,2026-02-01,2026-02-28,78.6,40.0,100,task_completion_system,TASKS_2026-02,2026-02-28T23:59:00
REC02372,EMP063,RKPI057,2026-02-01,2026-02-28,48.5,80.0,48.5,goal_achievement_system,GOALS_2026-02,2026-02-28T23:59:00
REC02373,EMP063,RKPI058,2026-02-01,2026-02-28,45.5,85.0,45.5,ontime_delivery_system,TASKS_2026-02,2026-02-28T23:59:00
REC02374,EMP063,RKPI059,2026-02-01,2026-02-28,3.1,4.0,62.0,collaboration_system,FEEDBACK_2026-02,2026-02-28T23:59:00
REC02375,EMP063,RKPI060,2026-02-01,2026-02-28,37.6,72.0,52.2,learning_system,TRAINING_2026-02,2026-02-28T23:59:00
REC02376,EMP063,RKPI061,2026-02-01,2026-02-28,57.4,75.0,76.5,project_contribution_system,PROJECTS_2026-02,2026-02-28T23:59:00
REC02377,EMP063,RKPI056,2026-03-01,2026-03-31,55.6,40.0,100,task_completion_system,TASKS_2026-03,2026-03-31T23:59:00
REC02378,EMP063,RKPI057,2026-03-01,2026-03-31,51.5,80.0,51.5,goal_achievement_system,GOALS_2026-03,2026-03-31T23:59:00
REC02379,EMP063,RKPI058,2026-03-01,2026-03-31,60.0,85.0,60.0,ontime_delivery_system,TASKS_2026-03,2026-03-31T23:59:00
REC02380,EMP063,RKPI059,2026-03-01,2026-03-31,2.7,4.0,54.0,collaboration_system,FEEDBACK_2026-03,2026-03-31T23:59:00
REC02381,EMP063,RKPI060,2026-03-01,2026-03-31,57.3,72.0,79.6,learning_system,TRAINING_2026-03,2026-03-31T23:59:00
REC02382,EMP063,RKPI061,2026-03-01,2026-03-31,59.6,75.0,79.5,project_contribution_system,PROJECTS_2026-03,2026-03-31T23:59:00
REC02383,EMP063,RKPI056,2026-04-01,2026-04-30,45.5,40.0,100,task_completion_system,TASKS_2026-04,2026-04-30T23:59:00
REC02384,EMP063,RKPI057,2026-04-01,2026-04-30,50.4,80.0,50.4,goal_achievement_system,GOALS_2026-04,2026-04-30T23:59:00
REC02385,EMP063,RKPI058,2026-04-01,2026-04-30,60.0,85.0,60.0,ontime_delivery_system,TASKS_2026-04,2026-04-30T23:59:00
REC02386,EMP063,RKPI059,2026-04-01,2026-04-30,3.0,4.0,60.0,collaboration_system,FEEDBACK_2026-04,2026-04-30T23:59:00
REC02387,EMP063,RKPI060,2026-04-01,2026-04-30,37.3,72.0,51.8,learning_system,TRAINING_2026-04,2026-04-30T23:59:00
REC02388,EMP063,RKPI061,2026-04-01,2026-04-30,54.8,75.0,73.1,project_contribution_system,PROJECTS_2026-04,2026-04-30T23:59:00
REC02389,EMP063,RKPI056,2026-05-01,2026-05-31,50.0,40.0,100,task_completion_system,TASKS_2026-05,2026-05-31T23:59:00
REC02390,EMP063,RKPI057,2026-05-01,2026-05-31,29.9,80.0,29.9,goal_achievement_system,GOALS_2026-05,2026-05-31T23:59:00
REC02391,EMP063,RKPI058,2026-05-01,2026-05-31,100.0,85.0,100,ontime_delivery_system,TASKS_2026-05,2026-05-31T23:59:00
REC02392,EMP063,RKPI059,2026-05-01,2026-05-31,3.3,4.0,66.0,collaboration_system,FEEDBACK_2026-05,2026-05-31T23:59:00
REC02393,EMP063,RKPI060,2026-05-01,2026-05-31,25.0,72.0,34.7,learning_system,TRAINING_2026-05,2026-05-31T23:59:00
REC02394,EMP063,RKPI061,2026-05-01,2026-05-31,55.3,75.0,73.7,project_contribution_system,PROJECTS_2026-05,2026-05-31T23:59:00
REC02395,EMP063,RKPI056,2026-06-01,2026-06-30,80.0,40.0,100,task_completion_system,TASKS_2026-06,2026-06-30T23:59:00
REC02396,EMP063,RKPI057,2026-06-01,2026-06-30,47.3,80.0,47.3,goal_achievement_system,GOALS_2026-06,2026-06-30T23:59:00
REC02397,EMP063,RKPI058,2026-06-01,2026-06-30,25.0,85.0,25.0,ontime_delivery_system,TASKS_2026-06,2026-06-30T23:59:00
REC02398,EMP063,RKPI059,2026-06-01,2026-06-30,3.3,4.0,66.0,collaboration_system,FEEDBACK_2026-06,2026-06-30T23:59:00
REC02399,EMP063,RKPI060,2026-06-01,2026-06-30,29.7,72.0,41.2,learning_system,TRAINING_2026-06,2026-06-30T23:59:00
REC02400,EMP063,RKPI061,2026-06-01,2026-06-30,56.6,75.0,75.5,project_contribution_system,PROJECTS_2026-06,2026-06-30T23:59:00
REC02401,EMP064,RKPI056,2026-01-01,2026-01-31,91.7,40.0,100,task_completion_system,TASKS_2026-01,2026-01-31T23:59:00
REC02402,EMP064,RKPI057,2026-01-01,2026-01-31,98.2,80.0,98.2,goal_achievement_system,GOALS_2026-01,2026-01-31T23:59:00
REC02403,EMP064,RKPI058,2026-01-01,2026-01-31,100.0,85.0,100,ontime_delivery_system,TASKS_2026-01,2026-01-31T23:59:00
REC02404,EMP064,RKPI059,2026-01-01,2026-01-31,4.9,4.0,98.0,collaboration_system,FEEDBACK_2026-01,2026-01-31T23:59:00
REC02405,EMP064,RKPI060,2026-01-01,2026-01-31,90.3,72.0,100,learning_system,TRAINING_2026-01,2026-01-31T23:59:00
REC02406,EMP064,RKPI061,2026-01-01,2026-01-31,94.6,75.0,100,project_contribution_system,PROJECTS_2026-01,2026-01-31T23:59:00
REC02407,EMP064,RKPI056,2026-02-01,2026-02-28,100.0,40.0,100,task_completion_system,TASKS_2026-02,2026-02-28T23:59:00
REC02408,EMP064,RKPI057,2026-02-01,2026-02-28,97.3,80.0,97.3,goal_achievement_system,GOALS_2026-02,2026-02-28T23:59:00
REC02409,EMP064,RKPI058,2026-02-01,2026-02-28,100.0,85.0,100,ontime_delivery_system,TASKS_2026-02,2026-02-28T23:59:00
REC02410,EMP064,RKPI059,2026-02-01,2026-02-28,4.2,4.0,84.0,collaboration_system,FEEDBACK_2026-02,2026-02-28T23:59:00
REC02411,EMP064,RKPI060,2026-02-01,2026-02-28,90.7,72.0,100,learning_system,TRAINING_2026-02,2026-02-28T23:59:00
REC02412,EMP064,RKPI061,2026-02-01,2026-02-28,86.4,75.0,100,project_contribution_system,PROJECTS_2026-02,2026-02-28T23:59:00
REC02413,EMP064,RKPI056,2026-03-01,2026-03-31,90.0,40.0,100,task_completion_system,TASKS_2026-03,2026-03-31T23:59:00
REC02414,EMP064,RKPI057,2026-03-01,2026-03-31,94.0,80.0,94.0,goal_achievement_system,GOALS_2026-03,2026-03-31T23:59:00
REC02415,EMP064,RKPI058,2026-03-01,2026-03-31,100.0,85.0,100,ontime_delivery_system,TASKS_2026-03,2026-03-31T23:59:00
REC02416,EMP064,RKPI059,2026-03-01,2026-03-31,4.6,4.0,92.0,collaboration_system,FEEDBACK_2026-03,2026-03-31T23:59:00
REC02417,EMP064,RKPI060,2026-03-01,2026-03-31,89.2,72.0,100,learning_system,TRAINING_2026-03,2026-03-31T23:59:00
REC02418,EMP064,RKPI061,2026-03-01,2026-03-31,92.6,75.0,100,project_contribution_system,PROJECTS_2026-03,2026-03-31T23:59:00
REC02419,EMP064,RKPI056,2026-04-01,2026-04-30,100.0,40.0,100,task_completion_system,TASKS_2026-04,2026-04-30T23:59:00
REC02420,EMP064,RKPI057,2026-04-01,2026-04-30,91.6,80.0,91.6,goal_achievement_system,GOALS_2026-04,2026-04-30T23:59:00
REC02421,EMP064,RKPI058,2026-04-01,2026-04-30,100.0,85.0,100,ontime_delivery_system,TASKS_2026-04,2026-04-30T23:59:00
REC02422,EMP064,RKPI059,2026-04-01,2026-04-30,4.5,4.0,90.0,collaboration_system,FEEDBACK_2026-04,2026-04-30T23:59:00
REC02423,EMP064,RKPI060,2026-04-01,2026-04-30,87.4,72.0,100,learning_system,TRAINING_2026-04,2026-04-30T23:59:00
REC02424,EMP064,RKPI061,2026-04-01,2026-04-30,88.8,75.0,100,project_contribution_system,PROJECTS_2026-04,2026-04-30T23:59:00
REC02425,EMP064,RKPI056,2026-05-01,2026-05-31,100.0,40.0,100,task_completion_system,TASKS_2026-05,2026-05-31T23:59:00
REC02426,EMP064,RKPI057,2026-05-01,2026-05-31,99.3,80.0,99.3,goal_achievement_system,GOALS_2026-05,2026-05-31T23:59:00
REC02427,EMP064,RKPI058,2026-05-01,2026-05-31,100.0,85.0,100,ontime_delivery_system,TASKS_2026-05,2026-05-31T23:59:00
REC02428,EMP064,RKPI059,2026-05-01,2026-05-31,4.7,4.0,94.0,collaboration_system,FEEDBACK_2026-05,2026-05-31T23:59:00
REC02429,EMP064,RKPI060,2026-05-01,2026-05-31,78.3,72.0,100,learning_system,TRAINING_2026-05,2026-05-31T23:59:00
REC02430,EMP064,RKPI061,2026-05-01,2026-05-31,100,75.0,100,project_contribution_system,PROJECTS_2026-05,2026-05-31T23:59:00
REC02431,EMP064,RKPI056,2026-06-01,2026-06-30,100.0,40.0,100,task_completion_system,TASKS_2026-06,2026-06-30T23:59:00
REC02432,EMP064,RKPI057,2026-06-01,2026-06-30,91.3,80.0,91.3,goal_achievement_system,GOALS_2026-06,2026-06-30T23:59:00
REC02433,EMP064,RKPI058,2026-06-01,2026-06-30,100.0,85.0,100,ontime_delivery_system,TASKS_2026-06,2026-06-30T23:59:00
REC02434,EMP064,RKPI059,2026-06-01,2026-06-30,4.7,4.0,94.0,collaboration_system,FEEDBACK_2026-06,2026-06-30T23:59:00
REC02435,EMP064,RKPI060,2026-06-01,2026-06-30,82.7,72.0,100,learning_system,TRAINING_2026-06,2026-06-30T23:59:00
REC02436,EMP064,RKPI061,2026-06-01,2026-06-30,84.3,75.0,100,project_contribution_system,PROJECTS_2026-06,2026-06-30T23:59:00
REC02437,EMP065,RKPI056,2026-01-01,2026-01-31,50.0,40.0,100,task_completion_system,TASKS_2026-01,2026-01-31T23:59:00
REC02438,EMP065,RKPI057,2026-01-01,2026-01-31,42.5,80.0,42.5,goal_achievement_system,GOALS_2026-01,2026-01-31T23:59:00
REC02439,EMP065,RKPI058,2026-01-01,2026-01-31,40.0,85.0,40.0,ontime_delivery_system,TASKS_2026-01,2026-01-31T23:59:00
REC02440,EMP065,RKPI059,2026-01-01,2026-01-31,2.5,4.0,50.0,collaboration_system,FEEDBACK_2026-01,2026-01-31T23:59:00
REC02441,EMP065,RKPI060,2026-01-01,2026-01-31,37.5,72.0,52.1,learning_system,TRAINING_2026-01,2026-01-31T23:59:00
REC02442,EMP065,RKPI061,2026-01-01,2026-01-31,43.3,75.0,57.7,project_contribution_system,PROJECTS_2026-01,2026-01-31T23:59:00
REC02443,EMP065,RKPI056,2026-02-01,2026-02-28,45.5,40.0,100,task_completion_system,TASKS_2026-02,2026-02-28T23:59:00
REC02444,EMP065,RKPI057,2026-02-01,2026-02-28,22.5,80.0,22.5,goal_achievement_system,GOALS_2026-02,2026-02-28T23:59:00
REC02445,EMP065,RKPI058,2026-02-01,2026-02-28,40.0,85.0,40.0,ontime_delivery_system,TASKS_2026-02,2026-02-28T23:59:00
REC02446,EMP065,RKPI059,2026-02-01,2026-02-28,2.3,4.0,46.0,collaboration_system,FEEDBACK_2026-02,2026-02-28T23:59:00
REC02447,EMP065,RKPI060,2026-02-01,2026-02-28,32.5,72.0,45.1,learning_system,TRAINING_2026-02,2026-02-28T23:59:00
REC02448,EMP065,RKPI061,2026-02-01,2026-02-28,18.3,75.0,24.4,project_contribution_system,PROJECTS_2026-02,2026-02-28T23:59:00
REC02449,EMP065,RKPI056,2026-03-01,2026-03-31,25.0,40.0,62.5,task_completion_system,TASKS_2026-03,2026-03-31T23:59:00
REC02450,EMP065,RKPI057,2026-03-01,2026-03-31,47.6,80.0,47.6,goal_achievement_system,GOALS_2026-03,2026-03-31T23:59:00
REC02451,EMP065,RKPI058,2026-03-01,2026-03-31,0.0,85.0,0,ontime_delivery_system,TASKS_2026-03,2026-03-31T23:59:00
REC02452,EMP065,RKPI059,2026-03-01,2026-03-31,2.5,4.0,50.0,collaboration_system,FEEDBACK_2026-03,2026-03-31T23:59:00
REC02453,EMP065,RKPI060,2026-03-01,2026-03-31,45.4,72.0,63.1,learning_system,TRAINING_2026-03,2026-03-31T23:59:00
REC02454,EMP065,RKPI061,2026-03-01,2026-03-31,37.0,75.0,49.3,project_contribution_system,PROJECTS_2026-03,2026-03-31T23:59:00
REC02455,EMP065,RKPI056,2026-04-01,2026-04-30,41.7,40.0,100,task_completion_system,TASKS_2026-04,2026-04-30T23:59:00
REC02456,EMP065,RKPI057,2026-04-01,2026-04-30,17.2,80.0,17.2,goal_achievement_system,GOALS_2026-04,2026-04-30T23:59:00
REC02457,EMP065,RKPI058,2026-04-01,2026-04-30,60.0,85.0,60.0,ontime_delivery_system,TASKS_2026-04,2026-04-30T23:59:00
REC02458,EMP065,RKPI059,2026-04-01,2026-04-30,2.0,4.0,40.0,collaboration_system,FEEDBACK_2026-04,2026-04-30T23:59:00
REC02459,EMP065,RKPI060,2026-04-01,2026-04-30,29.4,72.0,40.8,learning_system,TRAINING_2026-04,2026-04-30T23:59:00
REC02460,EMP065,RKPI061,2026-04-01,2026-04-30,51.0,75.0,68.0,project_contribution_system,PROJECTS_2026-04,2026-04-30T23:59:00
REC02461,EMP065,RKPI056,2026-05-01,2026-05-31,38.9,40.0,97.2,task_completion_system,TASKS_2026-05,2026-05-31T23:59:00
REC02462,EMP065,RKPI057,2026-05-01,2026-05-31,30.4,80.0,30.4,goal_achievement_system,GOALS_2026-05,2026-05-31T23:59:00
REC02463,EMP065,RKPI058,2026-05-01,2026-05-31,42.9,85.0,42.9,ontime_delivery_system,TASKS_2026-05,2026-05-31T23:59:00
REC02464,EMP065,RKPI059,2026-05-01,2026-05-31,2.2,4.0,44.0,collaboration_system,FEEDBACK_2026-05,2026-05-31T23:59:00
REC02465,EMP065,RKPI060,2026-05-01,2026-05-31,19.5,72.0,27.1,learning_system,TRAINING_2026-05,2026-05-31T23:59:00
REC02466,EMP065,RKPI061,2026-05-01,2026-05-31,41.8,75.0,55.7,project_contribution_system,PROJECTS_2026-05,2026-05-31T23:59:00
REC02467,EMP065,RKPI056,2026-06-01,2026-06-30,0.0,40.0,0,task_completion_system,TASKS_2026-06,2026-06-30T23:59:00
REC02468,EMP065,RKPI057,2026-06-01,2026-06-30,25.4,80.0,25.4,goal_achievement_system,GOALS_2026-06,2026-06-30T23:59:00
REC02469,EMP065,RKPI058,2026-06-01,2026-06-30,0,85.0,0,ontime_delivery_system,TASKS_2026-06,2026-06-30T23:59:00
REC02470,EMP065,RKPI059,2026-06-01,2026-06-30,2.9,4.0,58.0,collaboration_system,FEEDBACK_2026-06,2026-06-30T23:59:00
REC02471,EMP065,RKPI060,2026-06-01,2026-06-30,30.5,72.0,42.4,learning_system,TRAINING_2026-06,2026-06-30T23:59:00
REC02472,EMP065,RKPI061,2026-06-01,2026-06-30,30.5,75.0,40.7,project_contribution_system,PROJECTS_2026-06,2026-06-30T23:59:00
REC02473,EMP066,RKPI056,2026-01-01,2026-01-31,82.4,40.0,100,task_completion_system,TASKS_2026-01,2026-01-31T23:59:00
REC02474,EMP066,RKPI057,2026-01-01,2026-01-31,70.2,80.0,70.2,goal_achievement_system,GOALS_2026-01,2026-01-31T23:59:00
REC02475,EMP066,RKPI058,2026-01-01,2026-01-31,71.4,85.0,71.4,ontime_delivery_system,TASKS_2026-01,2026-01-31T23:59:00
REC02476,EMP066,RKPI059,2026-01-01,2026-01-31,3.6,4.0,72.0,collaboration_system,FEEDBACK_2026-01,2026-01-31T23:59:00
REC02477,EMP066,RKPI060,2026-01-01,2026-01-31,72.2,72.0,100,learning_system,TRAINING_2026-01,2026-01-31T23:59:00
REC02478,EMP066,RKPI061,2026-01-01,2026-01-31,64.2,75.0,85.6,project_contribution_system,PROJECTS_2026-01,2026-01-31T23:59:00
REC02479,EMP066,RKPI056,2026-02-01,2026-02-28,60.0,40.0,100,task_completion_system,TASKS_2026-02,2026-02-28T23:59:00
REC02480,EMP066,RKPI057,2026-02-01,2026-02-28,54.6,80.0,54.6,goal_achievement_system,GOALS_2026-02,2026-02-28T23:59:00
REC02481,EMP066,RKPI058,2026-02-01,2026-02-28,66.7,85.0,66.7,ontime_delivery_system,TASKS_2026-02,2026-02-28T23:59:00
REC02482,EMP066,RKPI059,2026-02-01,2026-02-28,3.2,4.0,64.0,collaboration_system,FEEDBACK_2026-02,2026-02-28T23:59:00
REC02483,EMP066,RKPI060,2026-02-01,2026-02-28,54.9,72.0,76.2,learning_system,TRAINING_2026-02,2026-02-28T23:59:00
REC02484,EMP066,RKPI061,2026-02-01,2026-02-28,71.4,75.0,95.2,project_contribution_system,PROJECTS_2026-02,2026-02-28T23:59:00
REC02485,EMP066,RKPI056,2026-03-01,2026-03-31,77.8,40.0,100,task_completion_system,TASKS_2026-03,2026-03-31T23:59:00
REC02486,EMP066,RKPI057,2026-03-01,2026-03-31,65.5,80.0,65.5,goal_achievement_system,GOALS_2026-03,2026-03-31T23:59:00
REC02487,EMP066,RKPI058,2026-03-01,2026-03-31,100.0,85.0,100,ontime_delivery_system,TASKS_2026-03,2026-03-31T23:59:00
REC02488,EMP066,RKPI059,2026-03-01,2026-03-31,3.6,4.0,72.0,collaboration_system,FEEDBACK_2026-03,2026-03-31T23:59:00
REC02489,EMP066,RKPI060,2026-03-01,2026-03-31,47.5,72.0,66.0,learning_system,TRAINING_2026-03,2026-03-31T23:59:00
REC02490,EMP066,RKPI061,2026-03-01,2026-03-31,60.9,75.0,81.2,project_contribution_system,PROJECTS_2026-03,2026-03-31T23:59:00
REC02491,EMP066,RKPI056,2026-04-01,2026-04-30,69.2,40.0,100,task_completion_system,TASKS_2026-04,2026-04-30T23:59:00
REC02492,EMP066,RKPI057,2026-04-01,2026-04-30,75.8,80.0,75.8,goal_achievement_system,GOALS_2026-04,2026-04-30T23:59:00
REC02493,EMP066,RKPI058,2026-04-01,2026-04-30,100.0,85.0,100,ontime_delivery_system,TASKS_2026-04,2026-04-30T23:59:00
REC02494,EMP066,RKPI059,2026-04-01,2026-04-30,3.5,4.0,70.0,collaboration_system,FEEDBACK_2026-04,2026-04-30T23:59:00
REC02495,EMP066,RKPI060,2026-04-01,2026-04-30,70.8,72.0,98.3,learning_system,TRAINING_2026-04,2026-04-30T23:59:00
REC02496,EMP066,RKPI061,2026-04-01,2026-04-30,71.5,75.0,95.3,project_contribution_system,PROJECTS_2026-04,2026-04-30T23:59:00
REC02497,EMP066,RKPI056,2026-05-01,2026-05-31,50.0,40.0,100,task_completion_system,TASKS_2026-05,2026-05-31T23:59:00
REC02498,EMP066,RKPI057,2026-05-01,2026-05-31,62.5,80.0,62.5,goal_achievement_system,GOALS_2026-05,2026-05-31T23:59:00
REC02499,EMP066,RKPI058,2026-05-01,2026-05-31,83.3,85.0,83.3,ontime_delivery_system,TASKS_2026-05,2026-05-31T23:59:00
REC02500,EMP066,RKPI059,2026-05-01,2026-05-31,3.4,4.0,68.0,collaboration_system,FEEDBACK_2026-05,2026-05-31T23:59:00
REC02501,EMP066,RKPI060,2026-05-01,2026-05-31,48.9,72.0,67.9,learning_system,TRAINING_2026-05,2026-05-31T23:59:00
REC02502,EMP066,RKPI061,2026-05-01,2026-05-31,58.4,75.0,77.9,project_contribution_system,PROJECTS_2026-05,2026-05-31T23:59:00
REC02503,EMP066,RKPI056,2026-06-01,2026-06-30,85.7,40.0,100,task_completion_system,TASKS_2026-06,2026-06-30T23:59:00
REC02504,EMP066,RKPI057,2026-06-01,2026-06-30,65.1,80.0,65.1,goal_achievement_system,GOALS_2026-06,2026-06-30T23:59:00
REC02505,EMP066,RKPI058,2026-06-01,2026-06-30,66.7,85.0,66.7,ontime_delivery_system,TASKS_2026-06,2026-06-30T23:59:00
REC02506,EMP066,RKPI059,2026-06-01,2026-06-30,3.5,4.0,70.0,collaboration_system,FEEDBACK_2026-06,2026-06-30T23:59:00
REC02507,EMP066,RKPI060,2026-06-01,2026-06-30,57.5,72.0,79.9,learning_system,TRAINING_2026-06,2026-06-30T23:59:00
REC02508,EMP066,RKPI061,2026-06-01,2026-06-30,63.6,75.0,84.8,project_contribution_system,PROJECTS_2026-06,2026-06-30T23:59:00
REC02509,EMP067,RKPI062,2026-01-01,2026-01-31,86.4,92.0,93.9,quality_system,QUALITY_2026-01,2026-01-31T23:59:00
REC02510,EMP067,RKPI063,2026-01-01,2026-01-31,88.9,38.0,100,task_completion_system,TASKS_2026-01,2026-01-31T23:59:00
REC02511,EMP067,RKPI064,2026-01-01,2026-01-31,71.9,82.0,71.9,goal_achievement_system,GOALS_2026-01,2026-01-31T23:59:00
REC02512,EMP067,RKPI065,2026-01-01,2026-01-31,75.0,80.0,93.8,technical_skill_system,SKILLS_2026-01,2026-01-31T23:59:00
REC02513,EMP067,RKPI066,2026-01-01,2026-01-31,87.5,88.0,87.5,ontime_delivery_system,TASKS_2026-01,2026-01-31T23:59:00
REC02514,EMP067,RKPI067,2026-01-01,2026-01-31,90.5,95.0,90.5,attendance_system,ATTENDANCE_2026-01,2026-01-31T23:59:00
REC02515,EMP067,RKPI062,2026-02-01,2026-02-28,88.1,92.0,95.8,quality_system,QUALITY_2026-02,2026-02-28T23:59:00
REC02516,EMP067,RKPI063,2026-02-01,2026-02-28,54.5,38.0,100,task_completion_system,TASKS_2026-02,2026-02-28T23:59:00
REC02517,EMP067,RKPI064,2026-02-01,2026-02-28,86.0,82.0,86.0,goal_achievement_system,GOALS_2026-02,2026-02-28T23:59:00
REC02518,EMP067,RKPI065,2026-02-01,2026-02-28,64.4,80.0,80.5,technical_skill_system,SKILLS_2026-02,2026-02-28T23:59:00
REC02519,EMP067,RKPI066,2026-02-01,2026-02-28,66.7,88.0,66.7,ontime_delivery_system,TASKS_2026-02,2026-02-28T23:59:00
REC02520,EMP067,RKPI067,2026-02-01,2026-02-28,95.0,95.0,95.0,attendance_system,ATTENDANCE_2026-02,2026-02-28T23:59:00
REC02521,EMP067,RKPI062,2026-03-01,2026-03-31,80.2,92.0,87.2,quality_system,QUALITY_2026-03,2026-03-31T23:59:00
REC02522,EMP067,RKPI063,2026-03-01,2026-03-31,90.9,38.0,100,task_completion_system,TASKS_2026-03,2026-03-31T23:59:00
REC02523,EMP067,RKPI064,2026-03-01,2026-03-31,86.7,82.0,86.7,goal_achievement_system,GOALS_2026-03,2026-03-31T23:59:00
REC02524,EMP067,RKPI065,2026-03-01,2026-03-31,86.0,80.0,100,technical_skill_system,SKILLS_2026-03,2026-03-31T23:59:00
REC02525,EMP067,RKPI066,2026-03-01,2026-03-31,70.0,88.0,70.0,ontime_delivery_system,TASKS_2026-03,2026-03-31T23:59:00
REC02526,EMP067,RKPI067,2026-03-01,2026-03-31,100.0,95.0,100,attendance_system,ATTENDANCE_2026-03,2026-03-31T23:59:00
REC02527,EMP067,RKPI062,2026-04-01,2026-04-30,94.2,92.0,100,quality_system,QUALITY_2026-04,2026-04-30T23:59:00
REC02528,EMP067,RKPI063,2026-04-01,2026-04-30,60.0,38.0,100,task_completion_system,TASKS_2026-04,2026-04-30T23:59:00
REC02529,EMP067,RKPI064,2026-04-01,2026-04-30,73.2,82.0,73.2,goal_achievement_system,GOALS_2026-04,2026-04-30T23:59:00
REC02530,EMP067,RKPI065,2026-04-01,2026-04-30,80.0,80.0,100,technical_skill_system,SKILLS_2026-04,2026-04-30T23:59:00
REC02531,EMP067,RKPI066,2026-04-01,2026-04-30,100.0,88.0,100,ontime_delivery_system,TASKS_2026-04,2026-04-30T23:59:00
REC02532,EMP067,RKPI067,2026-04-01,2026-04-30,100.0,95.0,100,attendance_system,ATTENDANCE_2026-04,2026-04-30T23:59:00
REC02533,EMP067,RKPI062,2026-05-01,2026-05-31,83.3,92.0,90.5,quality_system,QUALITY_2026-05,2026-05-31T23:59:00
REC02534,EMP067,RKPI063,2026-05-01,2026-05-31,71.4,38.0,100,task_completion_system,TASKS_2026-05,2026-05-31T23:59:00
REC02535,EMP067,RKPI064,2026-05-01,2026-05-31,74.5,82.0,74.5,goal_achievement_system,GOALS_2026-05,2026-05-31T23:59:00
REC02536,EMP067,RKPI065,2026-05-01,2026-05-31,78.0,80.0,97.5,technical_skill_system,SKILLS_2026-05,2026-05-31T23:59:00
REC02537,EMP067,RKPI066,2026-05-01,2026-05-31,80.0,88.0,80.0,ontime_delivery_system,TASKS_2026-05,2026-05-31T23:59:00
REC02538,EMP067,RKPI067,2026-05-01,2026-05-31,95.0,95.0,95.0,attendance_system,ATTENDANCE_2026-05,2026-05-31T23:59:00
REC02539,EMP067,RKPI062,2026-06-01,2026-06-30,78.4,92.0,85.2,quality_system,QUALITY_2026-06,2026-06-30T23:59:00
REC02540,EMP067,RKPI063,2026-06-01,2026-06-30,80.0,38.0,100,task_completion_system,TASKS_2026-06,2026-06-30T23:59:00
REC02541,EMP067,RKPI064,2026-06-01,2026-06-30,72.2,82.0,72.2,goal_achievement_system,GOALS_2026-06,2026-06-30T23:59:00
REC02542,EMP067,RKPI065,2026-06-01,2026-06-30,67.2,80.0,84.0,technical_skill_system,SKILLS_2026-06,2026-06-30T23:59:00
REC02543,EMP067,RKPI066,2026-06-01,2026-06-30,75.0,88.0,75.0,ontime_delivery_system,TASKS_2026-06,2026-06-30T23:59:00
REC02544,EMP067,RKPI067,2026-06-01,2026-06-30,90.5,95.0,90.5,attendance_system,ATTENDANCE_2026-06,2026-06-30T23:59:00
REC02545,EMP068,RKPI062,2026-01-01,2026-01-31,80.6,92.0,87.6,quality_system,QUALITY_2026-01,2026-01-31T23:59:00
REC02546,EMP068,RKPI063,2026-01-01,2026-01-31,92.3,38.0,100,task_completion_system,TASKS_2026-01,2026-01-31T23:59:00
REC02547,EMP068,RKPI064,2026-01-01,2026-01-31,62.4,82.0,62.4,goal_achievement_system,GOALS_2026-01,2026-01-31T23:59:00
REC02548,EMP068,RKPI065,2026-01-01,2026-01-31,67.0,80.0,83.8,technical_skill_system,SKILLS_2026-01,2026-01-31T23:59:00
REC02549,EMP068,RKPI066,2026-01-01,2026-01-31,83.3,88.0,83.3,ontime_delivery_system,TASKS_2026-01,2026-01-31T23:59:00
REC02550,EMP068,RKPI067,2026-01-01,2026-01-31,100.0,95.0,100,attendance_system,ATTENDANCE_2026-01,2026-01-31T23:59:00
REC02551,EMP068,RKPI062,2026-02-01,2026-02-28,69.0,92.0,75.0,quality_system,QUALITY_2026-02,2026-02-28T23:59:00
REC02552,EMP068,RKPI063,2026-02-01,2026-02-28,66.7,38.0,100,task_completion_system,TASKS_2026-02,2026-02-28T23:59:00
REC02553,EMP068,RKPI064,2026-02-01,2026-02-28,56.0,82.0,56.0,goal_achievement_system,GOALS_2026-02,2026-02-28T23:59:00
REC02554,EMP068,RKPI065,2026-02-01,2026-02-28,65.4,80.0,81.8,technical_skill_system,SKILLS_2026-02,2026-02-28T23:59:00
REC02555,EMP068,RKPI066,2026-02-01,2026-02-28,75.0,88.0,75.0,ontime_delivery_system,TASKS_2026-02,2026-02-28T23:59:00
REC02556,EMP068,RKPI067,2026-02-01,2026-02-28,90.0,95.0,90.0,attendance_system,ATTENDANCE_2026-02,2026-02-28T23:59:00
REC02557,EMP068,RKPI062,2026-03-01,2026-03-31,75.3,92.0,81.8,quality_system,QUALITY_2026-03,2026-03-31T23:59:00
REC02558,EMP068,RKPI063,2026-03-01,2026-03-31,50.0,38.0,100,task_completion_system,TASKS_2026-03,2026-03-31T23:59:00
REC02559,EMP068,RKPI064,2026-03-01,2026-03-31,66.8,82.0,66.8,goal_achievement_system,GOALS_2026-03,2026-03-31T23:59:00
REC02560,EMP068,RKPI065,2026-03-01,2026-03-31,59.7,80.0,74.6,technical_skill_system,SKILLS_2026-03,2026-03-31T23:59:00
REC02561,EMP068,RKPI066,2026-03-01,2026-03-31,75.0,88.0,75.0,ontime_delivery_system,TASKS_2026-03,2026-03-31T23:59:00
REC02562,EMP068,RKPI067,2026-03-01,2026-03-31,80.0,95.0,80.0,attendance_system,ATTENDANCE_2026-03,2026-03-31T23:59:00
REC02563,EMP068,RKPI062,2026-04-01,2026-04-30,78.8,92.0,85.7,quality_system,QUALITY_2026-04,2026-04-30T23:59:00
REC02564,EMP068,RKPI063,2026-04-01,2026-04-30,58.3,38.0,100,task_completion_system,TASKS_2026-04,2026-04-30T23:59:00
REC02565,EMP068,RKPI064,2026-04-01,2026-04-30,54.3,82.0,54.3,goal_achievement_system,GOALS_2026-04,2026-04-30T23:59:00
REC02566,EMP068,RKPI065,2026-04-01,2026-04-30,74.0,80.0,92.5,technical_skill_system,SKILLS_2026-04,2026-04-30T23:59:00
REC02567,EMP068,RKPI066,2026-04-01,2026-04-30,57.1,88.0,57.1,ontime_delivery_system,TASKS_2026-04,2026-04-30T23:59:00
REC02568,EMP068,RKPI067,2026-04-01,2026-04-30,85.7,95.0,85.7,attendance_system,ATTENDANCE_2026-04,2026-04-30T23:59:00
REC02569,EMP068,RKPI062,2026-05-01,2026-05-31,78.0,92.0,84.8,quality_system,QUALITY_2026-05,2026-05-31T23:59:00
REC02570,EMP068,RKPI063,2026-05-01,2026-05-31,90.9,38.0,100,task_completion_system,TASKS_2026-05,2026-05-31T23:59:00
REC02571,EMP068,RKPI064,2026-05-01,2026-05-31,56.0,82.0,56.0,goal_achievement_system,GOALS_2026-05,2026-05-31T23:59:00
REC02572,EMP068,RKPI065,2026-05-01,2026-05-31,66.5,80.0,83.1,technical_skill_system,SKILLS_2026-05,2026-05-31T23:59:00
REC02573,EMP068,RKPI066,2026-05-01,2026-05-31,90.0,88.0,90.0,ontime_delivery_system,TASKS_2026-05,2026-05-31T23:59:00
REC02574,EMP068,RKPI067,2026-05-01,2026-05-31,85.0,95.0,85.0,attendance_system,ATTENDANCE_2026-05,2026-05-31T23:59:00
REC02575,EMP068,RKPI062,2026-06-01,2026-06-30,72.8,92.0,79.1,quality_system,QUALITY_2026-06,2026-06-30T23:59:00
REC02576,EMP068,RKPI063,2026-06-01,2026-06-30,66.7,38.0,100,task_completion_system,TASKS_2026-06,2026-06-30T23:59:00
REC02577,EMP068,RKPI064,2026-06-01,2026-06-30,65.1,82.0,65.1,goal_achievement_system,GOALS_2026-06,2026-06-30T23:59:00
REC02578,EMP068,RKPI065,2026-06-01,2026-06-30,64.0,80.0,80.0,technical_skill_system,SKILLS_2026-06,2026-06-30T23:59:00
REC02579,EMP068,RKPI066,2026-06-01,2026-06-30,75.0,88.0,75.0,ontime_delivery_system,TASKS_2026-06,2026-06-30T23:59:00
REC02580,EMP068,RKPI067,2026-06-01,2026-06-30,81.0,95.0,81.0,attendance_system,ATTENDANCE_2026-06,2026-06-30T23:59:00
REC02581,EMP069,RKPI062,2026-01-01,2026-01-31,85.0,92.0,92.4,quality_system,QUALITY_2026-01,2026-01-31T23:59:00
REC02582,EMP069,RKPI063,2026-01-01,2026-01-31,92.3,38.0,100,task_completion_system,TASKS_2026-01,2026-01-31T23:59:00
REC02583,EMP069,RKPI064,2026-01-01,2026-01-31,84.1,82.0,84.1,goal_achievement_system,GOALS_2026-01,2026-01-31T23:59:00
REC02584,EMP069,RKPI065,2026-01-01,2026-01-31,77.5,80.0,96.9,technical_skill_system,SKILLS_2026-01,2026-01-31T23:59:00
REC02585,EMP069,RKPI066,2026-01-01,2026-01-31,100.0,88.0,100,ontime_delivery_system,TASKS_2026-01,2026-01-31T23:59:00
REC02586,EMP069,RKPI067,2026-01-01,2026-01-31,100.0,95.0,100,attendance_system,ATTENDANCE_2026-01,2026-01-31T23:59:00
REC02587,EMP069,RKPI062,2026-02-01,2026-02-28,85.9,92.0,93.4,quality_system,QUALITY_2026-02,2026-02-28T23:59:00
REC02588,EMP069,RKPI063,2026-02-01,2026-02-28,87.5,38.0,100,task_completion_system,TASKS_2026-02,2026-02-28T23:59:00
REC02589,EMP069,RKPI064,2026-02-01,2026-02-28,77.7,82.0,77.7,goal_achievement_system,GOALS_2026-02,2026-02-28T23:59:00
REC02590,EMP069,RKPI065,2026-02-01,2026-02-28,75.0,80.0,93.8,technical_skill_system,SKILLS_2026-02,2026-02-28T23:59:00
REC02591,EMP069,RKPI066,2026-02-01,2026-02-28,100.0,88.0,100,ontime_delivery_system,TASKS_2026-02,2026-02-28T23:59:00
REC02592,EMP069,RKPI067,2026-02-01,2026-02-28,85.0,95.0,85.0,attendance_system,ATTENDANCE_2026-02,2026-02-28T23:59:00
REC02593,EMP069,RKPI062,2026-03-01,2026-03-31,82.3,92.0,89.5,quality_system,QUALITY_2026-03,2026-03-31T23:59:00
REC02594,EMP069,RKPI063,2026-03-01,2026-03-31,72.7,38.0,100,task_completion_system,TASKS_2026-03,2026-03-31T23:59:00
REC02595,EMP069,RKPI064,2026-03-01,2026-03-31,81.0,82.0,81.0,goal_achievement_system,GOALS_2026-03,2026-03-31T23:59:00
REC02596,EMP069,RKPI065,2026-03-01,2026-03-31,77.0,80.0,96.2,technical_skill_system,SKILLS_2026-03,2026-03-31T23:59:00
REC02597,EMP069,RKPI066,2026-03-01,2026-03-31,87.5,88.0,87.5,ontime_delivery_system,TASKS_2026-03,2026-03-31T23:59:00
REC02598,EMP069,RKPI067,2026-03-01,2026-03-31,90.0,95.0,90.0,attendance_system,ATTENDANCE_2026-03,2026-03-31T23:59:00
REC02599,EMP069,RKPI062,2026-04-01,2026-04-30,75.2,92.0,81.7,quality_system,QUALITY_2026-04,2026-04-30T23:59:00
REC02600,EMP069,RKPI063,2026-04-01,2026-04-30,90.9,38.0,100,task_completion_system,TASKS_2026-04,2026-04-30T23:59:00
REC02601,EMP069,RKPI064,2026-04-01,2026-04-30,75.0,82.0,75.0,goal_achievement_system,GOALS_2026-04,2026-04-30T23:59:00
REC02602,EMP069,RKPI065,2026-04-01,2026-04-30,88.0,80.0,100,technical_skill_system,SKILLS_2026-04,2026-04-30T23:59:00
REC02603,EMP069,RKPI066,2026-04-01,2026-04-30,90.0,88.0,90.0,ontime_delivery_system,TASKS_2026-04,2026-04-30T23:59:00
REC02604,EMP069,RKPI067,2026-04-01,2026-04-30,95.2,95.0,95.2,attendance_system,ATTENDANCE_2026-04,2026-04-30T23:59:00
REC02605,EMP069,RKPI062,2026-05-01,2026-05-31,82.4,92.0,89.6,quality_system,QUALITY_2026-05,2026-05-31T23:59:00
REC02606,EMP069,RKPI063,2026-05-01,2026-05-31,66.7,38.0,100,task_completion_system,TASKS_2026-05,2026-05-31T23:59:00
REC02607,EMP069,RKPI064,2026-05-01,2026-05-31,91.4,82.0,91.4,goal_achievement_system,GOALS_2026-05,2026-05-31T23:59:00
REC02608,EMP069,RKPI065,2026-05-01,2026-05-31,72.8,80.0,91.0,technical_skill_system,SKILLS_2026-05,2026-05-31T23:59:00
REC02609,EMP069,RKPI066,2026-05-01,2026-05-31,100.0,88.0,100,ontime_delivery_system,TASKS_2026-05,2026-05-31T23:59:00
REC02610,EMP069,RKPI067,2026-05-01,2026-05-31,100.0,95.0,100,attendance_system,ATTENDANCE_2026-05,2026-05-31T23:59:00
REC02611,EMP069,RKPI062,2026-06-01,2026-06-30,83.2,92.0,90.4,quality_system,QUALITY_2026-06,2026-06-30T23:59:00
REC02612,EMP069,RKPI063,2026-06-01,2026-06-30,90.0,38.0,100,task_completion_system,TASKS_2026-06,2026-06-30T23:59:00
REC02613,EMP069,RKPI064,2026-06-01,2026-06-30,84.2,82.0,84.2,goal_achievement_system,GOALS_2026-06,2026-06-30T23:59:00
REC02614,EMP069,RKPI065,2026-06-01,2026-06-30,70.0,80.0,87.5,technical_skill_system,SKILLS_2026-06,2026-06-30T23:59:00
REC02615,EMP069,RKPI066,2026-06-01,2026-06-30,66.7,88.0,66.7,ontime_delivery_system,TASKS_2026-06,2026-06-30T23:59:00
REC02616,EMP069,RKPI067,2026-06-01,2026-06-30,71.4,95.0,71.4,attendance_system,ATTENDANCE_2026-06,2026-06-30T23:59:00
REC02617,EMP070,RKPI062,2026-01-01,2026-01-31,69.3,92.0,75.3,quality_system,QUALITY_2026-01,2026-01-31T23:59:00
REC02618,EMP070,RKPI063,2026-01-01,2026-01-31,45.5,38.0,100,task_completion_system,TASKS_2026-01,2026-01-31T23:59:00
REC02619,EMP070,RKPI064,2026-01-01,2026-01-31,77.0,82.0,77.0,goal_achievement_system,GOALS_2026-01,2026-01-31T23:59:00
REC02620,EMP070,RKPI065,2026-01-01,2026-01-31,80.0,80.0,100,technical_skill_system,SKILLS_2026-01,2026-01-31T23:59:00
REC02621,EMP070,RKPI066,2026-01-01,2026-01-31,100.0,88.0,100,ontime_delivery_system,TASKS_2026-01,2026-01-31T23:59:00
REC02622,EMP070,RKPI067,2026-01-01,2026-01-31,90.5,95.0,90.5,attendance_system,ATTENDANCE_2026-01,2026-01-31T23:59:00
REC02623,EMP070,RKPI062,2026-02-01,2026-02-28,69.6,92.0,75.7,quality_system,QUALITY_2026-02,2026-02-28T23:59:00
REC02624,EMP070,RKPI063,2026-02-01,2026-02-28,85.7,38.0,100,task_completion_system,TASKS_2026-02,2026-02-28T23:59:00
REC02625,EMP070,RKPI064,2026-02-01,2026-02-28,62.1,82.0,62.1,goal_achievement_system,GOALS_2026-02,2026-02-28T23:59:00
REC02626,EMP070,RKPI065,2026-02-01,2026-02-28,74.0,80.0,92.5,technical_skill_system,SKILLS_2026-02,2026-02-28T23:59:00
REC02627,EMP070,RKPI066,2026-02-01,2026-02-28,83.3,88.0,83.3,ontime_delivery_system,TASKS_2026-02,2026-02-28T23:59:00
REC02628,EMP070,RKPI067,2026-02-01,2026-02-28,85.0,95.0,85.0,attendance_system,ATTENDANCE_2026-02,2026-02-28T23:59:00
REC02629,EMP070,RKPI062,2026-03-01,2026-03-31,74.8,92.0,81.3,quality_system,QUALITY_2026-03,2026-03-31T23:59:00
REC02630,EMP070,RKPI063,2026-03-01,2026-03-31,100.0,38.0,100,task_completion_system,TASKS_2026-03,2026-03-31T23:59:00
REC02631,EMP070,RKPI064,2026-03-01,2026-03-31,69.6,82.0,69.6,goal_achievement_system,GOALS_2026-03,2026-03-31T23:59:00
REC02632,EMP070,RKPI065,2026-03-01,2026-03-31,73.0,80.0,91.2,technical_skill_system,SKILLS_2026-03,2026-03-31T23:59:00
REC02633,EMP070,RKPI066,2026-03-01,2026-03-31,85.7,88.0,85.7,ontime_delivery_system,TASKS_2026-03,2026-03-31T23:59:00
REC02634,EMP070,RKPI067,2026-03-01,2026-03-31,85.0,95.0,85.0,attendance_system,ATTENDANCE_2026-03,2026-03-31T23:59:00
REC02635,EMP070,RKPI062,2026-04-01,2026-04-30,73.4,92.0,79.8,quality_system,QUALITY_2026-04,2026-04-30T23:59:00
REC02636,EMP070,RKPI063,2026-04-01,2026-04-30,60.0,38.0,100,task_completion_system,TASKS_2026-04,2026-04-30T23:59:00
REC02637,EMP070,RKPI064,2026-04-01,2026-04-30,74.2,82.0,74.2,goal_achievement_system,GOALS_2026-04,2026-04-30T23:59:00
REC02638,EMP070,RKPI065,2026-04-01,2026-04-30,56.6,80.0,70.8,technical_skill_system,SKILLS_2026-04,2026-04-30T23:59:00
REC02639,EMP070,RKPI066,2026-04-01,2026-04-30,66.7,88.0,66.7,ontime_delivery_system,TASKS_2026-04,2026-04-30T23:59:00
REC02640,EMP070,RKPI067,2026-04-01,2026-04-30,95.2,95.0,95.2,attendance_system,ATTENDANCE_2026-04,2026-04-30T23:59:00
REC02641,EMP070,RKPI062,2026-05-01,2026-05-31,71.1,92.0,77.3,quality_system,QUALITY_2026-05,2026-05-31T23:59:00
REC02642,EMP070,RKPI063,2026-05-01,2026-05-31,61.5,38.0,100,task_completion_system,TASKS_2026-05,2026-05-31T23:59:00
REC02643,EMP070,RKPI064,2026-05-01,2026-05-31,59.8,82.0,59.8,goal_achievement_system,GOALS_2026-05,2026-05-31T23:59:00
REC02644,EMP070,RKPI065,2026-05-01,2026-05-31,60.2,80.0,75.2,technical_skill_system,SKILLS_2026-05,2026-05-31T23:59:00
REC02645,EMP070,RKPI066,2026-05-01,2026-05-31,100.0,88.0,100,ontime_delivery_system,TASKS_2026-05,2026-05-31T23:59:00
REC02646,EMP070,RKPI067,2026-05-01,2026-05-31,95.0,95.0,95.0,attendance_system,ATTENDANCE_2026-05,2026-05-31T23:59:00
REC02647,EMP070,RKPI062,2026-06-01,2026-06-30,74.1,92.0,80.5,quality_system,QUALITY_2026-06,2026-06-30T23:59:00
REC02648,EMP070,RKPI063,2026-06-01,2026-06-30,83.3,38.0,100,task_completion_system,TASKS_2026-06,2026-06-30T23:59:00
REC02649,EMP070,RKPI064,2026-06-01,2026-06-30,58.9,82.0,58.9,goal_achievement_system,GOALS_2026-06,2026-06-30T23:59:00
REC02650,EMP070,RKPI065,2026-06-01,2026-06-30,48.0,80.0,60.0,technical_skill_system,SKILLS_2026-06,2026-06-30T23:59:00
REC02651,EMP070,RKPI066,2026-06-01,2026-06-30,80.0,88.0,80.0,ontime_delivery_system,TASKS_2026-06,2026-06-30T23:59:00
REC02652,EMP070,RKPI067,2026-06-01,2026-06-30,95.2,95.0,95.2,attendance_system,ATTENDANCE_2026-06,2026-06-30T23:59:00
REC02653,EMP071,RKPI062,2026-01-01,2026-01-31,71.1,92.0,77.3,quality_system,QUALITY_2026-01,2026-01-31T23:59:00
REC02654,EMP071,RKPI063,2026-01-01,2026-01-31,33.3,38.0,87.6,task_completion_system,TASKS_2026-01,2026-01-31T23:59:00
REC02655,EMP071,RKPI064,2026-01-01,2026-01-31,59.0,82.0,59.0,goal_achievement_system,GOALS_2026-01,2026-01-31T23:59:00
REC02656,EMP071,RKPI065,2026-01-01,2026-01-31,72.0,80.0,90.0,technical_skill_system,SKILLS_2026-01,2026-01-31T23:59:00
REC02657,EMP071,RKPI066,2026-01-01,2026-01-31,50.0,88.0,50.0,ontime_delivery_system,TASKS_2026-01,2026-01-31T23:59:00
REC02658,EMP071,RKPI067,2026-01-01,2026-01-31,81.0,95.0,81.0,attendance_system,ATTENDANCE_2026-01,2026-01-31T23:59:00
REC02659,EMP071,RKPI062,2026-02-01,2026-02-28,87.6,92.0,95.2,quality_system,QUALITY_2026-02,2026-02-28T23:59:00
REC02660,EMP071,RKPI063,2026-02-01,2026-02-28,84.6,38.0,100,task_completion_system,TASKS_2026-02,2026-02-28T23:59:00
REC02661,EMP071,RKPI064,2026-02-01,2026-02-28,61.7,82.0,61.7,goal_achievement_system,GOALS_2026-02,2026-02-28T23:59:00
REC02662,EMP071,RKPI065,2026-02-01,2026-02-28,68.0,80.0,85.0,technical_skill_system,SKILLS_2026-02,2026-02-28T23:59:00
REC02663,EMP071,RKPI066,2026-02-01,2026-02-28,63.6,88.0,63.6,ontime_delivery_system,TASKS_2026-02,2026-02-28T23:59:00
REC02664,EMP071,RKPI067,2026-02-01,2026-02-28,100.0,95.0,100,attendance_system,ATTENDANCE_2026-02,2026-02-28T23:59:00
REC02665,EMP071,RKPI062,2026-03-01,2026-03-31,65.1,92.0,70.8,quality_system,QUALITY_2026-03,2026-03-31T23:59:00
REC02666,EMP071,RKPI063,2026-03-01,2026-03-31,85.7,38.0,100,task_completion_system,TASKS_2026-03,2026-03-31T23:59:00
REC02667,EMP071,RKPI064,2026-03-01,2026-03-31,55.7,82.0,55.7,goal_achievement_system,GOALS_2026-03,2026-03-31T23:59:00
REC02668,EMP071,RKPI065,2026-03-01,2026-03-31,47.3,80.0,59.1,technical_skill_system,SKILLS_2026-03,2026-03-31T23:59:00
REC02669,EMP071,RKPI066,2026-03-01,2026-03-31,75.0,88.0,75.0,ontime_delivery_system,TASKS_2026-03,2026-03-31T23:59:00
REC02670,EMP071,RKPI067,2026-03-01,2026-03-31,90.0,95.0,90.0,attendance_system,ATTENDANCE_2026-03,2026-03-31T23:59:00
REC02671,EMP071,RKPI062,2026-04-01,2026-04-30,57.3,92.0,62.3,quality_system,QUALITY_2026-04,2026-04-30T23:59:00
REC02672,EMP071,RKPI063,2026-04-01,2026-04-30,66.7,38.0,100,task_completion_system,TASKS_2026-04,2026-04-30T23:59:00
REC02673,EMP071,RKPI064,2026-04-01,2026-04-30,65.3,82.0,65.3,goal_achievement_system,GOALS_2026-04,2026-04-30T23:59:00
REC02674,EMP071,RKPI065,2026-04-01,2026-04-30,59.7,80.0,74.6,technical_skill_system,SKILLS_2026-04,2026-04-30T23:59:00
REC02675,EMP071,RKPI066,2026-04-01,2026-04-30,66.7,88.0,66.7,ontime_delivery_system,TASKS_2026-04,2026-04-30T23:59:00
REC02676,EMP071,RKPI067,2026-04-01,2026-04-30,85.7,95.0,85.7,attendance_system,ATTENDANCE_2026-04,2026-04-30T23:59:00
REC02677,EMP071,RKPI062,2026-05-01,2026-05-31,68.9,92.0,74.9,quality_system,QUALITY_2026-05,2026-05-31T23:59:00
REC02678,EMP071,RKPI063,2026-05-01,2026-05-31,84.6,38.0,100,task_completion_system,TASKS_2026-05,2026-05-31T23:59:00
REC02679,EMP071,RKPI064,2026-05-01,2026-05-31,68.3,82.0,68.3,goal_achievement_system,GOALS_2026-05,2026-05-31T23:59:00
REC02680,EMP071,RKPI065,2026-05-01,2026-05-31,66.0,80.0,82.5,technical_skill_system,SKILLS_2026-05,2026-05-31T23:59:00
REC02681,EMP071,RKPI066,2026-05-01,2026-05-31,81.8,88.0,81.8,ontime_delivery_system,TASKS_2026-05,2026-05-31T23:59:00
REC02682,EMP071,RKPI067,2026-05-01,2026-05-31,75.0,95.0,75.0,attendance_system,ATTENDANCE_2026-05,2026-05-31T23:59:00
REC02683,EMP071,RKPI062,2026-06-01,2026-06-30,85.1,92.0,92.5,quality_system,QUALITY_2026-06,2026-06-30T23:59:00
REC02684,EMP071,RKPI063,2026-06-01,2026-06-30,83.3,38.0,100,task_completion_system,TASKS_2026-06,2026-06-30T23:59:00
REC02685,EMP071,RKPI064,2026-06-01,2026-06-30,69.6,82.0,69.6,goal_achievement_system,GOALS_2026-06,2026-06-30T23:59:00
REC02686,EMP071,RKPI065,2026-06-01,2026-06-30,64.0,80.0,80.0,technical_skill_system,SKILLS_2026-06,2026-06-30T23:59:00
REC02687,EMP071,RKPI066,2026-06-01,2026-06-30,100.0,88.0,100,ontime_delivery_system,TASKS_2026-06,2026-06-30T23:59:00
REC02688,EMP071,RKPI067,2026-06-01,2026-06-30,90.5,95.0,90.5,attendance_system,ATTENDANCE_2026-06,2026-06-30T23:59:00
REC02689,EMP072,RKPI068,2026-01-01,2026-01-31,95.1,85.0,95.1,goal_achievement_system,GOALS_2026-01,2026-01-31T23:59:00
REC02690,EMP072,RKPI069,2026-01-01,2026-01-31,85.5,90.0,95.0,quality_system,QUALITY_2026-01,2026-01-31T23:59:00
REC02691,EMP072,RKPI070,2026-01-01,2026-01-31,85.7,88.0,85.7,ontime_delivery_system,TASKS_2026-01,2026-01-31T23:59:00
REC02692,EMP072,RKPI071,2026-01-01,2026-01-31,4.1,4.2,82.0,collaboration_system,FEEDBACK_2026-01,2026-01-31T23:59:00
REC02693,EMP072,RKPI072,2026-01-01,2026-01-31,100.0,95.0,100,attendance_system,ATTENDANCE_2026-01,2026-01-31T23:59:00
REC02694,EMP072,RKPI073,2026-01-01,2026-01-31,86.3,78.0,100,project_contribution_system,PROJECTS_2026-01,2026-01-31T23:59:00
REC02695,EMP072,RKPI068,2026-02-01,2026-02-28,97.7,85.0,97.7,goal_achievement_system,GOALS_2026-02,2026-02-28T23:59:00
REC02696,EMP072,RKPI069,2026-02-01,2026-02-28,91.2,90.0,100,quality_system,QUALITY_2026-02,2026-02-28T23:59:00
REC02697,EMP072,RKPI070,2026-02-01,2026-02-28,85.7,88.0,85.7,ontime_delivery_system,TASKS_2026-02,2026-02-28T23:59:00
REC02698,EMP072,RKPI071,2026-02-01,2026-02-28,4.7,4.2,94.0,collaboration_system,FEEDBACK_2026-02,2026-02-28T23:59:00
REC02699,EMP072,RKPI072,2026-02-01,2026-02-28,100.0,95.0,100,attendance_system,ATTENDANCE_2026-02,2026-02-28T23:59:00
REC02700,EMP072,RKPI073,2026-02-01,2026-02-28,81.3,78.0,100,project_contribution_system,PROJECTS_2026-02,2026-02-28T23:59:00
REC02701,EMP072,RKPI068,2026-03-01,2026-03-31,91.6,85.0,91.6,goal_achievement_system,GOALS_2026-03,2026-03-31T23:59:00
REC02702,EMP072,RKPI069,2026-03-01,2026-03-31,86.9,90.0,96.6,quality_system,QUALITY_2026-03,2026-03-31T23:59:00
REC02703,EMP072,RKPI070,2026-03-01,2026-03-31,100.0,88.0,100,ontime_delivery_system,TASKS_2026-03,2026-03-31T23:59:00
REC02704,EMP072,RKPI071,2026-03-01,2026-03-31,4.1,4.2,82.0,collaboration_system,FEEDBACK_2026-03,2026-03-31T23:59:00
REC02705,EMP072,RKPI072,2026-03-01,2026-03-31,100.0,95.0,100,attendance_system,ATTENDANCE_2026-03,2026-03-31T23:59:00
REC02706,EMP072,RKPI073,2026-03-01,2026-03-31,88.7,78.0,100,project_contribution_system,PROJECTS_2026-03,2026-03-31T23:59:00
REC02707,EMP072,RKPI068,2026-04-01,2026-04-30,98.0,85.0,98.0,goal_achievement_system,GOALS_2026-04,2026-04-30T23:59:00
REC02708,EMP072,RKPI069,2026-04-01,2026-04-30,90.6,90.0,100,quality_system,QUALITY_2026-04,2026-04-30T23:59:00
REC02709,EMP072,RKPI070,2026-04-01,2026-04-30,87.5,88.0,87.5,ontime_delivery_system,TASKS_2026-04,2026-04-30T23:59:00
REC02710,EMP072,RKPI071,2026-04-01,2026-04-30,4.1,4.2,82.0,collaboration_system,FEEDBACK_2026-04,2026-04-30T23:59:00
REC02711,EMP072,RKPI072,2026-04-01,2026-04-30,100.0,95.0,100,attendance_system,ATTENDANCE_2026-04,2026-04-30T23:59:00
REC02712,EMP072,RKPI073,2026-04-01,2026-04-30,100,78.0,100,project_contribution_system,PROJECTS_2026-04,2026-04-30T23:59:00
REC02713,EMP072,RKPI068,2026-05-01,2026-05-31,95.5,85.0,95.5,goal_achievement_system,GOALS_2026-05,2026-05-31T23:59:00
REC02714,EMP072,RKPI069,2026-05-01,2026-05-31,90.2,90.0,100,quality_system,QUALITY_2026-05,2026-05-31T23:59:00
REC02715,EMP072,RKPI070,2026-05-01,2026-05-31,100.0,88.0,100,ontime_delivery_system,TASKS_2026-05,2026-05-31T23:59:00
REC02716,EMP072,RKPI071,2026-05-01,2026-05-31,4.3,4.2,86.0,collaboration_system,FEEDBACK_2026-05,2026-05-31T23:59:00
REC02717,EMP072,RKPI072,2026-05-01,2026-05-31,95.0,95.0,95.0,attendance_system,ATTENDANCE_2026-05,2026-05-31T23:59:00
REC02718,EMP072,RKPI073,2026-05-01,2026-05-31,85.6,78.0,100,project_contribution_system,PROJECTS_2026-05,2026-05-31T23:59:00
REC02719,EMP072,RKPI068,2026-06-01,2026-06-30,88.9,85.0,88.9,goal_achievement_system,GOALS_2026-06,2026-06-30T23:59:00
REC02720,EMP072,RKPI069,2026-06-01,2026-06-30,91.5,90.0,100,quality_system,QUALITY_2026-06,2026-06-30T23:59:00
REC02721,EMP072,RKPI070,2026-06-01,2026-06-30,100.0,88.0,100,ontime_delivery_system,TASKS_2026-06,2026-06-30T23:59:00
REC02722,EMP072,RKPI071,2026-06-01,2026-06-30,4.1,4.2,82.0,collaboration_system,FEEDBACK_2026-06,2026-06-30T23:59:00
REC02723,EMP072,RKPI072,2026-06-01,2026-06-30,90.5,95.0,90.5,attendance_system,ATTENDANCE_2026-06,2026-06-30T23:59:00
REC02724,EMP072,RKPI073,2026-06-01,2026-06-30,94.5,78.0,100,project_contribution_system,PROJECTS_2026-06,2026-06-30T23:59:00
REC02725,EMP073,RKPI068,2026-01-01,2026-01-31,70.5,85.0,70.5,goal_achievement_system,GOALS_2026-01,2026-01-31T23:59:00
REC02726,EMP073,RKPI069,2026-01-01,2026-01-31,73.5,90.0,81.7,quality_system,QUALITY_2026-01,2026-01-31T23:59:00
REC02727,EMP073,RKPI070,2026-01-01,2026-01-31,100.0,88.0,100,ontime_delivery_system,TASKS_2026-01,2026-01-31T23:59:00
REC02728,EMP073,RKPI071,2026-01-01,2026-01-31,3.8,4.2,76.0,collaboration_system,FEEDBACK_2026-01,2026-01-31T23:59:00
REC02729,EMP073,RKPI072,2026-01-01,2026-01-31,95.2,95.0,95.2,attendance_system,ATTENDANCE_2026-01,2026-01-31T23:59:00
REC02730,EMP073,RKPI073,2026-01-01,2026-01-31,76.7,78.0,98.3,project_contribution_system,PROJECTS_2026-01,2026-01-31T23:59:00
REC02731,EMP073,RKPI068,2026-02-01,2026-02-28,89.7,85.0,89.7,goal_achievement_system,GOALS_2026-02,2026-02-28T23:59:00
REC02732,EMP073,RKPI069,2026-02-01,2026-02-28,85.9,90.0,95.4,quality_system,QUALITY_2026-02,2026-02-28T23:59:00
REC02733,EMP073,RKPI070,2026-02-01,2026-02-28,83.3,88.0,83.3,ontime_delivery_system,TASKS_2026-02,2026-02-28T23:59:00
REC02734,EMP073,RKPI071,2026-02-01,2026-02-28,3.6,4.2,72.0,collaboration_system,FEEDBACK_2026-02,2026-02-28T23:59:00
REC02735,EMP073,RKPI072,2026-02-01,2026-02-28,75.0,95.0,75.0,attendance_system,ATTENDANCE_2026-02,2026-02-28T23:59:00
REC02736,EMP073,RKPI073,2026-02-01,2026-02-28,67.6,78.0,86.7,project_contribution_system,PROJECTS_2026-02,2026-02-28T23:59:00
REC02737,EMP073,RKPI068,2026-03-01,2026-03-31,69.2,85.0,69.2,goal_achievement_system,GOALS_2026-03,2026-03-31T23:59:00
REC02738,EMP073,RKPI069,2026-03-01,2026-03-31,86.6,90.0,96.2,quality_system,QUALITY_2026-03,2026-03-31T23:59:00
REC02739,EMP073,RKPI070,2026-03-01,2026-03-31,100.0,88.0,100,ontime_delivery_system,TASKS_2026-03,2026-03-31T23:59:00
REC02740,EMP073,RKPI071,2026-03-01,2026-03-31,4.4,4.2,88.0,collaboration_system,FEEDBACK_2026-03,2026-03-31T23:59:00
REC02741,EMP073,RKPI072,2026-03-01,2026-03-31,100.0,95.0,100,attendance_system,ATTENDANCE_2026-03,2026-03-31T23:59:00
REC02742,EMP073,RKPI073,2026-03-01,2026-03-31,95.8,78.0,100,project_contribution_system,PROJECTS_2026-03,2026-03-31T23:59:00
REC02743,EMP073,RKPI068,2026-04-01,2026-04-30,83.7,85.0,83.7,goal_achievement_system,GOALS_2026-04,2026-04-30T23:59:00
REC02744,EMP073,RKPI069,2026-04-01,2026-04-30,79.5,90.0,88.3,quality_system,QUALITY_2026-04,2026-04-30T23:59:00
REC02745,EMP073,RKPI070,2026-04-01,2026-04-30,100.0,88.0,100,ontime_delivery_system,TASKS_2026-04,2026-04-30T23:59:00
REC02746,EMP073,RKPI071,2026-04-01,2026-04-30,3.7,4.2,74.0,collaboration_system,FEEDBACK_2026-04,2026-04-30T23:59:00
REC02747,EMP073,RKPI072,2026-04-01,2026-04-30,85.7,95.0,85.7,attendance_system,ATTENDANCE_2026-04,2026-04-30T23:59:00
REC02748,EMP073,RKPI073,2026-04-01,2026-04-30,75.1,78.0,96.3,project_contribution_system,PROJECTS_2026-04,2026-04-30T23:59:00
REC02749,EMP073,RKPI068,2026-05-01,2026-05-31,65.5,85.0,65.5,goal_achievement_system,GOALS_2026-05,2026-05-31T23:59:00
REC02750,EMP073,RKPI069,2026-05-01,2026-05-31,81.7,90.0,90.8,quality_system,QUALITY_2026-05,2026-05-31T23:59:00
REC02751,EMP073,RKPI070,2026-05-01,2026-05-31,87.5,88.0,87.5,ontime_delivery_system,TASKS_2026-05,2026-05-31T23:59:00
REC02752,EMP073,RKPI071,2026-05-01,2026-05-31,3.7,4.2,74.0,collaboration_system,FEEDBACK_2026-05,2026-05-31T23:59:00
REC02753,EMP073,RKPI072,2026-05-01,2026-05-31,85.0,95.0,85.0,attendance_system,ATTENDANCE_2026-05,2026-05-31T23:59:00
REC02754,EMP073,RKPI073,2026-05-01,2026-05-31,83.0,78.0,100,project_contribution_system,PROJECTS_2026-05,2026-05-31T23:59:00
REC02755,EMP073,RKPI068,2026-06-01,2026-06-30,86.8,85.0,86.8,goal_achievement_system,GOALS_2026-06,2026-06-30T23:59:00
REC02756,EMP073,RKPI069,2026-06-01,2026-06-30,85.4,90.0,94.9,quality_system,QUALITY_2026-06,2026-06-30T23:59:00
REC02757,EMP073,RKPI070,2026-06-01,2026-06-30,75.0,88.0,75.0,ontime_delivery_system,TASKS_2026-06,2026-06-30T23:59:00
REC02758,EMP073,RKPI071,2026-06-01,2026-06-30,3.6,4.2,72.0,collaboration_system,FEEDBACK_2026-06,2026-06-30T23:59:00
REC02759,EMP073,RKPI072,2026-06-01,2026-06-30,90.5,95.0,90.5,attendance_system,ATTENDANCE_2026-06,2026-06-30T23:59:00
REC02760,EMP073,RKPI073,2026-06-01,2026-06-30,72.5,78.0,92.9,project_contribution_system,PROJECTS_2026-06,2026-06-30T23:59:00
REC02761,EMP074,RKPI068,2026-01-01,2026-01-31,66.1,85.0,66.1,goal_achievement_system,GOALS_2026-01,2026-01-31T23:59:00
REC02762,EMP074,RKPI069,2026-01-01,2026-01-31,74.9,90.0,83.2,quality_system,QUALITY_2026-01,2026-01-31T23:59:00
REC02763,EMP074,RKPI070,2026-01-01,2026-01-31,66.7,88.0,66.7,ontime_delivery_system,TASKS_2026-01,2026-01-31T23:59:00
REC02764,EMP074,RKPI071,2026-01-01,2026-01-31,3.9,4.2,78.0,collaboration_system,FEEDBACK_2026-01,2026-01-31T23:59:00
REC02765,EMP074,RKPI072,2026-01-01,2026-01-31,95.2,95.0,95.2,attendance_system,ATTENDANCE_2026-01,2026-01-31T23:59:00
REC02766,EMP074,RKPI073,2026-01-01,2026-01-31,61.0,78.0,78.2,project_contribution_system,PROJECTS_2026-01,2026-01-31T23:59:00
REC02767,EMP074,RKPI068,2026-02-01,2026-02-28,68.5,85.0,68.5,goal_achievement_system,GOALS_2026-02,2026-02-28T23:59:00
REC02768,EMP074,RKPI069,2026-02-01,2026-02-28,70.3,90.0,78.1,quality_system,QUALITY_2026-02,2026-02-28T23:59:00
REC02769,EMP074,RKPI070,2026-02-01,2026-02-28,75.0,88.0,75.0,ontime_delivery_system,TASKS_2026-02,2026-02-28T23:59:00
REC02770,EMP074,RKPI071,2026-02-01,2026-02-28,4.0,4.2,80.0,collaboration_system,FEEDBACK_2026-02,2026-02-28T23:59:00
REC02771,EMP074,RKPI072,2026-02-01,2026-02-28,95.0,95.0,95.0,attendance_system,ATTENDANCE_2026-02,2026-02-28T23:59:00
REC02772,EMP074,RKPI073,2026-02-01,2026-02-28,56.3,78.0,72.2,project_contribution_system,PROJECTS_2026-02,2026-02-28T23:59:00
REC02773,EMP074,RKPI068,2026-03-01,2026-03-31,60.0,85.0,60.0,goal_achievement_system,GOALS_2026-03,2026-03-31T23:59:00
REC02774,EMP074,RKPI069,2026-03-01,2026-03-31,67.9,90.0,75.4,quality_system,QUALITY_2026-03,2026-03-31T23:59:00
REC02775,EMP074,RKPI070,2026-03-01,2026-03-31,75.0,88.0,75.0,ontime_delivery_system,TASKS_2026-03,2026-03-31T23:59:00
REC02776,EMP074,RKPI071,2026-03-01,2026-03-31,3.2,4.2,64.0,collaboration_system,FEEDBACK_2026-03,2026-03-31T23:59:00
REC02777,EMP074,RKPI072,2026-03-01,2026-03-31,95.0,95.0,95.0,attendance_system,ATTENDANCE_2026-03,2026-03-31T23:59:00
REC02778,EMP074,RKPI073,2026-03-01,2026-03-31,66.6,78.0,85.4,project_contribution_system,PROJECTS_2026-03,2026-03-31T23:59:00
REC02779,EMP074,RKPI068,2026-04-01,2026-04-30,63.3,85.0,63.3,goal_achievement_system,GOALS_2026-04,2026-04-30T23:59:00
REC02780,EMP074,RKPI069,2026-04-01,2026-04-30,71.9,90.0,79.9,quality_system,QUALITY_2026-04,2026-04-30T23:59:00
REC02781,EMP074,RKPI070,2026-04-01,2026-04-30,75.0,88.0,75.0,ontime_delivery_system,TASKS_2026-04,2026-04-30T23:59:00
REC02782,EMP074,RKPI071,2026-04-01,2026-04-30,3.5,4.2,70.0,collaboration_system,FEEDBACK_2026-04,2026-04-30T23:59:00
REC02783,EMP074,RKPI072,2026-04-01,2026-04-30,95.2,95.0,95.2,attendance_system,ATTENDANCE_2026-04,2026-04-30T23:59:00
REC02784,EMP074,RKPI073,2026-04-01,2026-04-30,86.4,78.0,100,project_contribution_system,PROJECTS_2026-04,2026-04-30T23:59:00
REC02785,EMP074,RKPI068,2026-05-01,2026-05-31,69.9,85.0,69.9,goal_achievement_system,GOALS_2026-05,2026-05-31T23:59:00
REC02786,EMP074,RKPI069,2026-05-01,2026-05-31,75.4,90.0,83.8,quality_system,QUALITY_2026-05,2026-05-31T23:59:00
REC02787,EMP074,RKPI070,2026-05-01,2026-05-31,80.0,88.0,80.0,ontime_delivery_system,TASKS_2026-05,2026-05-31T23:59:00
REC02788,EMP074,RKPI071,2026-05-01,2026-05-31,3.8,4.2,76.0,collaboration_system,FEEDBACK_2026-05,2026-05-31T23:59:00
REC02789,EMP074,RKPI072,2026-05-01,2026-05-31,90.0,95.0,90.0,attendance_system,ATTENDANCE_2026-05,2026-05-31T23:59:00
REC02790,EMP074,RKPI073,2026-05-01,2026-05-31,73.4,78.0,94.1,project_contribution_system,PROJECTS_2026-05,2026-05-31T23:59:00
REC02791,EMP074,RKPI068,2026-06-01,2026-06-30,71.3,85.0,71.3,goal_achievement_system,GOALS_2026-06,2026-06-30T23:59:00
REC02792,EMP074,RKPI069,2026-06-01,2026-06-30,83.0,90.0,92.2,quality_system,QUALITY_2026-06,2026-06-30T23:59:00
REC02793,EMP074,RKPI070,2026-06-01,2026-06-30,33.3,88.0,33.3,ontime_delivery_system,TASKS_2026-06,2026-06-30T23:59:00
REC02794,EMP074,RKPI071,2026-06-01,2026-06-30,3.3,4.2,66.0,collaboration_system,FEEDBACK_2026-06,2026-06-30T23:59:00
REC02795,EMP074,RKPI072,2026-06-01,2026-06-30,90.5,95.0,90.5,attendance_system,ATTENDANCE_2026-06,2026-06-30T23:59:00
REC02796,EMP074,RKPI073,2026-06-01,2026-06-30,66.6,78.0,85.4,project_contribution_system,PROJECTS_2026-06,2026-06-30T23:59:00
REC02797,EMP075,RKPI074,2026-01-01,2026-01-31,3.8,4.2,76.0,customer_sat_system,FEEDBACK_2026-01,2026-01-31T23:59:00
REC02798,EMP075,RKPI075,2026-01-01,2026-01-31,83.3,55.0,100,task_completion_system,TASKS_2026-01,2026-01-31T23:59:00
REC02799,EMP075,RKPI076,2026-01-01,2026-01-31,74.6,85.0,87.8,quality_system,QUALITY_2026-01,2026-01-31T23:59:00
REC02800,EMP075,RKPI077,2026-01-01,2026-01-31,85.7,95.0,85.7,attendance_system,ATTENDANCE_2026-01,2026-01-31T23:59:00
REC02801,EMP075,RKPI078,2026-01-01,2026-01-31,3.9,3.8,78.0,collaboration_system,FEEDBACK_2026-01,2026-01-31T23:59:00
REC02802,EMP075,RKPI079,2026-01-01,2026-01-31,55.7,70.0,79.6,learning_system,TRAINING_2026-01,2026-01-31T23:59:00
REC02803,EMP075,RKPI074,2026-02-01,2026-02-28,3.0,4.2,60.0,customer_sat_system,FEEDBACK_2026-02,2026-02-28T23:59:00
REC02804,EMP075,RKPI075,2026-02-01,2026-02-28,81.8,55.0,100,task_completion_system,TASKS_2026-02,2026-02-28T23:59:00
REC02805,EMP075,RKPI076,2026-02-01,2026-02-28,71.2,85.0,83.8,quality_system,QUALITY_2026-02,2026-02-28T23:59:00
REC02806,EMP075,RKPI077,2026-02-01,2026-02-28,80.0,95.0,80.0,attendance_system,ATTENDANCE_2026-02,2026-02-28T23:59:00
REC02807,EMP075,RKPI078,2026-02-01,2026-02-28,3.3,3.8,66.0,collaboration_system,FEEDBACK_2026-02,2026-02-28T23:59:00
REC02808,EMP075,RKPI079,2026-02-01,2026-02-28,56.9,70.0,81.3,learning_system,TRAINING_2026-02,2026-02-28T23:59:00
REC02809,EMP075,RKPI074,2026-03-01,2026-03-31,3.3,4.2,66.0,customer_sat_system,FEEDBACK_2026-03,2026-03-31T23:59:00
REC02810,EMP075,RKPI075,2026-03-01,2026-03-31,66.7,55.0,100,task_completion_system,TASKS_2026-03,2026-03-31T23:59:00
REC02811,EMP075,RKPI076,2026-03-01,2026-03-31,84.2,85.0,99.1,quality_system,QUALITY_2026-03,2026-03-31T23:59:00
REC02812,EMP075,RKPI077,2026-03-01,2026-03-31,85.0,95.0,85.0,attendance_system,ATTENDANCE_2026-03,2026-03-31T23:59:00
REC02813,EMP075,RKPI078,2026-03-01,2026-03-31,3.8,3.8,76.0,collaboration_system,FEEDBACK_2026-03,2026-03-31T23:59:00
REC02814,EMP075,RKPI079,2026-03-01,2026-03-31,61.8,70.0,88.3,learning_system,TRAINING_2026-03,2026-03-31T23:59:00
REC02815,EMP075,RKPI074,2026-04-01,2026-04-30,3.5,4.2,70.0,customer_sat_system,FEEDBACK_2026-04,2026-04-30T23:59:00
REC02816,EMP075,RKPI075,2026-04-01,2026-04-30,63.6,55.0,100,task_completion_system,TASKS_2026-04,2026-04-30T23:59:00
REC02817,EMP075,RKPI076,2026-04-01,2026-04-30,77.4,85.0,91.1,quality_system,QUALITY_2026-04,2026-04-30T23:59:00
REC02818,EMP075,RKPI077,2026-04-01,2026-04-30,85.7,95.0,85.7,attendance_system,ATTENDANCE_2026-04,2026-04-30T23:59:00
REC02819,EMP075,RKPI078,2026-04-01,2026-04-30,3.9,3.8,78.0,collaboration_system,FEEDBACK_2026-04,2026-04-30T23:59:00
REC02820,EMP075,RKPI079,2026-04-01,2026-04-30,59.6,70.0,85.1,learning_system,TRAINING_2026-04,2026-04-30T23:59:00
REC02821,EMP075,RKPI074,2026-05-01,2026-05-31,3.4,4.2,68.0,customer_sat_system,FEEDBACK_2026-05,2026-05-31T23:59:00
REC02822,EMP075,RKPI075,2026-05-01,2026-05-31,100.0,55.0,100,task_completion_system,TASKS_2026-05,2026-05-31T23:59:00
REC02823,EMP075,RKPI076,2026-05-01,2026-05-31,78.4,85.0,92.2,quality_system,QUALITY_2026-05,2026-05-31T23:59:00
REC02824,EMP075,RKPI077,2026-05-01,2026-05-31,85.0,95.0,85.0,attendance_system,ATTENDANCE_2026-05,2026-05-31T23:59:00
REC02825,EMP075,RKPI078,2026-05-01,2026-05-31,3.4,3.8,68.0,collaboration_system,FEEDBACK_2026-05,2026-05-31T23:59:00
REC02826,EMP075,RKPI079,2026-05-01,2026-05-31,53.5,70.0,76.4,learning_system,TRAINING_2026-05,2026-05-31T23:59:00
REC02827,EMP075,RKPI074,2026-06-01,2026-06-30,3.3,4.2,66.0,customer_sat_system,FEEDBACK_2026-06,2026-06-30T23:59:00
REC02828,EMP075,RKPI075,2026-06-01,2026-06-30,100.0,55.0,100,task_completion_system,TASKS_2026-06,2026-06-30T23:59:00
REC02829,EMP075,RKPI076,2026-06-01,2026-06-30,76.3,85.0,89.8,quality_system,QUALITY_2026-06,2026-06-30T23:59:00
REC02830,EMP075,RKPI077,2026-06-01,2026-06-30,90.5,95.0,90.5,attendance_system,ATTENDANCE_2026-06,2026-06-30T23:59:00
REC02831,EMP075,RKPI078,2026-06-01,2026-06-30,3.0,3.8,60.0,collaboration_system,FEEDBACK_2026-06,2026-06-30T23:59:00
REC02832,EMP075,RKPI079,2026-06-01,2026-06-30,64.3,70.0,91.9,learning_system,TRAINING_2026-06,2026-06-30T23:59:00
REC02833,EMP076,RKPI074,2026-01-01,2026-01-31,3.1,4.2,62.0,customer_sat_system,FEEDBACK_2026-01,2026-01-31T23:59:00
REC02834,EMP076,RKPI075,2026-01-01,2026-01-31,63.6,55.0,100,task_completion_system,TASKS_2026-01,2026-01-31T23:59:00
REC02835,EMP076,RKPI076,2026-01-01,2026-01-31,86.2,85.0,100,quality_system,QUALITY_2026-01,2026-01-31T23:59:00
REC02836,EMP076,RKPI077,2026-01-01,2026-01-31,90.5,95.0,90.5,attendance_system,ATTENDANCE_2026-01,2026-01-31T23:59:00
REC02837,EMP076,RKPI078,2026-01-01,2026-01-31,3.9,3.8,78.0,collaboration_system,FEEDBACK_2026-01,2026-01-31T23:59:00
REC02838,EMP076,RKPI079,2026-01-01,2026-01-31,59.1,70.0,84.4,learning_system,TRAINING_2026-01,2026-01-31T23:59:00
REC02839,EMP076,RKPI074,2026-02-01,2026-02-28,3.0,4.2,60.0,customer_sat_system,FEEDBACK_2026-02,2026-02-28T23:59:00
REC02840,EMP076,RKPI075,2026-02-01,2026-02-28,50.0,55.0,90.9,task_completion_system,TASKS_2026-02,2026-02-28T23:59:00
REC02841,EMP076,RKPI076,2026-02-01,2026-02-28,70.7,85.0,83.2,quality_system,QUALITY_2026-02,2026-02-28T23:59:00
REC02842,EMP076,RKPI077,2026-02-01,2026-02-28,90.0,95.0,90.0,attendance_system,ATTENDANCE_2026-02,2026-02-28T23:59:00
REC02843,EMP076,RKPI078,2026-02-01,2026-02-28,4.0,3.8,80.0,collaboration_system,FEEDBACK_2026-02,2026-02-28T23:59:00
REC02844,EMP076,RKPI079,2026-02-01,2026-02-28,71.3,70.0,100,learning_system,TRAINING_2026-02,2026-02-28T23:59:00
REC02845,EMP076,RKPI074,2026-03-01,2026-03-31,3.3,4.2,66.0,customer_sat_system,FEEDBACK_2026-03,2026-03-31T23:59:00
REC02846,EMP076,RKPI075,2026-03-01,2026-03-31,44.4,55.0,80.7,task_completion_system,TASKS_2026-03,2026-03-31T23:59:00
REC02847,EMP076,RKPI076,2026-03-01,2026-03-31,74.3,85.0,87.4,quality_system,QUALITY_2026-03,2026-03-31T23:59:00
REC02848,EMP076,RKPI077,2026-03-01,2026-03-31,85.0,95.0,85.0,attendance_system,ATTENDANCE_2026-03,2026-03-31T23:59:00
REC02849,EMP076,RKPI078,2026-03-01,2026-03-31,3.0,3.8,60.0,collaboration_system,FEEDBACK_2026-03,2026-03-31T23:59:00
REC02850,EMP076,RKPI079,2026-03-01,2026-03-31,58.0,70.0,82.9,learning_system,TRAINING_2026-03,2026-03-31T23:59:00
REC02851,EMP076,RKPI074,2026-04-01,2026-04-30,3.6,4.2,72.0,customer_sat_system,FEEDBACK_2026-04,2026-04-30T23:59:00
REC02852,EMP076,RKPI075,2026-04-01,2026-04-30,80.0,55.0,100,task_completion_system,TASKS_2026-04,2026-04-30T23:59:00
REC02853,EMP076,RKPI076,2026-04-01,2026-04-30,77.0,85.0,90.6,quality_system,QUALITY_2026-04,2026-04-30T23:59:00
REC02854,EMP076,RKPI077,2026-04-01,2026-04-30,90.5,95.0,90.5,attendance_system,ATTENDANCE_2026-04,2026-04-30T23:59:00
REC02855,EMP076,RKPI078,2026-04-01,2026-04-30,3.6,3.8,72.0,collaboration_system,FEEDBACK_2026-04,2026-04-30T23:59:00
REC02856,EMP076,RKPI079,2026-04-01,2026-04-30,73.2,70.0,100,learning_system,TRAINING_2026-04,2026-04-30T23:59:00
REC02857,EMP076,RKPI074,2026-05-01,2026-05-31,3.5,4.2,70.0,customer_sat_system,FEEDBACK_2026-05,2026-05-31T23:59:00
REC02858,EMP076,RKPI075,2026-05-01,2026-05-31,72.7,55.0,100,task_completion_system,TASKS_2026-05,2026-05-31T23:59:00
REC02859,EMP076,RKPI076,2026-05-01,2026-05-31,77.9,85.0,91.6,quality_system,QUALITY_2026-05,2026-05-31T23:59:00
REC02860,EMP076,RKPI077,2026-05-01,2026-05-31,100.0,95.0,100,attendance_system,ATTENDANCE_2026-05,2026-05-31T23:59:00
REC02861,EMP076,RKPI078,2026-05-01,2026-05-31,3.5,3.8,70.0,collaboration_system,FEEDBACK_2026-05,2026-05-31T23:59:00
REC02862,EMP076,RKPI079,2026-05-01,2026-05-31,58.8,70.0,84.0,learning_system,TRAINING_2026-05,2026-05-31T23:59:00
REC02863,EMP076,RKPI074,2026-06-01,2026-06-30,3.4,4.2,68.0,customer_sat_system,FEEDBACK_2026-06,2026-06-30T23:59:00
REC02864,EMP076,RKPI075,2026-06-01,2026-06-30,40.0,55.0,72.7,task_completion_system,TASKS_2026-06,2026-06-30T23:59:00
REC02865,EMP076,RKPI076,2026-06-01,2026-06-30,69.0,85.0,81.2,quality_system,QUALITY_2026-06,2026-06-30T23:59:00
REC02866,EMP076,RKPI077,2026-06-01,2026-06-30,81.0,95.0,81.0,attendance_system,ATTENDANCE_2026-06,2026-06-30T23:59:00
REC02867,EMP076,RKPI078,2026-06-01,2026-06-30,3.3,3.8,66.0,collaboration_system,FEEDBACK_2026-06,2026-06-30T23:59:00
REC02868,EMP076,RKPI079,2026-06-01,2026-06-30,53.3,70.0,76.1,learning_system,TRAINING_2026-06,2026-06-30T23:59:00
REC02869,EMP077,RKPI074,2026-01-01,2026-01-31,4.4,4.2,88.0,customer_sat_system,FEEDBACK_2026-01,2026-01-31T23:59:00
REC02870,EMP077,RKPI075,2026-01-01,2026-01-31,80.0,55.0,100,task_completion_system,TASKS_2026-01,2026-01-31T23:59:00
REC02871,EMP077,RKPI076,2026-01-01,2026-01-31,97.1,85.0,100,quality_system,QUALITY_2026-01,2026-01-31T23:59:00
REC02872,EMP077,RKPI077,2026-01-01,2026-01-31,95.2,95.0,95.2,attendance_system,ATTENDANCE_2026-01,2026-01-31T23:59:00
REC02873,EMP077,RKPI078,2026-01-01,2026-01-31,4.4,3.8,88.0,collaboration_system,FEEDBACK_2026-01,2026-01-31T23:59:00
REC02874,EMP077,RKPI079,2026-01-01,2026-01-31,76.7,70.0,100,learning_system,TRAINING_2026-01,2026-01-31T23:59:00
REC02875,EMP077,RKPI074,2026-02-01,2026-02-28,4.1,4.2,82.0,customer_sat_system,FEEDBACK_2026-02,2026-02-28T23:59:00
REC02876,EMP077,RKPI075,2026-02-01,2026-02-28,100.0,55.0,100,task_completion_system,TASKS_2026-02,2026-02-28T23:59:00
REC02877,EMP077,RKPI076,2026-02-01,2026-02-28,94.8,85.0,100,quality_system,QUALITY_2026-02,2026-02-28T23:59:00
REC02878,EMP077,RKPI077,2026-02-01,2026-02-28,100.0,95.0,100,attendance_system,ATTENDANCE_2026-02,2026-02-28T23:59:00
REC02879,EMP077,RKPI078,2026-02-01,2026-02-28,5.0,3.8,100.0,collaboration_system,FEEDBACK_2026-02,2026-02-28T23:59:00
REC02880,EMP077,RKPI079,2026-02-01,2026-02-28,89.4,70.0,100,learning_system,TRAINING_2026-02,2026-02-28T23:59:00
REC02881,EMP077,RKPI074,2026-03-01,2026-03-31,4.2,4.2,84.0,customer_sat_system,FEEDBACK_2026-03,2026-03-31T23:59:00
REC02882,EMP077,RKPI075,2026-03-01,2026-03-31,100.0,55.0,100,task_completion_system,TASKS_2026-03,2026-03-31T23:59:00
REC02883,EMP077,RKPI076,2026-03-01,2026-03-31,88.2,85.0,100,quality_system,QUALITY_2026-03,2026-03-31T23:59:00
REC02884,EMP077,RKPI077,2026-03-01,2026-03-31,100.0,95.0,100,attendance_system,ATTENDANCE_2026-03,2026-03-31T23:59:00
REC02885,EMP077,RKPI078,2026-03-01,2026-03-31,4.5,3.8,90.0,collaboration_system,FEEDBACK_2026-03,2026-03-31T23:59:00
REC02886,EMP077,RKPI079,2026-03-01,2026-03-31,92.9,70.0,100,learning_system,TRAINING_2026-03,2026-03-31T23:59:00
REC02887,EMP077,RKPI074,2026-04-01,2026-04-30,4.6,4.2,92.0,customer_sat_system,FEEDBACK_2026-04,2026-04-30T23:59:00
REC02888,EMP077,RKPI075,2026-04-01,2026-04-30,73.3,55.0,100,task_completion_system,TASKS_2026-04,2026-04-30T23:59:00
REC02889,EMP077,RKPI076,2026-04-01,2026-04-30,87.4,85.0,100,quality_system,QUALITY_2026-04,2026-04-30T23:59:00
REC02890,EMP077,RKPI077,2026-04-01,2026-04-30,100.0,95.0,100,attendance_system,ATTENDANCE_2026-04,2026-04-30T23:59:00
REC02891,EMP077,RKPI078,2026-04-01,2026-04-30,5.0,3.8,100.0,collaboration_system,FEEDBACK_2026-04,2026-04-30T23:59:00
REC02892,EMP077,RKPI079,2026-04-01,2026-04-30,100,70.0,100,learning_system,TRAINING_2026-04,2026-04-30T23:59:00
REC02893,EMP077,RKPI074,2026-05-01,2026-05-31,4.5,4.2,90.0,customer_sat_system,FEEDBACK_2026-05,2026-05-31T23:59:00
REC02894,EMP077,RKPI075,2026-05-01,2026-05-31,100.0,55.0,100,task_completion_system,TASKS_2026-05,2026-05-31T23:59:00
REC02895,EMP077,RKPI076,2026-05-01,2026-05-31,86.0,85.0,100,quality_system,QUALITY_2026-05,2026-05-31T23:59:00
REC02896,EMP077,RKPI077,2026-05-01,2026-05-31,100.0,95.0,100,attendance_system,ATTENDANCE_2026-05,2026-05-31T23:59:00
REC02897,EMP077,RKPI078,2026-05-01,2026-05-31,4.3,3.8,86.0,collaboration_system,FEEDBACK_2026-05,2026-05-31T23:59:00
REC02898,EMP077,RKPI079,2026-05-01,2026-05-31,91.2,70.0,100,learning_system,TRAINING_2026-05,2026-05-31T23:59:00
REC02899,EMP077,RKPI074,2026-06-01,2026-06-30,4.2,4.2,84.0,customer_sat_system,FEEDBACK_2026-06,2026-06-30T23:59:00
REC02900,EMP077,RKPI075,2026-06-01,2026-06-30,90.0,55.0,100,task_completion_system,TASKS_2026-06,2026-06-30T23:59:00
REC02901,EMP077,RKPI076,2026-06-01,2026-06-30,90.9,85.0,100,quality_system,QUALITY_2026-06,2026-06-30T23:59:00
REC02902,EMP077,RKPI077,2026-06-01,2026-06-30,100.0,95.0,100,attendance_system,ATTENDANCE_2026-06,2026-06-30T23:59:00
REC02903,EMP077,RKPI078,2026-06-01,2026-06-30,4.1,3.8,82.0,collaboration_system,FEEDBACK_2026-06,2026-06-30T23:59:00
REC02904,EMP077,RKPI079,2026-06-01,2026-06-30,90.7,70.0,100,learning_system,TRAINING_2026-06,2026-06-30T23:59:00
REC02905,EMP078,RKPI074,2026-01-01,2026-01-31,3.6,4.2,72.0,customer_sat_system,FEEDBACK_2026-01,2026-01-31T23:59:00
REC02906,EMP078,RKPI075,2026-01-01,2026-01-31,45.5,55.0,82.7,task_completion_system,TASKS_2026-01,2026-01-31T23:59:00
REC02907,EMP078,RKPI076,2026-01-01,2026-01-31,78.4,85.0,92.2,quality_system,QUALITY_2026-01,2026-01-31T23:59:00
REC02908,EMP078,RKPI077,2026-01-01,2026-01-31,100.0,95.0,100,attendance_system,ATTENDANCE_2026-01,2026-01-31T23:59:00
REC02909,EMP078,RKPI078,2026-01-01,2026-01-31,3.4,3.8,68.0,collaboration_system,FEEDBACK_2026-01,2026-01-31T23:59:00
REC02910,EMP078,RKPI079,2026-01-01,2026-01-31,58.5,70.0,83.6,learning_system,TRAINING_2026-01,2026-01-31T23:59:00
REC02911,EMP078,RKPI074,2026-02-01,2026-02-28,3.8,4.2,76.0,customer_sat_system,FEEDBACK_2026-02,2026-02-28T23:59:00
REC02912,EMP078,RKPI075,2026-02-01,2026-02-28,77.8,55.0,100,task_completion_system,TASKS_2026-02,2026-02-28T23:59:00
REC02913,EMP078,RKPI076,2026-02-01,2026-02-28,74.8,85.0,88.0,quality_system,QUALITY_2026-02,2026-02-28T23:59:00
REC02914,EMP078,RKPI077,2026-02-01,2026-02-28,95.0,95.0,95.0,attendance_system,ATTENDANCE_2026-02,2026-02-28T23:59:00
REC02915,EMP078,RKPI078,2026-02-01,2026-02-28,3.9,3.8,78.0,collaboration_system,FEEDBACK_2026-02,2026-02-28T23:59:00
REC02916,EMP078,RKPI079,2026-02-01,2026-02-28,62.1,70.0,88.7,learning_system,TRAINING_2026-02,2026-02-28T23:59:00
REC02917,EMP078,RKPI074,2026-03-01,2026-03-31,3.7,4.2,74.0,customer_sat_system,FEEDBACK_2026-03,2026-03-31T23:59:00
REC02918,EMP078,RKPI075,2026-03-01,2026-03-31,76.9,55.0,100,task_completion_system,TASKS_2026-03,2026-03-31T23:59:00
REC02919,EMP078,RKPI076,2026-03-01,2026-03-31,73.4,85.0,86.4,quality_system,QUALITY_2026-03,2026-03-31T23:59:00
REC02920,EMP078,RKPI077,2026-03-01,2026-03-31,95.0,95.0,95.0,attendance_system,ATTENDANCE_2026-03,2026-03-31T23:59:00
REC02921,EMP078,RKPI078,2026-03-01,2026-03-31,3.2,3.8,64.0,collaboration_system,FEEDBACK_2026-03,2026-03-31T23:59:00
REC02922,EMP078,RKPI079,2026-03-01,2026-03-31,62.2,70.0,88.9,learning_system,TRAINING_2026-03,2026-03-31T23:59:00
REC02923,EMP078,RKPI074,2026-04-01,2026-04-30,3.9,4.2,78.0,customer_sat_system,FEEDBACK_2026-04,2026-04-30T23:59:00
REC02924,EMP078,RKPI075,2026-04-01,2026-04-30,71.4,55.0,100,task_completion_system,TASKS_2026-04,2026-04-30T23:59:00
REC02925,EMP078,RKPI076,2026-04-01,2026-04-30,66.5,85.0,78.2,quality_system,QUALITY_2026-04,2026-04-30T23:59:00
REC02926,EMP078,RKPI077,2026-04-01,2026-04-30,76.2,95.0,76.2,attendance_system,ATTENDANCE_2026-04,2026-04-30T23:59:00
REC02927,EMP078,RKPI078,2026-04-01,2026-04-30,3.8,3.8,76.0,collaboration_system,FEEDBACK_2026-04,2026-04-30T23:59:00
REC02928,EMP078,RKPI079,2026-04-01,2026-04-30,56.6,70.0,80.9,learning_system,TRAINING_2026-04,2026-04-30T23:59:00
REC02929,EMP078,RKPI074,2026-05-01,2026-05-31,3.7,4.2,74.0,customer_sat_system,FEEDBACK_2026-05,2026-05-31T23:59:00
REC02930,EMP078,RKPI075,2026-05-01,2026-05-31,62.5,55.0,100,task_completion_system,TASKS_2026-05,2026-05-31T23:59:00
REC02931,EMP078,RKPI076,2026-05-01,2026-05-31,81.5,85.0,95.9,quality_system,QUALITY_2026-05,2026-05-31T23:59:00
REC02932,EMP078,RKPI077,2026-05-01,2026-05-31,95.0,95.0,95.0,attendance_system,ATTENDANCE_2026-05,2026-05-31T23:59:00
REC02933,EMP078,RKPI078,2026-05-01,2026-05-31,3.8,3.8,76.0,collaboration_system,FEEDBACK_2026-05,2026-05-31T23:59:00
REC02934,EMP078,RKPI079,2026-05-01,2026-05-31,67.4,70.0,96.3,learning_system,TRAINING_2026-05,2026-05-31T23:59:00
REC02935,EMP078,RKPI074,2026-06-01,2026-06-30,3.9,4.2,78.0,customer_sat_system,FEEDBACK_2026-06,2026-06-30T23:59:00
REC02936,EMP078,RKPI075,2026-06-01,2026-06-30,100.0,55.0,100,task_completion_system,TASKS_2026-06,2026-06-30T23:59:00
REC02937,EMP078,RKPI076,2026-06-01,2026-06-30,73.3,85.0,86.2,quality_system,QUALITY_2026-06,2026-06-30T23:59:00
REC02938,EMP078,RKPI077,2026-06-01,2026-06-30,85.7,95.0,85.7,attendance_system,ATTENDANCE_2026-06,2026-06-30T23:59:00
REC02939,EMP078,RKPI078,2026-06-01,2026-06-30,4.0,3.8,80.0,collaboration_system,FEEDBACK_2026-06,2026-06-30T23:59:00
REC02940,EMP078,RKPI079,2026-06-01,2026-06-30,51.0,70.0,72.9,learning_system,TRAINING_2026-06,2026-06-30T23:59:00
REC02941,EMP079,RKPI074,2026-01-01,2026-01-31,4.1,4.2,82.0,customer_sat_system,FEEDBACK_2026-01,2026-01-31T23:59:00
REC02942,EMP079,RKPI075,2026-01-01,2026-01-31,76.9,55.0,100,task_completion_system,TASKS_2026-01,2026-01-31T23:59:00
REC02943,EMP079,RKPI076,2026-01-01,2026-01-31,88.5,85.0,100,quality_system,QUALITY_2026-01,2026-01-31T23:59:00
REC02944,EMP079,RKPI077,2026-01-01,2026-01-31,95.2,95.0,95.2,attendance_system,ATTENDANCE_2026-01,2026-01-31T23:59:00
REC02945,EMP079,RKPI078,2026-01-01,2026-01-31,4.3,3.8,86.0,collaboration_system,FEEDBACK_2026-01,2026-01-31T23:59:00
REC02946,EMP079,RKPI079,2026-01-01,2026-01-31,74.5,70.0,100,learning_system,TRAINING_2026-01,2026-01-31T23:59:00
REC02947,EMP079,RKPI074,2026-02-01,2026-02-28,4.0,4.2,80.0,customer_sat_system,FEEDBACK_2026-02,2026-02-28T23:59:00
REC02948,EMP079,RKPI075,2026-02-01,2026-02-28,50.0,55.0,90.9,task_completion_system,TASKS_2026-02,2026-02-28T23:59:00
REC02949,EMP079,RKPI076,2026-02-01,2026-02-28,88.0,85.0,100,quality_system,QUALITY_2026-02,2026-02-28T23:59:00
REC02950,EMP079,RKPI077,2026-02-01,2026-02-28,85.0,95.0,85.0,attendance_system,ATTENDANCE_2026-02,2026-02-28T23:59:00
REC02951,EMP079,RKPI078,2026-02-01,2026-02-28,4.2,3.8,84.0,collaboration_system,FEEDBACK_2026-02,2026-02-28T23:59:00
REC02952,EMP079,RKPI079,2026-02-01,2026-02-28,69.6,70.0,99.4,learning_system,TRAINING_2026-02,2026-02-28T23:59:00
REC02953,EMP079,RKPI074,2026-03-01,2026-03-31,4.2,4.2,84.0,customer_sat_system,FEEDBACK_2026-03,2026-03-31T23:59:00
REC02954,EMP079,RKPI075,2026-03-01,2026-03-31,66.7,55.0,100,task_completion_system,TASKS_2026-03,2026-03-31T23:59:00
REC02955,EMP079,RKPI076,2026-03-01,2026-03-31,90.5,85.0,100,quality_system,QUALITY_2026-03,2026-03-31T23:59:00
REC02956,EMP079,RKPI077,2026-03-01,2026-03-31,95.0,95.0,95.0,attendance_system,ATTENDANCE_2026-03,2026-03-31T23:59:00
REC02957,EMP079,RKPI078,2026-03-01,2026-03-31,4.2,3.8,84.0,collaboration_system,FEEDBACK_2026-03,2026-03-31T23:59:00
REC02958,EMP079,RKPI079,2026-03-01,2026-03-31,69.6,70.0,99.4,learning_system,TRAINING_2026-03,2026-03-31T23:59:00
REC02959,EMP079,RKPI074,2026-04-01,2026-04-30,4.0,4.2,80.0,customer_sat_system,FEEDBACK_2026-04,2026-04-30T23:59:00
REC02960,EMP079,RKPI075,2026-04-01,2026-04-30,66.7,55.0,100,task_completion_system,TASKS_2026-04,2026-04-30T23:59:00
REC02961,EMP079,RKPI076,2026-04-01,2026-04-30,83.3,85.0,98.0,quality_system,QUALITY_2026-04,2026-04-30T23:59:00
REC02962,EMP079,RKPI077,2026-04-01,2026-04-30,95.2,95.0,95.2,attendance_system,ATTENDANCE_2026-04,2026-04-30T23:59:00
REC02963,EMP079,RKPI078,2026-04-01,2026-04-30,3.8,3.8,76.0,collaboration_system,FEEDBACK_2026-04,2026-04-30T23:59:00
REC02964,EMP079,RKPI079,2026-04-01,2026-04-30,64.1,70.0,91.6,learning_system,TRAINING_2026-04,2026-04-30T23:59:00
REC02965,EMP079,RKPI074,2026-05-01,2026-05-31,4.0,4.2,80.0,customer_sat_system,FEEDBACK_2026-05,2026-05-31T23:59:00
REC02966,EMP079,RKPI075,2026-05-01,2026-05-31,100.0,55.0,100,task_completion_system,TASKS_2026-05,2026-05-31T23:59:00
REC02967,EMP079,RKPI076,2026-05-01,2026-05-31,77.2,85.0,90.8,quality_system,QUALITY_2026-05,2026-05-31T23:59:00
REC02968,EMP079,RKPI077,2026-05-01,2026-05-31,90.0,95.0,90.0,attendance_system,ATTENDANCE_2026-05,2026-05-31T23:59:00
REC02969,EMP079,RKPI078,2026-05-01,2026-05-31,3.9,3.8,78.0,collaboration_system,FEEDBACK_2026-05,2026-05-31T23:59:00
REC02970,EMP079,RKPI079,2026-05-01,2026-05-31,71.6,70.0,100,learning_system,TRAINING_2026-05,2026-05-31T23:59:00
REC02971,EMP079,RKPI074,2026-06-01,2026-06-30,4.1,4.2,82.0,customer_sat_system,FEEDBACK_2026-06,2026-06-30T23:59:00
REC02972,EMP079,RKPI075,2026-06-01,2026-06-30,83.3,55.0,100,task_completion_system,TASKS_2026-06,2026-06-30T23:59:00
REC02973,EMP079,RKPI076,2026-06-01,2026-06-30,85.7,85.0,100,quality_system,QUALITY_2026-06,2026-06-30T23:59:00
REC02974,EMP079,RKPI077,2026-06-01,2026-06-30,85.7,95.0,85.7,attendance_system,ATTENDANCE_2026-06,2026-06-30T23:59:00
REC02975,EMP079,RKPI078,2026-06-01,2026-06-30,3.6,3.8,72.0,collaboration_system,FEEDBACK_2026-06,2026-06-30T23:59:00
REC02976,EMP079,RKPI079,2026-06-01,2026-06-30,86.6,70.0,100,learning_system,TRAINING_2026-06,2026-06-30T23:59:00
REC02977,EMP080,RKPI074,2026-01-01,2026-01-31,2.8,4.2,56.0,customer_sat_system,FEEDBACK_2026-01,2026-01-31T23:59:00
REC02978,EMP080,RKPI075,2026-01-01,2026-01-31,25.0,55.0,45.5,task_completion_system,TASKS_2026-01,2026-01-31T23:59:00
REC02979,EMP080,RKPI076,2026-01-01,2026-01-31,48.7,85.0,57.3,quality_system,QUALITY_2026-01,2026-01-31T23:59:00
REC02980,EMP080,RKPI077,2026-01-01,2026-01-31,81.0,95.0,81.0,attendance_system,ATTENDANCE_2026-01,2026-01-31T23:59:00
REC02981,EMP080,RKPI078,2026-01-01,2026-01-31,3.0,3.8,60.0,collaboration_system,FEEDBACK_2026-01,2026-01-31T23:59:00
REC02982,EMP080,RKPI079,2026-01-01,2026-01-31,36.8,70.0,52.6,learning_system,TRAINING_2026-01,2026-01-31T23:59:00
REC02983,EMP080,RKPI074,2026-02-01,2026-02-28,2.2,4.2,44.0,customer_sat_system,FEEDBACK_2026-02,2026-02-28T23:59:00
REC02984,EMP080,RKPI075,2026-02-01,2026-02-28,23.1,55.0,42.0,task_completion_system,TASKS_2026-02,2026-02-28T23:59:00
REC02985,EMP080,RKPI076,2026-02-01,2026-02-28,44.0,85.0,51.8,quality_system,QUALITY_2026-02,2026-02-28T23:59:00
REC02986,EMP080,RKPI077,2026-02-01,2026-02-28,90.0,95.0,90.0,attendance_system,ATTENDANCE_2026-02,2026-02-28T23:59:00
REC02987,EMP080,RKPI078,2026-02-01,2026-02-28,2.7,3.8,54.0,collaboration_system,FEEDBACK_2026-02,2026-02-28T23:59:00
REC02988,EMP080,RKPI079,2026-02-01,2026-02-28,31.3,70.0,44.7,learning_system,TRAINING_2026-02,2026-02-28T23:59:00
REC02989,EMP080,RKPI074,2026-03-01,2026-03-31,2.6,4.2,52.0,customer_sat_system,FEEDBACK_2026-03,2026-03-31T23:59:00
REC02990,EMP080,RKPI075,2026-03-01,2026-03-31,36.4,55.0,66.2,task_completion_system,TASKS_2026-03,2026-03-31T23:59:00
REC02991,EMP080,RKPI076,2026-03-01,2026-03-31,46.8,85.0,55.1,quality_system,QUALITY_2026-03,2026-03-31T23:59:00
REC02992,EMP080,RKPI077,2026-03-01,2026-03-31,65.0,95.0,65.0,attendance_system,ATTENDANCE_2026-03,2026-03-31T23:59:00
REC02993,EMP080,RKPI078,2026-03-01,2026-03-31,2.5,3.8,50.0,collaboration_system,FEEDBACK_2026-03,2026-03-31T23:59:00
REC02994,EMP080,RKPI079,2026-03-01,2026-03-31,33.7,70.0,48.1,learning_system,TRAINING_2026-03,2026-03-31T23:59:00
REC02995,EMP080,RKPI074,2026-04-01,2026-04-30,2.5,4.2,50.0,customer_sat_system,FEEDBACK_2026-04,2026-04-30T23:59:00
REC02996,EMP080,RKPI075,2026-04-01,2026-04-30,20.0,55.0,36.4,task_completion_system,TASKS_2026-04,2026-04-30T23:59:00
REC02997,EMP080,RKPI076,2026-04-01,2026-04-30,52.6,85.0,61.9,quality_system,QUALITY_2026-04,2026-04-30T23:59:00
REC02998,EMP080,RKPI077,2026-04-01,2026-04-30,57.1,95.0,57.1,attendance_system,ATTENDANCE_2026-04,2026-04-30T23:59:00
REC02999,EMP080,RKPI078,2026-04-01,2026-04-30,2.9,3.8,58.0,collaboration_system,FEEDBACK_2026-04,2026-04-30T23:59:00
REC03000,EMP080,RKPI079,2026-04-01,2026-04-30,26.2,70.0,37.4,learning_system,TRAINING_2026-04,2026-04-30T23:59:00
REC03001,EMP080,RKPI074,2026-05-01,2026-05-31,2.7,4.2,54.0,customer_sat_system,FEEDBACK_2026-05,2026-05-31T23:59:00
REC03002,EMP080,RKPI075,2026-05-01,2026-05-31,25.0,55.0,45.5,task_completion_system,TASKS_2026-05,2026-05-31T23:59:00
REC03003,EMP080,RKPI076,2026-05-01,2026-05-31,48.9,85.0,57.5,quality_system,QUALITY_2026-05,2026-05-31T23:59:00
REC03004,EMP080,RKPI077,2026-05-01,2026-05-31,85.0,95.0,85.0,attendance_system,ATTENDANCE_2026-05,2026-05-31T23:59:00
REC03005,EMP080,RKPI078,2026-05-01,2026-05-31,2.6,3.8,52.0,collaboration_system,FEEDBACK_2026-05,2026-05-31T23:59:00
REC03006,EMP080,RKPI079,2026-05-01,2026-05-31,42.8,70.0,61.1,learning_system,TRAINING_2026-05,2026-05-31T23:59:00
REC03007,EMP080,RKPI074,2026-06-01,2026-06-30,2.6,4.2,52.0,customer_sat_system,FEEDBACK_2026-06,2026-06-30T23:59:00
REC03008,EMP080,RKPI075,2026-06-01,2026-06-30,50.0,55.0,90.9,task_completion_system,TASKS_2026-06,2026-06-30T23:59:00
REC03009,EMP080,RKPI076,2026-06-01,2026-06-30,51.1,85.0,60.1,quality_system,QUALITY_2026-06,2026-06-30T23:59:00
REC03010,EMP080,RKPI077,2026-06-01,2026-06-30,81.0,95.0,81.0,attendance_system,ATTENDANCE_2026-06,2026-06-30T23:59:00
REC03011,EMP080,RKPI078,2026-06-01,2026-06-30,2.6,3.8,52.0,collaboration_system,FEEDBACK_2026-06,2026-06-30T23:59:00
REC03012,EMP080,RKPI079,2026-06-01,2026-06-30,25.1,70.0,35.9,learning_system,TRAINING_2026-06,2026-06-30T23:59:00
REC03013,EMP081,RKPI074,2026-01-01,2026-01-31,2.6,4.2,52.0,customer_sat_system,FEEDBACK_2026-01,2026-01-31T23:59:00
REC03014,EMP081,RKPI075,2026-01-01,2026-01-31,14.3,55.0,26.0,task_completion_system,TASKS_2026-01,2026-01-31T23:59:00
REC03015,EMP081,RKPI076,2026-01-01,2026-01-31,50.8,85.0,59.8,quality_system,QUALITY_2026-01,2026-01-31T23:59:00
REC03016,EMP081,RKPI077,2026-01-01,2026-01-31,85.7,95.0,85.7,attendance_system,ATTENDANCE_2026-01,2026-01-31T23:59:00
REC03017,EMP081,RKPI078,2026-01-01,2026-01-31,2.7,3.8,54.0,collaboration_system,FEEDBACK_2026-01,2026-01-31T23:59:00
REC03018,EMP081,RKPI079,2026-01-01,2026-01-31,24.6,70.0,35.1,learning_system,TRAINING_2026-01,2026-01-31T23:59:00
REC03019,EMP081,RKPI074,2026-02-01,2026-02-28,2.4,4.2,48.0,customer_sat_system,FEEDBACK_2026-02,2026-02-28T23:59:00
REC03020,EMP081,RKPI075,2026-02-01,2026-02-28,44.4,55.0,80.7,task_completion_system,TASKS_2026-02,2026-02-28T23:59:00
REC03021,EMP081,RKPI076,2026-02-01,2026-02-28,36.5,85.0,42.9,quality_system,QUALITY_2026-02,2026-02-28T23:59:00
REC03022,EMP081,RKPI077,2026-02-01,2026-02-28,80.0,95.0,80.0,attendance_system,ATTENDANCE_2026-02,2026-02-28T23:59:00
REC03023,EMP081,RKPI078,2026-02-01,2026-02-28,2.2,3.8,44.0,collaboration_system,FEEDBACK_2026-02,2026-02-28T23:59:00
REC03024,EMP081,RKPI079,2026-02-01,2026-02-28,38.7,70.0,55.3,learning_system,TRAINING_2026-02,2026-02-28T23:59:00
REC03025,EMP081,RKPI074,2026-03-01,2026-03-31,2.7,4.2,54.0,customer_sat_system,FEEDBACK_2026-03,2026-03-31T23:59:00
REC03026,EMP081,RKPI075,2026-03-01,2026-03-31,18.2,55.0,33.1,task_completion_system,TASKS_2026-03,2026-03-31T23:59:00
REC03027,EMP081,RKPI076,2026-03-01,2026-03-31,55.7,85.0,65.5,quality_system,QUALITY_2026-03,2026-03-31T23:59:00
REC03028,EMP081,RKPI077,2026-03-01,2026-03-31,65.0,95.0,65.0,attendance_system,ATTENDANCE_2026-03,2026-03-31T23:59:00
REC03029,EMP081,RKPI078,2026-03-01,2026-03-31,2.8,3.8,56.0,collaboration_system,FEEDBACK_2026-03,2026-03-31T23:59:00
REC03030,EMP081,RKPI079,2026-03-01,2026-03-31,23.3,70.0,33.3,learning_system,TRAINING_2026-03,2026-03-31T23:59:00
REC03031,EMP081,RKPI074,2026-04-01,2026-04-30,2.5,4.2,50.0,customer_sat_system,FEEDBACK_2026-04,2026-04-30T23:59:00
REC03032,EMP081,RKPI075,2026-04-01,2026-04-30,41.7,55.0,75.8,task_completion_system,TASKS_2026-04,2026-04-30T23:59:00
REC03033,EMP081,RKPI076,2026-04-01,2026-04-30,49.0,85.0,57.6,quality_system,QUALITY_2026-04,2026-04-30T23:59:00
REC03034,EMP081,RKPI077,2026-04-01,2026-04-30,76.2,95.0,76.2,attendance_system,ATTENDANCE_2026-04,2026-04-30T23:59:00
REC03035,EMP081,RKPI078,2026-04-01,2026-04-30,2.2,3.8,44.0,collaboration_system,FEEDBACK_2026-04,2026-04-30T23:59:00
REC03036,EMP081,RKPI079,2026-04-01,2026-04-30,27.6,70.0,39.4,learning_system,TRAINING_2026-04,2026-04-30T23:59:00
REC03037,EMP081,RKPI074,2026-05-01,2026-05-31,2.8,4.2,56.0,customer_sat_system,FEEDBACK_2026-05,2026-05-31T23:59:00
REC03038,EMP081,RKPI075,2026-05-01,2026-05-31,14.3,55.0,26.0,task_completion_system,TASKS_2026-05,2026-05-31T23:59:00
REC03039,EMP081,RKPI076,2026-05-01,2026-05-31,43.0,85.0,50.6,quality_system,QUALITY_2026-05,2026-05-31T23:59:00
REC03040,EMP081,RKPI077,2026-05-01,2026-05-31,80.0,95.0,80.0,attendance_system,ATTENDANCE_2026-05,2026-05-31T23:59:00
REC03041,EMP081,RKPI078,2026-05-01,2026-05-31,2.1,3.8,42.0,collaboration_system,FEEDBACK_2026-05,2026-05-31T23:59:00
REC03042,EMP081,RKPI079,2026-05-01,2026-05-31,23.3,70.0,33.3,learning_system,TRAINING_2026-05,2026-05-31T23:59:00
REC03043,EMP081,RKPI074,2026-06-01,2026-06-30,2.5,4.2,50.0,customer_sat_system,FEEDBACK_2026-06,2026-06-30T23:59:00
REC03044,EMP081,RKPI075,2026-06-01,2026-06-30,33.3,55.0,60.5,task_completion_system,TASKS_2026-06,2026-06-30T23:59:00
REC03045,EMP081,RKPI076,2026-06-01,2026-06-30,49.3,85.0,58.0,quality_system,QUALITY_2026-06,2026-06-30T23:59:00
REC03046,EMP081,RKPI077,2026-06-01,2026-06-30,85.7,95.0,85.7,attendance_system,ATTENDANCE_2026-06,2026-06-30T23:59:00
REC03047,EMP081,RKPI078,2026-06-01,2026-06-30,2.8,3.8,56.0,collaboration_system,FEEDBACK_2026-06,2026-06-30T23:59:00
REC03048,EMP081,RKPI079,2026-06-01,2026-06-30,15.1,70.0,21.6,learning_system,TRAINING_2026-06,2026-06-30T23:59:00
REC03049,EMP082,RKPI074,2026-01-01,2026-01-31,3.0,4.2,60.0,customer_sat_system,FEEDBACK_2026-01,2026-01-31T23:59:00
REC03050,EMP082,RKPI075,2026-01-01,2026-01-31,44.4,55.0,80.7,task_completion_system,TASKS_2026-01,2026-01-31T23:59:00
REC03051,EMP082,RKPI076,2026-01-01,2026-01-31,63.0,85.0,74.1,quality_system,QUALITY_2026-01,2026-01-31T23:59:00
REC03052,EMP082,RKPI077,2026-01-01,2026-01-31,76.2,95.0,76.2,attendance_system,ATTENDANCE_2026-01,2026-01-31T23:59:00
REC03053,EMP082,RKPI078,2026-01-01,2026-01-31,3.0,3.8,60.0,collaboration_system,FEEDBACK_2026-01,2026-01-31T23:59:00
REC03054,EMP082,RKPI079,2026-01-01,2026-01-31,48.5,70.0,69.3,learning_system,TRAINING_2026-01,2026-01-31T23:59:00
REC03055,EMP082,RKPI074,2026-02-01,2026-02-28,2.8,4.2,56.0,customer_sat_system,FEEDBACK_2026-02,2026-02-28T23:59:00
REC03056,EMP082,RKPI075,2026-02-01,2026-02-28,66.7,55.0,100,task_completion_system,TASKS_2026-02,2026-02-28T23:59:00
REC03057,EMP082,RKPI076,2026-02-01,2026-02-28,65.5,85.0,77.1,quality_system,QUALITY_2026-02,2026-02-28T23:59:00
REC03058,EMP082,RKPI077,2026-02-01,2026-02-28,90.0,95.0,90.0,attendance_system,ATTENDANCE_2026-02,2026-02-28T23:59:00
REC03059,EMP082,RKPI078,2026-02-01,2026-02-28,2.6,3.8,52.0,collaboration_system,FEEDBACK_2026-02,2026-02-28T23:59:00
REC03060,EMP082,RKPI079,2026-02-01,2026-02-28,38.9,70.0,55.6,learning_system,TRAINING_2026-02,2026-02-28T23:59:00
REC03061,EMP082,RKPI074,2026-03-01,2026-03-31,2.9,4.2,58.0,customer_sat_system,FEEDBACK_2026-03,2026-03-31T23:59:00
REC03062,EMP082,RKPI075,2026-03-01,2026-03-31,54.5,55.0,99.1,task_completion_system,TASKS_2026-03,2026-03-31T23:59:00
REC03063,EMP082,RKPI076,2026-03-01,2026-03-31,55.6,85.0,65.4,quality_system,QUALITY_2026-03,2026-03-31T23:59:00
REC03064,EMP082,RKPI077,2026-03-01,2026-03-31,85.0,95.0,85.0,attendance_system,ATTENDANCE_2026-03,2026-03-31T23:59:00
REC03065,EMP082,RKPI078,2026-03-01,2026-03-31,2.7,3.8,54.0,collaboration_system,FEEDBACK_2026-03,2026-03-31T23:59:00
REC03066,EMP082,RKPI079,2026-03-01,2026-03-31,33.8,70.0,48.3,learning_system,TRAINING_2026-03,2026-03-31T23:59:00
REC03067,EMP082,RKPI074,2026-04-01,2026-04-30,3.4,4.2,68.0,customer_sat_system,FEEDBACK_2026-04,2026-04-30T23:59:00
REC03068,EMP082,RKPI075,2026-04-01,2026-04-30,58.8,55.0,100,task_completion_system,TASKS_2026-04,2026-04-30T23:59:00
REC03069,EMP082,RKPI076,2026-04-01,2026-04-30,66.4,85.0,78.1,quality_system,QUALITY_2026-04,2026-04-30T23:59:00
REC03070,EMP082,RKPI077,2026-04-01,2026-04-30,81.0,95.0,81.0,attendance_system,ATTENDANCE_2026-04,2026-04-30T23:59:00
REC03071,EMP082,RKPI078,2026-04-01,2026-04-30,3.3,3.8,66.0,collaboration_system,FEEDBACK_2026-04,2026-04-30T23:59:00
REC03072,EMP082,RKPI079,2026-04-01,2026-04-30,49.3,70.0,70.4,learning_system,TRAINING_2026-04,2026-04-30T23:59:00
REC03073,EMP082,RKPI074,2026-05-01,2026-05-31,2.9,4.2,58.0,customer_sat_system,FEEDBACK_2026-05,2026-05-31T23:59:00
REC03074,EMP082,RKPI075,2026-05-01,2026-05-31,50.0,55.0,90.9,task_completion_system,TASKS_2026-05,2026-05-31T23:59:00
REC03075,EMP082,RKPI076,2026-05-01,2026-05-31,61.4,85.0,72.2,quality_system,QUALITY_2026-05,2026-05-31T23:59:00
REC03076,EMP082,RKPI077,2026-05-01,2026-05-31,75.0,95.0,75.0,attendance_system,ATTENDANCE_2026-05,2026-05-31T23:59:00
REC03077,EMP082,RKPI078,2026-05-01,2026-05-31,2.7,3.8,54.0,collaboration_system,FEEDBACK_2026-05,2026-05-31T23:59:00
REC03078,EMP082,RKPI079,2026-05-01,2026-05-31,45.9,70.0,65.6,learning_system,TRAINING_2026-05,2026-05-31T23:59:00
REC03079,EMP082,RKPI074,2026-06-01,2026-06-30,3.0,4.2,60.0,customer_sat_system,FEEDBACK_2026-06,2026-06-30T23:59:00
REC03080,EMP082,RKPI075,2026-06-01,2026-06-30,50.0,55.0,90.9,task_completion_system,TASKS_2026-06,2026-06-30T23:59:00
REC03081,EMP082,RKPI076,2026-06-01,2026-06-30,47.8,85.0,56.2,quality_system,QUALITY_2026-06,2026-06-30T23:59:00
REC03082,EMP082,RKPI077,2026-06-01,2026-06-30,90.5,95.0,90.5,attendance_system,ATTENDANCE_2026-06,2026-06-30T23:59:00
REC03083,EMP082,RKPI078,2026-06-01,2026-06-30,3.0,3.8,60.0,collaboration_system,FEEDBACK_2026-06,2026-06-30T23:59:00
REC03084,EMP082,RKPI079,2026-06-01,2026-06-30,38.4,70.0,54.9,learning_system,TRAINING_2026-06,2026-06-30T23:59:00
REC03085,EMP083,RKPI080,2026-01-01,2026-01-31,27.0,85.0,27.0,goal_achievement_system,GOALS_2026-01,2026-01-31T23:59:00
REC03086,EMP083,RKPI081,2026-01-01,2026-01-31,2.2,4.2,44.0,collaboration_system,FEEDBACK_2026-01,2026-01-31T23:59:00
REC03087,EMP083,RKPI082,2026-01-01,2026-01-31,43.2,82.0,52.7,project_contribution_system,PROJECTS_2026-01,2026-01-31T23:59:00
REC03088,EMP083,RKPI083,2026-01-01,2026-01-31,22.2,38.0,58.4,task_completion_system,TASKS_2026-01,2026-01-31T23:59:00
REC03089,EMP083,RKPI084,2026-01-01,2026-01-31,47.6,85.0,56.0,quality_system,QUALITY_2026-01,2026-01-31T23:59:00
REC03090,EMP083,RKPI085,2026-01-01,2026-01-31,28.9,75.0,38.5,learning_system,TRAINING_2026-01,2026-01-31T23:59:00
REC03091,EMP083,RKPI080,2026-02-01,2026-02-28,39.3,85.0,39.3,goal_achievement_system,GOALS_2026-02,2026-02-28T23:59:00
REC03092,EMP083,RKPI081,2026-02-01,2026-02-28,2.5,4.2,50.0,collaboration_system,FEEDBACK_2026-02,2026-02-28T23:59:00
REC03093,EMP083,RKPI082,2026-02-01,2026-02-28,22.6,82.0,27.6,project_contribution_system,PROJECTS_2026-02,2026-02-28T23:59:00
REC03094,EMP083,RKPI083,2026-02-01,2026-02-28,25.0,38.0,65.8,task_completion_system,TASKS_2026-02,2026-02-28T23:59:00
REC03095,EMP083,RKPI084,2026-02-01,2026-02-28,43.5,85.0,51.2,quality_system,QUALITY_2026-02,2026-02-28T23:59:00
REC03096,EMP083,RKPI085,2026-02-01,2026-02-28,17.8,75.0,23.7,learning_system,TRAINING_2026-02,2026-02-28T23:59:00
REC03097,EMP083,RKPI080,2026-03-01,2026-03-31,36.2,85.0,36.2,goal_achievement_system,GOALS_2026-03,2026-03-31T23:59:00
REC03098,EMP083,RKPI081,2026-03-01,2026-03-31,2.3,4.2,46.0,collaboration_system,FEEDBACK_2026-03,2026-03-31T23:59:00
REC03099,EMP083,RKPI082,2026-03-01,2026-03-31,42.3,82.0,51.6,project_contribution_system,PROJECTS_2026-03,2026-03-31T23:59:00
REC03100,EMP083,RKPI083,2026-03-01,2026-03-31,57.1,38.0,100,task_completion_system,TASKS_2026-03,2026-03-31T23:59:00
REC03101,EMP083,RKPI084,2026-03-01,2026-03-31,49.3,85.0,58.0,quality_system,QUALITY_2026-03,2026-03-31T23:59:00
REC03102,EMP083,RKPI085,2026-03-01,2026-03-31,28.5,75.0,38.0,learning_system,TRAINING_2026-03,2026-03-31T23:59:00
REC03103,EMP083,RKPI080,2026-04-01,2026-04-30,41.8,85.0,41.8,goal_achievement_system,GOALS_2026-04,2026-04-30T23:59:00
REC03104,EMP083,RKPI081,2026-04-01,2026-04-30,2.2,4.2,44.0,collaboration_system,FEEDBACK_2026-04,2026-04-30T23:59:00
REC03105,EMP083,RKPI082,2026-04-01,2026-04-30,21.6,82.0,26.3,project_contribution_system,PROJECTS_2026-04,2026-04-30T23:59:00
REC03106,EMP083,RKPI083,2026-04-01,2026-04-30,46.2,38.0,100,task_completion_system,TASKS_2026-04,2026-04-30T23:59:00
REC03107,EMP083,RKPI084,2026-04-01,2026-04-30,40.6,85.0,47.8,quality_system,QUALITY_2026-04,2026-04-30T23:59:00
REC03108,EMP083,RKPI085,2026-04-01,2026-04-30,34.5,75.0,46.0,learning_system,TRAINING_2026-04,2026-04-30T23:59:00
REC03109,EMP083,RKPI080,2026-05-01,2026-05-31,40.1,85.0,40.1,goal_achievement_system,GOALS_2026-05,2026-05-31T23:59:00
REC03110,EMP083,RKPI081,2026-05-01,2026-05-31,2.1,4.2,42.0,collaboration_system,FEEDBACK_2026-05,2026-05-31T23:59:00
REC03111,EMP083,RKPI082,2026-05-01,2026-05-31,38.0,82.0,46.3,project_contribution_system,PROJECTS_2026-05,2026-05-31T23:59:00
REC03112,EMP083,RKPI083,2026-05-01,2026-05-31,60.0,38.0,100,task_completion_system,TASKS_2026-05,2026-05-31T23:59:00
REC03113,EMP083,RKPI084,2026-05-01,2026-05-31,50.6,85.0,59.5,quality_system,QUALITY_2026-05,2026-05-31T23:59:00
REC03114,EMP083,RKPI085,2026-05-01,2026-05-31,37.5,75.0,50.0,learning_system,TRAINING_2026-05,2026-05-31T23:59:00
REC03115,EMP083,RKPI080,2026-06-01,2026-06-30,34.5,85.0,34.5,goal_achievement_system,GOALS_2026-06,2026-06-30T23:59:00
REC03116,EMP083,RKPI081,2026-06-01,2026-06-30,2.3,4.2,46.0,collaboration_system,FEEDBACK_2026-06,2026-06-30T23:59:00
REC03117,EMP083,RKPI082,2026-06-01,2026-06-30,33.8,82.0,41.2,project_contribution_system,PROJECTS_2026-06,2026-06-30T23:59:00
REC03118,EMP083,RKPI083,2026-06-01,2026-06-30,40.0,38.0,100,task_completion_system,TASKS_2026-06,2026-06-30T23:59:00
REC03119,EMP083,RKPI084,2026-06-01,2026-06-30,46.6,85.0,54.8,quality_system,QUALITY_2026-06,2026-06-30T23:59:00
REC03120,EMP083,RKPI085,2026-06-01,2026-06-30,33.7,75.0,44.9,learning_system,TRAINING_2026-06,2026-06-30T23:59:00
REC03121,EMP084,RKPI080,2026-01-01,2026-01-31,43.5,85.0,43.5,goal_achievement_system,GOALS_2026-01,2026-01-31T23:59:00
REC03122,EMP084,RKPI081,2026-01-01,2026-01-31,3.4,4.2,68.0,collaboration_system,FEEDBACK_2026-01,2026-01-31T23:59:00
REC03123,EMP084,RKPI082,2026-01-01,2026-01-31,36.8,82.0,44.9,project_contribution_system,PROJECTS_2026-01,2026-01-31T23:59:00
REC03124,EMP084,RKPI083,2026-01-01,2026-01-31,87.5,38.0,100,task_completion_system,TASKS_2026-01,2026-01-31T23:59:00
REC03125,EMP084,RKPI084,2026-01-01,2026-01-31,59.9,85.0,70.5,quality_system,QUALITY_2026-01,2026-01-31T23:59:00
REC03126,EMP084,RKPI085,2026-01-01,2026-01-31,31.6,75.0,42.1,learning_system,TRAINING_2026-01,2026-01-31T23:59:00
REC03127,EMP084,RKPI080,2026-02-01,2026-02-28,51.4,85.0,51.4,goal_achievement_system,GOALS_2026-02,2026-02-28T23:59:00
REC03128,EMP084,RKPI081,2026-02-01,2026-02-28,2.6,4.2,52.0,collaboration_system,FEEDBACK_2026-02,2026-02-28T23:59:00
REC03129,EMP084,RKPI082,2026-02-01,2026-02-28,49.2,82.0,60.0,project_contribution_system,PROJECTS_2026-02,2026-02-28T23:59:00
REC03130,EMP084,RKPI083,2026-02-01,2026-02-28,62.5,38.0,100,task_completion_system,TASKS_2026-02,2026-02-28T23:59:00
REC03131,EMP084,RKPI084,2026-02-01,2026-02-28,57.1,85.0,67.2,quality_system,QUALITY_2026-02,2026-02-28T23:59:00
REC03132,EMP084,RKPI085,2026-02-01,2026-02-28,38.7,75.0,51.6,learning_system,TRAINING_2026-02,2026-02-28T23:59:00
REC03133,EMP084,RKPI080,2026-03-01,2026-03-31,36.7,85.0,36.7,goal_achievement_system,GOALS_2026-03,2026-03-31T23:59:00
REC03134,EMP084,RKPI081,2026-03-01,2026-03-31,2.6,4.2,52.0,collaboration_system,FEEDBACK_2026-03,2026-03-31T23:59:00
REC03135,EMP084,RKPI082,2026-03-01,2026-03-31,59.5,82.0,72.6,project_contribution_system,PROJECTS_2026-03,2026-03-31T23:59:00
REC03136,EMP084,RKPI083,2026-03-01,2026-03-31,50.0,38.0,100,task_completion_system,TASKS_2026-03,2026-03-31T23:59:00
REC03137,EMP084,RKPI084,2026-03-01,2026-03-31,52.7,85.0,62.0,quality_system,QUALITY_2026-03,2026-03-31T23:59:00
REC03138,EMP084,RKPI085,2026-03-01,2026-03-31,43.7,75.0,58.3,learning_system,TRAINING_2026-03,2026-03-31T23:59:00
REC03139,EMP084,RKPI080,2026-04-01,2026-04-30,40.3,85.0,40.3,goal_achievement_system,GOALS_2026-04,2026-04-30T23:59:00
REC03140,EMP084,RKPI081,2026-04-01,2026-04-30,3.0,4.2,60.0,collaboration_system,FEEDBACK_2026-04,2026-04-30T23:59:00
REC03141,EMP084,RKPI082,2026-04-01,2026-04-30,55.4,82.0,67.6,project_contribution_system,PROJECTS_2026-04,2026-04-30T23:59:00
REC03142,EMP084,RKPI083,2026-04-01,2026-04-30,66.7,38.0,100,task_completion_system,TASKS_2026-04,2026-04-30T23:59:00
REC03143,EMP084,RKPI084,2026-04-01,2026-04-30,51.0,85.0,60.0,quality_system,QUALITY_2026-04,2026-04-30T23:59:00
REC03144,EMP084,RKPI085,2026-04-01,2026-04-30,45.4,75.0,60.5,learning_system,TRAINING_2026-04,2026-04-30T23:59:00
REC03145,EMP084,RKPI080,2026-05-01,2026-05-31,54.6,85.0,54.6,goal_achievement_system,GOALS_2026-05,2026-05-31T23:59:00
REC03146,EMP084,RKPI081,2026-05-01,2026-05-31,3.0,4.2,60.0,collaboration_system,FEEDBACK_2026-05,2026-05-31T23:59:00
REC03147,EMP084,RKPI082,2026-05-01,2026-05-31,59.3,82.0,72.3,project_contribution_system,PROJECTS_2026-05,2026-05-31T23:59:00
REC03148,EMP084,RKPI083,2026-05-01,2026-05-31,61.5,38.0,100,task_completion_system,TASKS_2026-05,2026-05-31T23:59:00
REC03149,EMP084,RKPI084,2026-05-01,2026-05-31,69.6,85.0,81.9,quality_system,QUALITY_2026-05,2026-05-31T23:59:00
REC03150,EMP084,RKPI085,2026-05-01,2026-05-31,37.3,75.0,49.7,learning_system,TRAINING_2026-05,2026-05-31T23:59:00
REC03151,EMP084,RKPI080,2026-06-01,2026-06-30,48.7,85.0,48.7,goal_achievement_system,GOALS_2026-06,2026-06-30T23:59:00
REC03152,EMP084,RKPI081,2026-06-01,2026-06-30,2.8,4.2,56.0,collaboration_system,FEEDBACK_2026-06,2026-06-30T23:59:00
REC03153,EMP084,RKPI082,2026-06-01,2026-06-30,39.4,82.0,48.0,project_contribution_system,PROJECTS_2026-06,2026-06-30T23:59:00
REC03154,EMP084,RKPI083,2026-06-01,2026-06-30,54.5,38.0,100,task_completion_system,TASKS_2026-06,2026-06-30T23:59:00
REC03155,EMP084,RKPI084,2026-06-01,2026-06-30,75.3,85.0,88.6,quality_system,QUALITY_2026-06,2026-06-30T23:59:00
REC03156,EMP084,RKPI085,2026-06-01,2026-06-30,28.1,75.0,37.5,learning_system,TRAINING_2026-06,2026-06-30T23:59:00
REC03157,EMP085,RKPI080,2026-01-01,2026-01-31,76.3,85.0,76.3,goal_achievement_system,GOALS_2026-01,2026-01-31T23:59:00
REC03158,EMP085,RKPI081,2026-01-01,2026-01-31,3.7,4.2,74.0,collaboration_system,FEEDBACK_2026-01,2026-01-31T23:59:00
REC03159,EMP085,RKPI082,2026-01-01,2026-01-31,98.6,82.0,100,project_contribution_system,PROJECTS_2026-01,2026-01-31T23:59:00
REC03160,EMP085,RKPI083,2026-01-01,2026-01-31,88.9,38.0,100,task_completion_system,TASKS_2026-01,2026-01-31T23:59:00
REC03161,EMP085,RKPI084,2026-01-01,2026-01-31,83.8,85.0,98.6,quality_system,QUALITY_2026-01,2026-01-31T23:59:00
REC03162,EMP085,RKPI085,2026-01-01,2026-01-31,75.9,75.0,100,learning_system,TRAINING_2026-01,2026-01-31T23:59:00
REC03163,EMP085,RKPI080,2026-02-01,2026-02-28,69.6,85.0,69.6,goal_achievement_system,GOALS_2026-02,2026-02-28T23:59:00
REC03164,EMP085,RKPI081,2026-02-01,2026-02-28,4.5,4.2,90.0,collaboration_system,FEEDBACK_2026-02,2026-02-28T23:59:00
REC03165,EMP085,RKPI082,2026-02-01,2026-02-28,79.1,82.0,96.5,project_contribution_system,PROJECTS_2026-02,2026-02-28T23:59:00
REC03166,EMP085,RKPI083,2026-02-01,2026-02-28,100.0,38.0,100,task_completion_system,TASKS_2026-02,2026-02-28T23:59:00
REC03167,EMP085,RKPI084,2026-02-01,2026-02-28,85.9,85.0,100,quality_system,QUALITY_2026-02,2026-02-28T23:59:00
REC03168,EMP085,RKPI085,2026-02-01,2026-02-28,85.2,75.0,100,learning_system,TRAINING_2026-02,2026-02-28T23:59:00
REC03169,EMP085,RKPI080,2026-03-01,2026-03-31,80.3,85.0,80.3,goal_achievement_system,GOALS_2026-03,2026-03-31T23:59:00
REC03170,EMP085,RKPI081,2026-03-01,2026-03-31,3.6,4.2,72.0,collaboration_system,FEEDBACK_2026-03,2026-03-31T23:59:00
REC03171,EMP085,RKPI082,2026-03-01,2026-03-31,83.2,82.0,100,project_contribution_system,PROJECTS_2026-03,2026-03-31T23:59:00
REC03172,EMP085,RKPI083,2026-03-01,2026-03-31,81.8,38.0,100,task_completion_system,TASKS_2026-03,2026-03-31T23:59:00
REC03173,EMP085,RKPI084,2026-03-01,2026-03-31,85.0,85.0,100,quality_system,QUALITY_2026-03,2026-03-31T23:59:00
REC03174,EMP085,RKPI085,2026-03-01,2026-03-31,65.3,75.0,87.1,learning_system,TRAINING_2026-03,2026-03-31T23:59:00
REC03175,EMP085,RKPI080,2026-04-01,2026-04-30,78.1,85.0,78.1,goal_achievement_system,GOALS_2026-04,2026-04-30T23:59:00
REC03176,EMP085,RKPI081,2026-04-01,2026-04-30,4.5,4.2,90.0,collaboration_system,FEEDBACK_2026-04,2026-04-30T23:59:00
REC03177,EMP085,RKPI082,2026-04-01,2026-04-30,78.0,82.0,95.1,project_contribution_system,PROJECTS_2026-04,2026-04-30T23:59:00
REC03178,EMP085,RKPI083,2026-04-01,2026-04-30,83.3,38.0,100,task_completion_system,TASKS_2026-04,2026-04-30T23:59:00
REC03179,EMP085,RKPI084,2026-04-01,2026-04-30,82.8,85.0,97.4,quality_system,QUALITY_2026-04,2026-04-30T23:59:00
REC03180,EMP085,RKPI085,2026-04-01,2026-04-30,76.1,75.0,100,learning_system,TRAINING_2026-04,2026-04-30T23:59:00
REC03181,EMP085,RKPI080,2026-05-01,2026-05-31,83.9,85.0,83.9,goal_achievement_system,GOALS_2026-05,2026-05-31T23:59:00
REC03182,EMP085,RKPI081,2026-05-01,2026-05-31,4.0,4.2,80.0,collaboration_system,FEEDBACK_2026-05,2026-05-31T23:59:00
REC03183,EMP085,RKPI082,2026-05-01,2026-05-31,84.2,82.0,100,project_contribution_system,PROJECTS_2026-05,2026-05-31T23:59:00
REC03184,EMP085,RKPI083,2026-05-01,2026-05-31,80.0,38.0,100,task_completion_system,TASKS_2026-05,2026-05-31T23:59:00
REC03185,EMP085,RKPI084,2026-05-01,2026-05-31,78.8,85.0,92.7,quality_system,QUALITY_2026-05,2026-05-31T23:59:00
REC03186,EMP085,RKPI085,2026-05-01,2026-05-31,78.7,75.0,100,learning_system,TRAINING_2026-05,2026-05-31T23:59:00
REC03187,EMP085,RKPI080,2026-06-01,2026-06-30,73.8,85.0,73.8,goal_achievement_system,GOALS_2026-06,2026-06-30T23:59:00
REC03188,EMP085,RKPI081,2026-06-01,2026-06-30,4.5,4.2,90.0,collaboration_system,FEEDBACK_2026-06,2026-06-30T23:59:00
REC03189,EMP085,RKPI082,2026-06-01,2026-06-30,87.1,82.0,100,project_contribution_system,PROJECTS_2026-06,2026-06-30T23:59:00
REC03190,EMP085,RKPI083,2026-06-01,2026-06-30,71.4,38.0,100,task_completion_system,TASKS_2026-06,2026-06-30T23:59:00
REC03191,EMP085,RKPI084,2026-06-01,2026-06-30,84.0,85.0,98.8,quality_system,QUALITY_2026-06,2026-06-30T23:59:00
REC03192,EMP085,RKPI085,2026-06-01,2026-06-30,69.9,75.0,93.2,learning_system,TRAINING_2026-06,2026-06-30T23:59:00
REC03193,EMP086,RKPI080,2026-01-01,2026-01-31,61.2,85.0,61.2,goal_achievement_system,GOALS_2026-01,2026-01-31T23:59:00
REC03194,EMP086,RKPI081,2026-01-01,2026-01-31,2.9,4.2,58.0,collaboration_system,FEEDBACK_2026-01,2026-01-31T23:59:00
REC03195,EMP086,RKPI082,2026-01-01,2026-01-31,64.9,82.0,79.1,project_contribution_system,PROJECTS_2026-01,2026-01-31T23:59:00
REC03196,EMP086,RKPI083,2026-01-01,2026-01-31,50.0,38.0,100,task_completion_system,TASKS_2026-01,2026-01-31T23:59:00
REC03197,EMP086,RKPI084,2026-01-01,2026-01-31,63.4,85.0,74.6,quality_system,QUALITY_2026-01,2026-01-31T23:59:00
REC03198,EMP086,RKPI085,2026-01-01,2026-01-31,51.4,75.0,68.5,learning_system,TRAINING_2026-01,2026-01-31T23:59:00
REC03199,EMP086,RKPI080,2026-02-01,2026-02-28,55.6,85.0,55.6,goal_achievement_system,GOALS_2026-02,2026-02-28T23:59:00
REC03200,EMP086,RKPI081,2026-02-01,2026-02-28,3.4,4.2,68.0,collaboration_system,FEEDBACK_2026-02,2026-02-28T23:59:00
REC03201,EMP086,RKPI082,2026-02-01,2026-02-28,54.0,82.0,65.9,project_contribution_system,PROJECTS_2026-02,2026-02-28T23:59:00
REC03202,EMP086,RKPI083,2026-02-01,2026-02-28,55.6,38.0,100,task_completion_system,TASKS_2026-02,2026-02-28T23:59:00
REC03203,EMP086,RKPI084,2026-02-01,2026-02-28,56.9,85.0,66.9,quality_system,QUALITY_2026-02,2026-02-28T23:59:00
REC03204,EMP086,RKPI085,2026-02-01,2026-02-28,39.9,75.0,53.2,learning_system,TRAINING_2026-02,2026-02-28T23:59:00
REC03205,EMP086,RKPI080,2026-03-01,2026-03-31,51.3,85.0,51.3,goal_achievement_system,GOALS_2026-03,2026-03-31T23:59:00
REC03206,EMP086,RKPI081,2026-03-01,2026-03-31,3.0,4.2,60.0,collaboration_system,FEEDBACK_2026-03,2026-03-31T23:59:00
REC03207,EMP086,RKPI082,2026-03-01,2026-03-31,37.2,82.0,45.4,project_contribution_system,PROJECTS_2026-03,2026-03-31T23:59:00
REC03208,EMP086,RKPI083,2026-03-01,2026-03-31,57.1,38.0,100,task_completion_system,TASKS_2026-03,2026-03-31T23:59:00
REC03209,EMP086,RKPI084,2026-03-01,2026-03-31,55.0,85.0,64.7,quality_system,QUALITY_2026-03,2026-03-31T23:59:00
REC03210,EMP086,RKPI085,2026-03-01,2026-03-31,46.4,75.0,61.9,learning_system,TRAINING_2026-03,2026-03-31T23:59:00
REC03211,EMP086,RKPI080,2026-04-01,2026-04-30,50.2,85.0,50.2,goal_achievement_system,GOALS_2026-04,2026-04-30T23:59:00
REC03212,EMP086,RKPI081,2026-04-01,2026-04-30,3.3,4.2,66.0,collaboration_system,FEEDBACK_2026-04,2026-04-30T23:59:00
REC03213,EMP086,RKPI082,2026-04-01,2026-04-30,43.6,82.0,53.2,project_contribution_system,PROJECTS_2026-04,2026-04-30T23:59:00
REC03214,EMP086,RKPI083,2026-04-01,2026-04-30,58.3,38.0,100,task_completion_system,TASKS_2026-04,2026-04-30T23:59:00
REC03215,EMP086,RKPI084,2026-04-01,2026-04-30,63.4,85.0,74.6,quality_system,QUALITY_2026-04,2026-04-30T23:59:00
REC03216,EMP086,RKPI085,2026-04-01,2026-04-30,50.5,75.0,67.3,learning_system,TRAINING_2026-04,2026-04-30T23:59:00
REC03217,EMP086,RKPI080,2026-05-01,2026-05-31,59.3,85.0,59.3,goal_achievement_system,GOALS_2026-05,2026-05-31T23:59:00
REC03218,EMP086,RKPI081,2026-05-01,2026-05-31,2.9,4.2,58.0,collaboration_system,FEEDBACK_2026-05,2026-05-31T23:59:00
REC03219,EMP086,RKPI082,2026-05-01,2026-05-31,60.5,82.0,73.8,project_contribution_system,PROJECTS_2026-05,2026-05-31T23:59:00
REC03220,EMP086,RKPI083,2026-05-01,2026-05-31,28.6,38.0,75.3,task_completion_system,TASKS_2026-05,2026-05-31T23:59:00
REC03221,EMP086,RKPI084,2026-05-01,2026-05-31,58.2,85.0,68.5,quality_system,QUALITY_2026-05,2026-05-31T23:59:00
REC03222,EMP086,RKPI085,2026-05-01,2026-05-31,27.5,75.0,36.7,learning_system,TRAINING_2026-05,2026-05-31T23:59:00
REC03223,EMP086,RKPI080,2026-06-01,2026-06-30,52.7,85.0,52.7,goal_achievement_system,GOALS_2026-06,2026-06-30T23:59:00
REC03224,EMP086,RKPI081,2026-06-01,2026-06-30,2.8,4.2,56.0,collaboration_system,FEEDBACK_2026-06,2026-06-30T23:59:00
REC03225,EMP086,RKPI082,2026-06-01,2026-06-30,68.8,82.0,83.9,project_contribution_system,PROJECTS_2026-06,2026-06-30T23:59:00
REC03226,EMP086,RKPI083,2026-06-01,2026-06-30,66.7,38.0,100,task_completion_system,TASKS_2026-06,2026-06-30T23:59:00
REC03227,EMP086,RKPI084,2026-06-01,2026-06-30,58.1,85.0,68.4,quality_system,QUALITY_2026-06,2026-06-30T23:59:00
REC03228,EMP086,RKPI085,2026-06-01,2026-06-30,38.9,75.0,51.9,learning_system,TRAINING_2026-06,2026-06-30T23:59:00
REC03229,EMP087,RKPI086,2026-01-01,2026-01-31,71.0,82.0,86.6,technical_skill_system,SKILLS_2026-01,2026-01-31T23:59:00
REC03230,EMP087,RKPI087,2026-01-01,2026-01-31,70.1,90.0,77.9,quality_system,QUALITY_2026-01,2026-01-31T23:59:00
REC03231,EMP087,RKPI088,2026-01-01,2026-01-31,85.7,35.0,100,task_completion_system,TASKS_2026-01,2026-01-31T23:59:00
REC03232,EMP087,RKPI089,2026-01-01,2026-01-31,65.8,80.0,82.2,project_contribution_system,PROJECTS_2026-01,2026-01-31T23:59:00
REC03233,EMP087,RKPI090,2026-01-01,2026-01-31,56.9,80.0,71.1,learning_system,TRAINING_2026-01,2026-01-31T23:59:00
REC03234,EMP087,RKPI091,2026-01-01,2026-01-31,67.7,80.0,67.7,goal_achievement_system,GOALS_2026-01,2026-01-31T23:59:00
REC03235,EMP087,RKPI086,2026-02-01,2026-02-28,73.0,82.0,89.0,technical_skill_system,SKILLS_2026-02,2026-02-28T23:59:00
REC03236,EMP087,RKPI087,2026-02-01,2026-02-28,67.3,90.0,74.8,quality_system,QUALITY_2026-02,2026-02-28T23:59:00
REC03237,EMP087,RKPI088,2026-02-01,2026-02-28,55.6,35.0,100,task_completion_system,TASKS_2026-02,2026-02-28T23:59:00
REC03238,EMP087,RKPI089,2026-02-01,2026-02-28,57.0,80.0,71.2,project_contribution_system,PROJECTS_2026-02,2026-02-28T23:59:00
REC03239,EMP087,RKPI090,2026-02-01,2026-02-28,68.2,80.0,85.2,learning_system,TRAINING_2026-02,2026-02-28T23:59:00
REC03240,EMP087,RKPI091,2026-02-01,2026-02-28,60.7,80.0,60.7,goal_achievement_system,GOALS_2026-02,2026-02-28T23:59:00
REC03241,EMP087,RKPI086,2026-03-01,2026-03-31,64.6,82.0,78.8,technical_skill_system,SKILLS_2026-03,2026-03-31T23:59:00
REC03242,EMP087,RKPI087,2026-03-01,2026-03-31,79.4,90.0,88.2,quality_system,QUALITY_2026-03,2026-03-31T23:59:00
REC03243,EMP087,RKPI088,2026-03-01,2026-03-31,42.9,35.0,100,task_completion_system,TASKS_2026-03,2026-03-31T23:59:00
REC03244,EMP087,RKPI089,2026-03-01,2026-03-31,69.7,80.0,87.1,project_contribution_system,PROJECTS_2026-03,2026-03-31T23:59:00
REC03245,EMP087,RKPI090,2026-03-01,2026-03-31,63.4,80.0,79.2,learning_system,TRAINING_2026-03,2026-03-31T23:59:00
REC03246,EMP087,RKPI091,2026-03-01,2026-03-31,58.2,80.0,58.2,goal_achievement_system,GOALS_2026-03,2026-03-31T23:59:00
REC03247,EMP087,RKPI086,2026-04-01,2026-04-30,63.8,82.0,77.8,technical_skill_system,SKILLS_2026-04,2026-04-30T23:59:00
REC03248,EMP087,RKPI087,2026-04-01,2026-04-30,83.2,90.0,92.4,quality_system,QUALITY_2026-04,2026-04-30T23:59:00
REC03249,EMP087,RKPI088,2026-04-01,2026-04-30,100.0,35.0,100,task_completion_system,TASKS_2026-04,2026-04-30T23:59:00
REC03250,EMP087,RKPI089,2026-04-01,2026-04-30,66.7,80.0,83.4,project_contribution_system,PROJECTS_2026-04,2026-04-30T23:59:00
REC03251,EMP087,RKPI090,2026-04-01,2026-04-30,47.5,80.0,59.4,learning_system,TRAINING_2026-04,2026-04-30T23:59:00
REC03252,EMP087,RKPI091,2026-04-01,2026-04-30,68.3,80.0,68.3,goal_achievement_system,GOALS_2026-04,2026-04-30T23:59:00
REC03253,EMP087,RKPI086,2026-05-01,2026-05-31,67.7,82.0,82.6,technical_skill_system,SKILLS_2026-05,2026-05-31T23:59:00
REC03254,EMP087,RKPI087,2026-05-01,2026-05-31,73.9,90.0,82.1,quality_system,QUALITY_2026-05,2026-05-31T23:59:00
REC03255,EMP087,RKPI088,2026-05-01,2026-05-31,72.7,35.0,100,task_completion_system,TASKS_2026-05,2026-05-31T23:59:00
REC03256,EMP087,RKPI089,2026-05-01,2026-05-31,75.6,80.0,94.5,project_contribution_system,PROJECTS_2026-05,2026-05-31T23:59:00
REC03257,EMP087,RKPI090,2026-05-01,2026-05-31,67.6,80.0,84.5,learning_system,TRAINING_2026-05,2026-05-31T23:59:00
REC03258,EMP087,RKPI091,2026-05-01,2026-05-31,69.0,80.0,69.0,goal_achievement_system,GOALS_2026-05,2026-05-31T23:59:00
REC03259,EMP087,RKPI086,2026-06-01,2026-06-30,71.0,82.0,86.6,technical_skill_system,SKILLS_2026-06,2026-06-30T23:59:00
REC03260,EMP087,RKPI087,2026-06-01,2026-06-30,69.6,90.0,77.3,quality_system,QUALITY_2026-06,2026-06-30T23:59:00
REC03261,EMP087,RKPI088,2026-06-01,2026-06-30,75.0,35.0,100,task_completion_system,TASKS_2026-06,2026-06-30T23:59:00
REC03262,EMP087,RKPI089,2026-06-01,2026-06-30,68.2,80.0,85.2,project_contribution_system,PROJECTS_2026-06,2026-06-30T23:59:00
REC03263,EMP087,RKPI090,2026-06-01,2026-06-30,51.4,80.0,64.2,learning_system,TRAINING_2026-06,2026-06-30T23:59:00
REC03264,EMP087,RKPI091,2026-06-01,2026-06-30,65.1,80.0,65.1,goal_achievement_system,GOALS_2026-06,2026-06-30T23:59:00
REC03265,EMP088,RKPI086,2026-01-01,2026-01-31,80.0,82.0,97.6,technical_skill_system,SKILLS_2026-01,2026-01-31T23:59:00
REC03266,EMP088,RKPI087,2026-01-01,2026-01-31,78.8,90.0,87.6,quality_system,QUALITY_2026-01,2026-01-31T23:59:00
REC03267,EMP088,RKPI088,2026-01-01,2026-01-31,83.3,35.0,100,task_completion_system,TASKS_2026-01,2026-01-31T23:59:00
REC03268,EMP088,RKPI089,2026-01-01,2026-01-31,83.9,80.0,100,project_contribution_system,PROJECTS_2026-01,2026-01-31T23:59:00
REC03269,EMP088,RKPI090,2026-01-01,2026-01-31,90.5,80.0,100,learning_system,TRAINING_2026-01,2026-01-31T23:59:00
REC03270,EMP088,RKPI091,2026-01-01,2026-01-31,83.2,80.0,83.2,goal_achievement_system,GOALS_2026-01,2026-01-31T23:59:00
REC03271,EMP088,RKPI086,2026-02-01,2026-02-28,74.0,82.0,90.2,technical_skill_system,SKILLS_2026-02,2026-02-28T23:59:00
REC03272,EMP088,RKPI087,2026-02-01,2026-02-28,77.6,90.0,86.2,quality_system,QUALITY_2026-02,2026-02-28T23:59:00
REC03273,EMP088,RKPI088,2026-02-01,2026-02-28,85.7,35.0,100,task_completion_system,TASKS_2026-02,2026-02-28T23:59:00
REC03274,EMP088,RKPI089,2026-02-01,2026-02-28,75.5,80.0,94.4,project_contribution_system,PROJECTS_2026-02,2026-02-28T23:59:00
REC03275,EMP088,RKPI090,2026-02-01,2026-02-28,82.3,80.0,100,learning_system,TRAINING_2026-02,2026-02-28T23:59:00
REC03276,EMP088,RKPI091,2026-02-01,2026-02-28,87.4,80.0,87.4,goal_achievement_system,GOALS_2026-02,2026-02-28T23:59:00
REC03277,EMP088,RKPI086,2026-03-01,2026-03-31,77.0,82.0,93.9,technical_skill_system,SKILLS_2026-03,2026-03-31T23:59:00
REC03278,EMP088,RKPI087,2026-03-01,2026-03-31,84.1,90.0,93.4,quality_system,QUALITY_2026-03,2026-03-31T23:59:00
REC03279,EMP088,RKPI088,2026-03-01,2026-03-31,90.9,35.0,100,task_completion_system,TASKS_2026-03,2026-03-31T23:59:00
REC03280,EMP088,RKPI089,2026-03-01,2026-03-31,83.3,80.0,100,project_contribution_system,PROJECTS_2026-03,2026-03-31T23:59:00
REC03281,EMP088,RKPI090,2026-03-01,2026-03-31,78.9,80.0,98.6,learning_system,TRAINING_2026-03,2026-03-31T23:59:00
REC03282,EMP088,RKPI091,2026-03-01,2026-03-31,71.7,80.0,71.7,goal_achievement_system,GOALS_2026-03,2026-03-31T23:59:00
REC03283,EMP088,RKPI086,2026-04-01,2026-04-30,88.0,82.0,100,technical_skill_system,SKILLS_2026-04,2026-04-30T23:59:00
REC03284,EMP088,RKPI087,2026-04-01,2026-04-30,71.1,90.0,79.0,quality_system,QUALITY_2026-04,2026-04-30T23:59:00
REC03285,EMP088,RKPI088,2026-04-01,2026-04-30,75.0,35.0,100,task_completion_system,TASKS_2026-04,2026-04-30T23:59:00
REC03286,EMP088,RKPI089,2026-04-01,2026-04-30,73.2,80.0,91.5,project_contribution_system,PROJECTS_2026-04,2026-04-30T23:59:00
REC03287,EMP088,RKPI090,2026-04-01,2026-04-30,87.7,80.0,100,learning_system,TRAINING_2026-04,2026-04-30T23:59:00
REC03288,EMP088,RKPI091,2026-04-01,2026-04-30,84.7,80.0,84.7,goal_achievement_system,GOALS_2026-04,2026-04-30T23:59:00
REC03289,EMP088,RKPI086,2026-05-01,2026-05-31,79.0,82.0,96.3,technical_skill_system,SKILLS_2026-05,2026-05-31T23:59:00
REC03290,EMP088,RKPI087,2026-05-01,2026-05-31,88.6,90.0,98.4,quality_system,QUALITY_2026-05,2026-05-31T23:59:00
REC03291,EMP088,RKPI088,2026-05-01,2026-05-31,57.1,35.0,100,task_completion_system,TASKS_2026-05,2026-05-31T23:59:00
REC03292,EMP088,RKPI089,2026-05-01,2026-05-31,75.4,80.0,94.3,project_contribution_system,PROJECTS_2026-05,2026-05-31T23:59:00
REC03293,EMP088,RKPI090,2026-05-01,2026-05-31,72.9,80.0,91.1,learning_system,TRAINING_2026-05,2026-05-31T23:59:00
REC03294,EMP088,RKPI091,2026-05-01,2026-05-31,86.2,80.0,86.2,goal_achievement_system,GOALS_2026-05,2026-05-31T23:59:00
REC03295,EMP088,RKPI086,2026-06-01,2026-06-30,80.0,82.0,97.6,technical_skill_system,SKILLS_2026-06,2026-06-30T23:59:00
REC03296,EMP088,RKPI087,2026-06-01,2026-06-30,90.9,90.0,100,quality_system,QUALITY_2026-06,2026-06-30T23:59:00
REC03297,EMP088,RKPI088,2026-06-01,2026-06-30,100.0,35.0,100,task_completion_system,TASKS_2026-06,2026-06-30T23:59:00
REC03298,EMP088,RKPI089,2026-06-01,2026-06-30,78.3,80.0,97.9,project_contribution_system,PROJECTS_2026-06,2026-06-30T23:59:00
REC03299,EMP088,RKPI090,2026-06-01,2026-06-30,78.4,80.0,98.0,learning_system,TRAINING_2026-06,2026-06-30T23:59:00
REC03300,EMP088,RKPI091,2026-06-01,2026-06-30,80.6,80.0,80.6,goal_achievement_system,GOALS_2026-06,2026-06-30T23:59:00
REC03301,EMP089,RKPI086,2026-01-01,2026-01-31,51.7,82.0,63.0,technical_skill_system,SKILLS_2026-01,2026-01-31T23:59:00
REC03302,EMP089,RKPI087,2026-01-01,2026-01-31,75.7,90.0,84.1,quality_system,QUALITY_2026-01,2026-01-31T23:59:00
REC03303,EMP089,RKPI088,2026-01-01,2026-01-31,61.5,35.0,100,task_completion_system,TASKS_2026-01,2026-01-31T23:59:00
REC03304,EMP089,RKPI089,2026-01-01,2026-01-31,72.7,80.0,90.9,project_contribution_system,PROJECTS_2026-01,2026-01-31T23:59:00
REC03305,EMP089,RKPI090,2026-01-01,2026-01-31,49.1,80.0,61.4,learning_system,TRAINING_2026-01,2026-01-31T23:59:00
REC03306,EMP089,RKPI091,2026-01-01,2026-01-31,66.3,80.0,66.3,goal_achievement_system,GOALS_2026-01,2026-01-31T23:59:00
REC03307,EMP089,RKPI086,2026-02-01,2026-02-28,62.0,82.0,75.6,technical_skill_system,SKILLS_2026-02,2026-02-28T23:59:00
REC03308,EMP089,RKPI087,2026-02-01,2026-02-28,69.7,90.0,77.4,quality_system,QUALITY_2026-02,2026-02-28T23:59:00
REC03309,EMP089,RKPI088,2026-02-01,2026-02-28,80.0,35.0,100,task_completion_system,TASKS_2026-02,2026-02-28T23:59:00
REC03310,EMP089,RKPI089,2026-02-01,2026-02-28,65.2,80.0,81.5,project_contribution_system,PROJECTS_2026-02,2026-02-28T23:59:00
REC03311,EMP089,RKPI090,2026-02-01,2026-02-28,52.9,80.0,66.1,learning_system,TRAINING_2026-02,2026-02-28T23:59:00
REC03312,EMP089,RKPI091,2026-02-01,2026-02-28,75.8,80.0,75.8,goal_achievement_system,GOALS_2026-02,2026-02-28T23:59:00
REC03313,EMP089,RKPI086,2026-03-01,2026-03-31,76.0,82.0,92.7,technical_skill_system,SKILLS_2026-03,2026-03-31T23:59:00
REC03314,EMP089,RKPI087,2026-03-01,2026-03-31,73.1,90.0,81.2,quality_system,QUALITY_2026-03,2026-03-31T23:59:00
REC03315,EMP089,RKPI088,2026-03-01,2026-03-31,42.9,35.0,100,task_completion_system,TASKS_2026-03,2026-03-31T23:59:00
REC03316,EMP089,RKPI089,2026-03-01,2026-03-31,75.9,80.0,94.9,project_contribution_system,PROJECTS_2026-03,2026-03-31T23:59:00
REC03317,EMP089,RKPI090,2026-03-01,2026-03-31,51.8,80.0,64.8,learning_system,TRAINING_2026-03,2026-03-31T23:59:00
REC03318,EMP089,RKPI091,2026-03-01,2026-03-31,59.1,80.0,59.1,goal_achievement_system,GOALS_2026-03,2026-03-31T23:59:00
REC03319,EMP089,RKPI086,2026-04-01,2026-04-30,68.0,82.0,82.9,technical_skill_system,SKILLS_2026-04,2026-04-30T23:59:00
REC03320,EMP089,RKPI087,2026-04-01,2026-04-30,76.3,90.0,84.8,quality_system,QUALITY_2026-04,2026-04-30T23:59:00
REC03321,EMP089,RKPI088,2026-04-01,2026-04-30,70.0,35.0,100,task_completion_system,TASKS_2026-04,2026-04-30T23:59:00
REC03322,EMP089,RKPI089,2026-04-01,2026-04-30,73.2,80.0,91.5,project_contribution_system,PROJECTS_2026-04,2026-04-30T23:59:00
REC03323,EMP089,RKPI090,2026-04-01,2026-04-30,64.9,80.0,81.1,learning_system,TRAINING_2026-04,2026-04-30T23:59:00
REC03324,EMP089,RKPI091,2026-04-01,2026-04-30,72.2,80.0,72.2,goal_achievement_system,GOALS_2026-04,2026-04-30T23:59:00
REC03325,EMP089,RKPI086,2026-05-01,2026-05-31,72.0,82.0,87.8,technical_skill_system,SKILLS_2026-05,2026-05-31T23:59:00
REC03326,EMP089,RKPI087,2026-05-01,2026-05-31,66.8,90.0,74.2,quality_system,QUALITY_2026-05,2026-05-31T23:59:00
REC03327,EMP089,RKPI088,2026-05-01,2026-05-31,100.0,35.0,100,task_completion_system,TASKS_2026-05,2026-05-31T23:59:00
REC03328,EMP089,RKPI089,2026-05-01,2026-05-31,58.6,80.0,73.2,project_contribution_system,PROJECTS_2026-05,2026-05-31T23:59:00
REC03329,EMP089,RKPI090,2026-05-01,2026-05-31,46.6,80.0,58.2,learning_system,TRAINING_2026-05,2026-05-31T23:59:00
REC03330,EMP089,RKPI091,2026-05-01,2026-05-31,57.3,80.0,57.3,goal_achievement_system,GOALS_2026-05,2026-05-31T23:59:00
REC03331,EMP089,RKPI086,2026-06-01,2026-06-30,68.0,82.0,82.9,technical_skill_system,SKILLS_2026-06,2026-06-30T23:59:00
REC03332,EMP089,RKPI087,2026-06-01,2026-06-30,80.4,90.0,89.3,quality_system,QUALITY_2026-06,2026-06-30T23:59:00
REC03333,EMP089,RKPI088,2026-06-01,2026-06-30,75.0,35.0,100,task_completion_system,TASKS_2026-06,2026-06-30T23:59:00
REC03334,EMP089,RKPI089,2026-06-01,2026-06-30,67.2,80.0,84.0,project_contribution_system,PROJECTS_2026-06,2026-06-30T23:59:00
REC03335,EMP089,RKPI090,2026-06-01,2026-06-30,51.9,80.0,64.9,learning_system,TRAINING_2026-06,2026-06-30T23:59:00
REC03336,EMP089,RKPI091,2026-06-01,2026-06-30,69.6,80.0,69.6,goal_achievement_system,GOALS_2026-06,2026-06-30T23:59:00
REC03337,EMP090,RKPI086,2026-01-01,2026-01-31,52.0,82.0,63.4,technical_skill_system,SKILLS_2026-01,2026-01-31T23:59:00
REC03338,EMP090,RKPI087,2026-01-01,2026-01-31,71.5,90.0,79.4,quality_system,QUALITY_2026-01,2026-01-31T23:59:00
REC03339,EMP090,RKPI088,2026-01-01,2026-01-31,71.4,35.0,100,task_completion_system,TASKS_2026-01,2026-01-31T23:59:00
REC03340,EMP090,RKPI089,2026-01-01,2026-01-31,47.8,80.0,59.7,project_contribution_system,PROJECTS_2026-01,2026-01-31T23:59:00
REC03341,EMP090,RKPI090,2026-01-01,2026-01-31,50.1,80.0,62.6,learning_system,TRAINING_2026-01,2026-01-31T23:59:00
REC03342,EMP090,RKPI091,2026-01-01,2026-01-31,53.2,80.0,53.2,goal_achievement_system,GOALS_2026-01,2026-01-31T23:59:00
REC03343,EMP090,RKPI086,2026-02-01,2026-02-28,58.7,82.0,71.6,technical_skill_system,SKILLS_2026-02,2026-02-28T23:59:00
REC03344,EMP090,RKPI087,2026-02-01,2026-02-28,77.0,90.0,85.6,quality_system,QUALITY_2026-02,2026-02-28T23:59:00
REC03345,EMP090,RKPI088,2026-02-01,2026-02-28,44.4,35.0,100,task_completion_system,TASKS_2026-02,2026-02-28T23:59:00
REC03346,EMP090,RKPI089,2026-02-01,2026-02-28,50.9,80.0,63.6,project_contribution_system,PROJECTS_2026-02,2026-02-28T23:59:00
REC03347,EMP090,RKPI090,2026-02-01,2026-02-28,46.1,80.0,57.6,learning_system,TRAINING_2026-02,2026-02-28T23:59:00
REC03348,EMP090,RKPI091,2026-02-01,2026-02-28,43.5,80.0,43.5,goal_achievement_system,GOALS_2026-02,2026-02-28T23:59:00
REC03349,EMP090,RKPI086,2026-03-01,2026-03-31,64.0,82.0,78.0,technical_skill_system,SKILLS_2026-03,2026-03-31T23:59:00
REC03350,EMP090,RKPI087,2026-03-01,2026-03-31,63.4,90.0,70.4,quality_system,QUALITY_2026-03,2026-03-31T23:59:00
REC03351,EMP090,RKPI088,2026-03-01,2026-03-31,50.0,35.0,100,task_completion_system,TASKS_2026-03,2026-03-31T23:59:00
REC03352,EMP090,RKPI089,2026-03-01,2026-03-31,50.5,80.0,63.1,project_contribution_system,PROJECTS_2026-03,2026-03-31T23:59:00
REC03353,EMP090,RKPI090,2026-03-01,2026-03-31,30.1,80.0,37.6,learning_system,TRAINING_2026-03,2026-03-31T23:59:00
REC03354,EMP090,RKPI091,2026-03-01,2026-03-31,42.9,80.0,42.9,goal_achievement_system,GOALS_2026-03,2026-03-31T23:59:00
REC03355,EMP090,RKPI086,2026-04-01,2026-04-30,34.6,82.0,42.2,technical_skill_system,SKILLS_2026-04,2026-04-30T23:59:00
REC03356,EMP090,RKPI087,2026-04-01,2026-04-30,64.6,90.0,71.8,quality_system,QUALITY_2026-04,2026-04-30T23:59:00
REC03357,EMP090,RKPI088,2026-04-01,2026-04-30,100.0,35.0,100,task_completion_system,TASKS_2026-04,2026-04-30T23:59:00
REC03358,EMP090,RKPI089,2026-04-01,2026-04-30,35.5,80.0,44.4,project_contribution_system,PROJECTS_2026-04,2026-04-30T23:59:00
REC03359,EMP090,RKPI090,2026-04-01,2026-04-30,51.0,80.0,63.7,learning_system,TRAINING_2026-04,2026-04-30T23:59:00
REC03360,EMP090,RKPI091,2026-04-01,2026-04-30,54.8,80.0,54.8,goal_achievement_system,GOALS_2026-04,2026-04-30T23:59:00
REC03361,EMP090,RKPI086,2026-05-01,2026-05-31,44.3,82.0,54.0,technical_skill_system,SKILLS_2026-05,2026-05-31T23:59:00
REC03362,EMP090,RKPI087,2026-05-01,2026-05-31,56.6,90.0,62.9,quality_system,QUALITY_2026-05,2026-05-31T23:59:00
REC03363,EMP090,RKPI088,2026-05-01,2026-05-31,33.3,35.0,95.1,task_completion_system,TASKS_2026-05,2026-05-31T23:59:00
REC03364,EMP090,RKPI089,2026-05-01,2026-05-31,43.7,80.0,54.6,project_contribution_system,PROJECTS_2026-05,2026-05-31T23:59:00
REC03365,EMP090,RKPI090,2026-05-01,2026-05-31,48.2,80.0,60.2,learning_system,TRAINING_2026-05,2026-05-31T23:59:00
REC03366,EMP090,RKPI091,2026-05-01,2026-05-31,60.8,80.0,60.8,goal_achievement_system,GOALS_2026-05,2026-05-31T23:59:00
REC03367,EMP090,RKPI086,2026-06-01,2026-06-30,64.0,82.0,78.0,technical_skill_system,SKILLS_2026-06,2026-06-30T23:59:00
REC03368,EMP090,RKPI087,2026-06-01,2026-06-30,57.8,90.0,64.2,quality_system,QUALITY_2026-06,2026-06-30T23:59:00
REC03369,EMP090,RKPI088,2026-06-01,2026-06-30,77.8,35.0,100,task_completion_system,TASKS_2026-06,2026-06-30T23:59:00
REC03370,EMP090,RKPI089,2026-06-01,2026-06-30,49.0,80.0,61.3,project_contribution_system,PROJECTS_2026-06,2026-06-30T23:59:00
REC03371,EMP090,RKPI090,2026-06-01,2026-06-30,44.6,80.0,55.8,learning_system,TRAINING_2026-06,2026-06-30T23:59:00
REC03372,EMP090,RKPI091,2026-06-01,2026-06-30,48.5,80.0,48.5,goal_achievement_system,GOALS_2026-06,2026-06-30T23:59:00
REC03373,EMP091,RKPI086,2026-01-01,2026-01-31,82.0,82.0,100,technical_skill_system,SKILLS_2026-01,2026-01-31T23:59:00
REC03374,EMP091,RKPI087,2026-01-01,2026-01-31,83.0,90.0,92.2,quality_system,QUALITY_2026-01,2026-01-31T23:59:00
REC03375,EMP091,RKPI088,2026-01-01,2026-01-31,100.0,35.0,100,task_completion_system,TASKS_2026-01,2026-01-31T23:59:00
REC03376,EMP091,RKPI089,2026-01-01,2026-01-31,78.5,80.0,98.1,project_contribution_system,PROJECTS_2026-01,2026-01-31T23:59:00
REC03377,EMP091,RKPI090,2026-01-01,2026-01-31,80.4,80.0,100,learning_system,TRAINING_2026-01,2026-01-31T23:59:00
REC03378,EMP091,RKPI091,2026-01-01,2026-01-31,68.3,80.0,68.3,goal_achievement_system,GOALS_2026-01,2026-01-31T23:59:00
REC03379,EMP091,RKPI086,2026-02-01,2026-02-28,79.3,82.0,96.7,technical_skill_system,SKILLS_2026-02,2026-02-28T23:59:00
REC03380,EMP091,RKPI087,2026-02-01,2026-02-28,85.6,90.0,95.1,quality_system,QUALITY_2026-02,2026-02-28T23:59:00
REC03381,EMP091,RKPI088,2026-02-01,2026-02-28,66.7,35.0,100,task_completion_system,TASKS_2026-02,2026-02-28T23:59:00
REC03382,EMP091,RKPI089,2026-02-01,2026-02-28,81.3,80.0,100,project_contribution_system,PROJECTS_2026-02,2026-02-28T23:59:00
REC03383,EMP091,RKPI090,2026-02-01,2026-02-28,61.4,80.0,76.8,learning_system,TRAINING_2026-02,2026-02-28T23:59:00
REC03384,EMP091,RKPI091,2026-02-01,2026-02-28,81.8,80.0,81.8,goal_achievement_system,GOALS_2026-02,2026-02-28T23:59:00
REC03385,EMP091,RKPI086,2026-03-01,2026-03-31,71.3,82.0,87.0,technical_skill_system,SKILLS_2026-03,2026-03-31T23:59:00
REC03386,EMP091,RKPI087,2026-03-01,2026-03-31,71.9,90.0,79.9,quality_system,QUALITY_2026-03,2026-03-31T23:59:00
REC03387,EMP091,RKPI088,2026-03-01,2026-03-31,71.4,35.0,100,task_completion_system,TASKS_2026-03,2026-03-31T23:59:00
REC03388,EMP091,RKPI089,2026-03-01,2026-03-31,82.5,80.0,100,project_contribution_system,PROJECTS_2026-03,2026-03-31T23:59:00
REC03389,EMP091,RKPI090,2026-03-01,2026-03-31,90.7,80.0,100,learning_system,TRAINING_2026-03,2026-03-31T23:59:00
REC03390,EMP091,RKPI091,2026-03-01,2026-03-31,85.8,80.0,85.8,goal_achievement_system,GOALS_2026-03,2026-03-31T23:59:00
REC03391,EMP091,RKPI086,2026-04-01,2026-04-30,80.0,82.0,97.6,technical_skill_system,SKILLS_2026-04,2026-04-30T23:59:00
REC03392,EMP091,RKPI087,2026-04-01,2026-04-30,81.3,90.0,90.3,quality_system,QUALITY_2026-04,2026-04-30T23:59:00
REC03393,EMP091,RKPI088,2026-04-01,2026-04-30,87.5,35.0,100,task_completion_system,TASKS_2026-04,2026-04-30T23:59:00
REC03394,EMP091,RKPI089,2026-04-01,2026-04-30,84.0,80.0,100,project_contribution_system,PROJECTS_2026-04,2026-04-30T23:59:00
REC03395,EMP091,RKPI090,2026-04-01,2026-04-30,69.6,80.0,87.0,learning_system,TRAINING_2026-04,2026-04-30T23:59:00
REC03396,EMP091,RKPI091,2026-04-01,2026-04-30,72.3,80.0,72.3,goal_achievement_system,GOALS_2026-04,2026-04-30T23:59:00
REC03397,EMP091,RKPI086,2026-05-01,2026-05-31,69.0,82.0,84.1,technical_skill_system,SKILLS_2026-05,2026-05-31T23:59:00
REC03398,EMP091,RKPI087,2026-05-01,2026-05-31,87.3,90.0,97.0,quality_system,QUALITY_2026-05,2026-05-31T23:59:00
REC03399,EMP091,RKPI088,2026-05-01,2026-05-31,71.4,35.0,100,task_completion_system,TASKS_2026-05,2026-05-31T23:59:00
REC03400,EMP091,RKPI089,2026-05-01,2026-05-31,74.6,80.0,93.2,project_contribution_system,PROJECTS_2026-05,2026-05-31T23:59:00
REC03401,EMP091,RKPI090,2026-05-01,2026-05-31,65.1,80.0,81.4,learning_system,TRAINING_2026-05,2026-05-31T23:59:00
REC03402,EMP091,RKPI091,2026-05-01,2026-05-31,88.2,80.0,88.2,goal_achievement_system,GOALS_2026-05,2026-05-31T23:59:00
REC03403,EMP091,RKPI086,2026-06-01,2026-06-30,82.0,82.0,100,technical_skill_system,SKILLS_2026-06,2026-06-30T23:59:00
REC03404,EMP091,RKPI087,2026-06-01,2026-06-30,72.9,90.0,81.0,quality_system,QUALITY_2026-06,2026-06-30T23:59:00
REC03405,EMP091,RKPI088,2026-06-01,2026-06-30,66.7,35.0,100,task_completion_system,TASKS_2026-06,2026-06-30T23:59:00
REC03406,EMP091,RKPI089,2026-06-01,2026-06-30,76.2,80.0,95.2,project_contribution_system,PROJECTS_2026-06,2026-06-30T23:59:00
REC03407,EMP091,RKPI090,2026-06-01,2026-06-30,73.6,80.0,92.0,learning_system,TRAINING_2026-06,2026-06-30T23:59:00
REC03408,EMP091,RKPI091,2026-06-01,2026-06-30,82.0,80.0,82.0,goal_achievement_system,GOALS_2026-06,2026-06-30T23:59:00
REC03409,EMP092,RKPI086,2026-01-01,2026-01-31,76.8,82.0,93.7,technical_skill_system,SKILLS_2026-01,2026-01-31T23:59:00
REC03410,EMP092,RKPI087,2026-01-01,2026-01-31,85.8,90.0,95.3,quality_system,QUALITY_2026-01,2026-01-31T23:59:00
REC03411,EMP092,RKPI088,2026-01-01,2026-01-31,100.0,35.0,100,task_completion_system,TASKS_2026-01,2026-01-31T23:59:00
REC03412,EMP092,RKPI089,2026-01-01,2026-01-31,86.8,80.0,100,project_contribution_system,PROJECTS_2026-01,2026-01-31T23:59:00
REC03413,EMP092,RKPI090,2026-01-01,2026-01-31,66.1,80.0,82.6,learning_system,TRAINING_2026-01,2026-01-31T23:59:00
REC03414,EMP092,RKPI091,2026-01-01,2026-01-31,73.2,80.0,73.2,goal_achievement_system,GOALS_2026-01,2026-01-31T23:59:00
REC03415,EMP092,RKPI086,2026-02-01,2026-02-28,76.0,82.0,92.7,technical_skill_system,SKILLS_2026-02,2026-02-28T23:59:00
REC03416,EMP092,RKPI087,2026-02-01,2026-02-28,83.0,90.0,92.2,quality_system,QUALITY_2026-02,2026-02-28T23:59:00
REC03417,EMP092,RKPI088,2026-02-01,2026-02-28,100.0,35.0,100,task_completion_system,TASKS_2026-02,2026-02-28T23:59:00
REC03418,EMP092,RKPI089,2026-02-01,2026-02-28,85.5,80.0,100,project_contribution_system,PROJECTS_2026-02,2026-02-28T23:59:00
REC03419,EMP092,RKPI090,2026-02-01,2026-02-28,68.0,80.0,85.0,learning_system,TRAINING_2026-02,2026-02-28T23:59:00
REC03420,EMP092,RKPI091,2026-02-01,2026-02-28,68.2,80.0,68.2,goal_achievement_system,GOALS_2026-02,2026-02-28T23:59:00
REC03421,EMP092,RKPI086,2026-03-01,2026-03-31,78.0,82.0,95.1,technical_skill_system,SKILLS_2026-03,2026-03-31T23:59:00
REC03422,EMP092,RKPI087,2026-03-01,2026-03-31,80.0,90.0,88.9,quality_system,QUALITY_2026-03,2026-03-31T23:59:00
REC03423,EMP092,RKPI088,2026-03-01,2026-03-31,100.0,35.0,100,task_completion_system,TASKS_2026-03,2026-03-31T23:59:00
REC03424,EMP092,RKPI089,2026-03-01,2026-03-31,82.7,80.0,100,project_contribution_system,PROJECTS_2026-03,2026-03-31T23:59:00
REC03425,EMP092,RKPI090,2026-03-01,2026-03-31,77.4,80.0,96.8,learning_system,TRAINING_2026-03,2026-03-31T23:59:00
REC03426,EMP092,RKPI091,2026-03-01,2026-03-31,86.5,80.0,86.5,goal_achievement_system,GOALS_2026-03,2026-03-31T23:59:00
REC03427,EMP092,RKPI086,2026-04-01,2026-04-30,80.0,82.0,97.6,technical_skill_system,SKILLS_2026-04,2026-04-30T23:59:00
REC03428,EMP092,RKPI087,2026-04-01,2026-04-30,85.6,90.0,95.1,quality_system,QUALITY_2026-04,2026-04-30T23:59:00
REC03429,EMP092,RKPI088,2026-04-01,2026-04-30,100.0,35.0,100,task_completion_system,TASKS_2026-04,2026-04-30T23:59:00
REC03430,EMP092,RKPI089,2026-04-01,2026-04-30,73.2,80.0,91.5,project_contribution_system,PROJECTS_2026-04,2026-04-30T23:59:00
REC03431,EMP092,RKPI090,2026-04-01,2026-04-30,77.3,80.0,96.6,learning_system,TRAINING_2026-04,2026-04-30T23:59:00
REC03432,EMP092,RKPI091,2026-04-01,2026-04-30,78.4,80.0,78.4,goal_achievement_system,GOALS_2026-04,2026-04-30T23:59:00
REC03433,EMP092,RKPI086,2026-05-01,2026-05-31,72.7,82.0,88.7,technical_skill_system,SKILLS_2026-05,2026-05-31T23:59:00
REC03434,EMP092,RKPI087,2026-05-01,2026-05-31,92.6,90.0,100,quality_system,QUALITY_2026-05,2026-05-31T23:59:00
REC03435,EMP092,RKPI088,2026-05-01,2026-05-31,83.3,35.0,100,task_completion_system,TASKS_2026-05,2026-05-31T23:59:00
REC03436,EMP092,RKPI089,2026-05-01,2026-05-31,90.6,80.0,100,project_contribution_system,PROJECTS_2026-05,2026-05-31T23:59:00
REC03437,EMP092,RKPI090,2026-05-01,2026-05-31,76.7,80.0,95.9,learning_system,TRAINING_2026-05,2026-05-31T23:59:00
REC03438,EMP092,RKPI091,2026-05-01,2026-05-31,73.8,80.0,73.8,goal_achievement_system,GOALS_2026-05,2026-05-31T23:59:00
REC03439,EMP092,RKPI086,2026-06-01,2026-06-30,77.0,82.0,93.9,technical_skill_system,SKILLS_2026-06,2026-06-30T23:59:00
REC03440,EMP092,RKPI087,2026-06-01,2026-06-30,80.3,90.0,89.2,quality_system,QUALITY_2026-06,2026-06-30T23:59:00
REC03441,EMP092,RKPI088,2026-06-01,2026-06-30,66.7,35.0,100,task_completion_system,TASKS_2026-06,2026-06-30T23:59:00
REC03442,EMP092,RKPI089,2026-06-01,2026-06-30,74.3,80.0,92.9,project_contribution_system,PROJECTS_2026-06,2026-06-30T23:59:00
REC03443,EMP092,RKPI090,2026-06-01,2026-06-30,62.4,80.0,78.0,learning_system,TRAINING_2026-06,2026-06-30T23:59:00
REC03444,EMP092,RKPI091,2026-06-01,2026-06-30,76.9,80.0,76.9,goal_achievement_system,GOALS_2026-06,2026-06-30T23:59:00
REC03445,EMP093,RKPI092,2026-01-01,2026-01-31,100.0,45.0,100,task_completion_system,TASKS_2026-01,2026-01-31T23:59:00
REC03446,EMP093,RKPI093,2026-01-01,2026-01-31,93.8,90.0,100,quality_system,QUALITY_2026-01,2026-01-31T23:59:00
REC03447,EMP093,RKPI094,2026-01-01,2026-01-31,100.0,88.0,100,ontime_delivery_system,TASKS_2026-01,2026-01-31T23:59:00
REC03448,EMP093,RKPI095,2026-01-01,2026-01-31,95.0,80.0,100,technical_skill_system,SKILLS_2026-01,2026-01-31T23:59:00
REC03449,EMP093,RKPI096,2026-01-01,2026-01-31,95.2,95.0,95.2,attendance_system,ATTENDANCE_2026-01,2026-01-31T23:59:00
REC03450,EMP093,RKPI097,2026-01-01,2026-01-31,4.2,3.8,84.0,collaboration_system,FEEDBACK_2026-01,2026-01-31T23:59:00
REC03451,EMP093,RKPI092,2026-02-01,2026-02-28,92.9,45.0,100,task_completion_system,TASKS_2026-02,2026-02-28T23:59:00
REC03452,EMP093,RKPI093,2026-02-01,2026-02-28,95.6,90.0,100,quality_system,QUALITY_2026-02,2026-02-28T23:59:00
REC03453,EMP093,RKPI094,2026-02-01,2026-02-28,92.3,88.0,92.3,ontime_delivery_system,TASKS_2026-02,2026-02-28T23:59:00
REC03454,EMP093,RKPI095,2026-02-01,2026-02-28,100,80.0,100,technical_skill_system,SKILLS_2026-02,2026-02-28T23:59:00
REC03455,EMP093,RKPI096,2026-02-01,2026-02-28,100.0,95.0,100,attendance_system,ATTENDANCE_2026-02,2026-02-28T23:59:00
REC03456,EMP093,RKPI097,2026-02-01,2026-02-28,4.2,3.8,84.0,collaboration_system,FEEDBACK_2026-02,2026-02-28T23:59:00
REC03457,EMP093,RKPI092,2026-03-01,2026-03-31,62.5,45.0,100,task_completion_system,TASKS_2026-03,2026-03-31T23:59:00
REC03458,EMP093,RKPI093,2026-03-01,2026-03-31,90.9,90.0,100,quality_system,QUALITY_2026-03,2026-03-31T23:59:00
REC03459,EMP093,RKPI094,2026-03-01,2026-03-31,80.0,88.0,80.0,ontime_delivery_system,TASKS_2026-03,2026-03-31T23:59:00
REC03460,EMP093,RKPI095,2026-03-01,2026-03-31,87.0,80.0,100,technical_skill_system,SKILLS_2026-03,2026-03-31T23:59:00
REC03461,EMP093,RKPI096,2026-03-01,2026-03-31,90.0,95.0,90.0,attendance_system,ATTENDANCE_2026-03,2026-03-31T23:59:00
REC03462,EMP093,RKPI097,2026-03-01,2026-03-31,4.2,3.8,84.0,collaboration_system,FEEDBACK_2026-03,2026-03-31T23:59:00
REC03463,EMP093,RKPI092,2026-04-01,2026-04-30,88.9,45.0,100,task_completion_system,TASKS_2026-04,2026-04-30T23:59:00
REC03464,EMP093,RKPI093,2026-04-01,2026-04-30,88.5,90.0,98.3,quality_system,QUALITY_2026-04,2026-04-30T23:59:00
REC03465,EMP093,RKPI094,2026-04-01,2026-04-30,87.5,88.0,87.5,ontime_delivery_system,TASKS_2026-04,2026-04-30T23:59:00
REC03466,EMP093,RKPI095,2026-04-01,2026-04-30,82.0,80.0,100,technical_skill_system,SKILLS_2026-04,2026-04-30T23:59:00
REC03467,EMP093,RKPI096,2026-04-01,2026-04-30,100.0,95.0,100,attendance_system,ATTENDANCE_2026-04,2026-04-30T23:59:00
REC03468,EMP093,RKPI097,2026-04-01,2026-04-30,4.5,3.8,90.0,collaboration_system,FEEDBACK_2026-04,2026-04-30T23:59:00
REC03469,EMP093,RKPI092,2026-05-01,2026-05-31,93.8,45.0,100,task_completion_system,TASKS_2026-05,2026-05-31T23:59:00
REC03470,EMP093,RKPI093,2026-05-01,2026-05-31,99.6,90.0,100,quality_system,QUALITY_2026-05,2026-05-31T23:59:00
REC03471,EMP093,RKPI094,2026-05-01,2026-05-31,93.3,88.0,93.3,ontime_delivery_system,TASKS_2026-05,2026-05-31T23:59:00
REC03472,EMP093,RKPI095,2026-05-01,2026-05-31,94.0,80.0,100,technical_skill_system,SKILLS_2026-05,2026-05-31T23:59:00
REC03473,EMP093,RKPI096,2026-05-01,2026-05-31,95.0,95.0,95.0,attendance_system,ATTENDANCE_2026-05,2026-05-31T23:59:00
REC03474,EMP093,RKPI097,2026-05-01,2026-05-31,4.3,3.8,86.0,collaboration_system,FEEDBACK_2026-05,2026-05-31T23:59:00
REC03475,EMP093,RKPI092,2026-06-01,2026-06-30,60.0,45.0,100,task_completion_system,TASKS_2026-06,2026-06-30T23:59:00
REC03476,EMP093,RKPI093,2026-06-01,2026-06-30,83.4,90.0,92.7,quality_system,QUALITY_2026-06,2026-06-30T23:59:00
REC03477,EMP093,RKPI094,2026-06-01,2026-06-30,100.0,88.0,100,ontime_delivery_system,TASKS_2026-06,2026-06-30T23:59:00
REC03478,EMP093,RKPI095,2026-06-01,2026-06-30,100.0,80.0,100,technical_skill_system,SKILLS_2026-06,2026-06-30T23:59:00
REC03479,EMP093,RKPI096,2026-06-01,2026-06-30,95.2,95.0,95.2,attendance_system,ATTENDANCE_2026-06,2026-06-30T23:59:00
REC03480,EMP093,RKPI097,2026-06-01,2026-06-30,4.0,3.8,80.0,collaboration_system,FEEDBACK_2026-06,2026-06-30T23:59:00
REC03481,EMP094,RKPI092,2026-01-01,2026-01-31,100.0,45.0,100,task_completion_system,TASKS_2026-01,2026-01-31T23:59:00
REC03482,EMP094,RKPI093,2026-01-01,2026-01-31,92.8,90.0,100,quality_system,QUALITY_2026-01,2026-01-31T23:59:00
REC03483,EMP094,RKPI094,2026-01-01,2026-01-31,100.0,88.0,100,ontime_delivery_system,TASKS_2026-01,2026-01-31T23:59:00
REC03484,EMP094,RKPI095,2026-01-01,2026-01-31,88.0,80.0,100,technical_skill_system,SKILLS_2026-01,2026-01-31T23:59:00
REC03485,EMP094,RKPI096,2026-01-01,2026-01-31,100.0,95.0,100,attendance_system,ATTENDANCE_2026-01,2026-01-31T23:59:00
REC03486,EMP094,RKPI097,2026-01-01,2026-01-31,4.3,3.8,86.0,collaboration_system,FEEDBACK_2026-01,2026-01-31T23:59:00
REC03487,EMP094,RKPI092,2026-02-01,2026-02-28,100.0,45.0,100,task_completion_system,TASKS_2026-02,2026-02-28T23:59:00
REC03488,EMP094,RKPI093,2026-02-01,2026-02-28,92.0,90.0,100,quality_system,QUALITY_2026-02,2026-02-28T23:59:00
REC03489,EMP094,RKPI094,2026-02-01,2026-02-28,100.0,88.0,100,ontime_delivery_system,TASKS_2026-02,2026-02-28T23:59:00
REC03490,EMP094,RKPI095,2026-02-01,2026-02-28,80.1,80.0,100,technical_skill_system,SKILLS_2026-02,2026-02-28T23:59:00
REC03491,EMP094,RKPI096,2026-02-01,2026-02-28,100.0,95.0,100,attendance_system,ATTENDANCE_2026-02,2026-02-28T23:59:00
REC03492,EMP094,RKPI097,2026-02-01,2026-02-28,4.5,3.8,90.0,collaboration_system,FEEDBACK_2026-02,2026-02-28T23:59:00
REC03493,EMP094,RKPI092,2026-03-01,2026-03-31,92.9,45.0,100,task_completion_system,TASKS_2026-03,2026-03-31T23:59:00
REC03494,EMP094,RKPI093,2026-03-01,2026-03-31,98.9,90.0,100,quality_system,QUALITY_2026-03,2026-03-31T23:59:00
REC03495,EMP094,RKPI094,2026-03-01,2026-03-31,100.0,88.0,100,ontime_delivery_system,TASKS_2026-03,2026-03-31T23:59:00
REC03496,EMP094,RKPI095,2026-03-01,2026-03-31,88.0,80.0,100,technical_skill_system,SKILLS_2026-03,2026-03-31T23:59:00
REC03497,EMP094,RKPI096,2026-03-01,2026-03-31,100.0,95.0,100,attendance_system,ATTENDANCE_2026-03,2026-03-31T23:59:00
REC03498,EMP094,RKPI097,2026-03-01,2026-03-31,4.8,3.8,96.0,collaboration_system,FEEDBACK_2026-03,2026-03-31T23:59:00
REC03499,EMP094,RKPI092,2026-04-01,2026-04-30,85.7,45.0,100,task_completion_system,TASKS_2026-04,2026-04-30T23:59:00
REC03500,EMP094,RKPI093,2026-04-01,2026-04-30,90.6,90.0,100,quality_system,QUALITY_2026-04,2026-04-30T23:59:00
REC03501,EMP094,RKPI094,2026-04-01,2026-04-30,100.0,88.0,100,ontime_delivery_system,TASKS_2026-04,2026-04-30T23:59:00
REC03502,EMP094,RKPI095,2026-04-01,2026-04-30,83.0,80.0,100,technical_skill_system,SKILLS_2026-04,2026-04-30T23:59:00
REC03503,EMP094,RKPI096,2026-04-01,2026-04-30,100.0,95.0,100,attendance_system,ATTENDANCE_2026-04,2026-04-30T23:59:00
REC03504,EMP094,RKPI097,2026-04-01,2026-04-30,4.2,3.8,84.0,collaboration_system,FEEDBACK_2026-04,2026-04-30T23:59:00
REC03505,EMP094,RKPI092,2026-05-01,2026-05-31,90.0,45.0,100,task_completion_system,TASKS_2026-05,2026-05-31T23:59:00
REC03506,EMP094,RKPI093,2026-05-01,2026-05-31,90.2,90.0,100,quality_system,QUALITY_2026-05,2026-05-31T23:59:00
REC03507,EMP094,RKPI094,2026-05-01,2026-05-31,100.0,88.0,100,ontime_delivery_system,TASKS_2026-05,2026-05-31T23:59:00
REC03508,EMP094,RKPI095,2026-05-01,2026-05-31,79.5,80.0,99.4,technical_skill_system,SKILLS_2026-05,2026-05-31T23:59:00
REC03509,EMP094,RKPI096,2026-05-01,2026-05-31,100.0,95.0,100,attendance_system,ATTENDANCE_2026-05,2026-05-31T23:59:00
REC03510,EMP094,RKPI097,2026-05-01,2026-05-31,4.2,3.8,84.0,collaboration_system,FEEDBACK_2026-05,2026-05-31T23:59:00
REC03511,EMP094,RKPI092,2026-06-01,2026-06-30,71.4,45.0,100,task_completion_system,TASKS_2026-06,2026-06-30T23:59:00
REC03512,EMP094,RKPI093,2026-06-01,2026-06-30,94.6,90.0,100,quality_system,QUALITY_2026-06,2026-06-30T23:59:00
REC03513,EMP094,RKPI094,2026-06-01,2026-06-30,80.0,88.0,80.0,ontime_delivery_system,TASKS_2026-06,2026-06-30T23:59:00
REC03514,EMP094,RKPI095,2026-06-01,2026-06-30,92.7,80.0,100,technical_skill_system,SKILLS_2026-06,2026-06-30T23:59:00
REC03515,EMP094,RKPI096,2026-06-01,2026-06-30,100.0,95.0,100,attendance_system,ATTENDANCE_2026-06,2026-06-30T23:59:00
REC03516,EMP094,RKPI097,2026-06-01,2026-06-30,4.8,3.8,96.0,collaboration_system,FEEDBACK_2026-06,2026-06-30T23:59:00
REC03517,EMP095,RKPI092,2026-01-01,2026-01-31,90.9,45.0,100,task_completion_system,TASKS_2026-01,2026-01-31T23:59:00
REC03518,EMP095,RKPI093,2026-01-01,2026-01-31,78.6,90.0,87.3,quality_system,QUALITY_2026-01,2026-01-31T23:59:00
REC03519,EMP095,RKPI094,2026-01-01,2026-01-31,80.0,88.0,80.0,ontime_delivery_system,TASKS_2026-01,2026-01-31T23:59:00
REC03520,EMP095,RKPI095,2026-01-01,2026-01-31,88.0,80.0,100,technical_skill_system,SKILLS_2026-01,2026-01-31T23:59:00
REC03521,EMP095,RKPI096,2026-01-01,2026-01-31,90.5,95.0,90.5,attendance_system,ATTENDANCE_2026-01,2026-01-31T23:59:00
REC03522,EMP095,RKPI097,2026-01-01,2026-01-31,3.7,3.8,74.0,collaboration_system,FEEDBACK_2026-01,2026-01-31T23:59:00
REC03523,EMP095,RKPI092,2026-02-01,2026-02-28,78.6,45.0,100,task_completion_system,TASKS_2026-02,2026-02-28T23:59:00
REC03524,EMP095,RKPI093,2026-02-01,2026-02-28,84.9,90.0,94.3,quality_system,QUALITY_2026-02,2026-02-28T23:59:00
REC03525,EMP095,RKPI094,2026-02-01,2026-02-28,81.8,88.0,81.8,ontime_delivery_system,TASKS_2026-02,2026-02-28T23:59:00
REC03526,EMP095,RKPI095,2026-02-01,2026-02-28,71.7,80.0,89.6,technical_skill_system,SKILLS_2026-02,2026-02-28T23:59:00
REC03527,EMP095,RKPI096,2026-02-01,2026-02-28,85.0,95.0,85.0,attendance_system,ATTENDANCE_2026-02,2026-02-28T23:59:00
REC03528,EMP095,RKPI097,2026-02-01,2026-02-28,4.1,3.8,82.0,collaboration_system,FEEDBACK_2026-02,2026-02-28T23:59:00
REC03529,EMP095,RKPI092,2026-03-01,2026-03-31,100.0,45.0,100,task_completion_system,TASKS_2026-03,2026-03-31T23:59:00
REC03530,EMP095,RKPI093,2026-03-01,2026-03-31,87.7,90.0,97.4,quality_system,QUALITY_2026-03,2026-03-31T23:59:00
REC03531,EMP095,RKPI094,2026-03-01,2026-03-31,92.3,88.0,92.3,ontime_delivery_system,TASKS_2026-03,2026-03-31T23:59:00
REC03532,EMP095,RKPI095,2026-03-01,2026-03-31,80.0,80.0,100,technical_skill_system,SKILLS_2026-03,2026-03-31T23:59:00
REC03533,EMP095,RKPI096,2026-03-01,2026-03-31,100.0,95.0,100,attendance_system,ATTENDANCE_2026-03,2026-03-31T23:59:00
REC03534,EMP095,RKPI097,2026-03-01,2026-03-31,4.0,3.8,80.0,collaboration_system,FEEDBACK_2026-03,2026-03-31T23:59:00
REC03535,EMP095,RKPI092,2026-04-01,2026-04-30,100.0,45.0,100,task_completion_system,TASKS_2026-04,2026-04-30T23:59:00
REC03536,EMP095,RKPI093,2026-04-01,2026-04-30,71.4,90.0,79.3,quality_system,QUALITY_2026-04,2026-04-30T23:59:00
REC03537,EMP095,RKPI094,2026-04-01,2026-04-30,77.8,88.0,77.8,ontime_delivery_system,TASKS_2026-04,2026-04-30T23:59:00
REC03538,EMP095,RKPI095,2026-04-01,2026-04-30,74.2,80.0,92.8,technical_skill_system,SKILLS_2026-04,2026-04-30T23:59:00
REC03539,EMP095,RKPI096,2026-04-01,2026-04-30,100.0,95.0,100,attendance_system,ATTENDANCE_2026-04,2026-04-30T23:59:00
REC03540,EMP095,RKPI097,2026-04-01,2026-04-30,3.6,3.8,72.0,collaboration_system,FEEDBACK_2026-04,2026-04-30T23:59:00
REC03541,EMP095,RKPI092,2026-05-01,2026-05-31,90.9,45.0,100,task_completion_system,TASKS_2026-05,2026-05-31T23:59:00
REC03542,EMP095,RKPI093,2026-05-01,2026-05-31,88.4,90.0,98.2,quality_system,QUALITY_2026-05,2026-05-31T23:59:00
REC03543,EMP095,RKPI094,2026-05-01,2026-05-31,100.0,88.0,100,ontime_delivery_system,TASKS_2026-05,2026-05-31T23:59:00
REC03544,EMP095,RKPI095,2026-05-01,2026-05-31,78.3,80.0,97.9,technical_skill_system,SKILLS_2026-05,2026-05-31T23:59:00
REC03545,EMP095,RKPI096,2026-05-01,2026-05-31,95.0,95.0,95.0,attendance_system,ATTENDANCE_2026-05,2026-05-31T23:59:00
REC03546,EMP095,RKPI097,2026-05-01,2026-05-31,3.6,3.8,72.0,collaboration_system,FEEDBACK_2026-05,2026-05-31T23:59:00
REC03547,EMP095,RKPI092,2026-06-01,2026-06-30,100.0,45.0,100,task_completion_system,TASKS_2026-06,2026-06-30T23:59:00
REC03548,EMP095,RKPI093,2026-06-01,2026-06-30,77.0,90.0,85.6,quality_system,QUALITY_2026-06,2026-06-30T23:59:00
REC03549,EMP095,RKPI094,2026-06-01,2026-06-30,100.0,88.0,100,ontime_delivery_system,TASKS_2026-06,2026-06-30T23:59:00
REC03550,EMP095,RKPI095,2026-06-01,2026-06-30,76.0,80.0,95.0,technical_skill_system,SKILLS_2026-06,2026-06-30T23:59:00
REC03551,EMP095,RKPI096,2026-06-01,2026-06-30,66.7,95.0,66.7,attendance_system,ATTENDANCE_2026-06,2026-06-30T23:59:00
REC03552,EMP095,RKPI097,2026-06-01,2026-06-30,3.7,3.8,74.0,collaboration_system,FEEDBACK_2026-06,2026-06-30T23:59:00
REC03553,EMP096,RKPI092,2026-01-01,2026-01-31,46.2,45.0,100,task_completion_system,TASKS_2026-01,2026-01-31T23:59:00
REC03554,EMP096,RKPI093,2026-01-01,2026-01-31,61.2,90.0,68.0,quality_system,QUALITY_2026-01,2026-01-31T23:59:00
REC03555,EMP096,RKPI094,2026-01-01,2026-01-31,100.0,88.0,100,ontime_delivery_system,TASKS_2026-01,2026-01-31T23:59:00
REC03556,EMP096,RKPI095,2026-01-01,2026-01-31,56.0,80.0,70.0,technical_skill_system,SKILLS_2026-01,2026-01-31T23:59:00
REC03557,EMP096,RKPI096,2026-01-01,2026-01-31,85.7,95.0,85.7,attendance_system,ATTENDANCE_2026-01,2026-01-31T23:59:00
REC03558,EMP096,RKPI097,2026-01-01,2026-01-31,3.4,3.8,68.0,collaboration_system,FEEDBACK_2026-01,2026-01-31T23:59:00
REC03559,EMP096,RKPI092,2026-02-01,2026-02-28,33.3,45.0,74.0,task_completion_system,TASKS_2026-02,2026-02-28T23:59:00
REC03560,EMP096,RKPI093,2026-02-01,2026-02-28,57.2,90.0,63.6,quality_system,QUALITY_2026-02,2026-02-28T23:59:00
REC03561,EMP096,RKPI094,2026-02-01,2026-02-28,100.0,88.0,100,ontime_delivery_system,TASKS_2026-02,2026-02-28T23:59:00
REC03562,EMP096,RKPI095,2026-02-01,2026-02-28,70.0,80.0,87.5,technical_skill_system,SKILLS_2026-02,2026-02-28T23:59:00
REC03563,EMP096,RKPI096,2026-02-01,2026-02-28,70.0,95.0,70.0,attendance_system,ATTENDANCE_2026-02,2026-02-28T23:59:00
REC03564,EMP096,RKPI097,2026-02-01,2026-02-28,3.2,3.8,64.0,collaboration_system,FEEDBACK_2026-02,2026-02-28T23:59:00
REC03565,EMP096,RKPI092,2026-03-01,2026-03-31,40.0,45.0,88.9,task_completion_system,TASKS_2026-03,2026-03-31T23:59:00
REC03566,EMP096,RKPI093,2026-03-01,2026-03-31,69.0,90.0,76.7,quality_system,QUALITY_2026-03,2026-03-31T23:59:00
REC03567,EMP096,RKPI094,2026-03-01,2026-03-31,50.0,88.0,50.0,ontime_delivery_system,TASKS_2026-03,2026-03-31T23:59:00
REC03568,EMP096,RKPI095,2026-03-01,2026-03-31,41.0,80.0,51.2,technical_skill_system,SKILLS_2026-03,2026-03-31T23:59:00
REC03569,EMP096,RKPI096,2026-03-01,2026-03-31,75.0,95.0,75.0,attendance_system,ATTENDANCE_2026-03,2026-03-31T23:59:00
REC03570,EMP096,RKPI097,2026-03-01,2026-03-31,2.9,3.8,58.0,collaboration_system,FEEDBACK_2026-03,2026-03-31T23:59:00
REC03571,EMP096,RKPI092,2026-04-01,2026-04-30,41.7,45.0,92.7,task_completion_system,TASKS_2026-04,2026-04-30T23:59:00
REC03572,EMP096,RKPI093,2026-04-01,2026-04-30,60.7,90.0,67.4,quality_system,QUALITY_2026-04,2026-04-30T23:59:00
REC03573,EMP096,RKPI094,2026-04-01,2026-04-30,80.0,88.0,80.0,ontime_delivery_system,TASKS_2026-04,2026-04-30T23:59:00
REC03574,EMP096,RKPI095,2026-04-01,2026-04-30,52.0,80.0,65.0,technical_skill_system,SKILLS_2026-04,2026-04-30T23:59:00
REC03575,EMP096,RKPI096,2026-04-01,2026-04-30,95.2,95.0,95.2,attendance_system,ATTENDANCE_2026-04,2026-04-30T23:59:00
REC03576,EMP096,RKPI097,2026-04-01,2026-04-30,2.5,3.8,50.0,collaboration_system,FEEDBACK_2026-04,2026-04-30T23:59:00
REC03577,EMP096,RKPI092,2026-05-01,2026-05-31,72.7,45.0,100,task_completion_system,TASKS_2026-05,2026-05-31T23:59:00
REC03578,EMP096,RKPI093,2026-05-01,2026-05-31,53.9,90.0,59.9,quality_system,QUALITY_2026-05,2026-05-31T23:59:00
REC03579,EMP096,RKPI094,2026-05-01,2026-05-31,62.5,88.0,62.5,ontime_delivery_system,TASKS_2026-05,2026-05-31T23:59:00
REC03580,EMP096,RKPI095,2026-05-01,2026-05-31,38.0,80.0,47.5,technical_skill_system,SKILLS_2026-05,2026-05-31T23:59:00
REC03581,EMP096,RKPI096,2026-05-01,2026-05-31,80.0,95.0,80.0,attendance_system,ATTENDANCE_2026-05,2026-05-31T23:59:00
REC03582,EMP096,RKPI097,2026-05-01,2026-05-31,2.8,3.8,56.0,collaboration_system,FEEDBACK_2026-05,2026-05-31T23:59:00
REC03583,EMP096,RKPI092,2026-06-01,2026-06-30,60.0,45.0,100,task_completion_system,TASKS_2026-06,2026-06-30T23:59:00
REC03584,EMP096,RKPI093,2026-06-01,2026-06-30,50.8,90.0,56.4,quality_system,QUALITY_2026-06,2026-06-30T23:59:00
REC03585,EMP096,RKPI094,2026-06-01,2026-06-30,33.3,88.0,33.3,ontime_delivery_system,TASKS_2026-06,2026-06-30T23:59:00
REC03586,EMP096,RKPI095,2026-06-01,2026-06-30,58.0,80.0,72.5,technical_skill_system,SKILLS_2026-06,2026-06-30T23:59:00
REC03587,EMP096,RKPI096,2026-06-01,2026-06-30,95.2,95.0,95.2,attendance_system,ATTENDANCE_2026-06,2026-06-30T23:59:00
REC03588,EMP096,RKPI097,2026-06-01,2026-06-30,3.0,3.8,60.0,collaboration_system,FEEDBACK_2026-06,2026-06-30T23:59:00
REC03589,EMP097,RKPI098,2026-01-01,2026-01-31,92.9,93.0,99.9,quality_system,QUALITY_2026-01,2026-01-31T23:59:00
REC03590,EMP097,RKPI099,2026-01-01,2026-01-31,83.7,84.0,99.6,technical_skill_system,SKILLS_2026-01,2026-01-31T23:59:00
REC03591,EMP097,RKPI100,2026-01-01,2026-01-31,100.0,38.0,100,task_completion_system,TASKS_2026-01,2026-01-31T23:59:00
REC03592,EMP097,RKPI101,2026-01-01,2026-01-31,100.0,88.0,100,ontime_delivery_system,TASKS_2026-01,2026-01-31T23:59:00
REC03593,EMP097,RKPI102,2026-01-01,2026-01-31,98.7,80.0,100,learning_system,TRAINING_2026-01,2026-01-31T23:59:00
REC03594,EMP097,RKPI103,2026-01-01,2026-01-31,86.7,80.0,86.7,goal_achievement_system,GOALS_2026-01,2026-01-31T23:59:00
REC03595,EMP097,RKPI098,2026-02-01,2026-02-28,92.2,93.0,99.1,quality_system,QUALITY_2026-02,2026-02-28T23:59:00
REC03596,EMP097,RKPI099,2026-02-01,2026-02-28,88.0,84.0,100,technical_skill_system,SKILLS_2026-02,2026-02-28T23:59:00
REC03597,EMP097,RKPI100,2026-02-01,2026-02-28,90.9,38.0,100,task_completion_system,TASKS_2026-02,2026-02-28T23:59:00
REC03598,EMP097,RKPI101,2026-02-01,2026-02-28,100.0,88.0,100,ontime_delivery_system,TASKS_2026-02,2026-02-28T23:59:00
REC03599,EMP097,RKPI102,2026-02-01,2026-02-28,84.3,80.0,100,learning_system,TRAINING_2026-02,2026-02-28T23:59:00
REC03600,EMP097,RKPI103,2026-02-01,2026-02-28,92.9,80.0,92.9,goal_achievement_system,GOALS_2026-02,2026-02-28T23:59:00
REC03601,EMP097,RKPI098,2026-03-01,2026-03-31,96.8,93.0,100,quality_system,QUALITY_2026-03,2026-03-31T23:59:00
REC03602,EMP097,RKPI099,2026-03-01,2026-03-31,82.0,84.0,97.6,technical_skill_system,SKILLS_2026-03,2026-03-31T23:59:00
REC03603,EMP097,RKPI100,2026-03-01,2026-03-31,91.7,38.0,100,task_completion_system,TASKS_2026-03,2026-03-31T23:59:00
REC03604,EMP097,RKPI101,2026-03-01,2026-03-31,100.0,88.0,100,ontime_delivery_system,TASKS_2026-03,2026-03-31T23:59:00
REC03605,EMP097,RKPI102,2026-03-01,2026-03-31,94.5,80.0,100,learning_system,TRAINING_2026-03,2026-03-31T23:59:00
REC03606,EMP097,RKPI103,2026-03-01,2026-03-31,81.8,80.0,81.8,goal_achievement_system,GOALS_2026-03,2026-03-31T23:59:00
REC03607,EMP097,RKPI098,2026-04-01,2026-04-30,81.8,93.0,88.0,quality_system,QUALITY_2026-04,2026-04-30T23:59:00
REC03608,EMP097,RKPI099,2026-04-01,2026-04-30,77.6,84.0,92.4,technical_skill_system,SKILLS_2026-04,2026-04-30T23:59:00
REC03609,EMP097,RKPI100,2026-04-01,2026-04-30,100.0,38.0,100,task_completion_system,TASKS_2026-04,2026-04-30T23:59:00
REC03610,EMP097,RKPI101,2026-04-01,2026-04-30,100.0,88.0,100,ontime_delivery_system,TASKS_2026-04,2026-04-30T23:59:00
REC03611,EMP097,RKPI102,2026-04-01,2026-04-30,80.1,80.0,100,learning_system,TRAINING_2026-04,2026-04-30T23:59:00
REC03612,EMP097,RKPI103,2026-04-01,2026-04-30,84.4,80.0,84.4,goal_achievement_system,GOALS_2026-04,2026-04-30T23:59:00
REC03613,EMP097,RKPI098,2026-05-01,2026-05-31,93.9,93.0,100,quality_system,QUALITY_2026-05,2026-05-31T23:59:00
REC03614,EMP097,RKPI099,2026-05-01,2026-05-31,100.0,84.0,100,technical_skill_system,SKILLS_2026-05,2026-05-31T23:59:00
REC03615,EMP097,RKPI100,2026-05-01,2026-05-31,100.0,38.0,100,task_completion_system,TASKS_2026-05,2026-05-31T23:59:00
REC03616,EMP097,RKPI101,2026-05-01,2026-05-31,90.0,88.0,90.0,ontime_delivery_system,TASKS_2026-05,2026-05-31T23:59:00
REC03617,EMP097,RKPI102,2026-05-01,2026-05-31,90.7,80.0,100,learning_system,TRAINING_2026-05,2026-05-31T23:59:00
REC03618,EMP097,RKPI103,2026-05-01,2026-05-31,86.7,80.0,86.7,goal_achievement_system,GOALS_2026-05,2026-05-31T23:59:00
REC03619,EMP097,RKPI098,2026-06-01,2026-06-30,94.5,93.0,100,quality_system,QUALITY_2026-06,2026-06-30T23:59:00
REC03620,EMP097,RKPI099,2026-06-01,2026-06-30,92.0,84.0,100,technical_skill_system,SKILLS_2026-06,2026-06-30T23:59:00
REC03621,EMP097,RKPI100,2026-06-01,2026-06-30,87.5,38.0,100,task_completion_system,TASKS_2026-06,2026-06-30T23:59:00
REC03622,EMP097,RKPI101,2026-06-01,2026-06-30,100.0,88.0,100,ontime_delivery_system,TASKS_2026-06,2026-06-30T23:59:00
REC03623,EMP097,RKPI102,2026-06-01,2026-06-30,93.3,80.0,100,learning_system,TRAINING_2026-06,2026-06-30T23:59:00
REC03624,EMP097,RKPI103,2026-06-01,2026-06-30,88.0,80.0,88.0,goal_achievement_system,GOALS_2026-06,2026-06-30T23:59:00
REC03625,EMP098,RKPI098,2026-01-01,2026-01-31,48.9,93.0,52.6,quality_system,QUALITY_2026-01,2026-01-31T23:59:00
REC03626,EMP098,RKPI099,2026-01-01,2026-01-31,42.0,84.0,50.0,technical_skill_system,SKILLS_2026-01,2026-01-31T23:59:00
REC03627,EMP098,RKPI100,2026-01-01,2026-01-31,40.0,38.0,100,task_completion_system,TASKS_2026-01,2026-01-31T23:59:00
REC03628,EMP098,RKPI101,2026-01-01,2026-01-31,16.7,88.0,16.7,ontime_delivery_system,TASKS_2026-01,2026-01-31T23:59:00
REC03629,EMP098,RKPI102,2026-01-01,2026-01-31,35.7,80.0,44.6,learning_system,TRAINING_2026-01,2026-01-31T23:59:00
REC03630,EMP098,RKPI103,2026-01-01,2026-01-31,34.2,80.0,34.2,goal_achievement_system,GOALS_2026-01,2026-01-31T23:59:00
REC03631,EMP098,RKPI098,2026-02-01,2026-02-28,45.8,93.0,49.2,quality_system,QUALITY_2026-02,2026-02-28T23:59:00
REC03632,EMP098,RKPI099,2026-02-01,2026-02-28,50.0,84.0,59.5,technical_skill_system,SKILLS_2026-02,2026-02-28T23:59:00
REC03633,EMP098,RKPI100,2026-02-01,2026-02-28,33.3,38.0,87.6,task_completion_system,TASKS_2026-02,2026-02-28T23:59:00
REC03634,EMP098,RKPI101,2026-02-01,2026-02-28,0.0,88.0,0,ontime_delivery_system,TASKS_2026-02,2026-02-28T23:59:00
REC03635,EMP098,RKPI102,2026-02-01,2026-02-28,34.8,80.0,43.5,learning_system,TRAINING_2026-02,2026-02-28T23:59:00
REC03636,EMP098,RKPI103,2026-02-01,2026-02-28,46.4,80.0,46.4,goal_achievement_system,GOALS_2026-02,2026-02-28T23:59:00
REC03637,EMP098,RKPI098,2026-03-01,2026-03-31,59.5,93.0,64.0,quality_system,QUALITY_2026-03,2026-03-31T23:59:00
REC03638,EMP098,RKPI099,2026-03-01,2026-03-31,49.0,84.0,58.3,technical_skill_system,SKILLS_2026-03,2026-03-31T23:59:00
REC03639,EMP098,RKPI100,2026-03-01,2026-03-31,28.6,38.0,75.3,task_completion_system,TASKS_2026-03,2026-03-31T23:59:00
REC03640,EMP098,RKPI101,2026-03-01,2026-03-31,100.0,88.0,100,ontime_delivery_system,TASKS_2026-03,2026-03-31T23:59:00
REC03641,EMP098,RKPI102,2026-03-01,2026-03-31,26.8,80.0,33.5,learning_system,TRAINING_2026-03,2026-03-31T23:59:00
REC03642,EMP098,RKPI103,2026-03-01,2026-03-31,30.5,80.0,30.5,goal_achievement_system,GOALS_2026-03,2026-03-31T23:59:00
REC03643,EMP098,RKPI098,2026-04-01,2026-04-30,47.8,93.0,51.4,quality_system,QUALITY_2026-04,2026-04-30T23:59:00
REC03644,EMP098,RKPI099,2026-04-01,2026-04-30,30.5,84.0,36.3,technical_skill_system,SKILLS_2026-04,2026-04-30T23:59:00
REC03645,EMP098,RKPI100,2026-04-01,2026-04-30,33.3,38.0,87.6,task_completion_system,TASKS_2026-04,2026-04-30T23:59:00
REC03646,EMP098,RKPI101,2026-04-01,2026-04-30,100.0,88.0,100,ontime_delivery_system,TASKS_2026-04,2026-04-30T23:59:00
REC03647,EMP098,RKPI102,2026-04-01,2026-04-30,28.3,80.0,35.4,learning_system,TRAINING_2026-04,2026-04-30T23:59:00
REC03648,EMP098,RKPI103,2026-04-01,2026-04-30,35.5,80.0,35.5,goal_achievement_system,GOALS_2026-04,2026-04-30T23:59:00
REC03649,EMP098,RKPI098,2026-05-01,2026-05-31,35.4,93.0,38.1,quality_system,QUALITY_2026-05,2026-05-31T23:59:00
REC03650,EMP098,RKPI099,2026-05-01,2026-05-31,56.0,84.0,66.7,technical_skill_system,SKILLS_2026-05,2026-05-31T23:59:00
REC03651,EMP098,RKPI100,2026-05-01,2026-05-31,33.3,38.0,87.6,task_completion_system,TASKS_2026-05,2026-05-31T23:59:00
REC03652,EMP098,RKPI101,2026-05-01,2026-05-31,100.0,88.0,100,ontime_delivery_system,TASKS_2026-05,2026-05-31T23:59:00
REC03653,EMP098,RKPI102,2026-05-01,2026-05-31,30.4,80.0,38.0,learning_system,TRAINING_2026-05,2026-05-31T23:59:00
REC03654,EMP098,RKPI103,2026-05-01,2026-05-31,19.3,80.0,19.3,goal_achievement_system,GOALS_2026-05,2026-05-31T23:59:00
REC03655,EMP098,RKPI098,2026-06-01,2026-06-30,48.2,93.0,51.8,quality_system,QUALITY_2026-06,2026-06-30T23:59:00
REC03656,EMP098,RKPI099,2026-06-01,2026-06-30,44.0,84.0,52.4,technical_skill_system,SKILLS_2026-06,2026-06-30T23:59:00
REC03657,EMP098,RKPI100,2026-06-01,2026-06-30,75.0,38.0,100,task_completion_system,TASKS_2026-06,2026-06-30T23:59:00
REC03658,EMP098,RKPI101,2026-06-01,2026-06-30,83.3,88.0,83.3,ontime_delivery_system,TASKS_2026-06,2026-06-30T23:59:00
REC03659,EMP098,RKPI102,2026-06-01,2026-06-30,35.0,80.0,43.8,learning_system,TRAINING_2026-06,2026-06-30T23:59:00
REC03660,EMP098,RKPI103,2026-06-01,2026-06-30,29.2,80.0,29.2,goal_achievement_system,GOALS_2026-06,2026-06-30T23:59:00
REC03661,EMP099,RKPI098,2026-01-01,2026-01-31,84.0,93.0,90.3,quality_system,QUALITY_2026-01,2026-01-31T23:59:00
REC03662,EMP099,RKPI099,2026-01-01,2026-01-31,77.2,84.0,91.9,technical_skill_system,SKILLS_2026-01,2026-01-31T23:59:00
REC03663,EMP099,RKPI100,2026-01-01,2026-01-31,100.0,38.0,100,task_completion_system,TASKS_2026-01,2026-01-31T23:59:00
REC03664,EMP099,RKPI101,2026-01-01,2026-01-31,90.0,88.0,90.0,ontime_delivery_system,TASKS_2026-01,2026-01-31T23:59:00
REC03665,EMP099,RKPI102,2026-01-01,2026-01-31,60.7,80.0,75.9,learning_system,TRAINING_2026-01,2026-01-31T23:59:00
REC03666,EMP099,RKPI103,2026-01-01,2026-01-31,77.9,80.0,77.9,goal_achievement_system,GOALS_2026-01,2026-01-31T23:59:00
REC03667,EMP099,RKPI098,2026-02-01,2026-02-28,76.3,93.0,82.0,quality_system,QUALITY_2026-02,2026-02-28T23:59:00
REC03668,EMP099,RKPI099,2026-02-01,2026-02-28,82.0,84.0,97.6,technical_skill_system,SKILLS_2026-02,2026-02-28T23:59:00
REC03669,EMP099,RKPI100,2026-02-01,2026-02-28,90.0,38.0,100,task_completion_system,TASKS_2026-02,2026-02-28T23:59:00
REC03670,EMP099,RKPI101,2026-02-01,2026-02-28,88.9,88.0,88.9,ontime_delivery_system,TASKS_2026-02,2026-02-28T23:59:00
REC03671,EMP099,RKPI102,2026-02-01,2026-02-28,80.8,80.0,100,learning_system,TRAINING_2026-02,2026-02-28T23:59:00
REC03672,EMP099,RKPI103,2026-02-01,2026-02-28,73.6,80.0,73.6,goal_achievement_system,GOALS_2026-02,2026-02-28T23:59:00
REC03673,EMP099,RKPI098,2026-03-01,2026-03-31,76.4,93.0,82.2,quality_system,QUALITY_2026-03,2026-03-31T23:59:00
REC03674,EMP099,RKPI099,2026-03-01,2026-03-31,74.0,84.0,88.1,technical_skill_system,SKILLS_2026-03,2026-03-31T23:59:00
REC03675,EMP099,RKPI100,2026-03-01,2026-03-31,87.5,38.0,100,task_completion_system,TASKS_2026-03,2026-03-31T23:59:00
REC03676,EMP099,RKPI101,2026-03-01,2026-03-31,71.4,88.0,71.4,ontime_delivery_system,TASKS_2026-03,2026-03-31T23:59:00
REC03677,EMP099,RKPI102,2026-03-01,2026-03-31,81.7,80.0,100,learning_system,TRAINING_2026-03,2026-03-31T23:59:00
REC03678,EMP099,RKPI103,2026-03-01,2026-03-31,89.3,80.0,89.3,goal_achievement_system,GOALS_2026-03,2026-03-31T23:59:00
REC03679,EMP099,RKPI098,2026-04-01,2026-04-30,78.8,93.0,84.7,quality_system,QUALITY_2026-04,2026-04-30T23:59:00
REC03680,EMP099,RKPI099,2026-04-01,2026-04-30,82.0,84.0,97.6,technical_skill_system,SKILLS_2026-04,2026-04-30T23:59:00
REC03681,EMP099,RKPI100,2026-04-01,2026-04-30,83.3,38.0,100,task_completion_system,TASKS_2026-04,2026-04-30T23:59:00
REC03682,EMP099,RKPI101,2026-04-01,2026-04-30,100.0,88.0,100,ontime_delivery_system,TASKS_2026-04,2026-04-30T23:59:00
REC03683,EMP099,RKPI102,2026-04-01,2026-04-30,71.6,80.0,89.5,learning_system,TRAINING_2026-04,2026-04-30T23:59:00
REC03684,EMP099,RKPI103,2026-04-01,2026-04-30,75.6,80.0,75.6,goal_achievement_system,GOALS_2026-04,2026-04-30T23:59:00
REC03685,EMP099,RKPI098,2026-05-01,2026-05-31,76.6,93.0,82.4,quality_system,QUALITY_2026-05,2026-05-31T23:59:00
REC03686,EMP099,RKPI099,2026-05-01,2026-05-31,80.7,84.0,96.1,technical_skill_system,SKILLS_2026-05,2026-05-31T23:59:00
REC03687,EMP099,RKPI100,2026-05-01,2026-05-31,93.3,38.0,100,task_completion_system,TASKS_2026-05,2026-05-31T23:59:00
REC03688,EMP099,RKPI101,2026-05-01,2026-05-31,85.7,88.0,85.7,ontime_delivery_system,TASKS_2026-05,2026-05-31T23:59:00
REC03689,EMP099,RKPI102,2026-05-01,2026-05-31,77.1,80.0,96.4,learning_system,TRAINING_2026-05,2026-05-31T23:59:00
REC03690,EMP099,RKPI103,2026-05-01,2026-05-31,70.6,80.0,70.6,goal_achievement_system,GOALS_2026-05,2026-05-31T23:59:00
REC03691,EMP099,RKPI098,2026-06-01,2026-06-30,93.1,93.0,100,quality_system,QUALITY_2026-06,2026-06-30T23:59:00
REC03692,EMP099,RKPI099,2026-06-01,2026-06-30,84.0,84.0,100,technical_skill_system,SKILLS_2026-06,2026-06-30T23:59:00
REC03693,EMP099,RKPI100,2026-06-01,2026-06-30,100.0,38.0,100,task_completion_system,TASKS_2026-06,2026-06-30T23:59:00
REC03694,EMP099,RKPI101,2026-06-01,2026-06-30,100.0,88.0,100,ontime_delivery_system,TASKS_2026-06,2026-06-30T23:59:00
REC03695,EMP099,RKPI102,2026-06-01,2026-06-30,77.1,80.0,96.4,learning_system,TRAINING_2026-06,2026-06-30T23:59:00
REC03696,EMP099,RKPI103,2026-06-01,2026-06-30,80.7,80.0,80.7,goal_achievement_system,GOALS_2026-06,2026-06-30T23:59:00
REC03697,EMP100,RKPI098,2026-01-01,2026-01-31,67.9,93.0,73.0,quality_system,QUALITY_2026-01,2026-01-31T23:59:00
REC03698,EMP100,RKPI099,2026-01-01,2026-01-31,60.0,84.0,71.4,technical_skill_system,SKILLS_2026-01,2026-01-31T23:59:00
REC03699,EMP100,RKPI100,2026-01-01,2026-01-31,46.7,38.0,100,task_completion_system,TASKS_2026-01,2026-01-31T23:59:00
REC03700,EMP100,RKPI101,2026-01-01,2026-01-31,71.4,88.0,71.4,ontime_delivery_system,TASKS_2026-01,2026-01-31T23:59:00
REC03701,EMP100,RKPI102,2026-01-01,2026-01-31,35.3,80.0,44.1,learning_system,TRAINING_2026-01,2026-01-31T23:59:00
REC03702,EMP100,RKPI103,2026-01-01,2026-01-31,56.4,80.0,56.4,goal_achievement_system,GOALS_2026-01,2026-01-31T23:59:00
REC03703,EMP100,RKPI098,2026-02-01,2026-02-28,62.8,93.0,67.5,quality_system,QUALITY_2026-02,2026-02-28T23:59:00
REC03704,EMP100,RKPI099,2026-02-01,2026-02-28,61.0,84.0,72.6,technical_skill_system,SKILLS_2026-02,2026-02-28T23:59:00
REC03705,EMP100,RKPI100,2026-02-01,2026-02-28,66.7,38.0,100,task_completion_system,TASKS_2026-02,2026-02-28T23:59:00
REC03706,EMP100,RKPI101,2026-02-01,2026-02-28,50.0,88.0,50.0,ontime_delivery_system,TASKS_2026-02,2026-02-28T23:59:00
REC03707,EMP100,RKPI102,2026-02-01,2026-02-28,37.6,80.0,47.0,learning_system,TRAINING_2026-02,2026-02-28T23:59:00
REC03708,EMP100,RKPI103,2026-02-01,2026-02-28,57.5,80.0,57.5,goal_achievement_system,GOALS_2026-02,2026-02-28T23:59:00
REC03709,EMP100,RKPI098,2026-03-01,2026-03-31,52.6,93.0,56.6,quality_system,QUALITY_2026-03,2026-03-31T23:59:00
REC03710,EMP100,RKPI099,2026-03-01,2026-03-31,52.0,84.0,61.9,technical_skill_system,SKILLS_2026-03,2026-03-31T23:59:00
REC03711,EMP100,RKPI100,2026-03-01,2026-03-31,35.7,38.0,93.9,task_completion_system,TASKS_2026-03,2026-03-31T23:59:00
REC03712,EMP100,RKPI101,2026-03-01,2026-03-31,60.0,88.0,60.0,ontime_delivery_system,TASKS_2026-03,2026-03-31T23:59:00
REC03713,EMP100,RKPI102,2026-03-01,2026-03-31,52.1,80.0,65.1,learning_system,TRAINING_2026-03,2026-03-31T23:59:00
REC03714,EMP100,RKPI103,2026-03-01,2026-03-31,53.2,80.0,53.2,goal_achievement_system,GOALS_2026-03,2026-03-31T23:59:00
REC03715,EMP100,RKPI098,2026-04-01,2026-04-30,58.7,93.0,63.1,quality_system,QUALITY_2026-04,2026-04-30T23:59:00
REC03716,EMP100,RKPI099,2026-04-01,2026-04-30,52.0,84.0,61.9,technical_skill_system,SKILLS_2026-04,2026-04-30T23:59:00
REC03717,EMP100,RKPI100,2026-04-01,2026-04-30,70.0,38.0,100,task_completion_system,TASKS_2026-04,2026-04-30T23:59:00
REC03718,EMP100,RKPI101,2026-04-01,2026-04-30,42.9,88.0,42.9,ontime_delivery_system,TASKS_2026-04,2026-04-30T23:59:00
REC03719,EMP100,RKPI102,2026-04-01,2026-04-30,56.7,80.0,70.9,learning_system,TRAINING_2026-04,2026-04-30T23:59:00
REC03720,EMP100,RKPI103,2026-04-01,2026-04-30,32.7,80.0,32.7,goal_achievement_system,GOALS_2026-04,2026-04-30T23:59:00
REC03721,EMP100,RKPI098,2026-05-01,2026-05-31,48.8,93.0,52.5,quality_system,QUALITY_2026-05,2026-05-31T23:59:00
REC03722,EMP100,RKPI099,2026-05-01,2026-05-31,50.3,84.0,59.9,technical_skill_system,SKILLS_2026-05,2026-05-31T23:59:00
REC03723,EMP100,RKPI100,2026-05-01,2026-05-31,11.1,38.0,29.2,task_completion_system,TASKS_2026-05,2026-05-31T23:59:00
REC03724,EMP100,RKPI101,2026-05-01,2026-05-31,100.0,88.0,100,ontime_delivery_system,TASKS_2026-05,2026-05-31T23:59:00
REC03725,EMP100,RKPI102,2026-05-01,2026-05-31,56.5,80.0,70.6,learning_system,TRAINING_2026-05,2026-05-31T23:59:00
REC03726,EMP100,RKPI103,2026-05-01,2026-05-31,44.5,80.0,44.5,goal_achievement_system,GOALS_2026-05,2026-05-31T23:59:00
REC03727,EMP100,RKPI098,2026-06-01,2026-06-30,61.3,93.0,65.9,quality_system,QUALITY_2026-06,2026-06-30T23:59:00
REC03728,EMP100,RKPI099,2026-06-01,2026-06-30,39.8,84.0,47.4,technical_skill_system,SKILLS_2026-06,2026-06-30T23:59:00
REC03729,EMP100,RKPI100,2026-06-01,2026-06-30,50.0,38.0,100,task_completion_system,TASKS_2026-06,2026-06-30T23:59:00
REC03730,EMP100,RKPI101,2026-06-01,2026-06-30,50.0,88.0,50.0,ontime_delivery_system,TASKS_2026-06,2026-06-30T23:59:00
REC03731,EMP100,RKPI102,2026-06-01,2026-06-30,48.2,80.0,60.2,learning_system,TRAINING_2026-06,2026-06-30T23:59:00
REC03732,EMP100,RKPI103,2026-06-01,2026-06-30,49.9,80.0,49.9,goal_achievement_system,GOALS_2026-06,2026-06-30T23:59:00
