task_id,employee_id,project_id,assigned_date,due_date,completed_date,status,priority,estimated_hours,actual_hours,quality_score,rework_required,rework_count,complexity,task_type
TASK00001,EMP001,PRJ014,2026-03-22,2026-04-09,2026-03-23,completed,high,22.0,22.1,91.5,false,0,high,documentation
TASK00002,EMP001,PRJ014,2026-06-13,2026-06-20,,overdue,medium,19.7,14.4,,,,medium,feature
TASK00003,EMP001,PRJ014,2026-05-10,2026-05-13,2026-05-10,completed,low,6.3,5.6,78.7,false,0,low,documentation
TASK00004,EMP001,PRJ001,2026-04-22,2026-04-25,2026-04-23,completed,high,5.7,4.5,92.2,false,0,low,feature
TASK00005,EMP001,PRJ014,2026-04-20,2026-04-25,2026-04-21,completed,medium,2.4,1.7,78.2,false,0,low,feature
TASK00006,EMP001,PRJ014,2026-04-04,2026-04-09,2026-04-11,completed,medium,19.0,14.4,78.6,true,2,medium,research
TASK00007,EMP001,PRJ014,2026-03-21,2026-03-30,2026-03-24,completed,medium,6.1,6.0,84.2,true,3,medium,feature
TASK00008,EMP001,PRJ014,2026-01-01,2026-01-15,2026-01-15,completed,urgent,23.4,18.2,88.2,false,0,high,enhancement
TASK00009,EMP001,PRJ012,2026-04-11,2026-04-15,2026-04-20,completed,high,5.4,5.1,70.3,false,0,low,bug_fix
TASK00010,EMP001,PRJ012,2026-04-02,2026-04-25,,in_progress,high,33.6,34.2,,,,critical,feature
TASK00011,EMP001,PRJ012,2026-03-18,2026-03-21,,overdue,high,7.9,9.6,,,,low,bug_fix
TASK00012,EMP001,PRJ012,2026-05-31,2026-06-05,2026-06-05,completed,urgent,6.9,5.8,73.4,false,0,low,documentation
TASK00013,EMP001,PRJ001,2026-03-12,2026-03-16,2026-03-16,completed,low,7.3,7.2,94.8,false,0,low,design
TASK00014,EMP001,PRJ014,2026-03-30,2026-04-21,2026-04-20,completed,low,39.6,51.0,79.2,false,0,critical,documentation
TASK00015,EMP001,PRJ012,2026-04-10,2026-04-18,2026-04-14,completed,urgent,17.8,15.6,70.2,true,3,medium,design
TASK00016,EMP001,PRJ014,2026-01-01,2026-01-05,2026-01-04,completed,medium,17.3,25.6,81.2,false,0,medium,deployment
TASK00017,EMP001,PRJ012,2026-05-05,2026-05-10,2026-05-09,completed,medium,19.6,28.8,77.1,false,0,medium,documentation
TASK00018,EMP001,PRJ012,2026-05-25,2026-05-29,2026-05-27,completed,high,5.0,5.2,72.6,true,2,low,deployment
TASK00019,EMP001,PRJ001,2026-04-16,2026-04-21,2026-04-23,completed,high,13.6,10.6,86.7,false,0,medium,maintenance
TASK00020,EMP001,PRJ012,2026-05-04,2026-05-16,,in_progress,urgent,30.6,31.0,,,,high,design
TASK00021,EMP001,PRJ014,2026-02-09,2026-02-14,2026-02-14,completed,medium,2.0,2.0,81.2,false,0,low,deployment
TASK00022,EMP001,PRJ014,2026-02-17,2026-02-22,,overdue,low,12.5,12.9,,,,medium,design
TASK00023,EMP001,PRJ012,2026-05-02,2026-05-10,2026-05-12,completed,high,10.2,15.2,81.1,false,0,medium,deployment
TASK00024,EMP001,PRJ001,2026-06-10,2026-06-12,,overdue,medium,5.6,5.8,,,,low,deployment
TASK00025,EMP001,PRJ001,2026-02-07,2026-02-17,2026-02-16,completed,high,19.5,24.4,87.2,true,2,medium,feature
TASK00026,EMP001,PRJ012,2026-05-02,2026-05-19,2026-05-04,completed,urgent,39.1,50.5,73.2,false,0,critical,design
TASK00027,EMP001,PRJ014,2026-01-15,2026-01-20,,overdue,high,10.4,12.5,,,,medium,bug_fix
TASK00028,EMP001,PRJ012,2026-01-08,2026-01-12,2026-01-19,completed,high,4.9,6.0,73.9,false,0,low,design
TASK00029,EMP001,PRJ001,2026-01-03,2026-01-12,2026-01-09,completed,medium,8.4,12.4,75.9,false,0,medium,testing
TASK00030,EMP001,PRJ012,2026-06-15,2026-06-24,2026-07-01,completed,medium,15.6,14.9,92.8,false,0,medium,enhancement
TASK00031,EMP001,PRJ012,2026-01-07,2026-01-15,2026-01-11,completed,medium,9.6,8.1,93.1,false,0,medium,bug_fix
TASK00032,EMP001,PRJ014,2026-02-02,2026-02-10,2026-02-03,completed,medium,37.9,55.2,87.9,false,0,high,bug_fix
TASK00033,EMP001,PRJ014,2026-02-19,2026-02-24,2026-02-22,completed,medium,11.3,8.5,87.8,false,0,medium,research
TASK00034,EMP001,PRJ014,2026-02-23,2026-03-11,2026-02-23,completed,high,27.7,19.8,92.5,false,0,high,feature
TASK00035,EMP001,PRJ012,2026-03-05,2026-03-09,2026-03-12,completed,medium,7.3,6.0,89.8,false,0,low,deployment
TASK00036,EMP001,PRJ001,2026-02-28,2026-03-02,2026-02-28,completed,medium,7.9,6.3,69.6,false,0,low,review
TASK00037,EMP001,PRJ014,2026-02-09,2026-02-13,2026-02-13,completed,medium,6.1,5.3,74.2,false,0,low,deployment
TASK00038,EMP001,PRJ014,2026-02-11,2026-02-13,2026-02-11,completed,urgent,5.0,7.4,90.9,false,0,low,review
TASK00039,EMP001,PRJ014,2026-01-13,2026-01-17,,overdue,low,3.0,2.8,,,,low,bug_fix
TASK00040,EMP001,PRJ014,2026-03-29,2026-04-03,,overdue,low,4.4,5.1,,,,low,research
TASK00041,EMP001,PRJ001,2026-06-06,2026-06-13,2026-06-09,completed,low,6.4,7.2,92.4,false,0,medium,maintenance
TASK00042,EMP001,PRJ001,2026-04-21,2026-04-25,2026-04-23,completed,medium,10.8,11.1,71.3,false,0,medium,documentation
TASK00043,EMP001,PRJ001,2026-04-28,2026-05-07,2026-05-02,completed,low,7.2,7.7,89.3,false,0,medium,testing
TASK00044,EMP001,PRJ014,2026-01-14,2026-01-28,2026-01-19,completed,low,34.4,28.0,78.3,false,0,high,deployment
TASK00045,EMP001,PRJ001,2026-03-07,2026-03-16,2026-03-16,completed,high,19.0,21.4,83.5,false,0,medium,feature
TASK00046,EMP001,PRJ012,2026-04-21,2026-05-11,2026-04-28,completed,low,38.1,40.5,86.5,false,0,high,enhancement
TASK00047,EMP001,PRJ001,2026-04-16,2026-04-25,2026-04-18,completed,medium,13.2,10.4,85.7,false,0,medium,testing
TASK00048,EMP001,PRJ012,2026-05-03,2026-05-13,2026-05-07,completed,medium,15.9,13.8,79.6,true,2,medium,design
TASK00049,EMP001,PRJ001,2026-04-02,2026-04-17,2026-04-18,completed,high,33.7,44.7,71.2,false,0,high,research
TASK00050,EMP001,PRJ001,2026-06-12,2026-06-26,2026-06-16,completed,urgent,29.1,28.1,78.3,false,0,high,enhancement
TASK00051,EMP001,PRJ001,2026-02-09,2026-03-06,,overdue,low,55.3,56.6,,,,critical,testing
TASK00052,EMP001,PRJ001,2026-02-24,2026-03-04,2026-03-01,completed,low,10.1,9.2,85.5,false,0,medium,review
TASK00053,EMP001,PRJ001,2026-05-13,2026-05-28,2026-05-19,completed,urgent,26.7,30.2,86.8,false,0,high,deployment
TASK00054,EMP001,PRJ012,2026-01-19,2026-02-07,2026-01-19,completed,medium,24.0,28.6,74.7,true,3,high,maintenance
TASK00055,EMP001,PRJ001,2026-01-19,2026-01-29,2026-01-27,completed,medium,10.1,14.2,81.6,false,0,medium,testing
TASK00056,EMP001,PRJ001,2026-05-22,2026-06-01,2026-05-23,completed,medium,29.7,41.1,82.5,false,0,high,design
TASK00057,EMP002,PRJ001,2026-03-16,2026-03-21,2026-03-20,completed,low,8.8,12.9,68.4,false,0,medium,enhancement
TASK00058,EMP002,PRJ001,2026-03-22,2026-03-25,2026-03-24,completed,high,3.3,3.0,72.1,false,0,low,bug_fix
TASK00059,EMP002,PRJ001,2026-01-05,2026-01-20,2026-01-26,completed,medium,29.9,23.1,72.0,false,0,high,testing
TASK00060,EMP002,PRJ001,2026-06-19,2026-06-22,2026-06-22,completed,medium,7.8,9.6,64.7,false,0,low,design
TASK00061,EMP002,PRJ001,2026-04-10,2026-04-20,2026-04-14,completed,medium,6.7,6.5,77.2,false,0,medium,testing
TASK00062,EMP002,PRJ001,2026-05-04,2026-05-13,2026-05-11,completed,low,26.6,27.3,73.6,false,0,high,documentation
TASK00063,EMP002,PRJ001,2026-02-02,2026-02-07,2026-02-02,completed,medium,14.8,16.1,70.0,false,0,medium,documentation
TASK00064,EMP002,PRJ001,2026-06-03,2026-06-06,2026-06-06,completed,urgent,5.5,7.8,79.1,false,0,low,maintenance
TASK00065,EMP002,PRJ001,2026-05-17,2026-05-27,2026-05-31,completed,medium,12.8,17.5,75.1,false,0,medium,maintenance
TASK00066,EMP002,PRJ001,2026-04-19,2026-04-24,2026-04-27,completed,high,4.9,5.7,64.8,false,0,low,review
TASK00067,EMP002,PRJ001,2026-05-25,2026-05-30,,overdue,medium,15.5,16.4,,,,medium,enhancement
TASK00068,EMP002,PRJ001,2026-02-24,2026-03-01,2026-02-28,completed,high,17.2,20.5,63.7,false,0,medium,design
TASK00069,EMP002,PRJ001,2026-06-02,2026-06-06,2026-06-04,completed,medium,6.6,7.8,74.3,false,0,low,design
TASK00070,EMP002,PRJ001,2026-01-18,2026-02-08,2026-01-20,completed,high,47.5,69.6,70.0,true,3,critical,design
TASK00071,EMP002,PRJ001,2026-04-24,2026-05-08,,overdue,medium,58.8,86.2,,,,critical,design
TASK00072,EMP002,PRJ001,2026-03-09,2026-03-12,,overdue,medium,2.6,3.6,,,,low,documentation
TASK00073,EMP002,PRJ001,2026-02-21,2026-03-10,2026-03-01,completed,high,34.7,32.1,80.1,false,0,high,documentation
TASK00074,EMP002,PRJ001,2026-01-14,2026-01-21,2026-01-18,completed,medium,19.2,28.1,64.0,false,0,medium,testing
TASK00075,EMP002,PRJ001,2026-02-17,2026-02-24,2026-02-26,completed,urgent,15.8,21.3,74.5,false,0,medium,enhancement
TASK00076,EMP002,PRJ001,2026-05-08,2026-05-13,,in_progress,medium,7.4,6.7,,,,low,testing
TASK00077,EMP002,PRJ001,2026-03-30,2026-04-02,2026-03-31,completed,medium,2.7,2.8,80.3,false,0,low,maintenance
TASK00078,EMP002,PRJ001,2026-01-19,2026-01-24,2026-01-26,completed,high,4.1,5.1,78.5,false,0,low,bug_fix
TASK00079,EMP002,PRJ001,2026-02-12,2026-02-20,,in_progress,low,19.1,23.0,,,,medium,enhancement
TASK00080,EMP002,PRJ001,2026-01-08,2026-01-12,2026-01-12,completed,urgent,4.1,4.5,75.1,false,0,low,documentation
TASK00081,EMP002,PRJ001,2026-04-24,2026-04-30,,in_progress,medium,8.2,7.2,,,,medium,feature
TASK00082,EMP002,PRJ001,2026-02-18,2026-02-28,,in_progress,medium,11.5,11.9,,,,medium,bug_fix
TASK00083,EMP002,PRJ001,2026-02-04,2026-02-07,2026-02-05,completed,low,5.8,6.0,58.6,false,0,low,research
TASK00084,EMP002,PRJ001,2026-04-29,2026-05-09,2026-05-15,completed,medium,7.1,9.2,73.1,false,0,medium,feature
TASK00085,EMP002,PRJ001,2026-04-28,2026-05-07,2026-05-01,completed,high,21.0,15.0,75.4,false,0,high,review
TASK00086,EMP002,PRJ001,2026-04-12,2026-05-01,2026-04-23,completed,medium,34.8,27.9,77.9,false,0,high,documentation
TASK00087,EMP002,PRJ001,2026-05-23,2026-06-10,2026-06-09,completed,medium,26.5,36.2,73.9,false,0,high,design
TASK00088,EMP002,PRJ001,2026-01-18,2026-01-27,2026-01-29,completed,high,17.5,20.8,72.8,false,0,medium,testing
TASK00089,EMP002,PRJ001,2026-06-14,2026-06-24,,in_progress,low,15.2,13.8,,,,medium,testing
TASK00090,EMP002,PRJ001,2026-06-05,2026-06-24,,overdue,medium,31.7,43.4,,,,high,bug_fix
TASK00091,EMP002,PRJ001,2026-05-13,2026-05-16,,in_progress,medium,6.4,5.0,,,,low,enhancement
TASK00092,EMP002,PRJ001,2026-05-10,2026-05-18,2026-05-18,completed,medium,20.0,21.1,75.0,false,0,medium,deployment
TASK00093,EMP002,PRJ001,2026-01-09,2026-02-02,2026-02-04,completed,low,39.1,38.8,65.8,true,2,critical,maintenance
TASK00094,EMP002,PRJ001,2026-03-01,2026-03-03,2026-03-03,completed,low,3.8,5.5,75.2,false,0,low,testing
TASK00095,EMP002,PRJ001,2026-04-22,2026-05-01,2026-04-28,completed,low,18.2,14.0,83.6,false,0,medium,deployment
TASK00096,EMP002,PRJ001,2026-04-11,2026-04-15,2026-04-15,completed,medium,4.0,3.0,78.0,false,0,low,deployment
TASK00097,EMP002,PRJ001,2026-05-28,2026-05-30,2026-06-01,completed,urgent,6.0,4.6,69.8,false,0,low,feature
TASK00098,EMP002,PRJ001,2026-06-08,2026-07-07,2026-07-01,completed,low,50.8,50.9,83.0,false,0,critical,design
TASK00099,EMP002,PRJ001,2026-03-07,2026-03-09,2026-03-08,completed,high,3.7,4.0,76.0,false,0,low,maintenance
TASK00100,EMP002,PRJ001,2026-02-17,2026-02-21,2026-02-24,completed,high,7.8,11.0,79.2,false,0,low,feature
TASK00101,EMP002,PRJ001,2026-02-27,2026-03-02,2026-02-28,completed,medium,7.4,8.3,74.9,false,0,low,enhancement
TASK00102,EMP002,PRJ001,2026-02-07,2026-02-12,2026-02-18,completed,high,8.2,6.5,75.4,false,0,medium,enhancement
TASK00103,EMP002,PRJ001,2026-06-06,2026-06-12,2026-06-07,completed,low,14.6,10.4,60.4,false,0,medium,review
TASK00104,EMP002,PRJ001,2026-02-26,2026-03-14,2026-03-20,completed,high,17.6,20.7,71.5,false,0,high,design
TASK00105,EMP002,PRJ001,2026-05-14,2026-05-19,2026-05-23,completed,medium,4.7,5.9,64.2,false,0,low,enhancement
TASK00106,EMP002,PRJ001,2026-06-15,2026-06-22,,overdue,medium,7.6,9.2,,,,medium,enhancement
TASK00107,EMP002,PRJ001,2026-01-24,2026-01-27,,overdue,low,4.7,3.5,,,,low,review
TASK00108,EMP002,PRJ001,2026-04-25,2026-04-29,,overdue,high,3.1,3.2,,,,low,maintenance
TASK00109,EMP002,PRJ001,2026-03-04,2026-03-11,,in_progress,low,35.7,29.6,,,,high,review
TASK00110,EMP002,PRJ001,2026-04-27,2026-05-05,2026-04-30,completed,high,34.4,51.1,77.2,true,3,high,design
TASK00111,EMP002,PRJ001,2026-05-04,2026-05-19,,in_progress,urgent,33.0,41.8,,,,high,documentation
TASK00112,EMP002,PRJ001,2026-01-31,2026-02-05,2026-02-02,completed,medium,5.8,5.6,69.8,true,3,low,deployment
TASK00113,EMP002,PRJ001,2026-02-14,2026-02-16,,in_progress,low,7.0,9.6,,,,low,review
TASK00114,EMP002,PRJ001,2026-05-23,2026-05-27,2026-05-23,completed,high,15.6,14.8,82.0,false,0,medium,feature
TASK00115,EMP002,PRJ001,2026-04-16,2026-04-20,2026-04-17,completed,high,7.3,6.9,69.8,false,0,low,testing
TASK00116,EMP003,PRJ029,2026-05-13,2026-05-17,2026-05-15,completed,high,16.1,14.0,79.5,false,0,medium,documentation
TASK00117,EMP003,PRJ029,2026-03-15,2026-03-19,2026-03-16,completed,low,3.9,4.1,77.9,false,0,low,enhancement
TASK00118,EMP003,PRJ029,2026-05-01,2026-05-24,2026-05-19,completed,medium,41.8,44.9,82.0,false,0,critical,research
TASK00119,EMP003,PRJ025,2026-06-14,2026-06-27,2026-06-19,completed,high,21.4,20.9,87.7,false,0,high,maintenance
TASK00120,EMP003,PRJ029,2026-05-11,2026-05-15,2026-05-15,completed,medium,6.9,6.7,89.2,false,0,low,documentation
TASK00121,EMP003,PRJ029,2026-06-19,2026-06-25,2026-06-22,completed,high,16.0,21.6,82.2,true,1,medium,maintenance
TASK00122,EMP003,PRJ029,2026-02-07,2026-02-16,,in_progress,medium,10.1,11.8,,,,medium,maintenance
TASK00123,EMP003,PRJ025,2026-02-02,2026-02-22,2026-02-19,completed,high,39.2,44.9,72.9,false,0,high,testing
TASK00124,EMP003,PRJ025,2026-02-09,2026-02-12,2026-02-12,completed,high,7.2,9.8,83.6,false,0,low,deployment
TASK00125,EMP003,PRJ025,2026-02-27,2026-03-03,2026-03-03,completed,low,5.6,6.0,97.5,false,0,low,bug_fix
TASK00126,EMP003,PRJ029,2026-03-04,2026-03-12,,in_progress,medium,19.4,18.1,,,,medium,feature
TASK00127,EMP003,PRJ025,2026-05-25,2026-05-29,,in_progress,medium,5.8,5.2,,,,low,bug_fix
TASK00128,EMP003,PRJ029,2026-06-01,2026-06-10,2026-06-07,completed,high,20.2,24.5,82.4,false,0,high,documentation
TASK00129,EMP003,PRJ025,2026-01-14,2026-01-21,2026-01-25,completed,medium,7.6,11.2,77.8,false,0,medium,bug_fix
TASK00130,EMP003,PRJ025,2026-04-21,2026-04-30,2026-04-23,completed,medium,9.8,7.0,71.9,true,1,medium,bug_fix
TASK00131,EMP003,PRJ029,2026-04-25,2026-05-03,2026-04-27,completed,urgent,9.5,10.2,91.6,false,0,medium,bug_fix
TASK00132,EMP003,PRJ025,2026-03-12,2026-03-31,,in_progress,medium,34.5,29.7,,,,high,deployment
TASK00133,EMP003,PRJ029,2026-06-15,2026-06-24,2026-06-15,completed,low,16.8,21.1,91.6,false,0,medium,deployment
TASK00134,EMP003,PRJ029,2026-05-12,2026-05-22,2026-05-16,completed,medium,25.7,19.8,83.1,false,0,high,design
TASK00135,EMP003,PRJ025,2026-01-21,2026-01-31,2026-01-23,completed,high,20.9,18.6,67.9,false,0,high,deployment
TASK00136,EMP003,PRJ029,2026-05-19,2026-05-23,2026-05-30,completed,medium,19.5,28.1,82.5,false,0,medium,feature
TASK00137,EMP003,PRJ029,2026-05-06,2026-05-10,2026-05-06,completed,urgent,18.9,25.3,87.2,false,0,medium,deployment
TASK00138,EMP003,PRJ025,2026-06-23,2026-07-03,2026-07-02,completed,medium,15.6,18.5,69.2,false,0,medium,enhancement
TASK00139,EMP003,PRJ029,2026-05-05,2026-05-09,2026-05-05,completed,high,2.0,1.6,87.4,false,0,low,review
TASK00140,EMP003,PRJ025,2026-04-18,2026-04-22,2026-04-21,completed,medium,3.4,2.5,77.0,false,0,low,testing
TASK00141,EMP003,PRJ025,2026-02-23,2026-03-03,,in_progress,high,17.3,21.4,,,,medium,testing
TASK00142,EMP003,PRJ029,2026-01-29,2026-02-02,2026-01-30,completed,low,16.3,13.1,92.1,false,0,medium,maintenance
TASK00143,EMP003,PRJ029,2026-03-13,2026-03-17,2026-03-16,completed,medium,7.1,9.2,84.0,false,0,low,documentation
TASK00144,EMP003,PRJ029,2026-03-25,2026-04-01,2026-03-26,completed,urgent,19.0,13.5,77.6,false,0,medium,deployment
TASK00145,EMP003,PRJ029,2026-02-03,2026-02-12,2026-02-03,completed,urgent,20.0,19.3,81.0,false,0,medium,feature
TASK00146,EMP003,PRJ025,2026-04-20,2026-05-11,2026-05-09,completed,high,29.8,37.7,73.5,false,0,high,design
TASK00147,EMP003,PRJ029,2026-02-05,2026-02-26,2026-02-21,completed,medium,58.2,72.3,76.9,false,0,critical,design
TASK00148,EMP003,PRJ025,2026-04-26,2026-05-01,,overdue,low,19.2,21.1,,,,medium,documentation
TASK00149,EMP003,PRJ029,2026-03-17,2026-03-23,2026-03-23,completed,low,19.0,26.2,81.4,false,0,medium,research
TASK00150,EMP003,PRJ025,2026-03-19,2026-03-25,2026-03-20,completed,low,10.3,8.5,90.7,false,0,medium,documentation
TASK00151,EMP003,PRJ029,2026-01-11,2026-02-05,2026-02-12,completed,low,36.2,25.4,76.5,false,0,critical,design
TASK00152,EMP003,PRJ025,2026-06-15,2026-07-01,2026-06-22,completed,medium,38.7,33.1,75.2,true,3,high,design
TASK00153,EMP003,PRJ029,2026-03-13,2026-03-18,2026-03-16,completed,high,2.5,3.7,77.1,false,0,low,design
TASK00154,EMP003,PRJ029,2026-02-25,2026-03-18,2026-03-19,completed,low,35.3,24.9,90.4,false,0,high,review
TASK00155,EMP003,PRJ025,2026-02-14,2026-02-20,2026-02-14,completed,low,16.6,20.0,74.1,false,0,medium,bug_fix
TASK00156,EMP003,PRJ025,2026-04-17,2026-04-22,2026-04-21,completed,medium,7.4,8.7,78.3,false,0,low,enhancement
TASK00157,EMP003,PRJ025,2026-04-29,2026-05-10,2026-05-07,completed,medium,22.5,30.2,76.9,false,0,high,review
TASK00158,EMP003,PRJ025,2026-01-25,2026-02-01,2026-01-26,completed,low,8.0,6.4,87.9,false,0,medium,feature
TASK00159,EMP003,PRJ025,2026-03-31,2026-04-05,,overdue,low,17.4,25.9,,,,medium,deployment
TASK00160,EMP003,PRJ029,2026-01-20,2026-01-22,2026-01-20,completed,low,4.9,7.1,75.4,true,3,low,maintenance
TASK00161,EMP003,PRJ025,2026-04-01,2026-04-03,2026-04-01,completed,medium,5.0,6.3,94.4,false,0,low,enhancement
TASK00162,EMP003,PRJ025,2026-06-22,2026-07-16,,in_progress,low,36.4,28.9,,,,critical,review
TASK00163,EMP003,PRJ025,2026-06-03,2026-06-23,2026-06-15,completed,high,21.4,17.5,84.1,false,0,high,deployment
TASK00164,EMP003,PRJ029,2026-02-13,2026-02-15,2026-02-14,completed,high,7.9,11.7,83.0,false,0,low,design
TASK00165,EMP004,PRJ025,2026-04-27,2026-04-29,2026-04-27,completed,medium,3.5,3.8,85.2,false,0,low,review
TASK00166,EMP004,PRJ002,2026-05-08,2026-05-15,2026-05-18,completed,medium,10.8,10.3,82.9,false,0,medium,deployment
TASK00167,EMP004,PRJ004,2026-01-29,2026-02-06,2026-01-29,completed,medium,13.8,16.1,74.8,false,0,medium,testing
TASK00168,EMP004,PRJ004,2026-01-25,2026-02-03,2026-01-31,completed,urgent,11.8,14.8,89.9,false,0,medium,maintenance
TASK00169,EMP004,PRJ025,2026-03-23,2026-03-29,2026-03-29,completed,high,14.0,12.8,81.7,false,0,medium,review
TASK00170,EMP004,PRJ002,2026-04-13,2026-04-21,2026-04-21,completed,medium,33.2,37.0,78.3,false,0,high,design
TASK00171,EMP004,PRJ025,2026-01-05,2026-01-11,2026-01-11,completed,urgent,8.6,11.7,78.5,false,0,medium,bug_fix
TASK00172,EMP004,PRJ002,2026-02-22,2026-03-04,2026-02-22,completed,low,19.9,24.4,74.4,true,2,high,enhancement
TASK00173,EMP004,PRJ002,2026-01-11,2026-02-07,2026-01-29,completed,high,32.5,44.3,92.9,false,0,critical,design
TASK00174,EMP004,PRJ004,2026-05-08,2026-05-26,2026-05-27,completed,urgent,35.4,33.7,80.4,false,0,high,deployment
TASK00175,EMP004,PRJ004,2026-03-05,2026-03-20,2026-03-14,completed,high,51.5,64.2,87.8,false,0,critical,design
TASK00176,EMP004,PRJ025,2026-04-24,2026-05-04,2026-04-24,completed,medium,11.5,12.6,72.4,false,0,medium,deployment
TASK00177,EMP004,PRJ004,2026-04-19,2026-05-05,2026-05-01,completed,medium,32.8,25.8,74.9,false,0,high,documentation
TASK00178,EMP004,PRJ002,2026-06-16,2026-07-04,2026-06-28,completed,medium,35.0,51.1,95.3,false,0,high,design
TASK00179,EMP004,PRJ002,2026-06-06,2026-06-10,2026-06-09,completed,high,19.6,16.9,87.3,false,0,medium,review
TASK00180,EMP004,PRJ004,2026-05-07,2026-05-14,2026-05-14,completed,high,8.9,13.2,75.8,false,0,medium,deployment
TASK00181,EMP004,PRJ002,2026-02-24,2026-03-08,2026-02-24,completed,medium,22.1,22.5,80.7,false,0,high,testing
TASK00182,EMP004,PRJ025,2026-05-24,2026-05-29,2026-06-01,completed,high,3.1,4.3,93.0,false,0,low,maintenance
TASK00183,EMP004,PRJ004,2026-05-13,2026-05-21,2026-05-20,completed,low,10.4,11.3,73.3,false,0,medium,research
TASK00184,EMP004,PRJ025,2026-02-07,2026-02-11,2026-02-07,completed,medium,2.6,3.2,80.7,false,0,low,deployment
TASK00185,EMP004,PRJ004,2026-06-01,2026-06-23,2026-06-19,completed,medium,43.8,40.6,82.8,false,0,critical,feature
TASK00186,EMP004,PRJ002,2026-01-19,2026-01-23,2026-01-22,completed,low,7.3,8.6,92.8,false,0,medium,testing
TASK00187,EMP004,PRJ002,2026-01-25,2026-02-13,2026-02-01,completed,high,37.2,41.8,88.1,false,0,high,design
TASK00188,EMP004,PRJ025,2026-03-16,2026-03-26,,overdue,medium,17.2,22.0,,,,medium,review
TASK00189,EMP004,PRJ004,2026-03-07,2026-03-17,2026-03-11,completed,low,6.2,5.4,86.8,false,0,medium,bug_fix
TASK00190,EMP004,PRJ002,2026-06-04,2026-06-06,2026-06-06,completed,medium,6.0,6.1,83.2,false,0,low,review
TASK00191,EMP004,PRJ025,2026-02-02,2026-02-04,2026-02-03,completed,high,3.1,4.1,75.2,false,0,low,research
TASK00192,EMP004,PRJ004,2026-05-01,2026-05-06,2026-05-03,completed,low,4.7,6.0,74.0,false,0,low,research
TASK00193,EMP004,PRJ025,2026-01-16,2026-01-23,2026-01-23,completed,high,10.4,10.1,74.0,false,0,medium,maintenance
TASK00194,EMP004,PRJ002,2026-06-18,2026-06-28,2026-06-19,completed,high,16.1,14.3,94.0,false,0,medium,design
TASK00195,EMP004,PRJ025,2026-01-05,2026-01-15,2026-01-05,completed,medium,15.5,21.4,87.5,false,0,medium,design
TASK00196,EMP004,PRJ002,2026-06-21,2026-06-23,2026-06-22,completed,high,2.3,3.2,89.8,false,0,low,enhancement
TASK00197,EMP004,PRJ002,2026-04-04,2026-04-09,2026-04-05,completed,medium,17.9,14.5,86.8,false,0,medium,deployment
TASK00198,EMP004,PRJ004,2026-04-15,2026-05-04,2026-04-27,completed,high,32.4,46.0,89.0,false,0,high,feature
TASK00199,EMP004,PRJ002,2026-06-19,2026-07-07,2026-06-25,completed,urgent,37.3,39.3,90.3,false,0,high,testing
TASK00200,EMP004,PRJ002,2026-04-14,2026-04-29,2026-05-04,completed,medium,28.9,37.0,79.7,false,0,high,design
TASK00201,EMP004,PRJ025,2026-01-16,2026-01-27,,overdue,medium,19.0,24.1,,,,high,enhancement
TASK00202,EMP004,PRJ002,2026-04-07,2026-04-14,2026-04-12,completed,high,10.6,14.0,83.6,false,0,medium,review
TASK00203,EMP004,PRJ002,2026-05-08,2026-05-18,,overdue,medium,15.6,22.8,,,,medium,testing
TASK00204,EMP004,PRJ025,2026-06-04,2026-06-15,2026-06-18,completed,medium,23.0,18.3,83.3,false,0,high,testing
TASK00205,EMP004,PRJ025,2026-01-12,2026-01-22,2026-01-21,completed,high,13.9,14.1,83.5,false,0,medium,design
TASK00206,EMP004,PRJ025,2026-06-21,2026-07-08,2026-07-06,completed,high,36.8,41.4,74.8,false,0,high,feature
TASK00207,EMP004,PRJ004,2026-02-22,2026-02-26,2026-02-22,completed,medium,6.2,5.1,70.3,false,0,low,review
TASK00208,EMP004,PRJ025,2026-02-09,2026-02-18,2026-02-12,completed,medium,8.4,9.3,80.1,false,0,medium,design
TASK00209,EMP004,PRJ004,2026-01-30,2026-02-02,2026-01-31,completed,medium,3.9,3.3,81.0,false,0,low,documentation
TASK00210,EMP004,PRJ002,2026-04-19,2026-05-03,2026-04-22,completed,low,58.8,66.3,83.9,true,3,critical,bug_fix
TASK00211,EMP004,PRJ004,2026-01-23,2026-01-28,2026-01-24,completed,urgent,8.0,11.7,82.1,false,0,medium,testing
TASK00212,EMP004,PRJ025,2026-02-04,2026-02-12,2026-02-18,completed,high,12.7,12.7,75.7,false,0,medium,maintenance
TASK00213,EMP004,PRJ004,2026-04-10,2026-04-13,2026-04-11,completed,high,6.6,6.1,78.4,false,0,low,maintenance
TASK00214,EMP004,PRJ025,2026-01-02,2026-01-07,2026-01-04,completed,high,6.9,8.9,94.7,false,0,low,review
TASK00215,EMP004,PRJ025,2026-06-23,2026-06-28,2026-06-27,completed,high,7.8,7.2,92.5,false,0,low,deployment
TASK00216,EMP004,PRJ002,2026-04-25,2026-05-04,2026-04-25,completed,urgent,10.7,9.6,85.9,false,0,medium,bug_fix
TASK00217,EMP004,PRJ004,2026-03-03,2026-03-31,2026-03-30,completed,high,37.1,49.8,89.9,false,0,critical,feature
TASK00218,EMP005,PRJ004,2026-06-10,2026-06-14,2026-06-19,completed,medium,6.8,4.9,54.4,false,0,medium,design
TASK00219,EMP005,PRJ002,2026-05-31,2026-06-03,2026-06-02,completed,medium,2.6,2.6,61.9,false,0,low,maintenance
TASK00220,EMP005,PRJ004,2026-02-07,2026-02-10,2026-02-07,completed,high,3.9,5.7,59.5,false,0,low,maintenance
TASK00221,EMP005,PRJ004,2026-03-26,2026-04-16,,in_progress,medium,23.2,33.9,,,,high,testing
TASK00222,EMP005,PRJ004,2026-04-07,2026-04-09,,overdue,medium,3.1,2.7,,,,low,review
TASK00223,EMP005,PRJ004,2026-02-14,2026-02-18,,in_progress,medium,8.5,7.1,,,,medium,design
TASK00224,EMP005,PRJ004,2026-04-22,2026-05-05,,overdue,medium,38.2,28.4,,,,high,review
TASK00225,EMP005,PRJ014,2026-05-11,2026-06-06,2026-06-02,completed,high,44.1,51.4,67.0,false,0,critical,maintenance
TASK00226,EMP005,PRJ004,2026-01-10,2026-01-15,2026-01-14,completed,urgent,7.4,7.8,51.0,false,0,low,deployment
TASK00227,EMP005,PRJ002,2026-04-05,2026-04-26,2026-04-16,completed,medium,20.3,18.3,46.0,true,2,high,review
TASK00228,EMP005,PRJ014,2026-06-04,2026-06-27,2026-06-20,completed,high,57.4,50.6,77.0,false,0,critical,documentation
TASK00229,EMP005,PRJ002,2026-03-01,2026-03-07,2026-03-07,completed,medium,16.6,22.7,59.7,true,3,medium,testing
TASK00230,EMP005,PRJ014,2026-04-18,2026-04-26,2026-04-24,completed,urgent,16.7,18.8,64.9,false,0,medium,documentation
TASK00231,EMP005,PRJ002,2026-01-28,2026-02-01,2026-02-05,completed,low,14.9,15.1,51.4,true,2,medium,bug_fix
TASK00232,EMP005,PRJ014,2026-05-18,2026-05-24,2026-05-19,completed,low,11.4,10.3,64.1,false,0,medium,testing
TASK00233,EMP005,PRJ004,2026-05-06,2026-05-12,2026-05-09,completed,medium,16.3,16.6,63.2,false,0,medium,feature
TASK00234,EMP005,PRJ014,2026-02-10,2026-02-13,,in_progress,urgent,5.8,6.2,,,,low,bug_fix
TASK00235,EMP005,PRJ004,2026-06-22,2026-06-30,2026-07-02,completed,medium,36.5,43.3,55.9,true,1,high,enhancement
TASK00236,EMP005,PRJ002,2026-02-01,2026-02-08,2026-02-14,completed,medium,7.1,6.7,65.8,true,3,medium,feature
TASK00237,EMP005,PRJ004,2026-01-02,2026-01-05,,overdue,low,4.3,5.8,,,,low,enhancement
TASK00238,EMP005,PRJ004,2026-02-12,2026-02-15,2026-02-15,completed,low,5.1,6.1,56.9,false,0,low,feature
TASK00239,EMP005,PRJ014,2026-02-25,2026-03-03,,overdue,urgent,13.0,12.4,,,,medium,research
TASK00240,EMP005,PRJ014,2026-03-27,2026-03-29,2026-03-27,completed,medium,7.5,9.6,59.8,false,0,low,research
TASK00241,EMP005,PRJ004,2026-03-26,2026-03-31,2026-04-02,completed,high,3.9,5.5,69.2,false,0,low,design
TASK00242,EMP005,PRJ002,2026-02-16,2026-02-21,2026-02-17,completed,low,18.2,17.1,60.4,true,1,medium,maintenance
TASK00243,EMP005,PRJ002,2026-06-12,2026-06-17,2026-06-21,completed,medium,7.2,8.4,71.2,false,0,low,enhancement
TASK00244,EMP005,PRJ004,2026-02-14,2026-02-16,,in_progress,low,4.8,7.1,,,,low,testing
TASK00245,EMP005,PRJ002,2026-05-06,2026-05-13,,in_progress,low,7.0,8.8,,,,medium,deployment
TASK00246,EMP005,PRJ002,2026-03-05,2026-03-08,,overdue,urgent,2.2,3.2,,,,low,deployment
TASK00247,EMP005,PRJ004,2026-05-31,2026-06-23,2026-06-30,completed,medium,35.0,34.1,54.0,false,0,critical,enhancement
TASK00248,EMP005,PRJ002,2026-02-23,2026-03-22,2026-02-28,completed,medium,54.5,47.4,53.8,false,0,critical,documentation
TASK00249,EMP005,PRJ014,2026-02-16,2026-03-05,2026-03-12,completed,low,36.9,26.1,45.0,false,0,high,maintenance
TASK00250,EMP005,PRJ014,2026-01-25,2026-01-29,2026-01-28,completed,high,6.8,6.5,50.5,false,0,low,bug_fix
TASK00251,EMP005,PRJ014,2026-04-27,2026-05-12,2026-05-03,completed,urgent,38.2,36.6,52.3,false,0,high,testing
TASK00252,EMP005,PRJ014,2026-03-25,2026-04-01,,in_progress,urgent,12.8,17.9,,,,medium,design
TASK00253,EMP005,PRJ014,2026-02-02,2026-02-07,2026-02-08,completed,urgent,17.7,25.1,62.2,true,2,medium,review
TASK00254,EMP005,PRJ014,2026-03-07,2026-03-11,2026-03-17,completed,high,15.4,22.7,67.0,false,0,medium,deployment
TASK00255,EMP005,PRJ014,2026-02-27,2026-03-02,,in_progress,low,3.7,5.6,,,,low,testing
TASK00256,EMP005,PRJ002,2026-06-23,2026-07-21,2026-07-16,completed,medium,33.2,39.1,68.1,false,0,critical,review
TASK00257,EMP005,PRJ004,2026-02-01,2026-02-05,2026-02-06,completed,urgent,7.1,9.1,72.9,false,0,low,review
TASK00258,EMP005,PRJ004,2026-02-10,2026-03-12,,in_progress,high,59.7,83.2,,,,critical,feature
TASK00259,EMP005,PRJ004,2026-03-19,2026-03-24,,overdue,high,7.9,6.6,,,,medium,feature
TASK00260,EMP005,PRJ014,2026-04-02,2026-04-28,2026-05-05,completed,medium,49.5,65.5,68.6,false,0,critical,deployment
TASK00261,EMP005,PRJ002,2026-06-11,2026-06-15,2026-06-15,completed,medium,7.7,10.7,49.7,false,0,medium,design
TASK00262,EMP005,PRJ014,2026-04-14,2026-04-29,2026-04-28,completed,high,28.9,35.3,60.0,true,1,high,bug_fix
TASK00263,EMP005,PRJ004,2026-03-07,2026-03-24,,in_progress,medium,28.1,35.4,,,,high,design
TASK00264,EMP005,PRJ002,2026-06-05,2026-06-10,2026-06-07,completed,urgent,7.4,5.7,57.6,true,2,medium,review
TASK00265,EMP005,PRJ004,2026-04-19,2026-05-19,,in_progress,high,38.1,34.9,,,,critical,design
TASK00266,EMP005,PRJ014,2026-05-21,2026-05-31,2026-05-29,completed,medium,7.2,7.9,61.5,false,0,medium,design
TASK00267,EMP005,PRJ002,2026-05-27,2026-06-08,,overdue,medium,37.5,34.3,,,,high,testing
TASK00268,EMP005,PRJ004,2026-03-05,2026-03-13,,overdue,urgent,12.4,12.7,,,,medium,testing
TASK00269,EMP005,PRJ014,2026-06-12,2026-06-16,,overdue,high,6.4,9.0,,,,low,bug_fix
TASK00270,EMP005,PRJ002,2026-01-04,2026-01-09,2026-01-11,completed,high,16.4,24.0,56.9,false,0,medium,deployment
TASK00271,EMP005,PRJ002,2026-04-08,2026-04-10,,overdue,medium,7.8,8.7,,,,low,feature
TASK00272,EMP006,PRJ025,2026-01-15,2026-01-22,2026-01-17,completed,low,10.6,10.6,72.5,false,0,medium,testing
TASK00273,EMP006,PRJ025,2026-02-16,2026-02-22,2026-02-18,completed,low,19.9,21.5,73.1,false,0,medium,review
TASK00274,EMP006,PRJ020,2026-04-18,2026-04-26,2026-04-27,completed,low,15.5,20.1,72.6,false,0,medium,deployment
TASK00275,EMP006,PRJ025,2026-03-16,2026-03-19,,overdue,high,2.5,2.7,,,,low,enhancement
TASK00276,EMP006,PRJ020,2026-06-01,2026-06-06,2026-06-03,completed,high,7.7,5.7,64.4,false,0,medium,bug_fix
TASK00277,EMP006,PRJ025,2026-04-04,2026-04-06,2026-04-05,completed,medium,4.1,5.4,69.4,false,0,low,enhancement
TASK00278,EMP006,PRJ025,2026-04-03,2026-04-19,2026-04-26,completed,low,28.7,21.8,71.1,false,0,high,design
TASK00279,EMP006,PRJ025,2026-03-19,2026-04-03,2026-03-22,completed,high,33.3,48.1,71.7,false,0,high,design
TASK00280,EMP006,PRJ020,2026-02-12,2026-02-21,2026-02-18,completed,medium,7.8,6.5,67.4,false,0,medium,documentation
TASK00281,EMP006,PRJ020,2026-05-12,2026-05-20,2026-05-12,completed,medium,13.4,15.1,70.6,false,0,medium,feature
TASK00282,EMP006,PRJ025,2026-06-11,2026-06-18,,overdue,medium,7.2,5.1,,,,medium,maintenance
TASK00283,EMP006,PRJ020,2026-04-08,2026-04-30,2026-04-12,completed,medium,36.2,30.7,72.0,false,0,critical,enhancement
TASK00284,EMP006,PRJ020,2026-05-26,2026-06-05,,in_progress,low,15.1,20.3,,,,medium,maintenance
TASK00285,EMP006,PRJ020,2026-04-07,2026-04-12,2026-04-09,completed,medium,6.2,8.8,71.2,true,3,medium,enhancement
TASK00286,EMP006,PRJ025,2026-03-26,2026-04-05,2026-04-01,completed,medium,13.6,19.1,69.7,false,0,medium,deployment
TASK00287,EMP006,PRJ020,2026-05-06,2026-05-10,2026-05-08,completed,high,2.7,2.4,71.0,false,0,low,research
TASK00288,EMP006,PRJ025,2026-03-09,2026-03-26,,in_progress,medium,16.1,20.6,,,,high,enhancement
TASK00289,EMP006,PRJ020,2026-03-24,2026-04-17,2026-04-10,completed,low,42.7,44.3,75.5,false,0,critical,maintenance
TASK00290,EMP006,PRJ020,2026-01-23,2026-01-26,2026-01-26,completed,medium,2.0,1.6,73.9,true,1,low,enhancement
TASK00291,EMP006,PRJ025,2026-01-07,2026-01-17,2026-01-09,completed,low,6.8,9.9,66.3,false,0,medium,research
TASK00292,EMP006,PRJ025,2026-03-28,2026-04-05,,in_progress,medium,6.2,6.8,,,,medium,documentation
TASK00293,EMP006,PRJ025,2026-02-10,2026-02-15,2026-02-15,completed,medium,2.6,3.4,79.9,false,0,low,deployment
TASK00294,EMP006,PRJ020,2026-03-11,2026-03-15,2026-03-13,completed,low,2.5,1.8,67.4,true,2,low,testing
TASK00295,EMP006,PRJ020,2026-03-21,2026-03-26,,overdue,high,4.1,4.5,,,,low,feature
TASK00296,EMP006,PRJ025,2026-02-11,2026-02-14,2026-02-17,completed,high,4.8,5.7,65.8,false,0,low,deployment
TASK00297,EMP006,PRJ020,2026-04-10,2026-04-15,,overdue,low,8.0,7.5,,,,low,bug_fix
TASK00298,EMP006,PRJ025,2026-05-28,2026-06-03,,overdue,high,8.5,10.2,,,,medium,enhancement
TASK00299,EMP006,PRJ025,2026-04-04,2026-04-10,2026-04-13,completed,high,10.4,9.1,71.8,false,0,medium,research
TASK00300,EMP006,PRJ020,2026-03-31,2026-04-07,,in_progress,low,18.6,13.6,,,,medium,enhancement
TASK00301,EMP006,PRJ025,2026-02-07,2026-02-17,,in_progress,medium,6.4,5.9,,,,medium,bug_fix
TASK00302,EMP006,PRJ025,2026-04-26,2026-05-08,2026-05-01,completed,low,22.2,25.5,79.8,false,0,high,maintenance
TASK00303,EMP006,PRJ020,2026-01-20,2026-01-29,,in_progress,urgent,31.9,46.5,,,,high,enhancement
TASK00304,EMP006,PRJ025,2026-06-13,2026-07-03,2026-06-22,completed,medium,42.6,51.9,78.4,false,0,critical,research
TASK00305,EMP006,PRJ025,2026-04-16,2026-04-23,2026-04-20,completed,low,12.0,9.3,82.5,false,0,medium,bug_fix
TASK00306,EMP006,PRJ020,2026-01-23,2026-02-01,2026-01-26,completed,medium,11.8,15.7,85.1,false,0,medium,research
TASK00307,EMP006,PRJ025,2026-06-15,2026-07-06,2026-06-15,completed,medium,25.0,33.9,65.3,false,0,high,maintenance
TASK00308,EMP006,PRJ025,2026-03-27,2026-04-01,2026-03-27,completed,low,5.4,7.2,69.7,true,3,low,review
TASK00309,EMP006,PRJ020,2026-03-24,2026-03-26,,in_progress,medium,2.6,2.2,,,,low,documentation
TASK00310,EMP006,PRJ025,2026-03-08,2026-03-12,2026-03-16,completed,low,19.1,20.8,71.2,false,0,medium,bug_fix
TASK00311,EMP006,PRJ020,2026-04-18,2026-04-23,,overdue,low,18.7,16.0,,,,medium,feature
TASK00312,EMP006,PRJ020,2026-05-13,2026-05-18,2026-05-15,completed,high,18.1,26.4,76.9,false,0,medium,documentation
TASK00313,EMP006,PRJ025,2026-02-14,2026-02-18,2026-02-18,completed,urgent,7.1,10.0,65.9,false,0,low,bug_fix
TASK00314,EMP006,PRJ025,2026-02-12,2026-02-19,2026-02-17,completed,low,25.8,22.5,63.9,true,2,high,maintenance
TASK00315,EMP006,PRJ025,2026-03-01,2026-03-10,2026-03-08,completed,medium,14.4,11.5,80.3,false,0,medium,enhancement
TASK00316,EMP006,PRJ025,2026-06-01,2026-06-08,,overdue,high,10.0,13.6,,,,medium,deployment
TASK00317,EMP006,PRJ025,2026-03-12,2026-03-19,,overdue,medium,7.1,10.6,,,,medium,deployment
TASK00318,EMP006,PRJ020,2026-02-13,2026-02-15,,overdue,medium,6.3,6.4,,,,low,enhancement
TASK00319,EMP006,PRJ020,2026-05-30,2026-06-08,2026-05-31,completed,medium,18.1,24.7,65.7,true,3,medium,documentation
TASK00320,EMP006,PRJ020,2026-01-20,2026-01-25,2026-01-25,completed,medium,5.0,4.3,67.4,false,0,low,testing
TASK00321,EMP006,PRJ025,2026-04-26,2026-05-07,2026-05-06,completed,low,20.5,15.7,70.6,true,3,high,deployment
TASK00322,EMP006,PRJ020,2026-02-08,2026-02-17,2026-02-08,completed,low,10.7,7.9,82.0,false,0,medium,feature
TASK00323,EMP006,PRJ025,2026-03-03,2026-03-08,2026-03-07,completed,high,2.6,3.1,61.4,true,3,low,review
TASK00324,EMP006,PRJ020,2026-02-13,2026-02-22,2026-02-20,completed,medium,8.6,6.8,73.6,false,0,medium,feature
TASK00325,EMP006,PRJ025,2026-02-28,2026-03-07,2026-03-12,completed,urgent,8.1,9.5,82.3,false,0,medium,bug_fix
TASK00326,EMP006,PRJ025,2026-05-13,2026-05-27,2026-06-02,completed,medium,36.6,41.5,63.0,false,0,high,research
TASK00327,EMP006,PRJ020,2026-03-09,2026-03-24,2026-03-20,completed,medium,58.4,72.9,76.8,false,0,critical,research
TASK00328,EMP006,PRJ020,2026-05-14,2026-05-29,2026-05-30,completed,medium,38.6,53.6,66.4,false,0,critical,design
TASK00329,EMP006,PRJ020,2026-01-23,2026-01-30,2026-02-02,completed,urgent,26.4,36.9,68.7,false,0,high,maintenance
TASK00330,EMP006,PRJ020,2026-02-21,2026-02-26,2026-02-23,completed,high,4.5,4.6,70.9,false,0,low,feature
TASK00331,EMP007,PRJ012,2026-04-18,2026-04-22,2026-04-18,completed,low,2.8,2.2,72.6,false,0,low,maintenance
TASK00332,EMP007,PRJ012,2026-03-16,2026-03-25,2026-03-20,completed,low,18.1,21.7,92.8,false,0,medium,documentation
TASK00333,EMP007,PRJ012,2026-01-18,2026-01-23,2026-01-22,completed,medium,5.6,6.9,80.7,false,0,low,bug_fix
TASK00334,EMP007,PRJ012,2026-02-07,2026-02-14,2026-02-14,completed,medium,17.5,13.9,80.1,true,2,medium,deployment
TASK00335,EMP007,PRJ012,2026-05-29,2026-06-03,2026-06-01,completed,medium,18.5,22.7,77.5,false,0,medium,maintenance
TASK00336,EMP007,PRJ012,2026-04-28,2026-05-19,2026-05-02,completed,medium,34.3,40.1,86.9,false,0,high,deployment
TASK00337,EMP007,PRJ012,2026-01-12,2026-01-17,2026-01-24,completed,urgent,6.4,5.8,96.4,false,0,low,feature
TASK00338,EMP007,PRJ012,2026-04-24,2026-05-03,2026-04-27,completed,low,38.2,29.7,68.7,false,0,high,feature
TASK00339,EMP007,PRJ012,2026-01-02,2026-01-07,2026-01-05,completed,medium,13.7,10.9,90.4,false,0,medium,design
TASK00340,EMP007,PRJ012,2026-01-26,2026-01-30,,overdue,high,3.4,4.0,,,,low,review
TASK00341,EMP007,PRJ012,2026-06-08,2026-06-12,,overdue,medium,6.2,8.1,,,,low,feature
TASK00342,EMP007,PRJ012,2026-05-07,2026-05-09,2026-05-07,completed,medium,7.7,8.3,78.1,false,0,low,documentation
TASK00343,EMP007,PRJ012,2026-01-15,2026-01-17,2026-01-17,completed,medium,6.7,7.0,87.6,false,0,low,feature
TASK00344,EMP007,PRJ012,2026-03-01,2026-03-03,2026-03-01,completed,high,2.1,2.5,84.0,false,0,low,bug_fix
TASK00345,EMP007,PRJ012,2026-03-06,2026-03-29,2026-03-22,completed,urgent,56.9,83.1,74.1,false,0,critical,research
TASK00346,EMP007,PRJ012,2026-01-21,2026-01-24,2026-01-23,completed,low,2.8,2.2,77.3,false,0,low,review
TASK00347,EMP007,PRJ012,2026-05-07,2026-05-12,2026-05-09,completed,low,4.3,4.2,88.6,false,0,low,maintenance
TASK00348,EMP007,PRJ012,2026-04-20,2026-05-05,2026-05-07,completed,medium,35.4,51.7,69.2,false,0,high,bug_fix
TASK00349,EMP007,PRJ012,2026-05-19,2026-05-23,2026-05-22,completed,low,5.4,6.2,73.3,false,0,low,deployment
TASK00350,EMP007,PRJ012,2026-05-29,2026-06-20,2026-06-18,completed,medium,31.9,37.2,78.5,false,0,critical,feature
TASK00351,EMP007,PRJ012,2026-01-16,2026-01-31,2026-01-27,completed,high,55.3,57.6,90.3,false,0,critical,review
TASK00352,EMP007,PRJ012,2026-01-07,2026-01-13,,overdue,low,10.7,13.6,,,,medium,design
TASK00353,EMP007,PRJ012,2026-02-25,2026-03-01,2026-03-08,completed,medium,15.2,16.0,75.3,false,0,medium,review
TASK00354,EMP007,PRJ012,2026-05-28,2026-06-02,2026-05-30,completed,high,3.5,3.6,86.5,false,0,low,maintenance
TASK00355,EMP007,PRJ012,2026-05-18,2026-05-22,2026-05-21,completed,low,7.5,8.5,69.2,false,0,low,research
TASK00356,EMP007,PRJ012,2026-02-02,2026-02-14,2026-02-11,completed,medium,20.0,29.2,80.2,true,2,high,deployment
TASK00357,EMP007,PRJ012,2026-04-22,2026-04-24,2026-04-22,completed,medium,4.9,6.9,78.4,true,3,low,maintenance
TASK00358,EMP007,PRJ012,2026-03-15,2026-03-22,2026-03-17,completed,medium,8.5,11.1,86.0,false,0,medium,documentation
TASK00359,EMP007,PRJ012,2026-02-06,2026-02-08,2026-02-08,completed,low,5.3,6.8,76.2,false,0,low,bug_fix
TASK00360,EMP007,PRJ012,2026-04-21,2026-05-01,2026-04-26,completed,high,7.9,10.0,81.0,false,0,medium,design
TASK00361,EMP007,PRJ012,2026-02-18,2026-02-27,2026-02-20,completed,high,16.9,23.4,84.0,false,0,high,documentation
TASK00362,EMP007,PRJ012,2026-04-22,2026-04-26,2026-04-25,completed,high,5.3,6.1,84.4,false,0,low,review
TASK00363,EMP007,PRJ012,2026-02-26,2026-03-02,2026-03-01,completed,low,7.3,9.1,93.4,false,0,low,feature
TASK00364,EMP007,PRJ012,2026-03-10,2026-03-19,,in_progress,medium,17.0,12.5,,,,medium,research
TASK00365,EMP007,PRJ012,2026-02-26,2026-03-03,,in_progress,urgent,8.9,10.9,,,,medium,design
TASK00366,EMP007,PRJ012,2026-04-03,2026-04-13,,overdue,medium,17.7,19.5,,,,medium,research
TASK00367,EMP007,PRJ012,2026-02-10,2026-02-12,2026-02-12,completed,high,2.1,2.5,73.5,false,0,low,enhancement
TASK00368,EMP007,PRJ012,2026-05-31,2026-06-11,2026-06-16,completed,medium,23.5,26.0,75.7,false,0,high,deployment
TASK00369,EMP007,PRJ012,2026-05-08,2026-05-27,2026-05-25,completed,medium,33.1,29.8,83.4,false,0,high,enhancement
TASK00370,EMP007,PRJ012,2026-06-07,2026-06-20,2026-06-10,completed,high,34.3,32.6,91.0,false,0,high,documentation
TASK00371,EMP007,PRJ012,2026-04-29,2026-05-17,2026-05-18,completed,medium,39.8,44.6,88.2,false,0,high,enhancement
TASK00372,EMP007,PRJ012,2026-04-13,2026-04-17,2026-04-17,completed,medium,2.7,3.9,78.2,false,0,low,enhancement
TASK00373,EMP007,PRJ012,2026-05-15,2026-06-02,2026-06-01,completed,low,20.3,18.7,85.8,true,1,high,deployment
TASK00374,EMP007,PRJ012,2026-04-05,2026-04-13,2026-04-10,completed,high,9.6,14.1,89.3,false,0,medium,maintenance
TASK00375,EMP007,PRJ012,2026-02-23,2026-02-26,2026-02-25,completed,high,6.7,6.8,83.7,false,0,low,deployment
TASK00376,EMP007,PRJ012,2026-04-01,2026-04-10,2026-04-07,completed,high,13.4,18.6,79.6,false,0,medium,testing
TASK00377,EMP007,PRJ012,2026-02-24,2026-03-01,2026-03-06,completed,medium,18.9,19.2,81.5,false,0,medium,review
TASK00378,EMP007,PRJ012,2026-06-10,2026-06-15,2026-06-15,completed,high,5.4,5.6,92.0,false,0,low,bug_fix
TASK00379,EMP007,PRJ012,2026-04-24,2026-05-03,2026-04-29,completed,medium,7.4,10.1,89.8,false,0,medium,feature
TASK00380,EMP007,PRJ012,2026-02-19,2026-03-01,,in_progress,medium,18.0,20.8,,,,high,bug_fix
TASK00381,EMP007,PRJ012,2026-01-23,2026-01-25,2026-01-23,completed,medium,2.5,2.6,90.0,false,0,low,review
TASK00382,EMP007,PRJ012,2026-03-13,2026-03-16,2026-03-14,completed,medium,3.9,4.4,80.9,false,0,low,documentation
TASK00383,EMP007,PRJ012,2026-03-30,2026-04-03,2026-04-03,completed,medium,10.0,14.3,80.9,false,0,medium,testing
TASK00384,EMP007,PRJ012,2026-06-11,2026-06-16,2026-06-14,completed,medium,8.2,10.5,85.5,false,0,medium,maintenance
TASK00385,EMP007,PRJ012,2026-05-04,2026-05-11,2026-05-07,completed,urgent,19.6,24.1,90.4,false,0,medium,feature
TASK00386,EMP007,PRJ012,2026-03-21,2026-04-11,2026-04-01,completed,medium,25.5,31.9,69.6,true,3,high,documentation
TASK00387,EMP007,PRJ012,2026-06-21,2026-07-01,2026-06-26,completed,medium,9.4,8.2,86.2,false,0,medium,maintenance
TASK00388,EMP007,PRJ012,2026-03-02,2026-03-11,2026-03-06,completed,medium,17.5,14.8,85.9,true,2,medium,deployment
TASK00389,EMP007,PRJ012,2026-04-30,2026-05-12,2026-05-04,completed,medium,31.7,42.7,85.2,false,0,high,research
TASK00390,EMP007,PRJ012,2026-05-02,2026-05-21,,in_progress,high,18.7,19.9,,,,high,feature
TASK00391,EMP007,PRJ012,2026-03-14,2026-03-18,2026-03-16,completed,high,7.2,5.3,86.1,false,0,low,deployment
TASK00392,EMP007,PRJ012,2026-02-14,2026-02-18,2026-02-14,completed,urgent,2.6,3.6,84.8,false,0,low,deployment
TASK00393,EMP008,PRJ002,2026-03-28,2026-04-13,2026-04-04,completed,high,58.5,51.0,78.2,false,0,critical,deployment
TASK00394,EMP008,PRJ002,2026-02-17,2026-02-21,2026-02-18,completed,low,6.0,7.2,81.7,false,0,low,maintenance
TASK00395,EMP008,PRJ002,2026-05-31,2026-06-06,2026-06-03,completed,high,13.6,16.4,81.1,false,0,medium,design
TASK00396,EMP008,PRJ002,2026-01-22,2026-01-27,2026-01-23,completed,high,7.9,11.5,81.2,false,0,low,bug_fix
TASK00397,EMP008,PRJ002,2026-04-12,2026-04-17,2026-04-23,completed,high,8.0,8.1,83.5,false,0,low,deployment
TASK00398,EMP008,PRJ002,2026-04-29,2026-05-01,2026-04-29,completed,high,7.5,9.0,86.4,false,0,low,bug_fix
TASK00399,EMP008,PRJ002,2026-01-06,2026-01-10,2026-01-07,completed,medium,14.0,12.1,76.5,false,0,medium,research
TASK00400,EMP008,PRJ002,2026-03-04,2026-03-14,2026-03-10,completed,high,9.4,7.1,95.9,false,0,medium,deployment
TASK00401,EMP008,PRJ002,2026-05-18,2026-05-23,2026-05-23,completed,medium,6.7,9.2,86.2,false,0,low,maintenance
TASK00402,EMP008,PRJ002,2026-02-13,2026-02-17,2026-02-16,completed,medium,8.0,10.5,86.6,false,0,medium,enhancement
TASK00403,EMP008,PRJ002,2026-01-07,2026-01-10,2026-01-10,completed,medium,4.2,4.9,74.5,false,0,low,enhancement
TASK00404,EMP008,PRJ002,2026-03-08,2026-03-14,2026-03-11,completed,medium,18.2,17.7,84.0,true,1,medium,review
TASK00405,EMP008,PRJ002,2026-02-27,2026-03-04,2026-03-02,completed,high,5.7,5.2,91.6,false,0,low,design
TASK00406,EMP008,PRJ002,2026-01-15,2026-01-20,2026-01-16,completed,low,9.4,11.0,75.8,false,0,medium,maintenance
TASK00407,EMP008,PRJ002,2026-04-29,2026-05-04,2026-04-29,completed,medium,7.3,8.5,84.9,false,0,low,maintenance
TASK00408,EMP008,PRJ002,2026-01-01,2026-01-06,2026-01-02,completed,medium,4.4,4.8,79.4,false,0,low,enhancement
TASK00409,EMP008,PRJ002,2026-01-17,2026-02-05,2026-02-05,completed,high,36.7,31.3,80.9,false,0,high,deployment
TASK00410,EMP008,PRJ002,2026-02-10,2026-02-20,2026-02-15,completed,medium,19.4,20.0,80.6,false,0,medium,deployment
TASK00411,EMP008,PRJ002,2026-04-15,2026-04-20,,in_progress,medium,19.6,23.5,,,,medium,research
TASK00412,EMP008,PRJ002,2026-01-28,2026-01-30,2026-01-30,completed,high,3.0,2.7,80.7,false,0,low,research
TASK00413,EMP008,PRJ002,2026-01-19,2026-01-27,2026-01-21,completed,medium,11.8,15.0,79.7,false,0,medium,testing
TASK00414,EMP008,PRJ002,2026-04-25,2026-05-13,2026-04-26,completed,medium,21.5,21.4,80.4,false,0,high,maintenance
TASK00415,EMP008,PRJ002,2026-01-09,2026-01-25,2026-01-23,completed,medium,38.5,50.6,92.0,false,0,critical,deployment
TASK00416,EMP008,PRJ002,2026-04-30,2026-05-07,2026-05-02,completed,high,16.3,15.7,74.4,false,0,medium,research
TASK00417,EMP008,PRJ002,2026-05-28,2026-06-16,2026-06-07,completed,low,35.7,29.6,91.5,false,0,critical,review
TASK00418,EMP008,PRJ002,2026-02-25,2026-03-11,2026-02-27,completed,medium,38.7,32.1,83.9,false,0,high,documentation
TASK00419,EMP008,PRJ002,2026-05-06,2026-05-21,2026-05-22,completed,medium,26.0,27.2,87.5,false,0,high,review
TASK00420,EMP008,PRJ002,2026-01-22,2026-01-26,2026-01-23,completed,low,18.3,18.8,90.6,false,0,medium,enhancement
TASK00421,EMP008,PRJ002,2026-02-14,2026-02-18,2026-02-14,completed,low,5.1,7.3,86.2,true,1,low,feature
TASK00422,EMP008,PRJ002,2026-06-03,2026-06-11,2026-06-10,completed,medium,24.4,29.9,88.5,false,0,high,testing
TASK00423,EMP008,PRJ002,2026-05-03,2026-05-08,2026-05-05,completed,high,14.0,15.6,87.5,false,0,medium,maintenance
TASK00424,EMP008,PRJ002,2026-02-03,2026-02-12,,overdue,urgent,8.0,8.7,,,,medium,testing
TASK00425,EMP008,PRJ002,2026-06-10,2026-06-24,2026-06-23,completed,high,39.8,49.2,83.1,false,0,high,testing
TASK00426,EMP008,PRJ002,2026-01-17,2026-01-25,2026-01-25,completed,medium,29.0,32.2,82.9,false,0,high,enhancement
TASK00427,EMP008,PRJ002,2026-01-05,2026-01-07,2026-01-07,completed,medium,6.5,7.3,85.3,false,0,low,maintenance
TASK00428,EMP008,PRJ002,2026-02-21,2026-02-26,2026-03-03,completed,low,7.8,6.3,77.0,false,0,low,research
TASK00429,EMP008,PRJ002,2026-03-04,2026-03-08,2026-03-06,completed,low,11.9,11.3,78.6,false,0,medium,bug_fix
TASK00430,EMP008,PRJ002,2026-03-01,2026-03-11,,in_progress,high,7.7,10.9,,,,medium,research
TASK00431,EMP008,PRJ002,2026-02-27,2026-03-09,2026-03-03,completed,high,16.2,20.0,90.8,false,0,medium,review
TASK00432,EMP008,PRJ002,2026-01-22,2026-01-27,2026-01-27,completed,urgent,6.3,8.4,82.4,false,0,low,bug_fix
TASK00433,EMP008,PRJ002,2026-01-31,2026-02-15,2026-02-13,completed,medium,48.1,34.6,77.4,false,0,critical,testing
TASK00434,EMP008,PRJ002,2026-03-16,2026-04-07,,in_progress,medium,37.6,52.3,,,,critical,testing
TASK00435,EMP008,PRJ002,2026-03-31,2026-04-20,2026-04-08,completed,low,18.1,19.0,87.6,false,0,high,testing
TASK00436,EMP008,PRJ002,2026-02-13,2026-02-23,2026-02-17,completed,medium,14.1,11.4,74.6,false,0,medium,deployment
TASK00437,EMP008,PRJ002,2026-03-17,2026-03-25,2026-03-19,completed,low,10.5,11.4,71.1,true,3,medium,research
TASK00438,EMP008,PRJ002,2026-05-23,2026-06-01,,overdue,high,11.8,9.5,,,,medium,documentation
TASK00439,EMP008,PRJ002,2026-01-25,2026-02-15,2026-02-17,completed,medium,39.4,55.8,74.5,false,0,critical,research
TASK00440,EMP008,PRJ002,2026-01-17,2026-01-26,2026-01-21,completed,medium,16.1,23.4,81.1,false,0,medium,enhancement
TASK00441,EMP008,PRJ002,2026-01-02,2026-02-01,,overdue,medium,53.2,68.3,,,,critical,testing
TASK00442,EMP008,PRJ002,2026-01-25,2026-02-18,2026-01-31,completed,low,42.2,41.0,86.2,false,0,critical,bug_fix
TASK00443,EMP008,PRJ002,2026-01-06,2026-01-13,2026-01-13,completed,medium,32.4,45.3,73.2,false,0,high,enhancement
TASK00444,EMP008,PRJ002,2026-05-27,2026-06-01,2026-06-01,completed,urgent,4.6,5.1,78.0,false,0,low,maintenance
TASK00445,EMP008,PRJ002,2026-06-06,2026-06-22,,overdue,medium,41.7,56.2,,,,critical,maintenance
TASK00446,EMP008,PRJ002,2026-05-14,2026-05-19,2026-05-17,completed,medium,5.9,7.0,69.0,false,0,low,review
TASK00447,EMP008,PRJ002,2026-03-15,2026-04-02,2026-04-03,completed,high,17.0,18.8,90.3,false,0,high,enhancement
TASK00448,EMP008,PRJ002,2026-01-12,2026-02-10,,overdue,medium,51.4,73.1,,,,critical,testing
TASK00449,EMP008,PRJ002,2026-04-10,2026-04-27,,in_progress,high,17.1,15.7,,,,high,feature
TASK00450,EMP008,PRJ002,2026-04-16,2026-04-25,2026-04-23,completed,low,8.7,11.2,76.6,false,0,medium,deployment
TASK00451,EMP008,PRJ002,2026-05-18,2026-05-21,2026-05-18,completed,medium,7.1,8.5,91.3,false,0,low,research
TASK00452,EMP008,PRJ002,2026-04-24,2026-05-03,,overdue,medium,19.1,19.3,,,,medium,enhancement
TASK00453,EMP008,PRJ002,2026-05-10,2026-05-15,2026-05-14,completed,high,3.1,4.5,84.9,false,0,low,testing
TASK00454,EMP009,PRJ012,2026-01-27,2026-02-06,,in_progress,medium,6.0,7.9,,,,medium,research
TASK00455,EMP009,PRJ002,2026-03-06,2026-03-11,,overdue,high,12.4,10.1,,,,medium,research
TASK00456,EMP009,PRJ020,2026-05-19,2026-06-09,2026-06-04,completed,medium,31.0,26.6,73.6,false,0,high,maintenance
TASK00457,EMP009,PRJ020,2026-04-29,2026-05-06,2026-05-01,completed,medium,11.7,17.0,91.9,false,0,medium,feature
TASK00458,EMP009,PRJ002,2026-02-22,2026-03-03,2026-03-03,completed,low,9.8,13.1,85.0,true,1,medium,bug_fix
TASK00459,EMP009,PRJ012,2026-01-03,2026-01-21,2026-01-13,completed,urgent,57.9,66.6,82.2,false,0,critical,enhancement
TASK00460,EMP009,PRJ012,2026-04-17,2026-04-21,2026-04-20,completed,urgent,7.5,11.1,86.4,false,0,low,testing
TASK00461,EMP009,PRJ020,2026-05-30,2026-06-05,2026-06-04,completed,low,6.3,8.4,80.1,false,0,medium,bug_fix
TASK00462,EMP009,PRJ020,2026-06-04,2026-06-24,2026-06-13,completed,medium,59.8,54.9,86.9,false,0,critical,research
TASK00463,EMP009,PRJ002,2026-01-21,2026-01-27,2026-01-27,completed,urgent,18.2,14.7,88.7,false,0,medium,testing
TASK00464,EMP009,PRJ002,2026-03-08,2026-03-18,2026-03-09,completed,high,9.7,13.5,82.1,false,0,medium,feature
TASK00465,EMP009,PRJ002,2026-01-04,2026-01-24,2026-01-06,completed,high,17.7,22.1,79.2,false,0,high,documentation
TASK00466,EMP009,PRJ012,2026-01-21,2026-01-29,2026-01-24,completed,medium,8.7,7.4,85.0,false,0,medium,bug_fix
TASK00467,EMP009,PRJ002,2026-01-20,2026-01-24,2026-01-30,completed,high,7.1,7.8,82.8,true,1,low,feature
TASK00468,EMP009,PRJ002,2026-04-21,2026-04-23,2026-04-22,completed,high,6.6,7.5,77.4,false,0,low,documentation
TASK00469,EMP009,PRJ012,2026-05-31,2026-06-05,2026-06-05,completed,medium,6.1,8.3,75.1,false,0,low,enhancement
TASK00470,EMP009,PRJ012,2026-06-01,2026-06-27,2026-06-14,completed,low,38.1,28.5,83.8,false,0,critical,bug_fix
TASK00471,EMP009,PRJ012,2026-03-24,2026-04-07,2026-04-01,completed,urgent,28.5,39.6,82.8,false,0,high,testing
TASK00472,EMP009,PRJ002,2026-05-02,2026-05-05,2026-05-03,completed,high,4.7,6.7,94.0,false,0,low,maintenance
TASK00473,EMP009,PRJ002,2026-03-02,2026-03-21,2026-03-16,completed,high,37.4,47.4,75.9,false,0,high,testing
TASK00474,EMP009,PRJ012,2026-05-02,2026-05-05,2026-05-10,completed,medium,5.8,5.0,80.5,false,0,low,design
TASK00475,EMP009,PRJ020,2026-03-05,2026-03-12,2026-03-07,completed,high,16.3,14.9,88.0,false,0,high,review
TASK00476,EMP009,PRJ012,2026-06-05,2026-06-13,2026-06-05,completed,low,7.8,5.7,81.8,false,0,medium,design
TASK00477,EMP009,PRJ012,2026-02-03,2026-02-07,2026-02-06,completed,urgent,8.0,6.9,86.2,false,0,medium,enhancement
TASK00478,EMP009,PRJ012,2026-03-08,2026-03-11,,in_progress,medium,2.3,1.7,,,,low,review
TASK00479,EMP009,PRJ020,2026-01-07,2026-01-12,2026-01-11,completed,low,13.7,12.5,77.2,false,0,medium,testing
TASK00480,EMP009,PRJ002,2026-04-10,2026-04-14,2026-04-13,completed,medium,3.2,2.8,91.0,false,0,low,maintenance
TASK00481,EMP009,PRJ002,2026-03-18,2026-04-04,2026-03-28,completed,medium,35.6,34.3,85.2,false,0,high,deployment
TASK00482,EMP009,PRJ002,2026-02-12,2026-03-01,2026-02-24,completed,high,50.0,49.7,93.3,false,0,critical,documentation
TASK00483,EMP009,PRJ020,2026-04-06,2026-04-10,2026-04-06,completed,urgent,4.5,3.6,95.1,false,0,low,documentation
TASK00484,EMP009,PRJ020,2026-05-29,2026-06-03,,in_progress,high,6.3,7.7,,,,medium,review
TASK00485,EMP009,PRJ002,2026-03-14,2026-04-01,2026-03-21,completed,high,32.1,24.7,89.6,false,0,high,testing
TASK00486,EMP009,PRJ020,2026-05-01,2026-05-10,,in_progress,medium,18.6,23.1,,,,medium,deployment
TASK00487,EMP009,PRJ020,2026-04-21,2026-04-26,,overdue,high,3.5,2.9,,,,low,maintenance
TASK00488,EMP009,PRJ012,2026-02-22,2026-03-02,2026-02-27,completed,medium,37.1,37.7,90.7,false,0,high,deployment
TASK00489,EMP009,PRJ012,2026-05-28,2026-06-02,2026-05-30,completed,high,16.5,18.7,77.1,false,0,medium,bug_fix
TASK00490,EMP009,PRJ012,2026-01-07,2026-01-09,2026-01-08,completed,medium,3.8,4.4,91.0,false,0,low,research
TASK00491,EMP009,PRJ012,2026-05-08,2026-05-15,2026-05-12,completed,urgent,15.8,20.1,76.5,false,0,medium,bug_fix
TASK00492,EMP009,PRJ020,2026-04-08,2026-04-24,2026-04-13,completed,low,16.8,24.2,85.1,false,0,high,feature
TASK00493,EMP009,PRJ020,2026-05-30,2026-06-01,2026-06-01,completed,medium,5.1,3.7,93.6,false,0,low,enhancement
TASK00494,EMP009,PRJ012,2026-03-29,2026-04-07,2026-04-06,completed,low,33.1,34.3,86.4,false,0,high,feature
TASK00495,EMP009,PRJ020,2026-04-22,2026-04-29,2026-04-29,completed,urgent,6.9,7.5,85.6,false,0,medium,enhancement
TASK00496,EMP009,PRJ002,2026-04-16,2026-04-21,2026-04-18,completed,medium,2.2,1.9,94.6,false,0,low,research
TASK00497,EMP009,PRJ020,2026-05-03,2026-05-05,2026-05-05,completed,high,3.0,2.7,91.7,false,0,low,review
TASK00498,EMP009,PRJ020,2026-01-16,2026-01-30,,in_progress,high,25.5,30.0,,,,high,review
TASK00499,EMP009,PRJ020,2026-01-20,2026-01-30,,in_progress,medium,6.9,6.6,,,,medium,research
TASK00500,EMP010,PRJ025,2026-04-09,2026-04-21,2026-04-28,completed,high,29.4,41.9,79.6,false,0,high,documentation
TASK00501,EMP010,PRJ004,2026-02-18,2026-02-26,2026-02-26,completed,high,17.6,19.6,78.6,false,0,medium,bug_fix
TASK00502,EMP010,PRJ004,2026-03-16,2026-03-22,2026-03-19,completed,medium,17.1,23.0,94.9,true,1,medium,review
TASK00503,EMP010,PRJ025,2026-04-27,2026-05-26,2026-04-28,completed,medium,42.6,39.0,68.7,true,3,critical,bug_fix
TASK00504,EMP010,PRJ004,2026-04-19,2026-04-23,2026-04-23,completed,medium,7.3,10.8,88.0,false,0,low,deployment
TASK00505,EMP010,PRJ012,2026-05-19,2026-05-29,2026-05-20,completed,low,7.3,10.1,77.8,false,0,medium,deployment
TASK00506,EMP010,PRJ025,2026-02-24,2026-03-01,2026-02-24,completed,low,7.1,8.4,84.3,false,0,low,testing
TASK00507,EMP010,PRJ012,2026-01-20,2026-01-26,2026-01-28,completed,medium,11.3,8.1,77.7,false,0,medium,maintenance
TASK00508,EMP010,PRJ025,2026-04-03,2026-04-09,2026-04-09,completed,medium,16.1,11.9,70.5,false,0,medium,documentation
TASK00509,EMP010,PRJ012,2026-02-10,2026-02-15,2026-02-10,completed,high,6.2,8.6,85.5,false,0,low,enhancement
TASK00510,EMP010,PRJ025,2026-05-21,2026-05-25,2026-05-25,completed,medium,8.4,11.0,84.9,true,1,medium,design
TASK00511,EMP010,PRJ012,2026-05-09,2026-05-14,2026-05-09,completed,medium,7.9,8.9,74.0,true,2,medium,research
TASK00512,EMP010,PRJ004,2026-04-12,2026-04-22,2026-04-21,completed,high,18.4,26.3,95.4,false,0,medium,deployment
TASK00513,EMP010,PRJ025,2026-03-18,2026-03-25,2026-03-25,completed,high,8.8,7.1,83.6,false,0,medium,feature
TASK00514,EMP010,PRJ012,2026-02-07,2026-02-27,2026-02-09,completed,low,17.3,14.4,75.4,false,0,high,bug_fix
TASK00515,EMP010,PRJ012,2026-05-24,2026-05-29,,overdue,medium,2.1,2.4,,,,low,design
TASK00516,EMP010,PRJ004,2026-05-25,2026-06-03,2026-05-25,completed,low,8.1,8.4,84.4,false,0,medium,enhancement
TASK00517,EMP010,PRJ025,2026-05-21,2026-05-27,2026-05-27,completed,high,8.9,12.4,90.4,false,0,medium,review
TASK00518,EMP010,PRJ004,2026-05-23,2026-06-01,2026-05-31,completed,high,16.4,12.1,87.1,false,0,medium,maintenance
TASK00519,EMP010,PRJ025,2026-03-07,2026-03-10,2026-03-08,completed,urgent,2.9,2.2,77.1,false,0,low,testing
TASK00520,EMP010,PRJ012,2026-04-22,2026-04-26,2026-04-23,completed,medium,11.8,11.3,78.8,false,0,medium,deployment
TASK00521,EMP010,PRJ012,2026-01-26,2026-01-28,2026-01-28,completed,urgent,6.8,6.5,81.5,true,2,low,feature
TASK00522,EMP010,PRJ004,2026-01-22,2026-02-08,2026-01-30,completed,medium,35.1,38.5,81.8,false,0,critical,documentation
TASK00523,EMP010,PRJ004,2026-03-14,2026-03-18,,in_progress,high,7.1,9.0,,,,low,feature
TASK00524,EMP010,PRJ012,2026-01-16,2026-01-22,2026-01-27,completed,high,7.5,10.6,82.8,false,0,medium,feature
TASK00525,EMP010,PRJ025,2026-02-10,2026-02-15,2026-02-15,completed,medium,6.7,7.7,78.4,false,0,medium,enhancement
TASK00526,EMP010,PRJ012,2026-02-12,2026-03-13,2026-03-09,completed,urgent,34.4,45.4,81.6,false,0,critical,design
TASK00527,EMP010,PRJ012,2026-02-24,2026-03-01,2026-02-27,completed,medium,6.1,7.3,73.0,false,0,low,bug_fix
TASK00528,EMP010,PRJ025,2026-04-17,2026-05-10,2026-04-24,completed,high,39.5,40.1,82.8,false,0,critical,deployment
TASK00529,EMP010,PRJ012,2026-01-20,2026-02-05,2026-02-01,completed,medium,29.1,25.0,80.7,false,0,high,deployment
TASK00530,EMP010,PRJ012,2026-03-26,2026-03-31,2026-04-03,completed,high,6.3,4.8,93.0,false,0,medium,enhancement
TASK00531,EMP010,PRJ012,2026-01-01,2026-01-29,2026-01-26,completed,medium,38.1,38.5,80.9,false,0,critical,documentation
TASK00532,EMP010,PRJ004,2026-03-06,2026-03-15,2026-03-12,completed,low,39.3,51.9,85.8,false,0,high,deployment
TASK00533,EMP010,PRJ012,2026-02-12,2026-02-15,2026-02-14,completed,medium,5.8,5.7,77.9,false,0,low,feature
TASK00534,EMP010,PRJ025,2026-04-29,2026-05-02,2026-04-29,completed,low,7.1,10.4,80.8,false,0,low,enhancement
TASK00535,EMP010,PRJ004,2026-03-08,2026-03-22,2026-03-16,completed,high,36.4,28.2,89.7,false,0,high,review
TASK00536,EMP010,PRJ025,2026-03-23,2026-04-12,2026-04-04,completed,high,35.2,36.5,78.9,false,0,high,testing
TASK00537,EMP010,PRJ025,2026-01-14,2026-01-16,,overdue,medium,2.6,3.0,,,,low,bug_fix
TASK00538,EMP010,PRJ004,2026-01-05,2026-01-12,2026-01-11,completed,high,7.8,8.0,78.3,false,0,medium,maintenance
TASK00539,EMP010,PRJ025,2026-05-29,2026-06-03,2026-06-05,completed,medium,3.5,4.5,69.6,false,0,low,bug_fix
TASK00540,EMP010,PRJ004,2026-04-12,2026-04-14,2026-04-13,completed,medium,3.3,4.1,81.0,false,0,low,enhancement
TASK00541,EMP010,PRJ012,2026-04-10,2026-04-17,,overdue,low,18.0,14.2,,,,medium,review
TASK00542,EMP010,PRJ012,2026-03-14,2026-03-19,2026-03-15,completed,medium,4.6,4.0,71.0,false,0,low,design
TASK00543,EMP010,PRJ004,2026-06-14,2026-07-14,2026-07-09,completed,high,50.7,70.2,86.0,false,0,critical,maintenance
TASK00544,EMP010,PRJ004,2026-02-16,2026-02-24,2026-02-19,completed,medium,6.0,7.0,87.2,false,0,medium,testing
TASK00545,EMP010,PRJ012,2026-04-08,2026-04-18,2026-04-08,completed,medium,9.4,7.1,76.7,false,0,medium,design
TASK00546,EMP010,PRJ025,2026-02-04,2026-02-09,2026-02-09,completed,high,3.3,3.0,88.6,true,3,low,enhancement
TASK00547,EMP010,PRJ004,2026-01-02,2026-01-23,2026-01-02,completed,urgent,56.6,69.9,93.8,false,0,critical,documentation
TASK00548,EMP010,PRJ012,2026-02-10,2026-02-14,,overdue,medium,2.3,3.1,,,,low,deployment
TASK00549,EMP010,PRJ012,2026-01-17,2026-02-06,2026-02-09,completed,low,20.1,22.6,89.1,false,0,high,maintenance
TASK00550,EMP010,PRJ004,2026-03-26,2026-04-04,2026-04-01,completed,medium,28.8,33.5,86.0,false,0,high,enhancement
TASK00551,EMP010,PRJ012,2026-02-28,2026-03-15,,overdue,medium,29.4,33.3,,,,high,review
TASK00552,EMP010,PRJ025,2026-03-27,2026-04-06,2026-04-01,completed,high,6.6,6.4,84.8,false,0,medium,feature
TASK00553,EMP010,PRJ012,2026-01-07,2026-01-25,2026-01-07,completed,low,33.4,41.3,93.6,false,0,high,design
TASK00554,EMP010,PRJ004,2026-03-16,2026-03-30,,overdue,urgent,35.5,38.1,,,,high,feature
TASK00555,EMP010,PRJ004,2026-01-13,2026-01-17,2026-01-15,completed,medium,3.6,3.0,73.3,false,0,low,maintenance
TASK00556,EMP010,PRJ025,2026-01-11,2026-01-19,2026-01-11,completed,high,12.6,14.1,94.8,false,0,medium,design
TASK00557,EMP010,PRJ004,2026-01-02,2026-01-07,2026-01-02,completed,medium,6.4,8.2,75.5,false,0,low,design
TASK00558,EMP010,PRJ004,2026-06-15,2026-06-25,2026-06-15,completed,medium,11.7,11.8,84.0,false,0,medium,testing
TASK00559,EMP010,PRJ025,2026-03-16,2026-04-02,2026-03-24,completed,medium,21.5,24.2,88.2,false,0,high,feature
TASK00560,EMP010,PRJ012,2026-01-28,2026-02-06,2026-02-09,completed,high,13.0,17.1,85.2,false,0,medium,testing
TASK00561,EMP011,PRJ025,2026-05-31,2026-06-04,2026-06-01,completed,medium,11.5,17.3,66.5,false,0,medium,feature
TASK00562,EMP011,PRJ025,2026-01-09,2026-01-17,2026-01-19,completed,urgent,30.7,29.7,85.3,true,1,high,deployment
TASK00563,EMP011,PRJ025,2026-05-21,2026-05-26,2026-05-25,completed,medium,5.6,5.5,73.5,false,0,low,feature
TASK00564,EMP011,PRJ025,2026-03-21,2026-03-29,2026-03-23,completed,medium,18.2,13.8,80.8,false,0,medium,research
TASK00565,EMP011,PRJ025,2026-03-27,2026-04-01,2026-04-05,completed,urgent,9.6,7.4,76.2,true,3,medium,enhancement
TASK00566,EMP011,PRJ025,2026-01-05,2026-01-21,2026-01-10,completed,high,56.5,41.9,72.6,false,0,critical,deployment
TASK00567,EMP011,PRJ025,2026-04-22,2026-04-30,2026-05-04,completed,high,17.9,24.8,74.2,false,0,medium,design
TASK00568,EMP011,PRJ025,2026-04-15,2026-04-19,2026-04-16,completed,high,3.4,3.1,82.5,false,0,low,enhancement
TASK00569,EMP011,PRJ025,2026-06-03,2026-06-22,2026-06-23,completed,high,34.4,34.2,75.1,false,0,high,deployment
TASK00570,EMP011,PRJ025,2026-02-07,2026-02-12,2026-02-11,completed,low,6.3,7.9,80.4,false,0,medium,design
TASK00571,EMP011,PRJ025,2026-02-09,2026-02-14,2026-02-11,completed,medium,16.7,20.5,81.1,false,0,medium,design
TASK00572,EMP011,PRJ025,2026-03-14,2026-03-30,2026-03-27,completed,medium,37.3,43.2,68.4,false,0,high,testing
TASK00573,EMP011,PRJ025,2026-06-11,2026-06-14,2026-06-12,completed,medium,7.0,7.7,73.3,false,0,low,feature
TASK00574,EMP011,PRJ025,2026-02-12,2026-02-19,2026-02-12,completed,low,6.1,7.2,58.8,false,0,medium,review
TASK00575,EMP011,PRJ025,2026-03-17,2026-03-27,2026-03-21,completed,low,16.3,19.3,75.4,false,0,medium,deployment
TASK00576,EMP011,PRJ025,2026-01-15,2026-01-24,2026-01-15,completed,low,25.7,19.3,80.8,false,0,high,review
TASK00577,EMP011,PRJ025,2026-04-12,2026-04-30,2026-04-29,completed,urgent,36.0,53.8,78.3,false,0,critical,enhancement
TASK00578,EMP011,PRJ025,2026-01-21,2026-01-26,2026-01-23,completed,medium,7.6,10.5,61.8,false,0,medium,testing
TASK00579,EMP011,PRJ025,2026-02-06,2026-02-16,2026-02-13,completed,medium,35.6,25.3,69.7,false,0,high,enhancement
TASK00580,EMP011,PRJ025,2026-05-06,2026-05-22,2026-05-29,completed,high,18.5,15.5,73.2,true,3,high,testing
TASK00581,EMP011,PRJ025,2026-01-08,2026-01-15,,overdue,medium,12.3,17.1,,,,medium,feature
TASK00582,EMP011,PRJ025,2026-01-01,2026-01-07,2026-01-01,completed,low,15.2,11.5,73.8,false,0,medium,enhancement
TASK00583,EMP011,PRJ025,2026-05-27,2026-05-31,2026-05-31,completed,high,5.4,5.7,71.1,false,0,low,maintenance
TASK00584,EMP011,PRJ025,2026-05-10,2026-06-02,,overdue,medium,55.4,46.7,,,,critical,design
TASK00585,EMP011,PRJ025,2026-04-25,2026-05-01,,in_progress,urgent,16.8,23.2,,,,medium,maintenance
TASK00586,EMP011,PRJ025,2026-05-10,2026-05-17,2026-05-15,completed,high,17.7,23.1,62.1,true,2,medium,deployment
TASK00587,EMP011,PRJ025,2026-06-08,2026-06-18,2026-06-17,completed,high,6.5,5.3,71.6,false,0,medium,design
TASK00588,EMP011,PRJ025,2026-04-11,2026-04-24,2026-04-26,completed,medium,29.1,33.8,76.2,false,0,high,deployment
TASK00589,EMP011,PRJ025,2026-02-26,2026-03-06,2026-02-26,completed,medium,15.6,14.5,78.2,false,0,medium,review
TASK00590,EMP011,PRJ025,2026-01-02,2026-01-04,,in_progress,medium,5.8,5.0,,,,low,review
TASK00591,EMP011,PRJ025,2026-03-25,2026-03-28,2026-03-29,completed,high,2.6,2.2,67.2,false,0,low,bug_fix
TASK00592,EMP011,PRJ025,2026-01-23,2026-01-25,2026-01-25,completed,medium,4.1,3.4,78.6,false,0,low,enhancement
TASK00593,EMP011,PRJ025,2026-05-23,2026-06-11,2026-06-17,completed,medium,17.4,18.1,71.3,false,0,high,testing
TASK00594,EMP011,PRJ025,2026-06-07,2026-06-09,2026-06-09,completed,urgent,5.0,7.4,70.8,false,0,low,enhancement
TASK00595,EMP011,PRJ025,2026-03-25,2026-04-11,2026-04-09,completed,medium,24.2,35.0,74.6,false,0,high,deployment
TASK00596,EMP011,PRJ025,2026-06-13,2026-07-03,2026-06-18,completed,urgent,25.9,20.9,80.5,false,0,high,bug_fix
TASK00597,EMP011,PRJ025,2026-02-21,2026-02-28,2026-02-23,completed,high,15.0,18.5,75.0,false,0,medium,enhancement
TASK00598,EMP011,PRJ025,2026-03-31,2026-04-05,2026-04-03,completed,high,16.5,12.9,73.3,false,0,medium,feature
TASK00599,EMP011,PRJ025,2026-04-23,2026-05-13,,overdue,urgent,36.5,42.0,,,,critical,maintenance
TASK00600,EMP011,PRJ025,2026-04-16,2026-04-27,2026-04-24,completed,medium,35.2,36.4,68.9,false,0,high,research
TASK00601,EMP011,PRJ025,2026-05-07,2026-05-11,2026-05-08,completed,high,6.8,6.6,72.6,false,0,low,maintenance
TASK00602,EMP011,PRJ025,2026-05-15,2026-06-14,,overdue,medium,54.5,69.8,,,,critical,feature
TASK00603,EMP011,PRJ025,2026-02-14,2026-02-19,2026-02-16,completed,high,2.3,1.7,70.0,false,0,low,feature
TASK00604,EMP011,PRJ025,2026-01-05,2026-01-09,,overdue,medium,3.8,5.0,,,,low,maintenance
TASK00605,EMP011,PRJ025,2026-06-19,2026-06-22,2026-06-19,completed,urgent,3.8,3.0,60.0,true,1,low,enhancement
TASK00606,EMP011,PRJ025,2026-04-28,2026-05-02,2026-05-02,completed,medium,8.0,9.5,83.3,false,0,medium,documentation
TASK00607,EMP011,PRJ025,2026-03-17,2026-03-26,2026-04-01,completed,high,10.7,14.9,71.3,false,0,medium,maintenance
TASK00608,EMP011,PRJ025,2026-02-04,2026-02-08,,overdue,high,3.7,4.9,,,,low,maintenance
TASK00609,EMP011,PRJ025,2026-01-05,2026-01-17,,in_progress,medium,19.4,14.0,,,,high,research
TASK00610,EMP011,PRJ025,2026-04-19,2026-04-22,2026-04-21,completed,medium,5.7,5.4,80.1,false,0,low,enhancement
TASK00611,EMP011,PRJ025,2026-02-26,2026-03-12,2026-03-15,completed,medium,17.4,15.7,74.8,false,0,high,bug_fix
TASK00612,EMP012,PRJ001,2026-04-29,2026-05-03,2026-05-07,completed,high,13.8,15.3,77.7,false,0,medium,testing
TASK00613,EMP012,PRJ001,2026-01-28,2026-02-02,2026-01-30,completed,low,2.2,2.1,80.9,false,0,low,deployment
TASK00614,EMP012,PRJ001,2026-01-30,2026-02-12,2026-02-11,completed,medium,20.4,29.2,76.4,false,0,high,research
TASK00615,EMP012,PRJ001,2026-04-22,2026-05-01,2026-04-22,completed,low,24.5,28.7,91.0,false,0,high,research
TASK00616,EMP012,PRJ001,2026-03-06,2026-03-08,2026-03-08,completed,medium,6.5,8.9,87.5,false,0,low,research
TASK00617,EMP012,PRJ001,2026-06-05,2026-06-14,2026-06-09,completed,medium,9.1,8.2,89.0,false,0,medium,enhancement
TASK00618,EMP012,PRJ001,2026-04-22,2026-04-24,,overdue,low,6.4,8.7,,,,low,design
TASK00619,EMP012,PRJ001,2026-01-28,2026-02-01,2026-01-31,completed,medium,2.3,2.5,94.9,false,0,low,feature
TASK00620,EMP012,PRJ001,2026-06-19,2026-06-25,,overdue,low,17.9,18.8,,,,medium,feature
TASK00621,EMP012,PRJ001,2026-01-16,2026-02-05,2026-01-21,completed,high,27.4,25.1,82.7,false,0,high,enhancement
TASK00622,EMP012,PRJ001,2026-05-24,2026-06-08,2026-05-27,completed,medium,58.3,70.8,73.0,false,0,critical,enhancement
TASK00623,EMP012,PRJ001,2026-03-14,2026-03-18,2026-03-22,completed,medium,13.7,13.8,82.1,false,0,medium,documentation
TASK00624,EMP012,PRJ001,2026-06-06,2026-06-14,2026-06-14,completed,medium,13.2,17.5,76.9,false,0,medium,documentation
TASK00625,EMP012,PRJ001,2026-05-17,2026-05-24,2026-05-21,completed,urgent,9.2,13.0,84.1,false,0,medium,documentation
TASK00626,EMP012,PRJ001,2026-06-19,2026-06-29,2026-06-27,completed,medium,40.0,28.7,73.7,false,0,high,enhancement
TASK00627,EMP012,PRJ001,2026-03-13,2026-03-23,2026-03-14,completed,medium,30.8,34.8,80.6,false,0,high,design
TASK00628,EMP012,PRJ001,2026-05-20,2026-05-24,2026-05-23,completed,medium,6.0,7.2,91.6,false,0,medium,design
TASK00629,EMP012,PRJ001,2026-05-29,2026-06-07,2026-06-07,completed,medium,12.2,13.2,78.1,false,0,medium,testing
TASK00630,EMP012,PRJ001,2026-04-08,2026-04-28,2026-04-19,completed,medium,27.4,32.2,82.1,true,1,high,maintenance
TASK00631,EMP012,PRJ001,2026-02-04,2026-02-09,2026-02-06,completed,high,7.8,7.5,82.6,false,0,low,testing
TASK00632,EMP012,PRJ001,2026-04-24,2026-04-29,,in_progress,high,14.0,11.3,,,,medium,enhancement
TASK00633,EMP012,PRJ001,2026-03-28,2026-04-04,2026-04-04,completed,low,24.0,31.5,85.0,false,0,high,maintenance
TASK00634,EMP012,PRJ001,2026-04-10,2026-04-14,,overdue,high,2.5,2.7,,,,low,research
TASK00635,EMP012,PRJ001,2026-02-20,2026-03-03,2026-02-21,completed,low,38.6,34.1,81.6,false,0,high,research
TASK00636,EMP012,PRJ001,2026-02-28,2026-03-08,2026-03-08,completed,medium,16.2,24.1,75.9,false,0,medium,review
TASK00637,EMP012,PRJ001,2026-01-09,2026-01-18,2026-01-17,completed,high,10.3,12.8,88.0,false,0,medium,maintenance
TASK00638,EMP012,PRJ001,2026-04-26,2026-05-03,2026-04-26,completed,low,16.7,19.8,77.8,false,0,medium,deployment
TASK00639,EMP012,PRJ001,2026-01-11,2026-01-14,2026-01-11,completed,high,6.3,6.8,86.2,false,0,low,review
TASK00640,EMP012,PRJ001,2026-04-19,2026-04-25,2026-04-24,completed,high,9.6,11.7,80.5,false,0,medium,testing
TASK00641,EMP012,PRJ001,2026-06-14,2026-06-24,,overdue,urgent,12.4,15.6,,,,medium,research
TASK00642,EMP012,PRJ001,2026-03-12,2026-03-23,2026-03-21,completed,medium,21.6,26.3,81.3,false,0,high,design
TASK00643,EMP012,PRJ001,2026-01-08,2026-01-17,2026-01-16,completed,low,19.2,27.4,79.7,false,0,medium,design
TASK00644,EMP012,PRJ001,2026-04-09,2026-04-11,2026-04-10,completed,high,5.3,6.0,83.7,false,0,low,enhancement
TASK00645,EMP012,PRJ001,2026-03-22,2026-03-26,2026-03-26,completed,medium,14.2,20.3,86.0,false,0,medium,feature
TASK00646,EMP012,PRJ001,2026-04-21,2026-05-07,,in_progress,high,30.4,31.0,,,,critical,maintenance
TASK00647,EMP012,PRJ001,2026-06-08,2026-06-15,2026-06-08,completed,medium,6.2,6.9,83.6,false,0,medium,maintenance
TASK00648,EMP012,PRJ001,2026-05-01,2026-05-07,2026-05-01,completed,low,15.0,19.6,83.3,false,0,medium,testing
TASK00649,EMP012,PRJ001,2026-06-11,2026-06-19,,overdue,high,18.2,26.9,,,,medium,bug_fix
TASK00650,EMP012,PRJ001,2026-05-05,2026-05-15,2026-05-07,completed,medium,15.4,22.4,76.4,false,0,medium,testing
TASK00651,EMP012,PRJ001,2026-04-26,2026-04-30,2026-04-30,completed,low,6.2,8.6,82.4,false,0,low,testing
TASK00652,EMP012,PRJ001,2026-01-01,2026-01-12,,in_progress,medium,17.5,20.8,,,,high,review
TASK00653,EMP012,PRJ001,2026-01-15,2026-01-19,,in_progress,low,5.1,7.4,,,,low,feature
TASK00654,EMP012,PRJ001,2026-01-30,2026-02-09,2026-02-06,completed,medium,14.5,10.6,76.9,false,0,medium,bug_fix
TASK00655,EMP012,PRJ001,2026-06-01,2026-06-09,,overdue,medium,19.4,22.2,,,,medium,documentation
TASK00656,EMP012,PRJ001,2026-03-30,2026-04-01,2026-03-30,completed,urgent,3.5,4.7,72.8,false,0,low,maintenance
TASK00657,EMP012,PRJ001,2026-02-26,2026-03-05,,in_progress,high,18.5,21.0,,,,medium,feature
TASK00658,EMP012,PRJ001,2026-04-25,2026-04-28,2026-04-26,completed,medium,5.3,7.6,80.4,true,2,low,feature
TASK00659,EMP012,PRJ001,2026-04-03,2026-04-12,2026-04-03,completed,medium,7.1,5.6,86.6,false,0,medium,bug_fix
TASK00660,EMP012,PRJ001,2026-04-29,2026-05-10,2026-05-02,completed,high,39.7,57.6,86.4,false,0,high,enhancement
TASK00661,EMP013,PRJ029,2026-06-20,2026-06-22,2026-06-25,completed,high,4.6,4.2,92.0,false,0,low,maintenance
TASK00662,EMP013,PRJ002,2026-01-09,2026-01-19,,in_progress,medium,17.7,24.1,,,,medium,feature
TASK00663,EMP013,PRJ029,2026-04-11,2026-04-14,,in_progress,low,6.1,5.6,,,,low,bug_fix
TASK00664,EMP013,PRJ002,2026-06-10,2026-06-18,2026-06-10,completed,high,9.1,6.5,80.9,false,0,medium,feature
TASK00665,EMP013,PRJ002,2026-05-27,2026-06-03,2026-06-05,completed,high,17.5,20.4,86.1,false,0,medium,testing
TASK00666,EMP013,PRJ029,2026-01-06,2026-01-10,2026-01-12,completed,high,4.9,5.8,78.6,false,0,low,enhancement
TASK00667,EMP013,PRJ029,2026-02-26,2026-03-05,2026-03-02,completed,high,17.7,13.6,73.1,false,0,high,deployment
TASK00668,EMP013,PRJ002,2026-02-26,2026-03-17,2026-03-10,completed,medium,37.5,46.4,82.9,false,0,high,enhancement
TASK00669,EMP013,PRJ029,2026-02-06,2026-02-15,2026-02-08,completed,low,8.6,10.5,81.0,false,0,medium,maintenance
TASK00670,EMP013,PRJ029,2026-01-18,2026-01-27,2026-01-27,completed,medium,17.0,25.1,89.3,false,0,medium,enhancement
TASK00671,EMP013,PRJ029,2026-04-08,2026-04-15,2026-04-12,completed,low,6.7,8.2,86.1,false,0,medium,design
TASK00672,EMP013,PRJ029,2026-02-13,2026-02-22,2026-02-15,completed,low,20.3,15.3,94.6,false,0,high,testing
TASK00673,EMP013,PRJ029,2026-01-03,2026-01-09,2026-01-11,completed,medium,16.3,21.3,75.7,false,0,medium,design
TASK00674,EMP013,PRJ029,2026-04-17,2026-04-23,2026-04-23,completed,urgent,9.5,11.3,68.4,false,0,medium,deployment
TASK00675,EMP013,PRJ029,2026-05-01,2026-05-04,2026-05-01,completed,medium,7.2,7.8,82.3,false,0,low,design
TASK00676,EMP013,PRJ029,2026-04-04,2026-04-11,2026-04-08,completed,medium,19.6,18.4,88.2,false,0,medium,feature
TASK00677,EMP013,PRJ002,2026-04-21,2026-04-27,2026-04-28,completed,high,10.3,13.7,83.8,false,0,medium,enhancement
TASK00678,EMP013,PRJ002,2026-06-17,2026-06-25,2026-06-21,completed,urgent,15.4,17.8,92.0,false,0,medium,deployment
TASK00679,EMP013,PRJ002,2026-02-26,2026-03-02,2026-02-27,completed,high,4.0,5.0,79.5,false,0,low,research
TASK00680,EMP013,PRJ002,2026-01-08,2026-01-15,,in_progress,medium,11.2,11.1,,,,medium,research
TASK00681,EMP013,PRJ002,2026-04-11,2026-04-16,2026-04-15,completed,low,16.9,16.4,85.7,false,0,medium,deployment
TASK00682,EMP013,PRJ029,2026-03-24,2026-04-14,2026-03-29,completed,low,23.3,34.8,87.7,false,0,high,review
TASK00683,EMP013,PRJ029,2026-03-05,2026-03-23,2026-03-24,completed,medium,18.8,27.3,86.0,false,0,high,testing
TASK00684,EMP013,PRJ029,2026-02-06,2026-02-26,,in_progress,medium,57.5,52.5,,,,critical,research
TASK00685,EMP013,PRJ029,2026-01-29,2026-02-07,2026-02-04,completed,high,8.3,5.8,83.7,false,0,medium,review
TASK00686,EMP013,PRJ029,2026-06-15,2026-06-23,2026-06-17,completed,urgent,24.6,26.3,79.0,false,0,high,documentation
TASK00687,EMP013,PRJ029,2026-04-19,2026-04-22,2026-04-21,completed,high,3.8,3.2,74.7,false,0,low,feature
TASK00688,EMP013,PRJ029,2026-05-28,2026-06-18,2026-06-13,completed,urgent,24.3,33.5,78.8,false,0,high,documentation
TASK00689,EMP013,PRJ002,2026-02-27,2026-03-04,2026-02-28,completed,medium,4.5,5.0,82.6,true,1,low,enhancement
TASK00690,EMP013,PRJ002,2026-01-26,2026-02-04,2026-02-02,completed,high,17.5,14.3,77.1,false,0,medium,documentation
TASK00691,EMP013,PRJ029,2026-02-06,2026-03-03,2026-02-11,completed,medium,52.6,52.7,85.0,false,0,critical,maintenance
TASK00692,EMP013,PRJ002,2026-02-24,2026-03-06,2026-02-27,completed,low,11.5,13.1,77.8,false,0,medium,review
TASK00693,EMP013,PRJ029,2026-06-17,2026-06-24,2026-06-22,completed,medium,18.4,16.6,90.6,true,2,medium,bug_fix
TASK00694,EMP013,PRJ029,2026-06-10,2026-06-16,2026-06-14,completed,low,12.0,16.2,87.3,true,1,medium,feature
TASK00695,EMP013,PRJ002,2026-02-13,2026-02-18,2026-02-16,completed,low,6.2,7.2,85.3,false,0,medium,design
TASK00696,EMP013,PRJ002,2026-02-25,2026-02-28,2026-02-28,completed,high,4.6,6.6,85.7,false,0,low,maintenance
TASK00697,EMP013,PRJ002,2026-02-21,2026-02-25,2026-02-28,completed,low,2.6,3.7,90.9,false,0,low,research
TASK00698,EMP013,PRJ029,2026-01-13,2026-01-18,2026-01-15,completed,medium,4.5,4.4,89.2,false,0,low,feature
TASK00699,EMP013,PRJ002,2026-03-04,2026-03-12,2026-03-07,completed,urgent,12.6,13.5,72.6,false,0,medium,feature
TASK00700,EMP013,PRJ029,2026-04-05,2026-04-10,2026-04-07,completed,high,8.3,8.0,80.2,false,0,medium,review
TASK00701,EMP013,PRJ002,2026-02-26,2026-03-06,,in_progress,high,7.0,6.4,,,,medium,deployment
TASK00702,EMP013,PRJ002,2026-01-05,2026-01-13,,in_progress,medium,15.2,22.8,,,,medium,maintenance
TASK00703,EMP013,PRJ002,2026-02-03,2026-02-07,2026-02-04,completed,low,3.0,3.5,67.7,false,0,low,review
TASK00704,EMP013,PRJ002,2026-01-17,2026-01-21,2026-01-19,completed,medium,5.7,8.3,85.8,false,0,low,design
TASK00705,EMP013,PRJ002,2026-01-21,2026-02-14,,in_progress,medium,40.8,34.8,,,,critical,deployment
TASK00706,EMP014,PRJ020,2026-02-04,2026-02-07,2026-02-14,completed,medium,3.5,3.3,61.7,true,3,low,enhancement
TASK00707,EMP014,PRJ020,2026-03-13,2026-03-20,2026-03-18,completed,low,6.7,8.0,53.6,false,0,medium,review
TASK00708,EMP014,PRJ001,2026-04-11,2026-04-16,2026-04-17,completed,medium,10.7,9.2,50.4,true,1,medium,deployment
TASK00709,EMP014,PRJ001,2026-04-23,2026-04-25,,in_progress,low,6.2,6.1,,,,low,feature
TASK00710,EMP014,PRJ004,2026-02-14,2026-03-08,2026-03-13,completed,high,44.6,31.8,60.9,false,0,critical,research
TASK00711,EMP014,PRJ020,2026-02-11,2026-03-10,,overdue,urgent,41.2,45.2,,,,critical,review
TASK00712,EMP014,PRJ001,2026-01-28,2026-02-03,,overdue,medium,19.1,18.2,,,,medium,feature
TASK00713,EMP014,PRJ020,2026-03-29,2026-04-03,2026-03-29,completed,high,9.9,8.8,41.7,false,0,medium,testing
TASK00714,EMP014,PRJ020,2026-05-22,2026-05-29,,overdue,high,14.6,17.5,,,,medium,review
TASK00715,EMP014,PRJ020,2026-04-01,2026-04-04,,overdue,urgent,3.9,3.1,,,,low,enhancement
TASK00716,EMP014,PRJ001,2026-06-23,2026-06-28,2026-07-01,completed,high,14.3,16.6,50.3,false,0,medium,testing
TASK00717,EMP014,PRJ004,2026-03-11,2026-03-15,,overdue,low,6.1,7.9,,,,medium,deployment
TASK00718,EMP014,PRJ004,2026-03-10,2026-03-14,2026-03-19,completed,medium,7.5,6.0,49.0,false,0,low,testing
TASK00719,EMP014,PRJ001,2026-02-25,2026-02-28,2026-03-02,completed,high,5.5,5.0,38.9,false,0,low,design
TASK00720,EMP014,PRJ004,2026-06-15,2026-06-19,2026-06-26,completed,high,8.7,12.5,45.5,false,0,medium,bug_fix
TASK00721,EMP014,PRJ020,2026-04-06,2026-04-10,,in_progress,medium,13.6,10.0,,,,medium,deployment
TASK00722,EMP014,PRJ004,2026-05-26,2026-06-21,,overdue,high,44.4,37.5,,,,critical,maintenance
TASK00723,EMP014,PRJ004,2026-04-22,2026-05-01,,overdue,medium,16.4,22.3,,,,high,deployment
TASK00724,EMP014,PRJ020,2026-06-06,2026-06-10,2026-06-06,completed,low,14.1,12.0,42.1,true,2,medium,deployment
TASK00725,EMP014,PRJ004,2026-01-25,2026-01-28,,overdue,urgent,5.8,4.3,,,,low,deployment
TASK00726,EMP014,PRJ020,2026-04-21,2026-04-24,,in_progress,high,4.7,3.8,,,,low,design
TASK00727,EMP014,PRJ001,2026-02-15,2026-02-19,2026-02-24,completed,high,12.1,12.9,50.2,false,0,medium,maintenance
TASK00728,EMP014,PRJ020,2026-01-17,2026-01-24,,overdue,low,19.1,14.9,,,,medium,review
TASK00729,EMP014,PRJ004,2026-01-20,2026-01-26,,in_progress,medium,12.2,18.2,,,,medium,enhancement
TASK00730,EMP014,PRJ020,2026-04-11,2026-04-19,,overdue,low,17.5,21.1,,,,medium,feature
TASK00731,EMP014,PRJ001,2026-03-18,2026-04-03,,in_progress,medium,26.7,31.4,,,,high,review
TASK00732,EMP014,PRJ020,2026-05-08,2026-05-10,,in_progress,high,4.1,4.8,,,,low,design
TASK00733,EMP014,PRJ004,2026-04-08,2026-04-11,2026-04-09,completed,high,5.5,6.3,51.8,false,0,low,feature
TASK00734,EMP014,PRJ004,2026-05-20,2026-05-22,2026-05-28,completed,high,5.2,4.1,54.8,false,0,low,testing
TASK00735,EMP014,PRJ001,2026-03-02,2026-03-04,,in_progress,high,7.6,7.4,,,,low,review
TASK00736,EMP014,PRJ004,2026-05-23,2026-05-27,2026-06-02,completed,medium,5.4,4.7,48.6,false,0,low,testing
TASK00737,EMP014,PRJ020,2026-02-01,2026-02-03,,in_progress,high,3.6,4.8,,,,low,enhancement
TASK00738,EMP014,PRJ004,2026-03-24,2026-04-12,,overdue,urgent,39.5,52.7,,,,critical,review
TASK00739,EMP014,PRJ001,2026-03-20,2026-03-28,,in_progress,low,13.6,12.6,,,,medium,testing
TASK00740,EMP014,PRJ004,2026-01-27,2026-02-01,,in_progress,urgent,7.0,7.6,,,,low,deployment
TASK00741,EMP014,PRJ001,2026-05-18,2026-05-26,,overdue,low,14.6,21.7,,,,medium,testing
TASK00742,EMP014,PRJ001,2026-04-05,2026-04-11,2026-04-14,completed,medium,6.8,8.7,49.2,false,0,medium,bug_fix
TASK00743,EMP014,PRJ001,2026-01-31,2026-02-10,2026-02-17,completed,low,17.3,21.0,58.8,false,0,medium,maintenance
TASK00744,EMP014,PRJ004,2026-04-20,2026-05-09,,in_progress,medium,54.4,43.4,,,,critical,review
TASK00745,EMP014,PRJ001,2026-03-25,2026-04-09,2026-04-15,completed,medium,21.4,25.1,42.2,false,0,high,bug_fix
TASK00746,EMP014,PRJ001,2026-02-27,2026-03-04,2026-03-07,completed,low,4.4,3.9,50.8,false,0,low,testing
TASK00747,EMP014,PRJ004,2026-01-25,2026-02-05,2026-02-11,completed,medium,28.5,38.8,47.1,true,2,high,research
TASK00748,EMP014,PRJ001,2026-06-12,2026-06-21,,overdue,medium,38.7,46.9,,,,high,research
TASK00749,EMP014,PRJ004,2026-04-29,2026-05-03,,in_progress,high,4.0,4.8,,,,low,documentation
TASK00750,EMP014,PRJ020,2026-05-09,2026-05-19,,overdue,medium,13.5,19.9,,,,medium,maintenance
TASK00751,EMP014,PRJ020,2026-02-12,2026-02-28,,in_progress,medium,24.9,26.7,,,,high,feature
TASK00752,EMP014,PRJ020,2026-03-23,2026-03-26,,in_progress,low,6.0,4.8,,,,low,deployment
TASK00753,EMP014,PRJ004,2026-05-27,2026-05-29,,in_progress,low,5.2,6.9,,,,low,research
TASK00754,EMP014,PRJ004,2026-04-08,2026-04-18,2026-04-25,completed,medium,21.2,31.1,55.7,false,0,high,research
TASK00755,EMP014,PRJ020,2026-03-05,2026-03-08,,overdue,low,4.0,4.3,,,,low,enhancement
TASK00756,EMP015,PRJ004,2026-02-10,2026-02-16,2026-02-14,completed,low,16.7,20.2,94.4,false,0,medium,documentation
TASK00757,EMP015,PRJ004,2026-05-18,2026-05-25,,overdue,high,35.9,29.0,,,,high,design
TASK00758,EMP015,PRJ004,2026-03-09,2026-03-19,2026-03-18,completed,medium,12.3,10.4,94.3,true,1,medium,design
TASK00759,EMP015,PRJ004,2026-06-07,2026-06-17,2026-06-13,completed,medium,18.2,24.2,100,false,0,medium,deployment
TASK00760,EMP015,PRJ004,2026-01-09,2026-01-14,2026-01-12,completed,medium,7.7,5.4,81.2,false,0,low,feature
TASK00761,EMP015,PRJ004,2026-03-31,2026-04-03,2026-03-31,completed,medium,7.0,7.4,94.7,false,0,low,feature
TASK00762,EMP015,PRJ004,2026-03-13,2026-03-17,2026-03-17,completed,low,2.3,1.9,95.4,false,0,low,review
TASK00763,EMP015,PRJ004,2026-01-08,2026-01-13,2026-01-13,completed,medium,12.6,9.9,86.9,false,0,medium,maintenance
TASK00764,EMP015,PRJ004,2026-01-10,2026-01-15,,overdue,medium,4.3,4.4,,,,low,deployment
TASK00765,EMP015,PRJ004,2026-01-18,2026-01-25,2026-01-25,completed,low,19.4,25.7,86.5,false,0,medium,research
TASK00766,EMP015,PRJ004,2026-02-11,2026-02-16,,in_progress,medium,3.2,3.3,,,,low,bug_fix
TASK00767,EMP015,PRJ004,2026-01-29,2026-02-04,2026-01-30,completed,medium,19.9,14.2,81.1,false,0,medium,testing
TASK00768,EMP015,PRJ004,2026-02-24,2026-03-19,2026-03-09,completed,high,57.4,82.6,89.1,false,0,critical,research
TASK00769,EMP015,PRJ004,2026-01-21,2026-01-27,2026-01-25,completed,medium,10.2,10.6,96.3,false,0,medium,deployment
TASK00770,EMP015,PRJ004,2026-06-05,2026-06-15,2026-06-08,completed,medium,29.3,43.5,91.9,false,0,high,bug_fix
TASK00771,EMP015,PRJ004,2026-05-06,2026-05-11,2026-05-07,completed,urgent,7.1,6.5,100,false,0,low,deployment
TASK00772,EMP015,PRJ004,2026-04-25,2026-05-22,2026-05-18,completed,low,59.0,41.3,78.7,false,0,critical,documentation
TASK00773,EMP015,PRJ004,2026-01-01,2026-01-06,2026-01-04,completed,high,2.1,2.9,85.4,false,0,low,deployment
TASK00774,EMP015,PRJ004,2026-03-02,2026-03-07,2026-03-06,completed,medium,5.0,3.6,97.3,false,0,low,feature
TASK00775,EMP015,PRJ004,2026-02-26,2026-02-28,2026-02-27,completed,medium,2.7,3.6,78.8,false,0,low,feature
TASK00776,EMP015,PRJ004,2026-04-03,2026-04-08,2026-04-07,completed,medium,6.6,8.9,92.5,false,0,low,design
TASK00777,EMP015,PRJ004,2026-05-10,2026-05-14,2026-05-11,completed,low,2.8,2.9,90.6,false,0,low,enhancement
TASK00778,EMP015,PRJ004,2026-03-30,2026-04-23,2026-04-17,completed,low,32.8,26.0,87.8,false,0,critical,feature
TASK00779,EMP015,PRJ004,2026-04-29,2026-05-07,,overdue,low,9.7,14.5,,,,medium,deployment
TASK00780,EMP015,PRJ004,2026-03-31,2026-04-02,2026-04-01,completed,medium,2.2,1.8,99.8,false,0,low,enhancement
TASK00781,EMP015,PRJ004,2026-04-18,2026-05-02,2026-04-22,completed,medium,30.8,33.6,88.3,false,0,critical,deployment
TASK00782,EMP015,PRJ004,2026-02-11,2026-02-25,2026-02-13,completed,medium,43.8,63.1,90.0,false,0,critical,research
TASK00783,EMP015,PRJ004,2026-05-20,2026-05-29,,overdue,high,9.8,14.6,,,,medium,enhancement
TASK00784,EMP015,PRJ004,2026-03-02,2026-03-10,2026-03-06,completed,low,8.9,11.0,85.5,false,0,medium,review
TASK00785,EMP015,PRJ004,2026-06-14,2026-06-29,2026-06-23,completed,medium,33.0,42.3,95.8,false,0,high,design
TASK00786,EMP015,PRJ004,2026-05-31,2026-06-20,2026-06-08,completed,high,25.7,18.6,89.4,false,0,high,deployment
TASK00787,EMP015,PRJ004,2026-03-21,2026-03-25,2026-03-25,completed,medium,11.9,9.2,97.8,false,0,medium,review
TASK00788,EMP015,PRJ004,2026-01-04,2026-01-09,2026-01-05,completed,high,7.5,9.0,99.6,false,0,low,feature
TASK00789,EMP015,PRJ004,2026-01-26,2026-01-30,2026-01-27,completed,low,19.7,22.0,93.4,false,0,medium,feature
TASK00790,EMP015,PRJ004,2026-02-05,2026-02-18,2026-02-14,completed,medium,21.4,19.3,95.2,false,0,high,research
TASK00791,EMP015,PRJ004,2026-05-18,2026-05-20,2026-05-18,completed,medium,4.0,3.4,82.8,false,0,low,enhancement
TASK00792,EMP015,PRJ004,2026-04-12,2026-05-08,2026-04-23,completed,medium,31.1,36.2,87.6,false,0,critical,testing
TASK00793,EMP015,PRJ004,2026-01-23,2026-01-27,,in_progress,urgent,17.7,22.4,,,,medium,bug_fix
TASK00794,EMP015,PRJ004,2026-05-28,2026-06-01,2026-05-28,completed,high,5.3,6.7,92.3,false,0,low,deployment
TASK00795,EMP015,PRJ004,2026-04-14,2026-04-29,2026-04-18,completed,low,38.5,40.0,95.0,false,0,high,bug_fix
TASK00796,EMP015,PRJ004,2026-05-01,2026-05-03,2026-05-02,completed,medium,4.0,5.3,92.2,false,0,low,maintenance
TASK00797,EMP015,PRJ004,2026-02-11,2026-02-15,2026-02-15,completed,high,4.3,5.6,87.4,false,0,low,research
TASK00798,EMP015,PRJ004,2026-05-04,2026-05-14,,in_progress,medium,7.4,6.2,,,,medium,review
TASK00799,EMP015,PRJ004,2026-05-16,2026-05-23,2026-05-19,completed,medium,12.3,17.7,89.8,false,0,medium,research
TASK00800,EMP015,PRJ004,2026-02-05,2026-02-13,2026-02-08,completed,high,18.5,24.5,89.9,false,0,medium,review
TASK00801,EMP015,PRJ004,2026-03-30,2026-04-12,2026-04-09,completed,urgent,30.5,32.9,91.0,false,0,high,maintenance
TASK00802,EMP015,PRJ004,2026-05-08,2026-05-28,2026-05-13,completed,medium,36.4,29.8,80.4,false,0,high,bug_fix
TASK00803,EMP015,PRJ004,2026-01-20,2026-02-02,2026-01-29,completed,low,27.8,21.7,83.1,false,0,high,deployment
TASK00804,EMP015,PRJ004,2026-02-23,2026-02-27,2026-02-26,completed,low,8.6,11.6,98.0,false,0,medium,bug_fix
TASK00805,EMP015,PRJ004,2026-02-19,2026-02-27,,in_progress,low,18.4,19.4,,,,medium,maintenance
TASK00806,EMP015,PRJ004,2026-04-24,2026-05-03,2026-05-03,completed,medium,13.8,17.4,88.9,false,0,medium,research
TASK00807,EMP015,PRJ004,2026-05-19,2026-06-07,2026-05-24,completed,low,35.7,41.8,87.4,false,0,high,review
TASK00808,EMP015,PRJ004,2026-01-06,2026-01-15,2026-01-08,completed,high,18.0,25.7,85.6,false,0,medium,review
TASK00809,EMP015,PRJ004,2026-06-08,2026-06-11,2026-06-10,completed,medium,3.6,5.0,96.0,false,0,low,documentation
TASK00810,EMP015,PRJ004,2026-03-14,2026-03-23,2026-03-28,completed,high,18.6,18.1,81.4,false,0,medium,design
TASK00811,EMP015,PRJ004,2026-02-01,2026-02-03,2026-02-01,completed,high,7.8,8.3,93.1,false,0,low,maintenance
TASK00812,EMP015,PRJ004,2026-03-13,2026-03-15,2026-03-14,completed,medium,7.4,7.7,92.3,false,0,low,review
TASK00813,EMP015,PRJ004,2026-03-23,2026-03-26,2026-03-25,completed,low,7.1,9.0,82.4,true,1,low,bug_fix
TASK00814,EMP015,PRJ004,2026-02-28,2026-03-16,2026-03-08,completed,medium,22.5,29.1,97.2,false,0,high,enhancement
TASK00815,EMP016,PRJ012,2026-05-09,2026-05-17,2026-05-12,completed,medium,9.6,14.2,92.3,false,0,medium,deployment
TASK00816,EMP016,PRJ029,2026-01-25,2026-02-01,2026-01-27,completed,high,6.8,9.1,86.7,false,0,medium,enhancement
TASK00817,EMP016,PRJ029,2026-02-14,2026-02-17,2026-02-15,completed,high,5.0,5.7,75.4,false,0,low,testing
TASK00818,EMP016,PRJ029,2026-02-13,2026-03-02,2026-02-13,completed,low,29.3,29.7,88.5,false,0,high,research
TASK00819,EMP016,PRJ012,2026-02-04,2026-02-12,2026-02-05,completed,low,18.9,21.3,79.6,false,0,medium,enhancement
TASK00820,EMP016,PRJ012,2026-02-11,2026-02-13,2026-02-13,completed,urgent,4.8,7.1,91.5,false,0,low,enhancement
TASK00821,EMP016,PRJ029,2026-03-14,2026-03-17,2026-03-15,completed,medium,5.2,6.9,80.6,false,0,low,review
TASK00822,EMP016,PRJ029,2026-01-24,2026-02-10,2026-02-06,completed,urgent,41.7,52.3,92.4,false,0,critical,review
TASK00823,EMP016,PRJ029,2026-02-16,2026-02-26,2026-02-20,completed,medium,9.9,11.3,78.1,false,0,medium,research
TASK00824,EMP016,PRJ029,2026-03-10,2026-03-20,2026-03-18,completed,high,21.3,17.2,76.2,false,0,high,design
TASK00825,EMP016,PRJ012,2026-03-13,2026-03-17,2026-03-15,completed,medium,13.2,18.1,83.0,false,0,medium,feature
TASK00826,EMP016,PRJ012,2026-05-03,2026-05-12,2026-05-04,completed,medium,12.0,16.6,82.4,false,0,medium,deployment
TASK00827,EMP016,PRJ029,2026-04-17,2026-05-04,2026-05-01,completed,high,34.1,26.9,85.3,false,0,high,design
TASK00828,EMP016,PRJ029,2026-03-27,2026-03-30,2026-03-28,completed,low,4.7,4.1,75.1,false,0,low,deployment
TASK00829,EMP016,PRJ029,2026-01-31,2026-02-08,2026-02-05,completed,high,16.3,21.2,90.1,true,2,medium,maintenance
TASK00830,EMP016,PRJ029,2026-02-22,2026-03-01,2026-02-23,completed,high,15.7,18.1,78.4,false,0,medium,bug_fix
TASK00831,EMP016,PRJ029,2026-04-24,2026-04-27,2026-04-25,completed,medium,4.3,4.2,83.3,false,0,low,documentation
TASK00832,EMP016,PRJ012,2026-04-29,2026-05-03,2026-04-29,completed,medium,6.4,8.0,80.9,false,0,low,maintenance
TASK00833,EMP016,PRJ012,2026-01-29,2026-02-03,2026-01-31,completed,high,6.7,6.1,85.1,false,0,low,documentation
TASK00834,EMP016,PRJ012,2026-02-07,2026-02-21,,in_progress,high,17.8,21.7,,,,high,maintenance
TASK00835,EMP016,PRJ012,2026-01-27,2026-02-06,2026-01-29,completed,low,18.4,13.6,78.0,false,0,medium,feature
TASK00836,EMP016,PRJ012,2026-05-13,2026-05-21,2026-05-13,completed,high,18.0,26.5,82.1,false,0,medium,maintenance
TASK00837,EMP016,PRJ012,2026-06-14,2026-06-23,2026-06-14,completed,high,7.2,10.8,72.5,true,1,medium,deployment
TASK00838,EMP016,PRJ012,2026-06-22,2026-07-16,2026-07-23,completed,urgent,47.8,58.7,87.5,false,0,critical,testing
TASK00839,EMP016,PRJ012,2026-04-15,2026-04-20,,overdue,medium,19.1,13.4,,,,medium,review
TASK00840,EMP016,PRJ012,2026-04-07,2026-04-16,2026-04-07,completed,medium,18.5,17.0,95.5,false,0,medium,design
TASK00841,EMP016,PRJ012,2026-01-31,2026-02-09,2026-02-09,completed,low,12.3,9.9,88.1,false,0,medium,maintenance
TASK00842,EMP016,PRJ029,2026-05-26,2026-06-04,2026-06-02,completed,medium,32.0,27.2,90.3,false,0,high,testing
TASK00843,EMP016,PRJ029,2026-06-06,2026-07-05,2026-07-09,completed,high,34.6,29.0,69.1,false,0,critical,design
TASK00844,EMP016,PRJ029,2026-06-05,2026-06-14,2026-06-11,completed,low,28.7,21.6,79.1,false,0,high,review
TASK00845,EMP016,PRJ012,2026-01-09,2026-01-28,2026-01-19,completed,medium,21.2,28.2,85.6,false,0,high,enhancement
TASK00846,EMP016,PRJ029,2026-01-03,2026-01-13,2026-01-12,completed,medium,15.1,22.3,87.7,false,0,medium,design
TASK00847,EMP016,PRJ012,2026-06-16,2026-06-30,2026-06-28,completed,medium,32.6,30.4,88.5,false,0,critical,feature
TASK00848,EMP016,PRJ029,2026-03-05,2026-03-15,2026-03-06,completed,high,33.1,34.2,90.0,false,0,high,maintenance
TASK00849,EMP016,PRJ012,2026-01-12,2026-01-14,2026-01-17,completed,medium,4.0,5.3,84.3,false,0,low,research
TASK00850,EMP016,PRJ029,2026-01-07,2026-01-11,2026-01-16,completed,medium,11.8,14.9,95.4,false,0,medium,enhancement
TASK00851,EMP016,PRJ029,2026-01-21,2026-01-25,2026-01-25,completed,medium,4.3,3.4,78.7,false,0,low,deployment
TASK00852,EMP016,PRJ012,2026-06-15,2026-06-24,2026-06-23,completed,high,6.7,8.4,70.5,false,0,medium,maintenance
TASK00853,EMP016,PRJ029,2026-04-11,2026-04-22,2026-04-17,completed,high,17.0,23.6,78.2,false,0,high,documentation
TASK00854,EMP016,PRJ029,2026-04-17,2026-04-19,2026-04-17,completed,urgent,2.3,1.9,76.6,false,0,low,maintenance
TASK00855,EMP016,PRJ012,2026-05-19,2026-05-29,2026-05-25,completed,high,39.5,48.4,81.1,false,0,high,feature
TASK00856,EMP016,PRJ029,2026-04-27,2026-05-04,2026-04-29,completed,medium,16.4,21.4,95.1,false,0,high,review
TASK00857,EMP016,PRJ029,2026-01-19,2026-02-01,2026-01-19,completed,low,29.8,28.1,75.2,false,0,high,enhancement
TASK00858,EMP016,PRJ029,2026-05-05,2026-05-26,2026-06-01,completed,medium,37.8,26.7,78.4,false,0,high,design
TASK00859,EMP016,PRJ012,2026-01-03,2026-01-10,2026-01-10,completed,medium,39.7,46.1,83.3,false,0,high,enhancement
TASK00860,EMP016,PRJ029,2026-01-11,2026-01-15,2026-01-15,completed,high,6.3,6.1,85.9,false,0,low,design
TASK00861,EMP016,PRJ012,2026-02-01,2026-02-09,2026-02-06,completed,high,7.7,7.3,77.1,false,0,medium,deployment
TASK00862,EMP016,PRJ029,2026-01-04,2026-01-09,2026-01-04,completed,medium,6.9,8.6,78.3,true,1,low,bug_fix
TASK00863,EMP016,PRJ029,2026-02-28,2026-03-04,2026-03-03,completed,medium,7.3,6.6,76.4,false,0,medium,testing
TASK00864,EMP017,PRJ002,2026-03-23,2026-03-31,2026-03-29,completed,high,12.5,10.0,82.6,false,0,medium,documentation
TASK00865,EMP017,PRJ002,2026-03-24,2026-04-10,,in_progress,low,29.4,26.8,,,,high,feature
TASK00866,EMP017,PRJ004,2026-01-26,2026-02-05,2026-02-08,completed,high,14.4,11.7,73.9,false,0,medium,documentation
TASK00867,EMP017,PRJ002,2026-04-12,2026-05-10,2026-04-13,completed,medium,47.8,43.1,80.0,true,1,critical,feature
TASK00868,EMP017,PRJ002,2026-04-19,2026-04-25,2026-04-19,completed,high,17.2,24.3,76.2,false,0,medium,feature
TASK00869,EMP017,PRJ012,2026-03-24,2026-03-28,2026-03-25,completed,high,14.7,12.9,88.6,false,0,medium,bug_fix
TASK00870,EMP017,PRJ012,2026-05-10,2026-05-20,,in_progress,medium,11.6,10.9,,,,medium,review
TASK00871,EMP017,PRJ002,2026-01-10,2026-01-14,2026-01-21,completed,medium,10.2,9.1,94.2,true,1,medium,deployment
TASK00872,EMP017,PRJ002,2026-05-11,2026-05-18,2026-05-23,completed,medium,17.9,20.7,86.6,false,0,medium,design
TASK00873,EMP017,PRJ004,2026-03-13,2026-03-29,2026-03-26,completed,high,30.4,45.0,73.5,false,0,high,review
TASK00874,EMP017,PRJ012,2026-01-26,2026-01-28,2026-01-27,completed,medium,2.9,2.4,84.7,false,0,low,documentation
TASK00875,EMP017,PRJ004,2026-05-16,2026-05-29,2026-05-31,completed,high,20.1,15.0,84.0,false,0,high,design
TASK00876,EMP017,PRJ012,2026-01-18,2026-01-26,2026-01-23,completed,medium,15.8,18.2,85.7,false,0,medium,deployment
TASK00877,EMP017,PRJ002,2026-06-23,2026-06-30,2026-06-29,completed,low,18.0,22.4,86.3,false,0,medium,deployment
TASK00878,EMP017,PRJ012,2026-03-26,2026-04-02,2026-04-01,completed,urgent,19.3,14.4,92.8,false,0,medium,bug_fix
TASK00879,EMP017,PRJ012,2026-04-08,2026-04-12,2026-04-12,completed,medium,8.2,11.2,82.2,false,0,medium,research
TASK00880,EMP017,PRJ002,2026-01-17,2026-01-22,,in_progress,medium,11.7,10.3,,,,medium,maintenance
TASK00881,EMP017,PRJ012,2026-01-18,2026-01-23,2026-01-22,completed,low,6.0,5.9,72.3,true,1,low,deployment
TASK00882,EMP017,PRJ004,2026-05-06,2026-05-09,2026-05-08,completed,high,5.1,3.7,81.5,false,0,low,documentation
TASK00883,EMP017,PRJ002,2026-04-01,2026-04-24,2026-04-12,completed,low,38.4,36.4,91.4,false,0,critical,design
TASK00884,EMP017,PRJ012,2026-03-10,2026-04-03,2026-03-17,completed,high,45.0,47.0,80.2,false,0,critical,testing
TASK00885,EMP017,PRJ004,2026-05-21,2026-05-29,2026-05-22,completed,high,9.9,14.0,88.3,false,0,medium,bug_fix
TASK00886,EMP017,PRJ012,2026-05-19,2026-05-27,2026-05-22,completed,high,8.1,11.7,78.7,false,0,medium,feature
TASK00887,EMP017,PRJ002,2026-02-13,2026-02-18,2026-02-16,completed,high,6.1,8.1,87.0,false,0,low,deployment
TASK00888,EMP017,PRJ012,2026-03-22,2026-04-01,2026-03-30,completed,medium,7.1,5.9,94.0,false,0,medium,design
TASK00889,EMP017,PRJ002,2026-05-10,2026-05-12,2026-05-10,completed,low,5.1,4.0,81.8,true,3,low,maintenance
TASK00890,EMP017,PRJ004,2026-05-19,2026-05-29,2026-05-20,completed,high,15.2,20.1,77.1,false,0,medium,maintenance
TASK00891,EMP017,PRJ004,2026-02-06,2026-02-15,2026-02-14,completed,urgent,9.2,7.9,92.6,false,0,medium,testing
TASK00892,EMP017,PRJ004,2026-04-25,2026-04-28,2026-04-25,completed,medium,4.9,6.4,84.8,false,0,low,design
TASK00893,EMP017,PRJ012,2026-03-13,2026-03-15,2026-03-14,completed,high,3.9,4.1,82.9,false,0,low,testing
TASK00894,EMP017,PRJ004,2026-04-11,2026-04-25,2026-04-17,completed,medium,33.8,39.2,78.9,false,0,high,review
TASK00895,EMP017,PRJ002,2026-03-01,2026-03-11,2026-03-08,completed,high,38.9,55.5,83.8,false,0,high,enhancement
TASK00896,EMP017,PRJ004,2026-04-23,2026-04-25,2026-04-24,completed,medium,5.1,3.8,82.0,false,0,low,testing
TASK00897,EMP017,PRJ004,2026-03-07,2026-03-13,2026-03-09,completed,high,17.2,22.2,91.5,false,0,medium,maintenance
TASK00898,EMP017,PRJ002,2026-04-19,2026-04-21,2026-04-20,completed,high,2.0,1.8,87.0,false,0,low,design
TASK00899,EMP017,PRJ002,2026-05-05,2026-05-18,2026-05-24,completed,high,19.1,23.2,87.1,true,3,high,deployment
TASK00900,EMP017,PRJ004,2026-02-17,2026-02-22,2026-02-17,completed,urgent,7.3,9.1,82.6,false,0,low,documentation
TASK00901,EMP017,PRJ012,2026-06-07,2026-06-15,2026-06-11,completed,medium,18.6,13.4,77.6,false,0,medium,enhancement
TASK00902,EMP017,PRJ002,2026-03-04,2026-03-13,2026-03-09,completed,high,36.4,44.0,88.3,false,0,high,testing
TASK00903,EMP017,PRJ004,2026-02-10,2026-02-16,2026-02-16,completed,low,12.1,10.5,73.0,false,0,medium,review
TASK00904,EMP017,PRJ012,2026-03-07,2026-03-21,2026-03-14,completed,urgent,28.8,22.3,84.7,false,0,high,review
TASK00905,EMP017,PRJ004,2026-05-31,2026-06-06,2026-06-02,completed,medium,14.3,16.1,75.5,false,0,medium,documentation
TASK00906,EMP017,PRJ002,2026-03-21,2026-03-26,2026-03-26,completed,high,2.5,2.0,81.5,false,0,low,research
TASK00907,EMP017,PRJ002,2026-04-15,2026-04-20,2026-04-16,completed,medium,6.0,7.3,88.3,false,0,medium,testing
TASK00908,EMP017,PRJ004,2026-01-05,2026-01-15,2026-01-06,completed,medium,7.9,6.9,88.2,false,0,medium,design
TASK00909,EMP017,PRJ002,2026-02-02,2026-02-05,2026-02-02,completed,low,2.8,2.4,72.0,false,0,low,maintenance
TASK00910,EMP017,PRJ002,2026-02-19,2026-02-22,2026-02-21,completed,medium,3.0,3.6,83.0,true,2,low,deployment
TASK00911,EMP017,PRJ012,2026-02-19,2026-02-24,2026-02-22,completed,high,6.5,5.0,85.2,false,0,low,enhancement
TASK00912,EMP017,PRJ012,2026-04-14,2026-04-19,2026-04-16,completed,high,17.9,17.8,76.8,false,0,medium,review
TASK00913,EMP017,PRJ012,2026-03-11,2026-04-04,,in_progress,high,40.1,39.0,,,,critical,bug_fix
TASK00914,EMP017,PRJ002,2026-06-14,2026-06-20,2026-06-20,completed,urgent,19.1,22.0,80.2,false,0,medium,maintenance
TASK00915,EMP018,PRJ029,2026-06-07,2026-06-17,2026-06-14,completed,low,13.6,14.7,76.7,false,0,medium,enhancement
TASK00916,EMP018,PRJ029,2026-01-25,2026-01-27,2026-02-01,completed,medium,5.7,4.8,81.1,false,0,low,review
TASK00917,EMP018,PRJ029,2026-05-29,2026-06-18,2026-06-04,completed,medium,40.3,49.7,72.1,false,0,critical,bug_fix
TASK00918,EMP018,PRJ029,2026-06-14,2026-06-21,2026-06-22,completed,medium,16.1,12.7,72.1,false,0,medium,documentation
TASK00919,EMP018,PRJ029,2026-05-30,2026-06-02,,overdue,high,6.5,8.2,,,,low,bug_fix
TASK00920,EMP018,PRJ029,2026-01-19,2026-02-01,2026-02-07,completed,urgent,17.8,14.6,73.1,false,0,high,design
TASK00921,EMP018,PRJ029,2026-04-17,2026-05-05,2026-04-21,completed,low,58.9,61.3,75.3,false,0,critical,research
TASK00922,EMP018,PRJ029,2026-05-05,2026-05-24,2026-05-29,completed,low,38.1,57.0,82.0,false,0,high,review
TASK00923,EMP018,PRJ029,2026-06-21,2026-06-29,2026-06-24,completed,high,29.3,32.1,79.2,false,0,high,review
TASK00924,EMP018,PRJ029,2026-02-18,2026-02-24,,overdue,high,17.0,23.9,,,,medium,bug_fix
TASK00925,EMP018,PRJ029,2026-01-22,2026-02-18,,overdue,medium,43.0,32.7,,,,critical,enhancement
TASK00926,EMP018,PRJ029,2026-03-14,2026-03-22,,overdue,medium,19.1,24.1,,,,medium,testing
TASK00927,EMP018,PRJ029,2026-04-26,2026-05-01,2026-04-26,completed,medium,11.6,14.3,74.9,false,0,medium,bug_fix
TASK00928,EMP018,PRJ029,2026-06-17,2026-07-09,,assigned,low,41.3,42.5,,,,critical,maintenance
TASK00929,EMP018,PRJ029,2026-06-22,2026-06-24,,overdue,low,7.8,9.0,,,,low,review
TASK00930,EMP018,PRJ029,2026-05-18,2026-05-22,2026-05-23,completed,low,4.0,2.9,82.5,false,0,low,testing
TASK00931,EMP018,PRJ029,2026-03-23,2026-04-19,2026-04-06,completed,medium,49.3,35.2,65.3,false,0,critical,bug_fix
TASK00932,EMP018,PRJ029,2026-03-18,2026-03-20,,in_progress,high,3.7,3.5,,,,low,enhancement
TASK00933,EMP018,PRJ029,2026-02-14,2026-02-17,2026-02-14,completed,urgent,5.1,6.1,68.6,false,0,low,research
TASK00934,EMP018,PRJ029,2026-03-03,2026-03-24,,in_progress,high,23.7,28.0,,,,high,deployment
TASK00935,EMP018,PRJ029,2026-03-18,2026-03-27,,in_progress,medium,14.5,11.8,,,,medium,deployment
TASK00936,EMP018,PRJ029,2026-02-27,2026-03-04,2026-03-01,completed,medium,10.2,14.5,73.9,false,0,medium,testing
TASK00937,EMP018,PRJ029,2026-05-17,2026-05-21,2026-05-26,completed,medium,3.1,2.9,67.2,false,0,low,maintenance
TASK00938,EMP018,PRJ029,2026-04-09,2026-04-13,2026-04-10,completed,urgent,5.0,6.7,74.9,false,0,low,design
TASK00939,EMP018,PRJ029,2026-02-27,2026-03-01,,overdue,medium,2.1,2.8,,,,low,bug_fix
TASK00940,EMP018,PRJ029,2026-03-03,2026-03-10,2026-03-08,completed,high,11.4,14.0,59.5,false,0,medium,feature
TASK00941,EMP018,PRJ029,2026-05-28,2026-05-30,,in_progress,low,3.5,3.5,,,,low,review
TASK00942,EMP018,PRJ029,2026-01-17,2026-01-22,2026-01-22,completed,high,19.6,14.9,78.7,false,0,medium,testing
TASK00943,EMP018,PRJ029,2026-03-16,2026-03-26,2026-04-01,completed,high,9.4,11.5,64.4,true,2,medium,deployment
TASK00944,EMP018,PRJ029,2026-02-02,2026-02-07,2026-02-07,completed,high,5.5,7.4,80.0,true,3,low,deployment
TASK00945,EMP018,PRJ029,2026-03-27,2026-03-30,2026-03-27,completed,medium,2.9,2.1,63.7,false,0,low,feature
TASK00946,EMP018,PRJ029,2026-04-27,2026-05-07,,in_progress,medium,34.1,44.4,,,,high,design
TASK00947,EMP018,PRJ029,2026-01-27,2026-02-02,,overdue,urgent,17.2,17.9,,,,medium,review
TASK00948,EMP018,PRJ029,2026-04-21,2026-04-28,,in_progress,medium,9.1,13.1,,,,medium,deployment
TASK00949,EMP018,PRJ029,2026-04-16,2026-04-20,2026-04-18,completed,low,4.6,3.8,77.6,false,0,low,feature
TASK00950,EMP018,PRJ029,2026-02-02,2026-02-09,2026-02-08,completed,medium,20.3,17.2,80.5,false,0,high,documentation
TASK00951,EMP018,PRJ029,2026-05-07,2026-05-13,,in_progress,urgent,15.7,11.6,,,,medium,feature
TASK00952,EMP018,PRJ029,2026-02-28,2026-03-10,2026-03-06,completed,medium,7.3,7.4,76.6,false,0,medium,deployment
TASK00953,EMP018,PRJ029,2026-06-21,2026-06-23,,in_progress,low,7.2,6.5,,,,low,design
TASK00954,EMP018,PRJ029,2026-02-22,2026-03-20,2026-03-25,completed,medium,41.4,48.9,85.0,false,0,critical,feature
TASK00955,EMP018,PRJ029,2026-04-18,2026-04-22,,overdue,urgent,6.3,5.0,,,,low,testing
TASK00956,EMP018,PRJ029,2026-05-19,2026-05-30,2026-05-22,completed,low,28.2,22.1,72.6,false,0,high,design
TASK00957,EMP018,PRJ029,2026-05-03,2026-05-07,2026-05-03,completed,medium,13.1,14.0,81.2,false,0,medium,bug_fix
TASK00958,EMP018,PRJ029,2026-06-05,2026-06-09,,overdue,urgent,15.8,16.0,,,,medium,testing
TASK00959,EMP018,PRJ029,2026-06-19,2026-06-21,2026-06-26,completed,medium,4.5,4.0,68.4,false,0,low,maintenance
TASK00960,EMP018,PRJ029,2026-03-14,2026-03-19,,in_progress,low,4.4,5.9,,,,low,documentation
TASK00961,EMP018,PRJ029,2026-02-08,2026-02-24,,overdue,medium,35.8,52.1,,,,high,deployment
TASK00962,EMP018,PRJ029,2026-03-03,2026-03-08,,overdue,high,5.3,7.6,,,,low,bug_fix
TASK00963,EMP018,PRJ029,2026-05-09,2026-05-14,2026-05-11,completed,low,3.9,5.8,74.9,false,0,low,testing
TASK00964,EMP018,PRJ029,2026-06-19,2026-06-23,2026-06-19,completed,low,16.6,23.0,77.7,false,0,medium,documentation
TASK00965,EMP018,PRJ029,2026-03-10,2026-03-14,2026-03-19,completed,high,5.7,7.2,62.3,false,0,low,research
TASK00966,EMP018,PRJ029,2026-04-03,2026-04-13,2026-04-15,completed,low,9.4,9.2,63.8,true,2,medium,maintenance
TASK00967,EMP018,PRJ029,2026-06-21,2026-06-24,,overdue,medium,4.8,3.7,,,,low,review
TASK00968,EMP018,PRJ029,2026-03-04,2026-03-25,,in_progress,high,41.6,41.3,,,,critical,design
TASK00969,EMP018,PRJ029,2026-03-21,2026-03-30,2026-03-21,completed,low,18.0,12.9,69.0,false,0,medium,bug_fix
TASK00970,EMP018,PRJ029,2026-05-24,2026-05-31,,overdue,urgent,27.9,24.0,,,,high,feature
TASK00971,EMP018,PRJ029,2026-01-15,2026-01-17,,overdue,low,2.2,2.2,,,,low,review
TASK00972,EMP018,PRJ029,2026-03-27,2026-03-31,2026-03-27,completed,high,16.6,13.4,77.7,false,0,medium,deployment
TASK00973,EMP018,PRJ029,2026-03-31,2026-04-14,,overdue,high,34.7,30.2,,,,high,documentation
TASK00974,EMP018,PRJ029,2026-06-06,2026-06-10,2026-06-06,completed,high,14.5,15.1,70.0,false,0,medium,bug_fix
TASK00975,EMP018,PRJ029,2026-05-03,2026-05-08,,in_progress,urgent,15.2,21.9,,,,medium,enhancement
TASK00976,EMP018,PRJ029,2026-02-17,2026-02-24,2026-02-17,completed,low,13.2,12.6,73.2,false,0,medium,design
TASK00977,EMP018,PRJ029,2026-02-04,2026-02-11,,overdue,medium,12.7,18.5,,,,medium,review
TASK00978,EMP018,PRJ029,2026-04-23,2026-04-25,2026-04-30,completed,high,7.7,10.1,64.3,false,0,low,feature
TASK00979,EMP018,PRJ029,2026-03-09,2026-03-14,,overdue,urgent,6.2,6.0,,,,low,feature
TASK00980,EMP019,PRJ002,2026-05-10,2026-05-17,2026-05-10,completed,low,12.9,15.6,86.9,true,2,medium,feature
TASK00981,EMP019,PRJ012,2026-03-08,2026-03-18,2026-03-09,completed,urgent,26.2,38.1,91.3,false,0,high,maintenance
TASK00982,EMP019,PRJ025,2026-04-15,2026-04-25,2026-04-23,completed,high,9.6,13.8,92.2,false,0,medium,design
TASK00983,EMP019,PRJ012,2026-06-20,2026-07-11,2026-07-18,completed,high,23.1,32.1,76.5,false,0,high,research
TASK00984,EMP019,PRJ025,2026-04-04,2026-04-14,,in_progress,high,13.1,9.5,,,,medium,feature
TASK00985,EMP019,PRJ002,2026-03-20,2026-03-27,2026-03-20,completed,high,19.9,21.8,84.6,false,0,medium,enhancement
TASK00986,EMP019,PRJ002,2026-03-22,2026-03-25,2026-03-22,completed,low,6.7,9.9,77.0,false,0,low,bug_fix
TASK00987,EMP019,PRJ025,2026-02-23,2026-03-05,2026-02-26,completed,high,7.9,11.1,86.1,false,0,medium,deployment
TASK00988,EMP019,PRJ025,2026-02-17,2026-03-06,2026-02-26,completed,low,26.4,27.6,73.4,false,0,high,feature
TASK00989,EMP019,PRJ002,2026-06-10,2026-06-14,2026-06-14,completed,medium,3.4,3.6,86.3,false,0,low,deployment
TASK00990,EMP019,PRJ012,2026-02-05,2026-02-18,2026-02-12,completed,high,25.0,18.7,73.1,false,0,high,maintenance
TASK00991,EMP019,PRJ012,2026-01-22,2026-01-26,2026-01-23,completed,urgent,6.3,5.5,92.0,false,0,medium,bug_fix
TASK00992,EMP019,PRJ012,2026-02-25,2026-02-27,2026-02-26,completed,high,3.4,2.8,86.2,false,0,low,documentation
TASK00993,EMP019,PRJ012,2026-03-05,2026-03-07,2026-03-07,completed,medium,4.8,4.2,78.5,false,0,low,bug_fix
TASK00994,EMP019,PRJ012,2026-06-17,2026-06-24,,overdue,low,27.6,20.7,,,,high,research
TASK00995,EMP019,PRJ012,2026-02-11,2026-02-16,2026-02-14,completed,low,8.0,7.9,81.3,false,0,medium,maintenance
TASK00996,EMP019,PRJ002,2026-04-26,2026-05-02,,overdue,low,10.1,13.6,,,,medium,documentation
TASK00997,EMP019,PRJ002,2026-05-07,2026-05-12,2026-05-12,completed,medium,9.0,9.6,83.2,false,0,medium,testing
TASK00998,EMP019,PRJ025,2026-06-10,2026-06-12,2026-06-11,completed,high,6.3,5.1,74.2,false,0,low,bug_fix
TASK00999,EMP019,PRJ012,2026-05-18,2026-05-27,2026-05-21,completed,high,17.1,20.9,85.9,false,0,medium,research
TASK01000,EMP019,PRJ012,2026-04-08,2026-04-15,2026-04-08,completed,low,13.1,13.0,80.8,false,0,medium,feature
TASK01001,EMP019,PRJ002,2026-06-21,2026-06-25,2026-06-29,completed,high,7.5,7.2,78.4,false,0,medium,bug_fix
TASK01002,EMP019,PRJ002,2026-02-17,2026-02-26,2026-02-23,completed,medium,9.3,6.7,87.9,false,0,medium,testing
TASK01003,EMP019,PRJ025,2026-02-23,2026-02-28,,in_progress,medium,17.8,25.1,,,,medium,enhancement
TASK01004,EMP019,PRJ025,2026-04-19,2026-04-24,2026-04-23,completed,high,3.3,3.0,81.4,false,0,low,feature
TASK01005,EMP019,PRJ025,2026-04-10,2026-04-15,2026-04-15,completed,low,13.9,11.8,91.9,false,0,medium,enhancement
TASK01006,EMP019,PRJ002,2026-06-02,2026-06-05,2026-06-03,completed,urgent,5.9,5.0,79.2,false,0,low,bug_fix
TASK01007,EMP019,PRJ002,2026-01-30,2026-02-05,2026-02-10,completed,medium,19.8,28.7,86.2,true,1,medium,enhancement
TASK01008,EMP019,PRJ012,2026-05-06,2026-05-10,,overdue,medium,3.7,4.6,,,,low,testing
TASK01009,EMP019,PRJ025,2026-03-04,2026-03-08,2026-03-08,completed,high,4.4,3.9,76.0,false,0,low,maintenance
TASK01010,EMP019,PRJ002,2026-05-29,2026-06-08,2026-06-01,completed,medium,38.7,29.5,75.3,false,0,high,maintenance
TASK01011,EMP019,PRJ002,2026-03-26,2026-03-28,2026-03-26,completed,high,2.2,3.0,91.9,false,0,low,enhancement
TASK01012,EMP019,PRJ025,2026-03-13,2026-04-04,2026-03-21,completed,low,39.7,56.5,93.4,false,0,critical,bug_fix
TASK01013,EMP019,PRJ002,2026-02-16,2026-02-27,2026-02-25,completed,high,32.7,38.5,85.0,false,0,high,design
TASK01014,EMP019,PRJ002,2026-03-28,2026-04-13,2026-03-31,completed,low,26.3,25.3,84.1,false,0,high,bug_fix
TASK01015,EMP019,PRJ025,2026-04-13,2026-04-20,2026-04-15,completed,high,8.9,12.9,87.1,false,0,medium,bug_fix
TASK01016,EMP019,PRJ002,2026-06-07,2026-06-12,,overdue,medium,16.1,15.1,,,,medium,design
TASK01017,EMP019,PRJ025,2026-02-09,2026-02-13,2026-02-11,completed,medium,8.2,9.5,77.6,false,0,medium,bug_fix
TASK01018,EMP019,PRJ025,2026-05-07,2026-05-13,2026-05-13,completed,medium,14.7,10.6,82.6,false,0,medium,documentation
TASK01019,EMP019,PRJ025,2026-04-09,2026-04-14,,overdue,high,16.5,18.6,,,,medium,bug_fix
TASK01020,EMP019,PRJ002,2026-03-06,2026-03-08,2026-03-06,completed,high,2.4,2.1,77.7,false,0,low,review
TASK01021,EMP019,PRJ002,2026-05-13,2026-05-20,2026-05-15,completed,high,9.3,9.0,82.7,false,0,medium,feature
TASK01022,EMP019,PRJ025,2026-03-10,2026-03-14,2026-03-12,completed,high,6.9,7.5,79.8,false,0,low,testing
TASK01023,EMP019,PRJ012,2026-03-08,2026-03-14,2026-03-12,completed,urgent,13.3,15.8,88.3,false,0,medium,review
TASK01024,EMP019,PRJ025,2026-01-05,2026-01-13,2026-01-12,completed,high,15.8,16.4,74.8,false,0,medium,testing
TASK01025,EMP019,PRJ012,2026-06-17,2026-06-24,2026-06-23,completed,medium,13.1,19.5,80.9,false,0,medium,review
TASK01026,EMP019,PRJ025,2026-01-05,2026-01-12,2026-01-07,completed,low,11.7,17.2,93.3,false,0,medium,enhancement
TASK01027,EMP020,PRJ004,2026-03-03,2026-03-13,2026-03-09,completed,medium,20.0,17.1,93.8,false,0,medium,design
TASK01028,EMP020,PRJ002,2026-02-26,2026-03-03,2026-03-10,completed,high,7.0,7.7,87.0,false,0,low,testing
TASK01029,EMP020,PRJ029,2026-04-07,2026-04-20,2026-04-18,completed,medium,23.9,29.6,81.5,false,0,high,enhancement
TASK01030,EMP020,PRJ004,2026-02-26,2026-03-05,,in_progress,high,7.2,10.2,,,,medium,deployment
TASK01031,EMP020,PRJ004,2026-04-11,2026-04-21,2026-04-28,completed,high,6.6,9.1,79.9,false,0,medium,research
TASK01032,EMP020,PRJ029,2026-04-28,2026-05-12,2026-04-29,completed,medium,39.1,30.1,78.7,false,0,high,testing
TASK01033,EMP020,PRJ002,2026-02-23,2026-03-03,2026-02-27,completed,high,14.7,14.2,80.6,false,0,medium,deployment
TASK01034,EMP020,PRJ002,2026-03-04,2026-03-08,,overdue,high,8.8,10.3,,,,medium,testing
TASK01035,EMP020,PRJ002,2026-01-20,2026-01-24,,in_progress,high,6.1,6.6,,,,low,deployment
TASK01036,EMP020,PRJ004,2026-05-11,2026-05-20,2026-05-16,completed,medium,13.2,15.5,83.6,false,0,medium,testing
TASK01037,EMP020,PRJ004,2026-05-15,2026-05-24,2026-05-21,completed,medium,16.1,15.8,72.1,false,0,medium,documentation
TASK01038,EMP020,PRJ004,2026-05-17,2026-05-23,2026-05-19,completed,medium,12.8,15.8,83.4,false,0,medium,documentation
TASK01039,EMP020,PRJ029,2026-05-04,2026-05-11,2026-05-06,completed,medium,19.9,29.0,78.3,false,0,medium,deployment
TASK01040,EMP020,PRJ002,2026-05-17,2026-05-26,2026-05-18,completed,medium,38.5,38.5,96.3,false,0,high,testing
TASK01041,EMP020,PRJ029,2026-01-29,2026-02-06,,overdue,medium,14.7,11.0,,,,medium,review
TASK01042,EMP020,PRJ002,2026-02-18,2026-02-20,2026-02-22,completed,medium,6.2,5.3,73.0,false,0,low,bug_fix
TASK01043,EMP020,PRJ004,2026-03-17,2026-04-06,2026-03-19,completed,urgent,24.0,24.6,78.7,true,3,high,maintenance
TASK01044,EMP020,PRJ029,2026-03-19,2026-03-28,2026-03-25,completed,medium,12.4,12.1,94.8,false,0,medium,feature
TASK01045,EMP020,PRJ002,2026-03-20,2026-03-29,2026-03-28,completed,urgent,18.8,25.3,79.1,false,0,medium,bug_fix
TASK01046,EMP020,PRJ002,2026-05-18,2026-05-23,2026-05-23,completed,low,6.9,5.3,80.2,false,0,low,feature
TASK01047,EMP020,PRJ004,2026-03-30,2026-04-06,2026-04-03,completed,medium,17.2,15.5,85.2,false,0,medium,documentation
TASK01048,EMP020,PRJ029,2026-04-29,2026-05-29,,in_progress,high,35.6,25.7,,,,critical,enhancement
TASK01049,EMP020,PRJ002,2026-01-04,2026-01-13,2026-01-10,completed,low,10.2,7.9,83.9,false,0,medium,deployment
TASK01050,EMP020,PRJ002,2026-06-10,2026-07-01,2026-06-11,completed,medium,28.4,39.0,75.3,false,0,high,feature
TASK01051,EMP020,PRJ004,2026-01-26,2026-02-14,2026-02-03,completed,urgent,16.2,21.3,88.2,false,0,high,documentation
TASK01052,EMP020,PRJ029,2026-02-13,2026-02-28,2026-03-04,completed,urgent,52.6,50.8,84.3,false,0,critical,documentation
TASK01053,EMP020,PRJ004,2026-06-18,2026-07-05,2026-07-05,completed,high,22.1,31.5,90.9,false,0,high,design
TASK01054,EMP020,PRJ004,2026-01-29,2026-02-05,2026-02-08,completed,high,11.2,10.3,80.7,false,0,medium,review
TASK01055,EMP020,PRJ029,2026-03-25,2026-04-06,2026-04-05,completed,high,21.5,16.2,78.3,false,0,high,review
TASK01056,EMP020,PRJ029,2026-04-09,2026-04-19,2026-04-19,completed,medium,8.2,8.6,87.7,false,0,medium,maintenance
TASK01057,EMP020,PRJ002,2026-03-02,2026-03-19,,in_progress,medium,36.2,52.0,,,,critical,enhancement
TASK01058,EMP020,PRJ004,2026-05-15,2026-05-18,2026-05-15,completed,medium,5.2,4.9,83.8,false,0,low,feature
TASK01059,EMP020,PRJ004,2026-03-27,2026-04-10,,in_progress,urgent,35.1,41.8,,,,high,deployment
TASK01060,EMP020,PRJ002,2026-03-10,2026-03-30,2026-03-26,completed,medium,44.9,53.9,84.9,false,0,critical,enhancement
TASK01061,EMP020,PRJ029,2026-04-04,2026-04-25,2026-04-09,completed,medium,37.1,44.1,79.5,false,0,high,deployment
TASK01062,EMP020,PRJ002,2026-06-14,2026-06-24,2026-06-19,completed,low,11.5,10.6,75.0,false,0,medium,bug_fix
TASK01063,EMP020,PRJ002,2026-06-04,2026-06-23,2026-06-14,completed,medium,26.3,24.8,76.3,true,2,high,maintenance
TASK01064,EMP020,PRJ002,2026-06-16,2026-06-30,,assigned,medium,21.3,30.3,,,,high,research
TASK01065,EMP020,PRJ002,2026-03-03,2026-03-05,2026-03-07,completed,low,2.7,3.4,90.0,false,0,low,research
TASK01066,EMP020,PRJ004,2026-02-14,2026-02-20,2026-02-15,completed,medium,19.5,19.1,88.5,false,0,medium,feature
TASK01067,EMP020,PRJ029,2026-05-30,2026-06-07,2026-06-02,completed,medium,30.3,37.1,77.0,false,0,high,review
TASK01068,EMP020,PRJ002,2026-01-01,2026-01-10,2026-01-05,completed,medium,9.5,9.3,74.5,false,0,medium,feature
TASK01069,EMP020,PRJ029,2026-02-25,2026-03-02,2026-03-02,completed,low,16.0,19.5,73.7,false,0,medium,maintenance
TASK01070,EMP020,PRJ004,2026-05-06,2026-05-13,2026-05-12,completed,low,8.5,7.3,84.5,false,0,medium,deployment
TASK01071,EMP020,PRJ002,2026-03-03,2026-03-07,2026-03-04,completed,low,11.0,13.0,77.4,false,0,medium,review
TASK01072,EMP020,PRJ004,2026-05-07,2026-05-13,2026-05-13,completed,medium,9.2,13.1,92.3,false,0,medium,documentation
TASK01073,EMP020,PRJ002,2026-06-10,2026-06-20,2026-06-11,completed,urgent,17.4,17.6,77.2,false,0,medium,maintenance
TASK01074,EMP020,PRJ004,2026-01-23,2026-02-09,,in_progress,medium,35.1,28.7,,,,high,testing
TASK01075,EMP020,PRJ029,2026-03-20,2026-03-27,2026-03-25,completed,high,10.5,11.6,74.4,false,0,medium,feature
TASK01076,EMP020,PRJ029,2026-03-28,2026-03-31,,in_progress,medium,3.2,2.7,,,,low,bug_fix
TASK01077,EMP020,PRJ002,2026-06-19,2026-06-24,2026-06-28,completed,medium,10.5,15.7,81.4,false,0,medium,research
TASK01078,EMP020,PRJ002,2026-01-28,2026-02-26,,in_progress,high,48.1,53.5,,,,critical,design
TASK01079,EMP020,PRJ004,2026-06-18,2026-06-21,2026-06-18,completed,high,5.0,5.9,86.3,false,0,low,feature
TASK01080,EMP020,PRJ002,2026-03-06,2026-03-17,,in_progress,medium,33.3,38.2,,,,high,bug_fix
TASK01081,EMP020,PRJ004,2026-04-12,2026-05-03,2026-04-12,completed,low,43.9,63.3,70.9,false,0,critical,feature
TASK01082,EMP021,PRJ014,2026-04-04,2026-04-16,,overdue,high,36.2,50.0,,,,high,research
TASK01083,EMP021,PRJ014,2026-03-28,2026-04-13,2026-04-16,completed,medium,40.4,46.5,62.4,false,0,critical,feature
TASK01084,EMP021,PRJ001,2026-03-28,2026-04-04,2026-04-03,completed,low,27.8,31.5,43.6,false,0,high,documentation
TASK01085,EMP021,PRJ014,2026-02-23,2026-02-28,2026-03-05,completed,high,4.3,5.9,65.3,false,0,low,bug_fix
TASK01086,EMP021,PRJ014,2026-03-02,2026-03-07,2026-03-14,completed,high,3.4,3.5,47.7,false,0,low,documentation
TASK01087,EMP021,PRJ001,2026-05-19,2026-05-24,2026-05-23,completed,high,4.1,3.8,56.4,false,0,low,testing
TASK01088,EMP021,PRJ014,2026-03-29,2026-04-04,2026-04-08,completed,medium,17.1,23.5,58.2,false,0,medium,deployment
TASK01089,EMP021,PRJ001,2026-06-16,2026-07-02,2026-07-09,completed,high,19.2,22.5,56.1,false,0,high,research
TASK01090,EMP021,PRJ001,2026-06-21,2026-07-07,,assigned,low,21.7,16.1,,,,high,enhancement
TASK01091,EMP021,PRJ001,2026-06-07,2026-06-17,,overdue,medium,9.9,10.4,,,,medium,deployment
TASK01092,EMP021,PRJ014,2026-02-05,2026-02-09,,in_progress,high,13.1,11.7,,,,medium,bug_fix
TASK01093,EMP021,PRJ001,2026-03-07,2026-03-11,2026-03-15,completed,high,4.1,4.2,63.2,false,0,low,enhancement
TASK01094,EMP021,PRJ001,2026-02-28,2026-03-21,2026-03-26,completed,high,22.0,24.6,63.9,false,0,high,research
TASK01095,EMP021,PRJ001,2026-05-13,2026-05-21,,in_progress,low,15.8,20.7,,,,medium,design
TASK01096,EMP021,PRJ001,2026-05-01,2026-05-05,,overdue,urgent,3.9,3.9,,,,low,review
TASK01097,EMP021,PRJ001,2026-04-12,2026-04-16,,in_progress,high,5.0,4.5,,,,low,enhancement
TASK01098,EMP021,PRJ001,2026-02-28,2026-03-07,,overdue,medium,37.8,50.5,,,,high,review
TASK01099,EMP021,PRJ014,2026-04-25,2026-05-12,2026-05-19,completed,high,38.0,37.3,72.2,true,1,critical,maintenance
TASK01100,EMP021,PRJ001,2026-01-12,2026-01-15,,in_progress,high,5.4,4.2,,,,low,design
TASK01101,EMP021,PRJ014,2026-03-24,2026-04-09,,in_progress,urgent,35.2,51.8,,,,high,enhancement
TASK01102,EMP021,PRJ014,2026-05-24,2026-06-14,,in_progress,high,19.8,20.7,,,,high,research
TASK01103,EMP021,PRJ014,2026-02-13,2026-02-24,2026-02-24,completed,medium,23.3,29.0,62.6,false,0,high,feature
TASK01104,EMP021,PRJ001,2026-06-07,2026-06-25,2026-06-09,completed,medium,46.0,47.5,56.0,false,0,critical,review
TASK01105,EMP021,PRJ001,2026-04-14,2026-04-18,2026-04-14,completed,high,15.7,14.0,71.1,false,0,medium,bug_fix
TASK01106,EMP021,PRJ014,2026-02-17,2026-03-05,2026-03-10,completed,high,22.2,21.0,64.3,false,0,high,enhancement
TASK01107,EMP021,PRJ001,2026-06-15,2026-07-06,,assigned,urgent,37.9,40.6,,,,high,documentation
TASK01108,EMP021,PRJ014,2026-03-25,2026-03-27,2026-04-02,completed,medium,6.3,8.0,52.7,false,0,low,review
TASK01109,EMP021,PRJ001,2026-06-14,2026-06-16,,overdue,urgent,4.4,5.2,,,,low,review
TASK01110,EMP021,PRJ014,2026-02-24,2026-03-10,,overdue,medium,35.0,31.0,,,,high,testing
TASK01111,EMP021,PRJ001,2026-06-11,2026-06-20,,in_progress,medium,39.7,35.1,,,,high,feature
TASK01112,EMP021,PRJ014,2026-01-19,2026-01-28,2026-01-19,completed,urgent,17.5,21.9,49.9,false,0,medium,review
TASK01113,EMP021,PRJ014,2026-04-11,2026-04-16,,overdue,medium,14.7,18.9,,,,medium,testing
TASK01114,EMP021,PRJ001,2026-03-31,2026-04-18,2026-04-22,completed,low,30.7,37.4,60.7,false,0,high,review
TASK01115,EMP021,PRJ014,2026-03-04,2026-03-06,2026-03-04,completed,high,6.7,7.7,52.9,true,3,low,deployment
TASK01116,EMP021,PRJ014,2026-06-20,2026-06-29,,overdue,urgent,12.4,12.9,,,,medium,bug_fix
TASK01117,EMP021,PRJ001,2026-02-25,2026-03-01,,in_progress,high,13.2,12.9,,,,medium,design
TASK01118,EMP021,PRJ014,2026-04-18,2026-05-07,,overdue,medium,47.7,71.0,,,,critical,bug_fix
TASK01119,EMP021,PRJ014,2026-04-25,2026-04-28,,in_progress,urgent,3.2,3.7,,,,low,documentation
TASK01120,EMP021,PRJ014,2026-04-29,2026-05-14,,overdue,medium,29.5,29.0,,,,high,maintenance
TASK01121,EMP021,PRJ014,2026-04-13,2026-04-18,,in_progress,low,3.8,5.0,,,,low,research
TASK01122,EMP021,PRJ014,2026-03-03,2026-03-06,2026-03-05,completed,medium,3.2,3.9,65.7,false,0,low,testing
TASK01123,EMP021,PRJ014,2026-06-01,2026-06-30,2026-06-07,completed,medium,46.9,41.1,70.3,false,0,critical,feature
TASK01124,EMP021,PRJ001,2026-01-08,2026-01-12,2026-01-14,completed,low,10.4,11.6,60.2,true,1,medium,deployment
TASK01125,EMP021,PRJ001,2026-02-07,2026-02-12,2026-02-13,completed,medium,10.6,12.2,47.0,false,0,medium,feature
TASK01126,EMP021,PRJ014,2026-01-27,2026-02-23,2026-02-13,completed,medium,56.5,41.1,52.3,false,0,critical,design
TASK01127,EMP021,PRJ014,2026-02-19,2026-02-25,,overdue,low,12.6,16.2,,,,medium,documentation
TASK01128,EMP021,PRJ014,2026-03-02,2026-03-10,2026-03-16,completed,medium,6.6,7.0,53.6,true,2,medium,bug_fix
TASK01129,EMP021,PRJ001,2026-01-27,2026-02-13,2026-02-15,completed,high,33.6,37.4,51.7,true,1,high,bug_fix
TASK01130,EMP021,PRJ001,2026-03-21,2026-03-25,2026-03-28,completed,high,7.9,8.4,70.8,false,0,low,review
TASK01131,EMP021,PRJ014,2026-05-15,2026-05-20,,in_progress,low,2.1,1.9,,,,low,documentation
TASK01132,EMP021,PRJ001,2026-04-26,2026-04-28,,in_progress,high,5.7,5.4,,,,low,feature
TASK01133,EMP021,PRJ014,2026-01-05,2026-01-07,2026-01-06,completed,medium,4.6,3.3,60.4,false,0,low,review
TASK01134,EMP021,PRJ001,2026-01-16,2026-01-21,2026-01-22,completed,medium,3.7,4.0,76.5,false,0,low,bug_fix
TASK01135,EMP021,PRJ014,2026-05-05,2026-05-25,2026-05-18,completed,high,47.2,33.9,74.5,false,0,critical,bug_fix
TASK01136,EMP021,PRJ014,2026-03-15,2026-03-20,,in_progress,medium,7.7,6.4,,,,low,maintenance
TASK01137,EMP021,PRJ001,2026-05-03,2026-05-10,2026-05-16,completed,high,21.6,29.5,56.1,false,0,high,documentation
TASK01138,EMP021,PRJ001,2026-04-27,2026-05-01,,in_progress,urgent,5.4,6.6,,,,low,maintenance
TASK01139,EMP021,PRJ001,2026-05-03,2026-05-09,2026-05-05,completed,high,12.3,16.8,54.8,false,0,medium,research
TASK01140,EMP021,PRJ001,2026-01-31,2026-02-19,2026-02-25,completed,medium,16.6,11.7,71.9,false,0,high,documentation
TASK01141,EMP021,PRJ001,2026-03-06,2026-03-13,,in_progress,medium,17.8,13.2,,,,medium,feature
TASK01142,EMP021,PRJ001,2026-01-29,2026-02-08,,overdue,low,7.2,8.9,,,,medium,design
TASK01143,EMP021,PRJ001,2026-06-17,2026-07-04,2026-07-01,completed,medium,39.3,54.4,64.9,false,0,high,testing
TASK01144,EMP022,PRJ012,2026-04-18,2026-04-21,2026-04-19,completed,medium,2.8,3.7,81.9,false,0,low,deployment
TASK01145,EMP022,PRJ012,2026-03-03,2026-03-10,2026-03-08,completed,high,18.8,26.5,83.5,false,0,medium,deployment
TASK01146,EMP022,PRJ001,2026-01-27,2026-01-31,2026-01-28,completed,urgent,7.3,9.3,91.0,false,0,low,design
TASK01147,EMP022,PRJ001,2026-05-10,2026-05-13,2026-05-12,completed,low,7.8,10.3,86.5,false,0,low,deployment
TASK01148,EMP022,PRJ012,2026-02-12,2026-02-21,2026-02-25,completed,high,17.3,16.5,73.3,false,0,high,review
TASK01149,EMP022,PRJ002,2026-05-18,2026-06-06,2026-05-28,completed,high,31.8,43.0,79.5,false,0,high,review
TASK01150,EMP022,PRJ012,2026-04-26,2026-05-01,2026-04-30,completed,medium,2.5,1.8,85.0,false,0,low,feature
TASK01151,EMP022,PRJ012,2026-01-11,2026-01-20,,overdue,medium,6.4,7.2,,,,medium,bug_fix
TASK01152,EMP022,PRJ002,2026-06-12,2026-06-17,,in_progress,medium,19.7,14.9,,,,medium,enhancement
TASK01153,EMP022,PRJ001,2026-06-06,2026-06-12,,overdue,high,8.9,11.7,,,,medium,enhancement
TASK01154,EMP022,PRJ002,2026-04-20,2026-04-29,2026-04-22,completed,medium,21.0,22.4,90.4,false,0,high,documentation
TASK01155,EMP022,PRJ012,2026-01-30,2026-02-25,2026-02-08,completed,medium,30.9,28.5,70.4,true,2,critical,review
TASK01156,EMP022,PRJ002,2026-01-05,2026-01-11,2026-01-18,completed,medium,9.7,9.1,85.7,false,0,medium,bug_fix
TASK01157,EMP022,PRJ001,2026-01-02,2026-01-06,2026-01-06,completed,low,14.5,12.4,86.2,false,0,medium,research
TASK01158,EMP022,PRJ012,2026-04-24,2026-05-01,2026-04-29,completed,urgent,18.9,23.6,91.7,false,0,medium,enhancement
TASK01159,EMP022,PRJ001,2026-04-25,2026-05-10,2026-05-10,completed,urgent,17.0,23.1,77.5,true,2,high,enhancement
TASK01160,EMP022,PRJ002,2026-06-05,2026-06-30,,in_progress,medium,50.8,75.4,,,,critical,bug_fix
TASK01161,EMP022,PRJ002,2026-02-18,2026-03-03,2026-03-03,completed,medium,21.4,31.2,80.8,false,0,high,bug_fix
TASK01162,EMP022,PRJ001,2026-06-18,2026-07-18,2026-07-06,completed,low,41.4,59.4,79.9,false,0,critical,review
TASK01163,EMP022,PRJ001,2026-01-28,2026-02-18,2026-02-04,completed,medium,29.7,41.8,81.0,false,0,high,testing
TASK01164,EMP022,PRJ002,2026-05-12,2026-05-20,2026-05-12,completed,high,19.2,22.4,82.0,false,0,medium,maintenance
TASK01165,EMP022,PRJ012,2026-06-17,2026-07-06,2026-06-29,completed,medium,32.4,28.7,91.4,false,0,high,research
TASK01166,EMP022,PRJ001,2026-05-26,2026-05-29,2026-05-29,completed,urgent,4.3,5.7,86.1,false,0,low,research
TASK01167,EMP022,PRJ001,2026-04-17,2026-04-23,,overdue,medium,7.0,7.1,,,,medium,documentation
TASK01168,EMP022,PRJ001,2026-06-18,2026-06-21,2026-06-19,completed,high,5.8,7.4,86.6,false,0,low,documentation
TASK01169,EMP022,PRJ002,2026-02-05,2026-03-01,2026-03-03,completed,high,43.8,58.4,78.8,false,0,critical,testing
TASK01170,EMP022,PRJ002,2026-05-30,2026-06-01,2026-06-01,completed,medium,4.1,5.4,78.6,false,0,low,bug_fix
TASK01171,EMP022,PRJ012,2026-05-25,2026-05-27,2026-05-25,completed,low,6.0,5.6,87.0,false,0,low,deployment
TASK01172,EMP022,PRJ012,2026-04-01,2026-04-05,2026-04-03,completed,low,2.0,2.2,84.3,false,0,low,documentation
TASK01173,EMP022,PRJ012,2026-06-03,2026-06-06,2026-06-04,completed,high,6.1,5.9,78.3,false,0,low,feature
TASK01174,EMP022,PRJ001,2026-01-27,2026-02-02,2026-01-30,completed,low,12.0,15.4,95.0,false,0,medium,design
TASK01175,EMP022,PRJ012,2026-02-19,2026-02-28,2026-02-20,completed,medium,17.5,24.7,84.1,true,1,medium,enhancement
TASK01176,EMP022,PRJ002,2026-05-11,2026-05-15,2026-05-12,completed,medium,4.8,6.0,80.3,false,0,low,feature
TASK01177,EMP022,PRJ002,2026-02-12,2026-02-18,2026-02-17,completed,low,6.7,5.6,86.7,false,0,medium,review
TASK01178,EMP022,PRJ001,2026-02-15,2026-02-19,2026-02-18,completed,high,13.7,16.2,82.8,false,0,medium,enhancement
TASK01179,EMP022,PRJ012,2026-03-20,2026-03-23,2026-03-23,completed,high,5.1,5.8,73.7,false,0,low,feature
TASK01180,EMP022,PRJ002,2026-01-20,2026-01-29,2026-01-25,completed,medium,11.6,8.9,76.5,false,0,medium,deployment
TASK01181,EMP022,PRJ002,2026-01-22,2026-01-26,2026-01-22,completed,medium,14.6,10.9,84.6,false,0,medium,review
TASK01182,EMP022,PRJ002,2026-03-14,2026-03-19,2026-03-24,completed,high,4.5,6.1,81.7,false,0,low,research
TASK01183,EMP022,PRJ012,2026-04-03,2026-04-08,2026-04-05,completed,high,3.1,3.7,93.2,false,0,low,testing
TASK01184,EMP022,PRJ012,2026-02-28,2026-03-20,2026-03-09,completed,medium,34.0,43.3,72.8,false,0,high,research
TASK01185,EMP022,PRJ001,2026-01-11,2026-02-01,2026-01-23,completed,high,56.9,74.8,86.9,false,0,critical,feature
TASK01186,EMP022,PRJ012,2026-03-23,2026-04-02,2026-03-26,completed,medium,17.3,14.5,94.1,false,0,medium,feature
TASK01187,EMP022,PRJ012,2026-04-02,2026-04-07,2026-04-02,completed,high,6.4,8.9,89.0,false,0,medium,design
TASK01188,EMP022,PRJ001,2026-04-16,2026-04-26,2026-04-19,completed,medium,14.5,10.3,87.9,false,0,medium,feature
TASK01189,EMP022,PRJ002,2026-02-07,2026-02-11,2026-02-07,completed,medium,8.2,8.8,80.0,true,2,medium,review
TASK01190,EMP022,PRJ012,2026-05-19,2026-05-24,2026-05-23,completed,high,3.8,4.6,72.1,false,0,low,enhancement
TASK01191,EMP022,PRJ001,2026-04-25,2026-05-10,2026-04-27,completed,medium,28.1,40.5,70.6,false,0,high,enhancement
TASK01192,EMP022,PRJ012,2026-05-29,2026-06-17,,overdue,high,30.1,21.7,,,,critical,enhancement
TASK01193,EMP022,PRJ001,2026-05-16,2026-05-20,2026-05-16,completed,urgent,3.8,3.9,94.5,false,0,low,maintenance
TASK01194,EMP022,PRJ001,2026-05-13,2026-05-16,,overdue,medium,3.9,5.6,,,,low,bug_fix
TASK01195,EMP022,PRJ012,2026-04-16,2026-04-26,2026-05-01,completed,low,10.2,7.8,79.1,false,0,medium,review
TASK01196,EMP022,PRJ001,2026-06-09,2026-06-24,2026-06-29,completed,low,21.6,30.8,83.7,false,0,high,testing
TASK01197,EMP022,PRJ012,2026-03-11,2026-03-20,2026-03-20,completed,medium,14.5,19.3,89.0,false,0,medium,enhancement
TASK01198,EMP022,PRJ002,2026-02-10,2026-03-10,2026-02-15,completed,urgent,43.1,64.0,82.5,false,0,critical,documentation
TASK01199,EMP023,PRJ025,2026-05-10,2026-06-06,2026-05-30,completed,low,43.1,44.9,85.2,false,0,critical,documentation
TASK01200,EMP023,PRJ025,2026-04-26,2026-05-05,2026-05-01,completed,medium,6.5,4.7,92.2,false,0,medium,enhancement
TASK01201,EMP023,PRJ012,2026-01-11,2026-01-30,2026-01-13,completed,high,24.1,33.5,81.7,false,0,high,deployment
TASK01202,EMP023,PRJ012,2026-03-01,2026-03-07,2026-03-06,completed,high,19.8,22.3,78.2,false,0,medium,research
TASK01203,EMP023,PRJ025,2026-01-03,2026-01-11,2026-01-04,completed,urgent,8.3,12.1,80.4,false,0,medium,maintenance
TASK01204,EMP023,PRJ025,2026-01-31,2026-02-03,2026-01-31,completed,medium,7.7,10.5,76.0,false,0,low,documentation
TASK01205,EMP023,PRJ012,2026-04-14,2026-04-18,2026-04-17,completed,medium,15.2,22.5,77.6,false,0,medium,feature
TASK01206,EMP023,PRJ012,2026-03-24,2026-04-01,2026-03-26,completed,medium,19.2,27.2,79.4,false,0,high,enhancement
TASK01207,EMP023,PRJ025,2026-04-27,2026-05-14,2026-05-06,completed,low,28.0,37.3,72.8,false,0,high,enhancement
TASK01208,EMP023,PRJ012,2026-06-11,2026-06-17,2026-06-13,completed,high,9.7,8.1,84.7,false,0,medium,documentation
TASK01209,EMP023,PRJ012,2026-03-01,2026-03-03,2026-03-02,completed,medium,7.0,5.4,88.5,false,0,low,documentation
TASK01210,EMP023,PRJ025,2026-03-25,2026-03-30,2026-03-29,completed,high,13.8,19.4,88.5,false,0,medium,deployment
TASK01211,EMP023,PRJ012,2026-01-23,2026-01-25,,overdue,high,3.4,2.5,,,,low,maintenance
TASK01212,EMP023,PRJ025,2026-05-23,2026-05-28,2026-05-25,completed,high,7.0,6.0,81.9,false,0,medium,research
TASK01213,EMP023,PRJ025,2026-03-01,2026-03-09,2026-03-08,completed,high,27.7,21.9,76.5,false,0,high,documentation
TASK01214,EMP023,PRJ025,2026-01-06,2026-01-20,2026-01-17,completed,medium,35.2,28.9,80.6,false,0,high,bug_fix
TASK01215,EMP023,PRJ012,2026-02-23,2026-02-25,,overdue,medium,2.2,2.2,,,,low,documentation
TASK01216,EMP023,PRJ025,2026-04-19,2026-04-26,2026-04-24,completed,high,6.2,8.6,75.0,true,2,medium,bug_fix
TASK01217,EMP023,PRJ012,2026-06-17,2026-06-19,2026-06-19,completed,medium,4.5,5.3,82.9,false,0,low,feature
TASK01218,EMP023,PRJ012,2026-02-17,2026-02-21,2026-02-17,completed,medium,7.1,5.9,96.2,false,0,low,documentation
TASK01219,EMP023,PRJ012,2026-05-07,2026-05-12,2026-05-15,completed,low,13.7,12.5,86.6,false,0,medium,deployment
TASK01220,EMP023,PRJ025,2026-05-06,2026-05-20,2026-05-10,completed,medium,18.5,14.6,84.9,false,0,high,review
TASK01221,EMP023,PRJ025,2026-04-08,2026-04-18,2026-04-18,completed,low,18.8,15.8,86.6,false,0,high,deployment
TASK01222,EMP023,PRJ025,2026-04-08,2026-04-15,,in_progress,urgent,17.9,24.7,,,,medium,testing
TASK01223,EMP023,PRJ012,2026-04-19,2026-04-24,2026-04-20,completed,medium,3.4,4.4,87.8,false,0,low,documentation
TASK01224,EMP023,PRJ012,2026-05-16,2026-05-21,2026-05-16,completed,medium,4.2,3.8,74.6,false,0,low,feature
TASK01225,EMP023,PRJ025,2026-03-12,2026-03-26,,in_progress,low,20.5,16.4,,,,high,enhancement
TASK01226,EMP023,PRJ012,2026-03-07,2026-03-09,2026-03-07,completed,high,6.5,9.7,84.2,false,0,low,bug_fix
TASK01227,EMP023,PRJ012,2026-02-22,2026-02-25,2026-02-25,completed,high,4.8,3.5,88.8,false,0,low,bug_fix
TASK01228,EMP023,PRJ012,2026-01-04,2026-01-11,,in_progress,high,7.4,6.9,,,,medium,documentation
TASK01229,EMP023,PRJ012,2026-03-31,2026-04-09,2026-04-02,completed,high,37.4,39.8,78.4,false,0,high,research
TASK01230,EMP023,PRJ025,2026-01-22,2026-01-26,,in_progress,high,18.4,14.6,,,,medium,review
TASK01231,EMP023,PRJ012,2026-03-07,2026-03-10,2026-03-09,completed,medium,6.3,8.0,84.5,false,0,low,research
TASK01232,EMP023,PRJ012,2026-05-24,2026-06-02,2026-06-01,completed,medium,12.9,15.0,93.6,false,0,medium,maintenance
TASK01233,EMP023,PRJ025,2026-06-07,2026-06-15,,overdue,medium,16.2,13.8,,,,medium,research
TASK01234,EMP023,PRJ025,2026-06-01,2026-06-18,2026-06-02,completed,high,21.9,15.9,87.9,false,0,high,design
TASK01235,EMP023,PRJ025,2026-03-11,2026-03-19,2026-03-26,completed,urgent,15.4,16.6,77.2,false,0,medium,testing
TASK01236,EMP023,PRJ012,2026-01-23,2026-02-08,2026-02-05,completed,low,26.7,23.5,88.0,false,0,high,documentation
TASK01237,EMP023,PRJ025,2026-04-10,2026-04-15,,in_progress,high,10.8,10.5,,,,medium,deployment
TASK01238,EMP023,PRJ012,2026-02-07,2026-02-16,2026-02-10,completed,medium,11.6,16.8,87.8,false,0,medium,documentation
TASK01239,EMP023,PRJ025,2026-05-07,2026-05-12,,overdue,medium,9.6,11.2,,,,medium,bug_fix
TASK01240,EMP023,PRJ025,2026-03-01,2026-03-16,2026-03-08,completed,low,33.6,40.4,83.4,false,0,high,design
TASK01241,EMP023,PRJ025,2026-05-17,2026-05-22,2026-05-22,completed,medium,4.4,5.4,84.8,false,0,low,design
TASK01242,EMP023,PRJ025,2026-06-17,2026-06-21,2026-06-18,completed,high,17.8,26.6,83.6,false,0,medium,maintenance
TASK01243,EMP023,PRJ012,2026-05-14,2026-05-23,2026-05-17,completed,medium,9.7,7.5,74.2,false,0,medium,design
TASK01244,EMP023,PRJ012,2026-05-29,2026-06-10,2026-06-08,completed,medium,24.7,26.6,89.7,false,0,high,review
TASK01245,EMP023,PRJ012,2026-03-05,2026-03-08,2026-03-08,completed,medium,5.5,4.9,80.6,false,0,low,maintenance
TASK01246,EMP023,PRJ012,2026-06-07,2026-06-14,2026-06-08,completed,high,6.1,6.6,69.6,false,0,medium,documentation
TASK01247,EMP023,PRJ012,2026-06-21,2026-06-26,2026-06-30,completed,low,19.6,14.3,77.1,true,1,medium,feature
TASK01248,EMP024,PRJ002,2026-05-13,2026-05-20,,overdue,urgent,16.2,19.5,,,,medium,review
TASK01249,EMP024,PRJ020,2026-05-04,2026-05-31,2026-05-15,completed,medium,30.7,31.8,81.3,false,0,critical,maintenance
TASK01250,EMP024,PRJ001,2026-03-07,2026-03-31,2026-03-13,completed,low,46.2,48.9,76.4,false,0,critical,bug_fix
TASK01251,EMP024,PRJ002,2026-05-16,2026-06-11,2026-06-01,completed,medium,37.4,37.8,80.2,false,0,critical,deployment
TASK01252,EMP024,PRJ002,2026-06-13,2026-06-18,2026-06-13,completed,urgent,7.6,7.2,65.5,false,0,low,maintenance
TASK01253,EMP024,PRJ001,2026-04-08,2026-04-15,,overdue,medium,14.2,10.5,,,,medium,documentation
TASK01254,EMP024,PRJ002,2026-05-28,2026-06-13,2026-06-10,completed,low,24.4,27.2,78.3,true,1,high,testing
TASK01255,EMP024,PRJ002,2026-01-01,2026-01-22,,overdue,low,34.8,25.9,,,,high,bug_fix
TASK01256,EMP024,PRJ002,2026-03-17,2026-03-21,2026-03-21,completed,medium,7.6,8.3,71.6,false,0,medium,research
TASK01257,EMP024,PRJ020,2026-05-18,2026-05-21,2026-05-19,completed,low,3.9,3.2,61.2,false,0,low,enhancement
TASK01258,EMP024,PRJ020,2026-05-25,2026-06-14,2026-05-25,completed,urgent,17.0,24.1,64.5,false,0,high,enhancement
TASK01259,EMP024,PRJ001,2026-02-03,2026-02-16,2026-02-04,completed,medium,39.9,48.5,69.1,false,0,high,documentation
TASK01260,EMP024,PRJ002,2026-06-07,2026-06-25,,in_progress,low,20.4,25.7,,,,high,bug_fix
TASK01261,EMP024,PRJ020,2026-05-30,2026-06-06,,in_progress,low,25.7,34.0,,,,high,design
TASK01262,EMP024,PRJ020,2026-03-06,2026-03-08,2026-03-07,completed,urgent,6.8,4.8,71.1,false,0,low,testing
TASK01263,EMP024,PRJ002,2026-01-09,2026-01-18,,in_progress,medium,19.2,13.7,,,,medium,maintenance
TASK01264,EMP024,PRJ001,2026-04-27,2026-05-20,,in_progress,medium,39.5,58.2,,,,critical,research
TASK01265,EMP024,PRJ020,2026-05-15,2026-05-29,2026-05-27,completed,low,51.4,52.4,65.0,false,0,critical,feature
TASK01266,EMP024,PRJ020,2026-03-20,2026-03-27,2026-03-21,completed,low,17.3,13.9,83.6,false,0,medium,bug_fix
TASK01267,EMP024,PRJ002,2026-02-07,2026-02-17,2026-02-08,completed,medium,19.5,16.0,76.0,false,0,medium,testing
TASK01268,EMP024,PRJ002,2026-02-28,2026-03-04,,overdue,medium,8.6,7.9,,,,medium,review
TASK01269,EMP024,PRJ002,2026-02-27,2026-03-06,,in_progress,medium,32.8,26.9,,,,high,review
TASK01270,EMP024,PRJ020,2026-02-08,2026-02-13,2026-02-15,completed,low,2.7,3.5,77.1,false,0,low,deployment
TASK01271,EMP024,PRJ020,2026-06-23,2026-07-03,,assigned,medium,12.3,14.8,,,,medium,testing
TASK01272,EMP024,PRJ001,2026-03-17,2026-04-03,2026-04-02,completed,medium,23.8,25.1,74.0,false,0,high,research
TASK01273,EMP024,PRJ001,2026-04-08,2026-05-08,2026-05-10,completed,medium,59.1,50.3,74.0,false,0,critical,testing
TASK01274,EMP024,PRJ002,2026-02-04,2026-02-10,,overdue,medium,15.2,15.3,,,,medium,review
TASK01275,EMP024,PRJ001,2026-04-29,2026-05-03,2026-05-03,completed,high,9.0,11.7,73.3,true,1,medium,documentation
TASK01276,EMP024,PRJ002,2026-03-19,2026-03-23,2026-03-20,completed,high,3.8,3.4,67.9,true,3,low,research
TASK01277,EMP024,PRJ001,2026-02-26,2026-03-03,2026-03-01,completed,low,10.0,14.6,62.0,false,0,medium,design
TASK01278,EMP024,PRJ020,2026-04-12,2026-04-16,2026-04-13,completed,medium,12.6,10.0,75.3,false,0,medium,enhancement
TASK01279,EMP024,PRJ002,2026-06-15,2026-06-25,2026-06-18,completed,medium,17.6,17.4,84.3,false,0,medium,maintenance
TASK01280,EMP024,PRJ001,2026-05-26,2026-05-28,,in_progress,urgent,6.6,6.0,,,,low,design
TASK01281,EMP024,PRJ020,2026-01-29,2026-02-15,2026-02-15,completed,low,40.5,36.6,82.7,false,0,critical,design
TASK01282,EMP024,PRJ020,2026-01-22,2026-01-30,,overdue,low,14.1,17.7,,,,medium,testing
TASK01283,EMP024,PRJ002,2026-05-08,2026-05-11,2026-05-08,completed,low,4.4,3.7,81.8,false,0,low,research
TASK01284,EMP024,PRJ020,2026-02-19,2026-02-23,2026-02-20,completed,low,5.6,7.4,67.2,false,0,low,review
TASK01285,EMP024,PRJ002,2026-06-04,2026-06-09,,overdue,high,2.0,2.5,,,,low,feature
TASK01286,EMP024,PRJ001,2026-04-27,2026-05-05,2026-05-02,completed,low,12.5,18.5,70.8,false,0,medium,review
TASK01287,EMP024,PRJ001,2026-06-08,2026-06-27,2026-06-22,completed,high,40.9,52.5,70.4,false,0,critical,deployment
TASK01288,EMP024,PRJ020,2026-05-31,2026-06-10,2026-06-14,completed,urgent,13.1,12.3,83.0,false,0,medium,documentation
TASK01289,EMP024,PRJ002,2026-02-19,2026-03-17,2026-03-20,completed,high,35.0,35.4,76.3,false,0,critical,maintenance
TASK01290,EMP024,PRJ001,2026-05-30,2026-06-05,2026-06-02,completed,urgent,16.4,15.1,74.0,true,3,medium,design
TASK01291,EMP024,PRJ002,2026-04-12,2026-04-22,,overdue,medium,14.7,16.6,,,,medium,deployment
TASK01292,EMP024,PRJ002,2026-02-18,2026-02-20,2026-02-18,completed,high,5.6,8.4,74.0,false,0,low,review
TASK01293,EMP024,PRJ020,2026-03-22,2026-03-27,2026-04-03,completed,medium,6.8,5.0,77.6,false,0,low,documentation
TASK01294,EMP024,PRJ020,2026-05-05,2026-05-08,2026-05-05,completed,high,6.7,9.9,76.8,true,2,low,review
TASK01295,EMP024,PRJ002,2026-04-29,2026-05-06,2026-05-02,completed,medium,8.8,8.6,70.2,false,0,medium,enhancement
TASK01296,EMP024,PRJ001,2026-01-09,2026-01-14,2026-01-10,completed,medium,4.8,5.6,76.6,true,1,low,enhancement
TASK01297,EMP024,PRJ020,2026-05-06,2026-05-15,2026-05-06,completed,urgent,15.0,20.7,65.4,true,2,medium,testing
TASK01298,EMP024,PRJ020,2026-01-08,2026-01-23,2026-01-18,completed,medium,39.2,54.9,77.9,true,2,high,maintenance
TASK01299,EMP024,PRJ020,2026-05-03,2026-05-06,2026-05-05,completed,high,2.3,2.7,87.1,false,0,low,maintenance
TASK01300,EMP024,PRJ001,2026-05-31,2026-06-04,2026-06-05,completed,low,3.2,3.8,80.2,false,0,low,deployment
TASK01301,EMP024,PRJ020,2026-02-26,2026-03-03,2026-03-04,completed,urgent,5.6,4.7,80.0,false,0,low,bug_fix
TASK01302,EMP025,PRJ012,2026-02-25,2026-02-27,2026-02-27,completed,high,7.9,11.2,72.0,true,1,low,feature
TASK01303,EMP025,PRJ012,2026-03-18,2026-03-26,2026-03-26,completed,medium,9.0,9.8,64.6,true,1,medium,documentation
TASK01304,EMP025,PRJ012,2026-04-22,2026-05-17,,overdue,medium,33.0,47.8,,,,critical,bug_fix
TASK01305,EMP025,PRJ012,2026-06-08,2026-06-12,,in_progress,medium,16.4,15.2,,,,medium,review
TASK01306,EMP025,PRJ012,2026-03-02,2026-03-22,,overdue,medium,57.9,54.4,,,,critical,research
TASK01307,EMP025,PRJ012,2026-05-07,2026-05-10,,in_progress,low,5.4,6.9,,,,low,testing
TASK01308,EMP025,PRJ012,2026-06-03,2026-06-20,2026-06-13,completed,medium,42.5,61.3,52.8,false,0,critical,research
TASK01309,EMP025,PRJ012,2026-04-25,2026-04-28,2026-05-01,completed,medium,6.4,4.7,58.6,false,0,low,testing
TASK01310,EMP025,PRJ012,2026-04-04,2026-04-11,,overdue,urgent,10.1,10.9,,,,medium,deployment
TASK01311,EMP025,PRJ012,2026-05-11,2026-05-13,,in_progress,high,6.9,9.1,,,,low,bug_fix
TASK01312,EMP025,PRJ012,2026-05-30,2026-06-02,2026-06-03,completed,low,4.3,3.7,48.6,false,0,low,bug_fix
TASK01313,EMP025,PRJ012,2026-01-28,2026-02-06,2026-02-08,completed,high,6.6,9.6,63.0,false,0,medium,bug_fix
TASK01314,EMP025,PRJ012,2026-05-16,2026-05-21,2026-05-22,completed,high,7.7,8.1,48.7,false,0,low,research
TASK01315,EMP025,PRJ012,2026-02-08,2026-02-25,2026-02-25,completed,high,16.7,19.9,64.7,false,0,high,enhancement
TASK01316,EMP025,PRJ012,2026-04-10,2026-04-20,2026-04-21,completed,medium,10.3,12.0,70.9,false,0,medium,feature
TASK01317,EMP025,PRJ012,2026-03-10,2026-03-27,2026-03-29,completed,high,32.0,28.2,56.3,true,1,high,documentation
TASK01318,EMP025,PRJ012,2026-05-05,2026-05-18,,in_progress,urgent,25.3,24.4,,,,high,maintenance
TASK01319,EMP025,PRJ012,2026-03-25,2026-04-04,,in_progress,medium,11.6,14.0,,,,medium,research
TASK01320,EMP025,PRJ012,2026-03-08,2026-03-15,2026-03-12,completed,medium,9.7,10.2,60.7,false,0,medium,research
TASK01321,EMP025,PRJ012,2026-04-05,2026-04-09,2026-04-09,completed,high,3.5,4.8,48.0,true,1,low,maintenance
TASK01322,EMP025,PRJ012,2026-04-19,2026-04-29,2026-04-20,completed,medium,8.6,6.9,64.6,true,1,medium,bug_fix
TASK01323,EMP025,PRJ012,2026-03-31,2026-04-06,2026-04-13,completed,medium,16.9,22.9,52.9,false,0,medium,feature
TASK01324,EMP025,PRJ012,2026-01-02,2026-01-09,2026-01-05,completed,medium,18.6,16.5,60.2,false,0,medium,enhancement
TASK01325,EMP025,PRJ012,2026-03-14,2026-03-19,,in_progress,medium,5.7,5.1,,,,low,testing
TASK01326,EMP025,PRJ012,2026-03-28,2026-04-02,,in_progress,medium,4.7,6.8,,,,low,design
TASK01327,EMP025,PRJ012,2026-01-11,2026-01-15,,overdue,low,12.5,14.5,,,,medium,documentation
TASK01328,EMP025,PRJ012,2026-01-05,2026-01-15,2026-01-17,completed,medium,13.4,12.2,47.0,false,0,medium,design
TASK01329,EMP025,PRJ012,2026-06-10,2026-06-26,,overdue,medium,51.6,68.1,,,,critical,documentation
TASK01330,EMP025,PRJ012,2026-04-17,2026-04-21,2026-04-20,completed,low,3.4,2.4,53.0,true,2,low,review
TASK01331,EMP025,PRJ012,2026-01-16,2026-01-19,2026-01-22,completed,low,3.1,4.0,52.4,false,0,low,maintenance
TASK01332,EMP025,PRJ012,2026-01-08,2026-01-21,2026-01-16,completed,medium,24.3,17.9,67.1,false,0,high,testing
TASK01333,EMP025,PRJ012,2026-04-01,2026-04-18,2026-04-18,completed,high,20.9,17.6,64.7,true,3,high,bug_fix
TASK01334,EMP025,PRJ012,2026-04-16,2026-04-18,2026-04-16,completed,medium,2.8,3.2,54.8,false,0,low,design
TASK01335,EMP025,PRJ012,2026-06-17,2026-06-25,2026-06-17,completed,urgent,8.7,11.0,54.4,false,0,medium,design
TASK01336,EMP025,PRJ012,2026-01-26,2026-01-31,,in_progress,urgent,4.0,6.0,,,,low,enhancement
TASK01337,EMP025,PRJ012,2026-01-10,2026-01-20,2026-01-16,completed,high,17.8,20.0,55.6,false,0,medium,research
TASK01338,EMP025,PRJ012,2026-04-03,2026-04-09,,in_progress,high,16.2,16.2,,,,medium,maintenance
TASK01339,EMP025,PRJ012,2026-02-01,2026-02-06,2026-02-03,completed,low,2.9,2.6,47.4,false,0,low,design
TASK01340,EMP025,PRJ012,2026-05-23,2026-05-28,2026-06-01,completed,medium,3.9,3.2,55.1,true,3,low,maintenance
TASK01341,EMP025,PRJ012,2026-03-16,2026-03-26,,overdue,medium,39.4,50.3,,,,high,research
TASK01342,EMP025,PRJ012,2026-06-14,2026-06-24,,overdue,medium,19.5,21.5,,,,medium,bug_fix
TASK01343,EMP025,PRJ012,2026-03-26,2026-04-03,,in_progress,low,14.2,20.0,,,,medium,review
TASK01344,EMP025,PRJ012,2026-02-21,2026-03-03,2026-02-22,completed,medium,11.3,15.6,54.7,true,1,medium,maintenance
TASK01345,EMP025,PRJ012,2026-03-08,2026-03-12,,overdue,high,17.8,21.4,,,,medium,documentation
TASK01346,EMP025,PRJ012,2026-04-25,2026-05-19,,in_progress,high,56.6,58.3,,,,critical,enhancement
TASK01347,EMP025,PRJ012,2026-02-17,2026-02-22,,overdue,medium,18.7,20.4,,,,medium,bug_fix
TASK01348,EMP025,PRJ012,2026-03-05,2026-03-15,2026-03-06,completed,medium,11.4,9.0,52.3,false,0,medium,documentation
TASK01349,EMP025,PRJ012,2026-02-04,2026-02-07,2026-02-08,completed,medium,5.8,4.6,67.8,false,0,low,documentation
TASK01350,EMP025,PRJ012,2026-04-22,2026-04-28,2026-05-03,completed,high,6.2,8.0,46.4,false,0,medium,review
TASK01351,EMP026,PRJ025,2026-02-13,2026-02-16,2026-02-16,completed,medium,5.5,5.1,89.8,false,0,low,enhancement
TASK01352,EMP026,PRJ025,2026-03-24,2026-03-29,2026-03-28,completed,low,7.4,5.6,78.7,false,0,low,design
TASK01353,EMP026,PRJ025,2026-04-29,2026-05-03,2026-04-29,completed,medium,6.8,5.1,75.8,true,1,low,testing
TASK01354,EMP026,PRJ025,2026-02-25,2026-02-28,2026-02-26,completed,urgent,4.4,3.9,88.8,false,0,low,enhancement
TASK01355,EMP026,PRJ025,2026-02-05,2026-02-12,,overdue,high,19.5,22.9,,,,medium,design
TASK01356,EMP026,PRJ025,2026-06-13,2026-07-03,,assigned,low,37.8,53.2,,,,high,testing
TASK01357,EMP026,PRJ025,2026-01-05,2026-01-11,2026-01-10,completed,high,16.6,13.9,91.3,false,0,medium,deployment
TASK01358,EMP026,PRJ025,2026-05-29,2026-06-08,,overdue,medium,9.1,10.1,,,,medium,research
TASK01359,EMP026,PRJ025,2026-03-12,2026-03-15,2026-03-13,completed,medium,7.3,5.4,76.8,false,0,low,feature
TASK01360,EMP026,PRJ025,2026-06-17,2026-06-21,2026-06-21,completed,low,4.9,4.8,94.0,false,0,low,maintenance
TASK01361,EMP026,PRJ025,2026-05-22,2026-05-26,2026-05-25,completed,high,4.2,5.4,81.1,false,0,low,bug_fix
TASK01362,EMP026,PRJ025,2026-06-02,2026-06-07,2026-06-03,completed,high,7.5,9.5,73.3,false,0,medium,design
TASK01363,EMP026,PRJ025,2026-01-11,2026-01-27,2026-01-20,completed,medium,36.5,34.9,89.0,false,0,critical,enhancement
TASK01364,EMP026,PRJ025,2026-01-19,2026-02-04,2026-02-04,completed,low,37.3,48.0,88.6,true,2,critical,testing
TASK01365,EMP026,PRJ025,2026-06-22,2026-07-10,2026-07-01,completed,medium,28.8,30.5,72.2,false,0,high,enhancement
TASK01366,EMP026,PRJ025,2026-04-19,2026-04-22,,overdue,medium,5.8,7.1,,,,low,research
TASK01367,EMP026,PRJ025,2026-02-24,2026-03-03,2026-03-03,completed,high,17.0,22.3,77.7,false,0,high,enhancement
TASK01368,EMP026,PRJ025,2026-06-23,2026-06-26,2026-07-01,completed,medium,7.8,8.3,83.3,false,0,low,deployment
TASK01369,EMP026,PRJ025,2026-04-23,2026-05-09,2026-04-30,completed,medium,49.7,47.5,73.4,false,0,critical,design
TASK01370,EMP026,PRJ025,2026-05-11,2026-05-26,2026-05-14,completed,medium,26.9,26.0,80.0,false,0,high,documentation
TASK01371,EMP026,PRJ025,2026-05-19,2026-05-29,2026-05-27,completed,high,11.5,9.3,78.4,false,0,medium,feature
TASK01372,EMP026,PRJ025,2026-06-12,2026-06-16,2026-06-16,completed,high,4.1,5.2,88.5,false,0,low,design
TASK01373,EMP026,PRJ025,2026-06-14,2026-06-21,2026-06-15,completed,high,35.2,27.6,94.3,false,0,high,research
TASK01374,EMP026,PRJ025,2026-06-21,2026-06-30,,assigned,medium,18.5,25.1,,,,medium,research
TASK01375,EMP026,PRJ025,2026-03-08,2026-03-15,2026-03-08,completed,medium,7.2,8.8,76.1,false,0,medium,design
TASK01376,EMP026,PRJ025,2026-06-18,2026-07-07,2026-06-22,completed,medium,17.4,18.7,84.4,false,0,high,review
TASK01377,EMP026,PRJ025,2026-01-27,2026-02-17,2026-02-10,completed,low,53.0,39.5,73.8,false,0,critical,documentation
TASK01378,EMP026,PRJ025,2026-03-03,2026-04-01,2026-03-31,completed,medium,40.6,55.1,79.2,false,0,critical,review
TASK01379,EMP026,PRJ025,2026-06-13,2026-06-18,2026-06-18,completed,medium,5.6,7.4,74.3,false,0,low,research
TASK01380,EMP026,PRJ025,2026-04-04,2026-04-17,2026-04-16,completed,urgent,23.6,22.7,86.1,false,0,high,documentation
TASK01381,EMP026,PRJ025,2026-03-23,2026-03-31,2026-03-28,completed,high,13.4,14.9,84.8,false,0,medium,documentation
TASK01382,EMP026,PRJ025,2026-06-15,2026-06-17,2026-06-16,completed,low,5.1,6.4,86.4,false,0,low,research
TASK01383,EMP026,PRJ025,2026-05-04,2026-05-07,2026-05-06,completed,medium,6.7,7.1,77.2,false,0,low,testing
TASK01384,EMP026,PRJ025,2026-05-08,2026-05-17,,in_progress,low,18.4,24.8,,,,medium,testing
TASK01385,EMP026,PRJ025,2026-06-04,2026-06-09,,in_progress,medium,12.1,13.1,,,,medium,documentation
TASK01386,EMP026,PRJ025,2026-04-11,2026-04-28,2026-04-18,completed,urgent,31.6,45.1,86.0,false,0,high,maintenance
TASK01387,EMP026,PRJ025,2026-03-09,2026-03-19,2026-03-19,completed,high,14.5,12.8,86.0,false,0,medium,enhancement
TASK01388,EMP026,PRJ025,2026-01-07,2026-01-12,2026-01-10,completed,medium,5.6,5.6,77.9,true,3,low,design
TASK01389,EMP026,PRJ025,2026-02-01,2026-02-24,,overdue,high,54.1,58.8,,,,critical,review
TASK01390,EMP026,PRJ025,2026-02-22,2026-02-27,2026-02-24,completed,high,9.7,10.6,69.0,false,0,medium,enhancement
TASK01391,EMP026,PRJ025,2026-03-07,2026-03-12,2026-03-07,completed,medium,5.8,5.1,84.4,true,2,low,maintenance
TASK01392,EMP026,PRJ025,2026-01-14,2026-01-18,2026-01-25,completed,urgent,9.3,13.9,80.4,false,0,medium,maintenance
TASK01393,EMP026,PRJ025,2026-05-15,2026-05-18,2026-05-16,completed,low,5.3,5.4,86.2,false,0,low,feature
TASK01394,EMP026,PRJ025,2026-03-02,2026-03-07,2026-03-02,completed,medium,6.9,6.4,92.7,false,0,low,bug_fix
TASK01395,EMP026,PRJ025,2026-03-28,2026-03-30,2026-03-29,completed,high,7.7,10.1,81.3,false,0,low,review
TASK01396,EMP026,PRJ025,2026-01-12,2026-01-16,2026-01-12,completed,medium,7.0,8.0,87.1,false,0,low,testing
TASK01397,EMP026,PRJ025,2026-03-08,2026-03-28,2026-03-22,completed,high,49.9,62.0,71.4,false,0,critical,deployment
TASK01398,EMP026,PRJ025,2026-05-17,2026-05-24,2026-05-22,completed,urgent,7.1,6.5,77.8,true,1,medium,documentation
TASK01399,EMP026,PRJ025,2026-04-21,2026-05-12,2026-05-07,completed,medium,28.5,24.0,85.5,false,0,high,deployment
TASK01400,EMP026,PRJ025,2026-01-13,2026-01-23,,overdue,high,21.3,15.4,,,,high,testing
TASK01401,EMP026,PRJ025,2026-06-18,2026-06-23,2026-06-30,completed,medium,17.0,21.4,81.6,false,0,medium,documentation
TASK01402,EMP026,PRJ025,2026-02-21,2026-03-13,,in_progress,low,54.7,57.7,,,,critical,research
TASK01403,EMP026,PRJ025,2026-05-08,2026-05-18,2026-05-12,completed,high,22.5,23.7,84.9,false,0,high,deployment
TASK01404,EMP026,PRJ025,2026-05-09,2026-06-01,2026-05-18,completed,high,40.7,37.4,90.0,false,0,critical,research
TASK01405,EMP026,PRJ025,2026-03-01,2026-03-08,2026-03-03,completed,high,16.2,20.3,77.9,true,2,medium,bug_fix
TASK01406,EMP026,PRJ025,2026-02-05,2026-02-12,2026-02-05,completed,low,16.1,14.2,78.1,false,0,medium,bug_fix
TASK01407,EMP026,PRJ025,2026-04-13,2026-04-23,2026-04-21,completed,urgent,11.2,16.1,72.4,false,0,medium,enhancement
TASK01408,EMP026,PRJ025,2026-03-21,2026-03-29,2026-03-29,completed,medium,8.6,7.2,73.1,false,0,medium,design
TASK01409,EMP026,PRJ025,2026-06-23,2026-06-28,2026-06-24,completed,high,5.2,7.0,79.5,false,0,low,documentation
TASK01410,EMP026,PRJ025,2026-01-06,2026-01-18,2026-01-12,completed,medium,36.9,43.7,69.8,false,0,high,review
TASK01411,EMP026,PRJ025,2026-04-27,2026-05-12,2026-05-04,completed,high,38.5,48.9,80.1,false,0,high,maintenance
TASK01412,EMP026,PRJ025,2026-05-18,2026-05-22,2026-05-21,completed,high,12.5,15.8,85.9,false,0,medium,enhancement
TASK01413,EMP026,PRJ025,2026-04-11,2026-04-19,2026-04-11,completed,urgent,19.3,21.1,84.8,false,0,high,bug_fix
TASK01414,EMP027,PRJ002,2026-06-23,2026-07-08,,in_progress,low,33.8,48.0,,,,high,deployment
TASK01415,EMP027,PRJ002,2026-03-20,2026-04-02,,in_progress,medium,20.4,20.5,,,,high,testing
TASK01416,EMP027,PRJ002,2026-06-22,2026-07-02,2026-06-27,completed,high,6.2,7.3,62.2,true,3,medium,documentation
TASK01417,EMP027,PRJ002,2026-05-12,2026-05-14,2026-05-14,completed,low,5.5,4.9,70.5,false,0,low,enhancement
TASK01418,EMP027,PRJ002,2026-05-02,2026-05-09,2026-05-11,completed,medium,12.1,10.9,77.1,true,3,medium,documentation
TASK01419,EMP027,PRJ002,2026-06-05,2026-06-07,2026-06-13,completed,high,4.8,5.3,74.9,false,0,low,review
TASK01420,EMP027,PRJ002,2026-05-02,2026-05-04,2026-05-03,completed,high,6.2,5.3,68.4,false,0,low,bug_fix
TASK01421,EMP027,PRJ002,2026-06-22,2026-06-26,2026-06-23,completed,low,3.1,4.1,81.3,false,0,low,maintenance
TASK01422,EMP027,PRJ002,2026-03-06,2026-03-11,2026-03-11,completed,urgent,6.1,7.0,78.7,false,0,low,research
TASK01423,EMP027,PRJ002,2026-01-15,2026-01-23,2026-01-27,completed,high,13.6,14.0,74.8,false,0,medium,research
TASK01424,EMP027,PRJ002,2026-05-22,2026-05-31,,in_progress,low,15.2,20.0,,,,medium,testing
TASK01425,EMP027,PRJ002,2026-04-16,2026-05-01,2026-05-04,completed,low,27.9,19.8,77.2,false,0,high,documentation
TASK01426,EMP027,PRJ002,2026-04-25,2026-05-04,2026-05-04,completed,low,25.5,30.9,79.9,false,0,high,documentation
TASK01427,EMP027,PRJ002,2026-04-12,2026-04-17,2026-04-13,completed,low,10.0,14.8,74.5,false,0,medium,documentation
TASK01428,EMP027,PRJ002,2026-02-12,2026-02-20,,in_progress,medium,7.2,8.2,,,,medium,documentation
TASK01429,EMP027,PRJ002,2026-05-08,2026-05-14,2026-05-20,completed,medium,6.3,6.5,81.7,false,0,medium,enhancement
TASK01430,EMP027,PRJ002,2026-01-05,2026-01-15,,overdue,medium,8.5,7.6,,,,medium,review
TASK01431,EMP027,PRJ002,2026-05-19,2026-05-28,2026-05-19,completed,high,39.1,50.1,77.3,false,0,high,deployment
TASK01432,EMP027,PRJ002,2026-05-20,2026-05-25,2026-05-22,completed,high,4.3,5.7,82.4,false,0,low,maintenance
TASK01433,EMP027,PRJ002,2026-01-22,2026-01-28,2026-01-31,completed,high,15.9,19.3,73.4,false,0,medium,documentation
TASK01434,EMP027,PRJ002,2026-05-07,2026-05-17,2026-05-17,completed,low,14.8,13.0,68.6,false,0,medium,documentation
TASK01435,EMP027,PRJ002,2026-04-12,2026-04-16,,in_progress,low,15.5,15.2,,,,medium,feature
TASK01436,EMP027,PRJ002,2026-01-26,2026-01-30,2026-02-06,completed,high,14.9,21.6,74.8,false,0,medium,review
TASK01437,EMP027,PRJ002,2026-03-07,2026-04-05,,overdue,medium,33.4,27.0,,,,critical,enhancement
TASK01438,EMP027,PRJ002,2026-01-09,2026-01-29,2026-01-30,completed,medium,31.8,27.7,71.2,false,0,high,review
TASK01439,EMP027,PRJ002,2026-05-20,2026-05-23,2026-05-21,completed,high,6.1,4.8,65.7,false,0,low,bug_fix
TASK01440,EMP027,PRJ002,2026-04-25,2026-05-04,2026-04-25,completed,low,12.1,9.3,60.2,false,0,medium,testing
TASK01441,EMP027,PRJ002,2026-06-14,2026-06-22,2026-06-18,completed,high,24.7,27.2,71.0,true,2,high,deployment
TASK01442,EMP027,PRJ002,2026-06-06,2026-06-13,2026-06-08,completed,high,13.8,14.6,70.9,false,0,medium,enhancement
TASK01443,EMP027,PRJ002,2026-05-25,2026-05-27,,in_progress,low,7.1,5.2,,,,low,feature
TASK01444,EMP027,PRJ002,2026-03-19,2026-03-23,2026-03-22,completed,high,3.9,4.7,79.6,false,0,low,bug_fix
TASK01445,EMP027,PRJ002,2026-03-07,2026-03-22,,in_progress,low,16.6,22.2,,,,high,deployment
TASK01446,EMP027,PRJ002,2026-04-23,2026-04-27,2026-05-01,completed,medium,18.0,22.2,69.0,false,0,medium,design
TASK01447,EMP027,PRJ002,2026-03-06,2026-03-23,,in_progress,medium,26.9,24.5,,,,high,maintenance
TASK01448,EMP027,PRJ002,2026-03-02,2026-03-07,2026-03-09,completed,high,8.4,10.7,72.0,false,0,medium,design
TASK01449,EMP027,PRJ002,2026-04-09,2026-04-12,2026-04-12,completed,high,3.7,3.6,75.0,false,0,low,documentation
TASK01450,EMP027,PRJ002,2026-03-21,2026-03-31,2026-03-26,completed,high,17.4,14.5,73.6,false,0,high,design
TASK01451,EMP027,PRJ002,2026-02-16,2026-03-06,2026-02-19,completed,high,22.8,21.3,68.3,false,0,high,maintenance
TASK01452,EMP027,PRJ002,2026-05-03,2026-05-08,2026-05-11,completed,medium,17.4,15.7,78.6,false,0,medium,deployment
TASK01453,EMP027,PRJ002,2026-02-15,2026-02-21,,in_progress,high,19.9,26.8,,,,medium,review
TASK01454,EMP027,PRJ002,2026-06-16,2026-06-19,,overdue,high,5.2,7.7,,,,low,documentation
TASK01455,EMP027,PRJ002,2026-05-17,2026-05-27,2026-05-23,completed,urgent,11.4,14.8,78.7,false,0,medium,review
TASK01456,EMP027,PRJ002,2026-02-07,2026-02-19,2026-02-22,completed,medium,27.8,28.7,68.7,false,0,high,feature
TASK01457,EMP027,PRJ002,2026-01-14,2026-01-19,2026-01-19,completed,urgent,7.9,10.9,71.0,false,0,low,maintenance
TASK01458,EMP027,PRJ002,2026-04-08,2026-04-12,2026-04-11,completed,high,16.5,17.2,70.8,false,0,medium,testing
TASK01459,EMP027,PRJ002,2026-02-13,2026-02-20,2026-02-13,completed,high,10.5,12.9,70.1,false,0,medium,maintenance
TASK01460,EMP027,PRJ002,2026-04-10,2026-04-18,2026-04-22,completed,medium,10.4,13.6,82.1,false,0,medium,deployment
TASK01461,EMP027,PRJ002,2026-04-19,2026-05-10,2026-04-23,completed,medium,24.6,19.2,76.1,false,0,high,feature
TASK01462,EMP027,PRJ002,2026-03-13,2026-03-19,2026-03-22,completed,medium,13.0,18.7,64.7,false,0,medium,testing
TASK01463,EMP027,PRJ002,2026-04-28,2026-05-19,,in_progress,medium,29.4,21.8,,,,high,research
TASK01464,EMP027,PRJ002,2026-02-13,2026-03-02,2026-03-07,completed,medium,31.2,38.5,68.5,false,0,high,testing
TASK01465,EMP027,PRJ002,2026-01-10,2026-01-15,2026-01-11,completed,medium,9.7,12.2,76.9,false,0,medium,testing
TASK01466,EMP027,PRJ002,2026-06-07,2026-06-11,2026-06-11,completed,low,2.4,3.0,71.6,false,0,low,testing
TASK01467,EMP027,PRJ002,2026-06-18,2026-06-23,,overdue,low,5.0,3.9,,,,low,review
TASK01468,EMP027,PRJ002,2026-04-18,2026-04-22,2026-04-26,completed,urgent,6.8,9.8,79.4,false,0,medium,research
TASK01469,EMP027,PRJ002,2026-03-03,2026-03-19,2026-03-06,completed,medium,25.1,21.6,59.4,false,0,high,testing
TASK01470,EMP027,PRJ002,2026-02-22,2026-02-25,2026-02-22,completed,medium,2.3,2.4,66.3,false,0,low,deployment
TASK01471,EMP027,PRJ002,2026-04-09,2026-04-15,,in_progress,medium,10.5,15.6,,,,medium,enhancement
TASK01472,EMP027,PRJ002,2026-05-29,2026-06-03,,in_progress,high,14.2,11.2,,,,medium,testing
TASK01473,EMP027,PRJ002,2026-05-18,2026-05-22,2026-05-20,completed,urgent,7.9,11.9,75.8,false,0,low,deployment
TASK01474,EMP027,PRJ002,2026-03-24,2026-03-27,2026-03-24,completed,urgent,6.9,7.6,76.8,false,0,low,testing
TASK01475,EMP027,PRJ002,2026-02-01,2026-02-15,2026-02-12,completed,high,17.0,21.6,62.9,false,0,high,research
TASK01476,EMP027,PRJ002,2026-03-11,2026-03-29,2026-03-16,completed,medium,18.5,20.4,68.9,false,0,high,documentation
TASK01477,EMP027,PRJ002,2026-05-24,2026-05-31,2026-05-29,completed,urgent,24.1,24.9,80.4,true,2,high,maintenance
TASK01478,EMP028,PRJ001,2026-05-25,2026-05-29,,overdue,medium,7.6,6.5,,,,low,review
TASK01479,EMP028,PRJ001,2026-01-20,2026-01-29,2026-01-27,completed,urgent,14.5,19.7,61.5,false,0,medium,maintenance
TASK01480,EMP028,PRJ001,2026-02-20,2026-02-22,2026-02-21,completed,medium,4.5,4.2,44.7,true,2,low,maintenance
TASK01481,EMP028,PRJ001,2026-01-29,2026-02-03,,overdue,high,7.5,6.4,,,,medium,deployment
TASK01482,EMP028,PRJ001,2026-02-22,2026-03-04,,overdue,medium,12.4,8.8,,,,medium,enhancement
TASK01483,EMP028,PRJ001,2026-05-15,2026-05-19,,overdue,high,4.7,3.3,,,,low,deployment
TASK01484,EMP028,PRJ001,2026-05-10,2026-05-19,2026-05-25,completed,high,7.9,9.7,56.0,false,0,medium,maintenance
TASK01485,EMP028,PRJ001,2026-05-03,2026-05-07,,in_progress,medium,2.4,2.4,,,,low,testing
TASK01486,EMP028,PRJ001,2026-06-20,2026-07-02,2026-06-25,completed,medium,22.0,17.6,57.3,true,1,high,deployment
TASK01487,EMP028,PRJ001,2026-02-08,2026-02-12,2026-02-11,completed,medium,7.1,6.4,57.5,false,0,low,bug_fix
TASK01488,EMP028,PRJ001,2026-04-01,2026-04-10,2026-04-03,completed,low,7.9,10.5,62.2,false,0,medium,documentation
TASK01489,EMP028,PRJ001,2026-03-23,2026-03-31,,overdue,medium,19.8,23.3,,,,medium,deployment
TASK01490,EMP028,PRJ001,2026-05-12,2026-05-16,,overdue,medium,7.7,6.0,,,,low,testing
TASK01491,EMP028,PRJ001,2026-04-15,2026-04-17,,overdue,urgent,5.2,6.0,,,,low,deployment
TASK01492,EMP028,PRJ001,2026-05-03,2026-05-09,2026-05-15,completed,medium,8.3,9.1,48.5,false,0,medium,review
TASK01493,EMP028,PRJ001,2026-05-31,2026-06-04,,in_progress,high,10.4,11.5,,,,medium,documentation
TASK01494,EMP028,PRJ001,2026-04-01,2026-04-05,2026-04-01,completed,medium,13.5,18.6,61.5,false,0,medium,review
TASK01495,EMP028,PRJ001,2026-02-01,2026-02-18,2026-02-08,completed,urgent,33.6,46.2,66.3,false,0,high,maintenance
TASK01496,EMP028,PRJ001,2026-05-27,2026-06-04,,in_progress,low,14.5,13.1,,,,medium,enhancement
TASK01497,EMP028,PRJ001,2026-06-11,2026-06-15,2026-06-21,completed,medium,2.5,3.3,59.0,false,0,low,enhancement
TASK01498,EMP028,PRJ001,2026-05-23,2026-06-01,,overdue,high,11.9,8.5,,,,medium,documentation
TASK01499,EMP028,PRJ001,2026-05-21,2026-05-23,2026-05-21,completed,medium,4.8,4.0,57.6,false,0,low,feature
TASK01500,EMP028,PRJ001,2026-02-01,2026-02-05,,in_progress,medium,7.1,9.4,,,,medium,design
TASK01501,EMP028,PRJ001,2026-01-09,2026-01-23,2026-01-15,completed,low,39.3,32.8,59.2,true,3,high,maintenance
TASK01502,EMP028,PRJ001,2026-06-19,2026-07-16,,in_progress,medium,31.9,31.4,,,,critical,review
TASK01503,EMP028,PRJ001,2026-06-23,2026-07-13,2026-07-06,completed,high,39.6,55.1,55.5,false,0,high,bug_fix
TASK01504,EMP028,PRJ001,2026-04-28,2026-05-08,2026-05-03,completed,urgent,12.9,14.3,58.9,false,0,medium,deployment
TASK01505,EMP028,PRJ001,2026-03-05,2026-03-23,2026-03-15,completed,medium,36.1,49.9,73.3,false,0,critical,enhancement
TASK01506,EMP028,PRJ001,2026-02-19,2026-02-26,,in_progress,low,15.0,16.2,,,,medium,enhancement
TASK01507,EMP028,PRJ001,2026-06-11,2026-06-21,2026-06-20,completed,medium,13.8,20.3,62.5,false,0,medium,documentation
TASK01508,EMP028,PRJ001,2026-05-11,2026-05-28,2026-05-30,completed,high,40.0,57.3,62.7,false,0,high,bug_fix
TASK01509,EMP028,PRJ001,2026-01-01,2026-01-04,,in_progress,medium,3.4,5.0,,,,low,testing
TASK01510,EMP028,PRJ001,2026-01-26,2026-01-31,2026-02-02,completed,low,14.2,15.9,54.1,false,0,medium,design
TASK01511,EMP028,PRJ001,2026-02-23,2026-02-27,2026-02-24,completed,medium,3.0,4.0,72.4,false,0,low,documentation
TASK01512,EMP028,PRJ001,2026-04-14,2026-04-20,2026-04-21,completed,high,17.6,22.0,48.1,false,0,medium,deployment
TASK01513,EMP028,PRJ001,2026-03-02,2026-03-14,2026-03-16,completed,low,39.3,47.4,54.5,true,1,high,design
TASK01514,EMP028,PRJ001,2026-05-15,2026-05-20,,in_progress,high,16.2,19.5,,,,medium,deployment
TASK01515,EMP028,PRJ001,2026-03-21,2026-03-25,2026-03-22,completed,high,7.8,10.1,66.6,false,0,low,feature
TASK01516,EMP028,PRJ001,2026-01-20,2026-01-29,,overdue,high,27.1,26.4,,,,high,documentation
TASK01517,EMP028,PRJ001,2026-02-01,2026-02-06,2026-02-11,completed,medium,12.4,14.5,56.0,true,3,medium,testing
TASK01518,EMP028,PRJ001,2026-01-29,2026-02-11,2026-02-09,completed,medium,18.9,17.7,61.4,false,0,high,feature
TASK01519,EMP028,PRJ001,2026-02-13,2026-02-23,,overdue,medium,8.4,9.8,,,,medium,maintenance
TASK01520,EMP028,PRJ001,2026-02-09,2026-02-22,2026-03-01,completed,high,28.6,26.2,58.0,false,0,high,design
TASK01521,EMP028,PRJ001,2026-06-19,2026-06-22,2026-06-19,completed,low,5.5,7.0,59.2,false,0,low,feature
TASK01522,EMP028,PRJ001,2026-03-07,2026-03-13,,in_progress,high,18.5,18.5,,,,medium,feature
TASK01523,EMP028,PRJ001,2026-05-01,2026-05-04,,in_progress,medium,2.9,2.3,,,,low,feature
TASK01524,EMP028,PRJ001,2026-04-12,2026-04-19,,in_progress,urgent,12.8,10.5,,,,medium,design
TASK01525,EMP028,PRJ001,2026-03-05,2026-03-15,2026-03-22,completed,low,18.4,18.0,58.3,false,0,medium,enhancement
TASK01526,EMP028,PRJ001,2026-03-02,2026-03-07,2026-03-04,completed,medium,7.2,7.7,72.5,true,2,low,bug_fix
TASK01527,EMP028,PRJ001,2026-04-04,2026-04-17,,overdue,high,29.8,33.8,,,,high,maintenance
TASK01528,EMP028,PRJ001,2026-01-14,2026-01-21,,overdue,high,10.1,10.8,,,,medium,research
TASK01529,EMP028,PRJ001,2026-06-23,2026-07-03,2026-06-29,completed,medium,18.4,18.6,65.6,false,0,high,research
TASK01530,EMP028,PRJ001,2026-05-21,2026-06-04,,overdue,medium,34.5,32.2,,,,high,testing
TASK01531,EMP028,PRJ001,2026-04-05,2026-04-10,2026-04-07,completed,medium,6.3,5.8,58.5,false,0,low,review
TASK01532,EMP029,PRJ014,2026-01-16,2026-02-05,2026-01-29,completed,low,24.9,27.4,77.4,false,0,high,testing
TASK01533,EMP029,PRJ014,2026-02-09,2026-02-19,2026-02-14,completed,high,9.7,10.8,89.0,false,0,medium,research
TASK01534,EMP029,PRJ014,2026-06-20,2026-06-26,2026-06-25,completed,high,6.8,4.9,73.2,false,0,medium,feature
TASK01535,EMP029,PRJ014,2026-03-31,2026-04-09,2026-04-07,completed,medium,6.7,6.4,75.4,false,0,medium,deployment
TASK01536,EMP029,PRJ014,2026-02-15,2026-03-04,2026-02-19,completed,medium,30.7,31.2,83.1,false,0,critical,documentation
TASK01537,EMP029,PRJ014,2026-03-23,2026-04-02,,overdue,high,9.8,14.0,,,,medium,testing
TASK01538,EMP029,PRJ014,2026-01-09,2026-01-14,,in_progress,low,18.7,17.4,,,,medium,feature
TASK01539,EMP029,PRJ014,2026-03-01,2026-03-12,2026-03-01,completed,medium,39.3,57.9,86.7,false,0,high,feature
TASK01540,EMP029,PRJ014,2026-04-26,2026-05-01,2026-04-28,completed,high,2.7,2.2,81.9,false,0,low,testing
TASK01541,EMP029,PRJ014,2026-05-24,2026-05-30,2026-05-24,completed,high,17.2,16.8,77.9,false,0,medium,testing
TASK01542,EMP029,PRJ014,2026-05-04,2026-05-20,2026-05-12,completed,medium,26.7,30.0,82.5,false,0,high,feature
TASK01543,EMP029,PRJ014,2026-06-09,2026-07-05,,in_progress,low,38.1,47.2,,,,critical,review
TASK01544,EMP029,PRJ014,2026-01-11,2026-01-27,2026-01-18,completed,low,16.1,19.8,86.4,false,0,high,bug_fix
TASK01545,EMP029,PRJ014,2026-04-13,2026-04-19,2026-04-18,completed,medium,19.0,15.0,85.0,true,3,medium,feature
TASK01546,EMP029,PRJ014,2026-04-07,2026-04-22,,overdue,high,51.6,37.0,,,,critical,enhancement
TASK01547,EMP029,PRJ014,2026-02-11,2026-02-28,2026-02-25,completed,low,54.9,63.0,83.6,false,0,critical,review
TASK01548,EMP029,PRJ014,2026-06-03,2026-06-06,2026-06-06,completed,high,3.0,3.7,85.9,false,0,low,documentation
TASK01549,EMP029,PRJ014,2026-03-15,2026-04-01,2026-03-21,completed,medium,57.8,50.9,81.0,false,0,critical,research
TASK01550,EMP029,PRJ014,2026-03-11,2026-03-19,,in_progress,high,27.7,30.6,,,,high,feature
TASK01551,EMP029,PRJ014,2026-05-10,2026-05-14,2026-05-11,completed,high,3.5,4.1,77.0,false,0,low,enhancement
TASK01552,EMP029,PRJ014,2026-06-20,2026-07-11,,assigned,low,50.7,66.0,,,,critical,testing
TASK01553,EMP029,PRJ014,2026-06-12,2026-06-28,2026-06-29,completed,high,31.0,28.8,75.2,false,0,critical,research
TASK01554,EMP029,PRJ014,2026-04-04,2026-04-12,2026-04-10,completed,high,19.9,28.1,95.2,false,0,medium,deployment
TASK01555,EMP029,PRJ014,2026-03-07,2026-03-16,2026-03-08,completed,medium,7.9,10.5,83.8,false,0,medium,testing
TASK01556,EMP029,PRJ014,2026-02-18,2026-02-27,2026-02-25,completed,medium,19.2,23.6,77.9,false,0,high,design
TASK01557,EMP029,PRJ014,2026-02-17,2026-02-20,2026-02-18,completed,medium,7.6,9.4,79.4,false,0,low,research
TASK01558,EMP029,PRJ014,2026-06-10,2026-06-17,2026-06-13,completed,low,13.8,20.5,79.2,false,0,medium,testing
TASK01559,EMP029,PRJ014,2026-04-15,2026-04-19,2026-04-18,completed,high,4.5,5.2,79.4,false,0,low,maintenance
TASK01560,EMP029,PRJ014,2026-06-13,2026-06-22,2026-06-22,completed,medium,7.9,11.3,79.8,false,0,medium,maintenance
TASK01561,EMP029,PRJ014,2026-04-01,2026-04-03,2026-04-03,completed,high,7.8,8.0,78.9,false,0,low,feature
TASK01562,EMP029,PRJ014,2026-02-16,2026-02-24,,overdue,medium,10.5,12.7,,,,medium,testing
TASK01563,EMP029,PRJ014,2026-02-16,2026-02-21,2026-02-19,completed,high,6.0,5.2,74.6,false,0,low,review
TASK01564,EMP029,PRJ014,2026-03-02,2026-03-09,2026-03-02,completed,urgent,12.5,15.2,71.2,false,0,medium,research
TASK01565,EMP029,PRJ014,2026-03-07,2026-03-09,2026-03-13,completed,urgent,7.5,8.1,84.0,false,0,low,bug_fix
TASK01566,EMP029,PRJ014,2026-01-31,2026-02-18,,in_progress,medium,24.8,26.2,,,,high,deployment
TASK01567,EMP029,PRJ014,2026-02-22,2026-02-27,2026-02-22,completed,high,19.6,24.6,75.8,false,0,medium,maintenance
TASK01568,EMP029,PRJ014,2026-06-18,2026-06-24,2026-06-21,completed,medium,7.5,6.5,70.5,false,0,medium,enhancement
TASK01569,EMP029,PRJ014,2026-01-14,2026-01-24,2026-01-30,completed,low,9.6,8.6,84.3,false,0,medium,deployment
TASK01570,EMP029,PRJ014,2026-02-10,2026-02-17,2026-02-12,completed,high,8.3,10.9,92.1,false,0,medium,bug_fix
TASK01571,EMP029,PRJ014,2026-03-16,2026-03-26,2026-03-22,completed,high,27.5,31.2,68.3,false,0,high,design
TASK01572,EMP029,PRJ014,2026-01-20,2026-01-25,2026-01-28,completed,low,15.7,15.6,77.9,false,0,medium,enhancement
TASK01573,EMP029,PRJ014,2026-05-23,2026-06-02,,in_progress,high,19.8,28.1,,,,medium,testing
TASK01574,EMP029,PRJ014,2026-03-18,2026-03-25,2026-03-30,completed,medium,13.4,15.2,92.9,false,0,medium,design
TASK01575,EMP029,PRJ014,2026-03-22,2026-03-30,,in_progress,medium,19.1,17.2,,,,medium,deployment
TASK01576,EMP029,PRJ014,2026-05-31,2026-06-03,2026-06-03,completed,medium,5.2,7.3,84.8,false,0,low,enhancement
TASK01577,EMP030,PRJ004,2026-04-21,2026-05-14,2026-05-10,completed,medium,40.3,36.4,42.9,false,0,critical,enhancement
TASK01578,EMP030,PRJ002,2026-01-07,2026-01-13,2026-01-07,completed,medium,15.0,16.3,45.6,false,0,medium,documentation
TASK01579,EMP030,PRJ002,2026-04-22,2026-04-30,2026-04-26,completed,urgent,15.0,15.2,50.0,false,0,medium,deployment
TASK01580,EMP030,PRJ020,2026-05-25,2026-06-03,,in_progress,low,9.5,11.4,,,,medium,design
TASK01581,EMP030,PRJ004,2026-05-13,2026-05-18,,in_progress,high,14.3,11.3,,,,medium,documentation
TASK01582,EMP030,PRJ002,2026-03-24,2026-03-30,,overdue,medium,10.5,15.2,,,,medium,feature
TASK01583,EMP030,PRJ002,2026-03-28,2026-04-02,2026-04-07,completed,medium,4.2,5.1,49.6,false,0,low,design
TASK01584,EMP030,PRJ004,2026-05-22,2026-05-27,,in_progress,medium,6.2,7.6,,,,low,research
TASK01585,EMP030,PRJ004,2026-03-25,2026-04-09,,overdue,medium,50.6,44.8,,,,critical,enhancement
TASK01586,EMP030,PRJ004,2026-02-07,2026-02-13,2026-02-20,completed,high,13.2,11.0,59.0,false,0,medium,testing
TASK01587,EMP030,PRJ004,2026-01-24,2026-02-07,,in_progress,high,29.3,31.7,,,,high,deployment
TASK01588,EMP030,PRJ004,2026-02-25,2026-03-05,2026-03-05,completed,high,26.9,29.2,44.0,true,1,high,design
TASK01589,EMP030,PRJ002,2026-02-27,2026-03-05,,overdue,medium,13.8,15.5,,,,medium,feature
TASK01590,EMP030,PRJ002,2026-05-24,2026-05-26,,in_progress,low,7.5,8.7,,,,low,research
TASK01591,EMP030,PRJ020,2026-03-25,2026-03-30,,overdue,medium,6.9,6.6,,,,low,research
TASK01592,EMP030,PRJ020,2026-02-24,2026-03-04,2026-03-11,completed,medium,16.6,11.8,42.0,false,0,medium,bug_fix
TASK01593,EMP030,PRJ002,2026-01-30,2026-02-03,2026-02-03,completed,medium,5.8,6.0,45.8,false,0,low,maintenance
TASK01594,EMP030,PRJ004,2026-01-10,2026-02-09,,overdue,urgent,37.3,52.0,,,,critical,review
TASK01595,EMP030,PRJ002,2026-03-25,2026-04-02,,in_progress,high,16.9,22.3,,,,high,feature
TASK01596,EMP030,PRJ002,2026-04-02,2026-04-07,,overdue,high,7.4,10.8,,,,low,documentation
TASK01597,EMP030,PRJ020,2026-05-08,2026-05-29,,in_progress,medium,18.8,18.6,,,,high,bug_fix
TASK01598,EMP030,PRJ002,2026-03-06,2026-03-11,,in_progress,medium,11.4,11.2,,,,medium,research
TASK01599,EMP030,PRJ004,2026-06-13,2026-06-17,,in_progress,high,9.9,14.4,,,,medium,bug_fix
TASK01600,EMP030,PRJ002,2026-03-06,2026-03-12,2026-03-18,completed,medium,10.7,8.2,55.6,false,0,medium,maintenance
TASK01601,EMP030,PRJ020,2026-02-26,2026-03-18,,in_progress,high,45.2,55.8,,,,critical,feature
TASK01602,EMP030,PRJ004,2026-05-05,2026-05-09,,in_progress,medium,6.1,4.9,,,,low,deployment
TASK01603,EMP030,PRJ004,2026-02-09,2026-03-01,,in_progress,medium,18.9,18.8,,,,high,design
TASK01604,EMP030,PRJ004,2026-06-13,2026-06-15,2026-06-15,completed,low,7.4,7.6,62.5,false,0,low,enhancement
TASK01605,EMP030,PRJ002,2026-03-05,2026-03-10,,in_progress,urgent,7.3,9.2,,,,low,review
TASK01606,EMP030,PRJ004,2026-02-08,2026-03-09,,in_progress,low,32.2,45.1,,,,critical,testing
TASK01607,EMP030,PRJ020,2026-04-14,2026-04-18,2026-04-14,completed,urgent,15.0,12.8,59.2,false,0,medium,bug_fix
TASK01608,EMP030,PRJ004,2026-03-23,2026-04-03,,overdue,low,18.3,21.8,,,,high,testing
TASK01609,EMP030,PRJ020,2026-01-19,2026-01-21,,overdue,medium,3.7,5.0,,,,low,documentation
TASK01610,EMP030,PRJ004,2026-04-08,2026-04-18,2026-04-16,completed,high,6.5,6.8,54.2,false,0,medium,bug_fix
TASK01611,EMP030,PRJ020,2026-03-28,2026-04-01,,overdue,urgent,4.5,4.4,,,,low,deployment
TASK01612,EMP030,PRJ004,2026-04-12,2026-04-20,,overdue,low,19.7,28.4,,,,medium,documentation
TASK01613,EMP030,PRJ004,2026-01-05,2026-01-09,,in_progress,low,2.1,2.5,,,,low,maintenance
TASK01614,EMP030,PRJ004,2026-05-17,2026-05-26,,overdue,medium,20.0,23.5,,,,high,documentation
TASK01615,EMP030,PRJ004,2026-03-17,2026-03-27,,overdue,high,10.1,10.3,,,,medium,maintenance
TASK01616,EMP030,PRJ004,2026-03-03,2026-03-13,2026-03-18,completed,medium,19.7,15.3,55.3,true,1,medium,bug_fix
TASK01617,EMP030,PRJ020,2026-04-03,2026-04-30,,overdue,medium,37.1,53.2,,,,critical,testing
TASK01618,EMP030,PRJ020,2026-01-02,2026-01-15,2026-01-10,completed,low,35.4,27.2,54.1,true,2,high,research
TASK01619,EMP030,PRJ020,2026-06-04,2026-06-21,2026-06-18,completed,low,33.7,45.3,51.7,false,0,high,documentation
TASK01620,EMP030,PRJ002,2026-06-03,2026-06-12,,in_progress,high,12.1,11.6,,,,medium,deployment
TASK01621,EMP030,PRJ020,2026-02-13,2026-02-17,,overdue,medium,3.0,4.3,,,,low,research
TASK01622,EMP030,PRJ004,2026-06-23,2026-07-13,,assigned,low,23.6,22.0,,,,high,design
TASK01623,EMP030,PRJ002,2026-04-04,2026-04-12,,overdue,high,17.8,25.3,,,,high,testing
TASK01624,EMP030,PRJ004,2026-01-14,2026-01-23,,in_progress,urgent,17.4,21.5,,,,medium,research
TASK01625,EMP030,PRJ020,2026-05-17,2026-05-22,,in_progress,urgent,2.5,3.1,,,,low,testing
TASK01626,EMP031,PRJ025,2026-04-13,2026-04-21,2026-04-14,completed,high,29.3,27.3,76.8,false,0,high,deployment
TASK01627,EMP031,PRJ029,2026-02-06,2026-02-11,2026-02-18,completed,high,6.5,5.3,72.3,false,0,low,review
TASK01628,EMP031,PRJ029,2026-04-11,2026-04-21,2026-04-27,completed,low,16.5,14.4,71.0,false,0,medium,bug_fix
TASK01629,EMP031,PRJ025,2026-06-14,2026-06-21,2026-06-17,completed,high,16.4,15.7,76.1,false,0,medium,review
TASK01630,EMP031,PRJ029,2026-05-06,2026-05-11,2026-05-11,completed,low,9.3,8.9,80.4,false,0,medium,review
TASK01631,EMP031,PRJ025,2026-05-25,2026-05-30,2026-05-27,completed,medium,2.1,1.7,63.1,false,0,low,bug_fix
TASK01632,EMP031,PRJ029,2026-04-25,2026-05-03,,overdue,urgent,25.5,30.9,,,,high,deployment
TASK01633,EMP031,PRJ025,2026-05-05,2026-05-12,,in_progress,low,14.6,16.6,,,,medium,enhancement
TASK01634,EMP031,PRJ025,2026-03-03,2026-03-28,2026-03-29,completed,urgent,40.4,51.2,72.5,false,0,critical,documentation
TASK01635,EMP031,PRJ025,2026-02-21,2026-03-02,2026-02-26,completed,high,15.8,18.8,74.0,false,0,medium,enhancement
TASK01636,EMP031,PRJ029,2026-01-13,2026-01-27,,in_progress,high,58.8,51.7,,,,critical,review
TASK01637,EMP031,PRJ025,2026-05-06,2026-05-08,2026-05-06,completed,low,5.5,5.5,58.2,false,0,low,feature
TASK01638,EMP031,PRJ025,2026-03-08,2026-03-13,2026-03-10,completed,high,19.4,28.1,84.1,false,0,medium,maintenance
TASK01639,EMP031,PRJ029,2026-02-23,2026-03-03,2026-03-09,completed,urgent,9.5,10.5,67.6,false,0,medium,maintenance
TASK01640,EMP031,PRJ025,2026-04-25,2026-04-29,,in_progress,medium,2.6,2.1,,,,low,documentation
TASK01641,EMP031,PRJ029,2026-01-16,2026-01-20,2026-01-17,completed,high,11.5,9.0,84.5,false,0,medium,bug_fix
TASK01642,EMP031,PRJ025,2026-06-20,2026-06-30,2026-06-27,completed,high,15.1,15.7,71.6,true,2,medium,review
TASK01643,EMP031,PRJ025,2026-03-24,2026-04-06,2026-03-25,completed,high,33.8,42.6,81.4,false,0,high,bug_fix
TASK01644,EMP031,PRJ029,2026-03-28,2026-04-14,2026-04-03,completed,medium,20.9,16.9,59.0,false,0,high,feature
TASK01645,EMP031,PRJ025,2026-03-15,2026-04-06,2026-03-25,completed,medium,54.2,43.8,64.7,false,0,critical,maintenance
TASK01646,EMP031,PRJ025,2026-03-27,2026-04-03,2026-03-27,completed,urgent,38.6,36.9,74.7,false,0,high,design
TASK01647,EMP031,PRJ025,2026-05-26,2026-06-01,2026-05-29,completed,medium,19.5,17.7,76.9,true,2,medium,testing
TASK01648,EMP031,PRJ025,2026-04-05,2026-05-01,2026-04-12,completed,high,38.4,37.6,84.1,true,1,critical,design
TASK01649,EMP031,PRJ025,2026-04-10,2026-04-16,,overdue,medium,7.0,6.9,,,,medium,maintenance
TASK01650,EMP031,PRJ029,2026-04-09,2026-04-15,2026-04-12,completed,medium,16.2,20.4,73.4,false,0,medium,maintenance
TASK01651,EMP031,PRJ029,2026-01-21,2026-01-26,2026-01-21,completed,low,5.0,6.7,77.0,false,0,low,review
TASK01652,EMP031,PRJ025,2026-06-11,2026-06-16,2026-06-14,completed,high,19.3,19.3,66.7,false,0,medium,deployment
TASK01653,EMP031,PRJ029,2026-03-16,2026-03-19,2026-03-17,completed,low,5.6,7.2,80.1,false,0,low,review
TASK01654,EMP031,PRJ029,2026-06-02,2026-06-22,,in_progress,urgent,34.0,34.2,,,,high,design
TASK01655,EMP031,PRJ029,2026-04-14,2026-04-19,2026-04-23,completed,high,7.8,7.2,78.1,true,1,low,enhancement
TASK01656,EMP031,PRJ029,2026-01-29,2026-02-04,2026-02-02,completed,high,12.4,11.2,65.7,false,0,medium,testing
TASK01657,EMP031,PRJ025,2026-01-29,2026-02-05,,in_progress,medium,12.9,15.2,,,,medium,deployment
TASK01658,EMP031,PRJ029,2026-01-12,2026-01-18,,overdue,high,17.0,21.4,,,,medium,testing
TASK01659,EMP031,PRJ029,2026-03-14,2026-03-18,2026-03-16,completed,low,3.7,4.5,74.1,false,0,low,deployment
TASK01660,EMP031,PRJ029,2026-02-23,2026-02-27,2026-02-24,completed,urgent,4.0,5.7,73.3,false,0,low,research
TASK01661,EMP031,PRJ025,2026-05-23,2026-06-02,2026-06-02,completed,medium,19.1,27.2,74.4,false,0,medium,maintenance
TASK01662,EMP031,PRJ029,2026-02-20,2026-02-27,2026-02-24,completed,medium,19.4,28.3,66.5,true,1,medium,deployment
TASK01663,EMP031,PRJ029,2026-01-06,2026-01-19,2026-01-06,completed,medium,24.2,33.4,58.3,false,0,high,review
TASK01664,EMP031,PRJ025,2026-02-06,2026-02-09,,in_progress,high,6.6,8.3,,,,low,maintenance
TASK01665,EMP031,PRJ029,2026-04-18,2026-05-05,2026-05-12,completed,medium,34.7,25.9,73.5,false,0,critical,testing
TASK01666,EMP031,PRJ029,2026-04-21,2026-05-01,,in_progress,high,9.6,8.5,,,,medium,research
TASK01667,EMP031,PRJ025,2026-03-20,2026-03-30,2026-03-20,completed,high,10.5,11.0,76.5,false,0,medium,maintenance
TASK01668,EMP031,PRJ025,2026-03-13,2026-03-26,2026-04-02,completed,high,34.6,51.0,78.7,false,0,high,research
TASK01669,EMP031,PRJ025,2026-05-10,2026-05-16,2026-05-11,completed,medium,17.0,18.6,74.0,false,0,medium,bug_fix
TASK01670,EMP031,PRJ025,2026-02-06,2026-02-08,2026-02-07,completed,medium,2.1,2.2,78.3,false,0,low,testing
TASK01671,EMP031,PRJ029,2026-01-08,2026-01-10,,overdue,medium,3.3,4.2,,,,low,bug_fix
TASK01672,EMP031,PRJ029,2026-03-12,2026-03-17,,in_progress,urgent,19.3,21.0,,,,medium,feature
TASK01673,EMP031,PRJ025,2026-01-02,2026-01-05,2026-01-05,completed,low,7.3,5.6,72.4,false,0,low,review
TASK01674,EMP031,PRJ025,2026-03-29,2026-04-08,2026-04-13,completed,medium,9.9,11.9,85.8,false,0,medium,feature
TASK01675,EMP031,PRJ025,2026-05-04,2026-05-11,2026-05-09,completed,medium,17.2,23.9,61.5,true,2,medium,feature
TASK01676,EMP031,PRJ029,2026-06-01,2026-06-21,,overdue,high,26.0,34.6,,,,high,deployment
TASK01677,EMP031,PRJ025,2026-04-05,2026-05-04,2026-04-13,completed,low,53.6,79.7,69.5,false,0,critical,enhancement
TASK01678,EMP031,PRJ029,2026-02-07,2026-02-14,2026-02-11,completed,medium,28.7,26.8,85.3,false,0,high,review
TASK01679,EMP031,PRJ025,2026-04-16,2026-04-29,2026-04-18,completed,medium,19.6,26.1,70.7,false,0,high,deployment
TASK01680,EMP032,PRJ012,2026-01-13,2026-01-20,,overdue,high,12.4,11.2,,,,medium,design
TASK01681,EMP032,PRJ012,2026-04-05,2026-04-12,2026-04-06,completed,low,13.4,17.9,71.1,false,0,medium,bug_fix
TASK01682,EMP032,PRJ012,2026-02-10,2026-02-20,2026-02-19,completed,high,11.1,13.3,92.1,false,0,medium,deployment
TASK01683,EMP032,PRJ012,2026-01-24,2026-01-27,2026-01-25,completed,high,6.6,5.9,89.5,false,0,low,feature
TASK01684,EMP032,PRJ012,2026-04-06,2026-05-02,,in_progress,high,39.5,40.2,,,,critical,documentation
TASK01685,EMP032,PRJ012,2026-01-14,2026-01-17,2026-01-16,completed,low,4.2,4.5,74.3,false,0,low,documentation
TASK01686,EMP032,PRJ012,2026-01-25,2026-02-11,2026-02-01,completed,medium,37.3,28.0,93.4,false,0,high,testing
TASK01687,EMP032,PRJ012,2026-01-01,2026-01-17,2026-01-11,completed,medium,31.1,33.4,91.4,false,0,high,enhancement
TASK01688,EMP032,PRJ012,2026-06-17,2026-06-21,,in_progress,medium,17.9,25.4,,,,medium,design
TASK01689,EMP032,PRJ012,2026-05-19,2026-05-23,2026-05-21,completed,low,4.9,4.4,82.3,false,0,low,bug_fix
TASK01690,EMP032,PRJ012,2026-04-23,2026-04-27,2026-04-23,completed,high,16.7,20.1,96.5,true,2,medium,feature
TASK01691,EMP032,PRJ012,2026-04-06,2026-04-09,,in_progress,high,4.6,3.9,,,,low,maintenance
TASK01692,EMP032,PRJ012,2026-06-22,2026-06-27,,overdue,medium,14.4,11.1,,,,medium,testing
TASK01693,EMP032,PRJ012,2026-05-26,2026-05-29,2026-05-29,completed,low,4.6,5.3,77.2,true,3,low,bug_fix
TASK01694,EMP032,PRJ012,2026-04-08,2026-04-27,2026-04-15,completed,medium,18.6,14.6,85.8,false,0,high,maintenance
TASK01695,EMP032,PRJ012,2026-01-02,2026-01-09,,in_progress,high,33.1,40.5,,,,high,deployment
TASK01696,EMP032,PRJ012,2026-02-11,2026-02-19,2026-02-21,completed,medium,13.1,9.5,83.5,false,0,medium,maintenance
TASK01697,EMP032,PRJ012,2026-03-17,2026-03-22,2026-03-21,completed,medium,15.6,19.1,92.0,false,0,medium,deployment
TASK01698,EMP032,PRJ012,2026-01-03,2026-01-05,2026-01-09,completed,medium,6.7,5.4,76.4,false,0,low,review
TASK01699,EMP032,PRJ012,2026-06-20,2026-06-28,2026-06-28,completed,medium,19.9,28.2,90.6,true,2,medium,design
TASK01700,EMP032,PRJ012,2026-02-19,2026-02-22,2026-02-21,completed,low,7.4,8.6,82.6,false,0,low,review
TASK01701,EMP032,PRJ012,2026-06-13,2026-06-16,2026-06-13,completed,high,5.0,7.3,85.6,false,0,low,research
TASK01702,EMP032,PRJ012,2026-03-02,2026-03-12,2026-03-03,completed,medium,16.0,20.4,83.2,false,0,medium,feature
TASK01703,EMP032,PRJ012,2026-06-16,2026-07-01,2026-06-28,completed,high,16.8,18.6,78.7,false,0,high,testing
TASK01704,EMP032,PRJ012,2026-03-29,2026-04-06,2026-04-10,completed,medium,10.8,7.8,78.4,false,0,medium,testing
TASK01705,EMP032,PRJ012,2026-01-27,2026-01-30,2026-01-29,completed,high,3.0,3.4,81.4,false,0,low,deployment
TASK01706,EMP032,PRJ012,2026-01-16,2026-01-20,2026-01-19,completed,high,4.4,4.6,79.1,false,0,low,review
TASK01707,EMP032,PRJ012,2026-06-12,2026-06-19,,in_progress,medium,22.8,16.7,,,,high,bug_fix
TASK01708,EMP032,PRJ012,2026-05-13,2026-06-01,2026-05-31,completed,high,33.6,45.7,88.9,false,0,high,feature
TASK01709,EMP032,PRJ012,2026-02-20,2026-02-22,2026-02-20,completed,low,4.5,4.4,81.1,false,0,low,feature
TASK01710,EMP032,PRJ012,2026-03-11,2026-03-15,2026-03-12,completed,high,7.9,7.2,85.5,false,0,low,bug_fix
TASK01711,EMP032,PRJ012,2026-01-04,2026-01-09,2026-01-05,completed,urgent,4.2,5.8,96.9,false,0,low,enhancement
TASK01712,EMP032,PRJ012,2026-01-13,2026-01-22,2026-01-17,completed,medium,22.6,32.4,79.5,false,0,high,research
TASK01713,EMP032,PRJ012,2026-01-14,2026-01-19,2026-01-14,completed,low,7.1,10.0,83.2,false,0,low,feature
TASK01714,EMP032,PRJ012,2026-06-02,2026-06-06,2026-06-07,completed,low,10.1,11.2,95.4,false,0,medium,bug_fix
TASK01715,EMP032,PRJ012,2026-03-29,2026-04-03,2026-04-06,completed,high,14.0,15.6,81.7,false,0,medium,feature
TASK01716,EMP032,PRJ012,2026-06-16,2026-06-19,2026-06-16,completed,medium,7.6,10.2,72.0,false,0,low,enhancement
TASK01717,EMP032,PRJ012,2026-03-20,2026-03-28,2026-03-25,completed,high,15.2,22.0,92.7,false,0,medium,deployment
TASK01718,EMP032,PRJ012,2026-02-17,2026-02-22,2026-02-21,completed,medium,9.6,8.6,89.0,false,0,medium,maintenance
TASK01719,EMP032,PRJ012,2026-05-07,2026-05-17,2026-05-16,completed,medium,19.6,19.4,78.8,false,0,medium,maintenance
TASK01720,EMP032,PRJ012,2026-05-15,2026-05-19,2026-05-17,completed,low,6.9,5.9,88.4,false,0,low,research
TASK01721,EMP032,PRJ012,2026-01-19,2026-02-08,2026-01-20,completed,high,27.9,33.1,78.0,false,0,high,maintenance
TASK01722,EMP032,PRJ012,2026-05-14,2026-05-23,2026-05-19,completed,medium,18.3,18.4,94.7,false,0,medium,maintenance
TASK01723,EMP032,PRJ012,2026-02-13,2026-03-02,2026-02-24,completed,high,35.9,40.6,73.6,false,0,high,enhancement
TASK01724,EMP032,PRJ012,2026-04-24,2026-05-03,2026-04-30,completed,high,16.3,15.0,73.8,false,0,medium,maintenance
TASK01725,EMP032,PRJ012,2026-05-07,2026-05-15,,overdue,high,17.8,12.9,,,,medium,documentation
TASK01726,EMP032,PRJ012,2026-06-17,2026-06-23,2026-06-17,completed,medium,20.0,18.3,93.0,false,0,medium,review
TASK01727,EMP032,PRJ012,2026-01-21,2026-01-25,2026-01-25,completed,high,3.1,4.1,84.3,false,0,low,testing
TASK01728,EMP032,PRJ012,2026-04-21,2026-04-25,2026-04-21,completed,high,17.1,23.6,94.8,false,0,medium,research
TASK01729,EMP032,PRJ012,2026-01-04,2026-01-13,2026-01-09,completed,high,18.2,13.5,87.7,false,0,medium,deployment
TASK01730,EMP032,PRJ012,2026-04-12,2026-04-18,2026-04-16,completed,medium,17.9,20.6,80.2,false,0,medium,maintenance
TASK01731,EMP032,PRJ012,2026-06-22,2026-06-25,2026-06-30,completed,medium,4.8,4.2,82.7,false,0,low,testing
TASK01732,EMP032,PRJ012,2026-05-16,2026-05-26,2026-05-25,completed,high,20.2,17.3,82.1,false,0,high,documentation
TASK01733,EMP032,PRJ012,2026-04-26,2026-05-03,,in_progress,urgent,36.0,48.6,,,,high,bug_fix
TASK01734,EMP032,PRJ012,2026-04-26,2026-04-29,,overdue,urgent,6.8,8.0,,,,low,testing
TASK01735,EMP032,PRJ012,2026-05-12,2026-05-28,2026-05-22,completed,medium,29.9,42.7,80.6,false,0,high,research
TASK01736,EMP032,PRJ012,2026-06-10,2026-07-10,2026-07-06,completed,high,55.3,66.9,85.1,false,0,critical,deployment
TASK01737,EMP032,PRJ012,2026-01-27,2026-02-03,2026-01-27,completed,low,8.1,10.1,81.2,false,0,medium,testing
TASK01738,EMP033,PRJ025,2026-03-14,2026-04-08,2026-04-12,completed,medium,31.9,37.4,62.6,false,0,critical,testing
TASK01739,EMP033,PRJ025,2026-02-16,2026-03-10,2026-03-05,completed,urgent,34.1,35.4,53.4,false,0,critical,enhancement
TASK01740,EMP033,PRJ025,2026-06-07,2026-06-11,,in_progress,high,11.2,15.6,,,,medium,bug_fix
TASK01741,EMP033,PRJ025,2026-06-09,2026-06-16,2026-06-12,completed,medium,19.8,15.3,48.7,false,0,medium,documentation
TASK01742,EMP033,PRJ025,2026-05-04,2026-05-25,,in_progress,medium,26.5,35.1,,,,high,enhancement
TASK01743,EMP033,PRJ025,2026-01-11,2026-01-19,2026-01-22,completed,medium,8.2,8.3,74.6,false,0,medium,design
TASK01744,EMP033,PRJ025,2026-04-05,2026-04-12,,in_progress,high,15.5,14.6,,,,medium,bug_fix
TASK01745,EMP033,PRJ025,2026-04-24,2026-04-29,2026-05-05,completed,low,11.3,12.8,66.7,false,0,medium,maintenance
TASK01746,EMP033,PRJ025,2026-02-15,2026-03-07,,in_progress,medium,39.6,38.3,,,,high,enhancement
TASK01747,EMP033,PRJ025,2026-04-09,2026-04-13,,in_progress,high,3.0,3.5,,,,low,deployment
TASK01748,EMP033,PRJ025,2026-04-21,2026-04-28,2026-05-02,completed,low,8.8,8.8,53.4,false,0,medium,research
TASK01749,EMP033,PRJ025,2026-01-15,2026-01-20,2026-01-25,completed,high,5.9,8.6,68.7,false,0,low,design
TASK01750,EMP033,PRJ025,2026-01-08,2026-01-13,2026-01-10,completed,low,18.5,25.3,59.5,false,0,medium,enhancement
TASK01751,EMP033,PRJ025,2026-02-20,2026-02-25,,overdue,high,7.2,9.0,,,,low,feature
TASK01752,EMP033,PRJ025,2026-05-26,2026-06-12,2026-05-28,completed,medium,53.6,42.8,67.3,false,0,critical,deployment
TASK01753,EMP033,PRJ025,2026-06-08,2026-06-13,2026-06-10,completed,medium,6.1,6.9,61.3,false,0,medium,maintenance
TASK01754,EMP033,PRJ025,2026-01-07,2026-01-12,,overdue,low,9.7,13.1,,,,medium,research
TASK01755,EMP033,PRJ025,2026-03-24,2026-03-26,,overdue,urgent,4.4,4.4,,,,low,deployment
TASK01756,EMP033,PRJ025,2026-03-02,2026-03-20,2026-03-13,completed,medium,19.4,15.3,61.9,false,0,high,deployment
TASK01757,EMP033,PRJ025,2026-04-18,2026-04-23,,in_progress,low,7.8,8.0,,,,low,documentation
TASK01758,EMP033,PRJ025,2026-05-31,2026-06-20,2026-06-22,completed,medium,39.4,42.7,63.5,false,0,high,documentation
TASK01759,EMP033,PRJ025,2026-06-04,2026-06-08,,in_progress,high,3.9,3.9,,,,low,feature
TASK01760,EMP033,PRJ025,2026-05-28,2026-06-01,,overdue,high,5.8,4.5,,,,low,design
TASK01761,EMP033,PRJ025,2026-04-14,2026-04-22,2026-04-28,completed,medium,27.7,30.8,47.5,false,0,high,review
TASK01762,EMP033,PRJ025,2026-06-04,2026-06-14,,in_progress,low,13.5,13.1,,,,medium,review
TASK01763,EMP033,PRJ025,2026-04-07,2026-04-24,2026-04-25,completed,urgent,19.4,28.8,53.0,false,0,high,maintenance
TASK01764,EMP033,PRJ025,2026-03-20,2026-03-29,,overdue,medium,11.9,8.9,,,,medium,design
TASK01765,EMP033,PRJ025,2026-03-09,2026-03-20,2026-03-26,completed,medium,19.6,20.8,58.2,false,0,high,enhancement
TASK01766,EMP033,PRJ025,2026-05-20,2026-05-22,,in_progress,urgent,5.5,6.5,,,,low,documentation
TASK01767,EMP033,PRJ025,2026-06-08,2026-06-18,2026-06-21,completed,high,16.7,25.0,61.3,false,0,medium,deployment
TASK01768,EMP033,PRJ025,2026-04-29,2026-05-03,2026-04-30,completed,high,8.4,9.7,63.2,false,0,medium,enhancement
TASK01769,EMP033,PRJ025,2026-01-31,2026-02-03,2026-02-03,completed,medium,5.1,7.5,57.8,false,0,low,maintenance
TASK01770,EMP033,PRJ025,2026-03-31,2026-04-04,2026-04-07,completed,medium,7.1,7.6,54.2,false,0,low,deployment
TASK01771,EMP033,PRJ025,2026-01-17,2026-01-25,,in_progress,high,16.3,19.1,,,,medium,bug_fix
TASK01772,EMP033,PRJ025,2026-03-05,2026-03-15,,in_progress,high,12.6,11.1,,,,medium,research
TASK01773,EMP033,PRJ025,2026-02-12,2026-02-27,,overdue,medium,50.3,47.6,,,,critical,feature
TASK01774,EMP033,PRJ025,2026-04-12,2026-04-22,2026-04-12,completed,high,8.1,8.4,49.5,false,0,medium,documentation
TASK01775,EMP033,PRJ025,2026-03-06,2026-03-17,2026-03-21,completed,medium,17.1,18.3,46.2,false,0,high,enhancement
TASK01776,EMP033,PRJ025,2026-04-24,2026-04-28,,in_progress,high,4.8,5.8,,,,low,deployment
TASK01777,EMP033,PRJ025,2026-06-01,2026-06-05,2026-06-04,completed,low,4.4,5.9,50.7,true,3,low,review
TASK01778,EMP033,PRJ025,2026-05-11,2026-05-21,2026-05-28,completed,medium,19.3,26.4,56.4,false,0,medium,bug_fix
TASK01779,EMP033,PRJ025,2026-05-25,2026-05-28,2026-06-04,completed,medium,2.6,2.6,61.2,true,1,low,research
TASK01780,EMP033,PRJ025,2026-03-07,2026-03-12,,in_progress,urgent,8.8,8.7,,,,medium,documentation
TASK01781,EMP033,PRJ025,2026-04-04,2026-04-08,,in_progress,high,6.5,7.1,,,,medium,maintenance
TASK01782,EMP033,PRJ025,2026-05-01,2026-05-05,2026-05-07,completed,medium,7.5,8.6,62.7,false,0,low,feature
TASK01783,EMP033,PRJ025,2026-02-17,2026-03-01,2026-02-19,completed,high,22.6,31.3,67.7,false,0,high,bug_fix
TASK01784,EMP033,PRJ025,2026-04-21,2026-05-09,2026-04-23,completed,medium,34.1,30.8,68.0,false,0,high,research
TASK01785,EMP033,PRJ025,2026-02-10,2026-02-14,,in_progress,low,5.4,7.2,,,,low,research
TASK01786,EMP033,PRJ025,2026-04-15,2026-04-19,2026-04-24,completed,medium,4.5,4.6,63.3,false,0,low,documentation
TASK01787,EMP033,PRJ025,2026-05-02,2026-05-12,,overdue,medium,18.1,16.0,,,,high,bug_fix
TASK01788,EMP033,PRJ025,2026-04-23,2026-04-28,,in_progress,medium,5.2,7.1,,,,low,enhancement
TASK01789,EMP033,PRJ025,2026-05-31,2026-06-07,2026-05-31,completed,medium,18.8,19.7,55.9,true,1,medium,design
TASK01790,EMP033,PRJ025,2026-05-12,2026-06-01,,overdue,urgent,16.4,19.6,,,,high,feature
TASK01791,EMP033,PRJ025,2026-06-23,2026-06-29,2026-06-28,completed,medium,10.1,10.2,63.9,true,2,medium,testing
TASK01792,EMP033,PRJ025,2026-05-03,2026-05-08,2026-05-05,completed,high,6.3,4.5,47.1,false,0,low,enhancement
TASK01793,EMP033,PRJ025,2026-03-16,2026-03-21,2026-03-25,completed,high,12.5,12.9,57.4,false,0,medium,testing
TASK01794,EMP033,PRJ025,2026-03-02,2026-03-15,,overdue,high,23.4,17.1,,,,high,bug_fix
TASK01795,EMP033,PRJ025,2026-06-13,2026-06-17,2026-06-22,completed,low,4.5,4.2,46.5,false,0,low,documentation
TASK01796,EMP033,PRJ025,2026-02-11,2026-02-16,2026-02-12,completed,urgent,3.2,3.1,53.4,false,0,low,design
TASK01797,EMP033,PRJ025,2026-04-24,2026-04-29,2026-04-29,completed,medium,11.2,13.2,59.8,false,0,medium,research
TASK01798,EMP034,PRJ014,2026-01-21,2026-01-25,,in_progress,medium,10.6,11.9,,,,medium,deployment
TASK01799,EMP034,PRJ014,2026-04-14,2026-04-24,,overdue,high,9.3,7.4,,,,medium,documentation
TASK01800,EMP034,PRJ014,2026-05-30,2026-06-03,,in_progress,low,6.3,4.8,,,,low,testing
TASK01801,EMP034,PRJ014,2026-04-28,2026-05-14,2026-05-15,completed,high,37.7,44.8,43.2,false,0,high,bug_fix
TASK01802,EMP034,PRJ014,2026-05-24,2026-05-30,,overdue,low,12.9,17.7,,,,medium,research
TASK01803,EMP034,PRJ014,2026-06-23,2026-07-06,,in_progress,medium,39.6,51.9,,,,high,deployment
TASK01804,EMP034,PRJ014,2026-05-17,2026-05-21,,in_progress,medium,2.1,1.8,,,,low,review
TASK01805,EMP034,PRJ014,2026-03-05,2026-03-14,,overdue,urgent,22.9,32.8,,,,high,maintenance
TASK01806,EMP034,PRJ014,2026-01-05,2026-01-13,,overdue,low,10.5,7.5,,,,medium,review
TASK01807,EMP034,PRJ014,2026-03-22,2026-03-30,,overdue,high,15.7,16.4,,,,medium,maintenance
TASK01808,EMP034,PRJ014,2026-02-09,2026-02-14,,overdue,high,5.3,6.0,,,,low,bug_fix
TASK01809,EMP034,PRJ014,2026-03-04,2026-03-10,,overdue,medium,11.2,16.6,,,,medium,research
TASK01810,EMP034,PRJ014,2026-04-22,2026-04-25,,in_progress,high,6.0,5.9,,,,low,deployment
TASK01811,EMP034,PRJ014,2026-05-17,2026-05-27,,in_progress,high,16.5,21.7,,,,medium,research
TASK01812,EMP034,PRJ014,2026-06-08,2026-06-11,2026-06-08,completed,high,7.2,10.5,55.6,true,3,low,testing
TASK01813,EMP034,PRJ014,2026-02-25,2026-03-04,,overdue,urgent,9.3,6.7,,,,medium,maintenance
TASK01814,EMP034,PRJ014,2026-02-23,2026-02-26,2026-02-28,completed,high,4.1,3.0,49.5,false,0,low,testing
TASK01815,EMP034,PRJ014,2026-04-05,2026-04-19,,overdue,medium,25.2,29.8,,,,high,review
TASK01816,EMP034,PRJ014,2026-01-19,2026-01-24,,in_progress,urgent,6.1,5.4,,,,low,research
TASK01817,EMP034,PRJ014,2026-01-04,2026-01-11,,in_progress,high,14.4,20.5,,,,medium,enhancement
TASK01818,EMP034,PRJ014,2026-01-26,2026-02-10,,overdue,high,43.6,62.2,,,,critical,research
TASK01819,EMP034,PRJ014,2026-02-23,2026-02-28,,in_progress,low,17.6,20.4,,,,medium,bug_fix
TASK01820,EMP034,PRJ014,2026-01-31,2026-02-02,,in_progress,urgent,2.3,3.5,,,,low,research
TASK01821,EMP034,PRJ014,2026-03-30,2026-04-02,2026-03-31,completed,low,4.0,3.8,66.7,true,2,low,deployment
TASK01822,EMP034,PRJ014,2026-03-10,2026-03-13,,in_progress,low,2.2,3.0,,,,low,feature
TASK01823,EMP034,PRJ014,2026-04-27,2026-05-14,,overdue,medium,56.6,82.3,,,,critical,design
TASK01824,EMP034,PRJ014,2026-01-27,2026-02-05,,overdue,medium,16.3,19.7,,,,medium,review
TASK01825,EMP034,PRJ014,2026-06-04,2026-07-03,2026-06-14,completed,medium,48.5,34.9,51.9,false,0,critical,maintenance
TASK01826,EMP034,PRJ014,2026-01-07,2026-01-19,,in_progress,medium,19.7,22.1,,,,high,testing
TASK01827,EMP034,PRJ014,2026-01-27,2026-02-04,,overdue,medium,17.5,23.2,,,,medium,review
TASK01828,EMP034,PRJ014,2026-05-18,2026-05-25,,in_progress,medium,32.7,25.7,,,,high,deployment
TASK01829,EMP034,PRJ014,2026-01-01,2026-01-08,,in_progress,low,19.5,28.3,,,,medium,design
TASK01830,EMP034,PRJ014,2026-05-15,2026-05-20,,overdue,medium,19.9,20.0,,,,medium,maintenance
TASK01831,EMP034,PRJ014,2026-05-04,2026-05-14,,overdue,urgent,25.0,24.5,,,,high,feature
TASK01832,EMP034,PRJ014,2026-06-15,2026-07-02,,assigned,low,18.3,18.1,,,,high,maintenance
TASK01833,EMP034,PRJ014,2026-06-11,2026-06-28,2026-06-17,completed,medium,34.6,33.9,47.4,false,0,high,bug_fix
TASK01834,EMP034,PRJ014,2026-03-09,2026-04-08,,overdue,medium,39.7,36.0,,,,critical,deployment
TASK01835,EMP034,PRJ014,2026-04-10,2026-04-15,,in_progress,low,6.8,8.2,,,,low,maintenance
TASK01836,EMP034,PRJ014,2026-01-27,2026-02-04,2026-02-06,completed,medium,15.9,17.1,60.6,false,0,medium,deployment
TASK01837,EMP034,PRJ014,2026-03-10,2026-03-14,2026-03-10,completed,high,6.8,5.1,43.1,false,0,low,bug_fix
TASK01838,EMP034,PRJ014,2026-04-06,2026-04-15,,in_progress,low,13.7,14.2,,,,medium,design
TASK01839,EMP034,PRJ014,2026-05-13,2026-05-15,,overdue,low,3.4,4.9,,,,low,design
TASK01840,EMP034,PRJ014,2026-04-10,2026-04-28,2026-04-13,completed,medium,35.4,40.8,50.3,false,0,high,bug_fix
TASK01841,EMP034,PRJ014,2026-05-28,2026-06-06,,overdue,medium,19.2,18.6,,,,medium,maintenance
TASK01842,EMP034,PRJ014,2026-06-01,2026-06-03,,overdue,low,4.7,4.3,,,,low,bug_fix
TASK01843,EMP034,PRJ014,2026-03-25,2026-03-31,,overdue,high,8.2,6.9,,,,medium,deployment
TASK01844,EMP034,PRJ014,2026-01-04,2026-01-08,,in_progress,low,13.6,18.1,,,,medium,enhancement
TASK01845,EMP034,PRJ014,2026-02-18,2026-02-23,,in_progress,urgent,2.4,1.8,,,,low,maintenance
TASK01846,EMP034,PRJ014,2026-04-25,2026-04-28,2026-04-26,completed,high,6.7,8.8,52.3,false,0,low,design
TASK01847,EMP034,PRJ014,2026-06-15,2026-06-20,,overdue,high,10.9,14.8,,,,medium,bug_fix
TASK01848,EMP034,PRJ014,2026-01-21,2026-01-25,,overdue,medium,10.5,15.2,,,,medium,review
TASK01849,EMP035,PRJ012,2026-04-30,2026-05-06,,overdue,urgent,8.2,10.9,,,,medium,review
TASK01850,EMP035,PRJ012,2026-03-11,2026-03-17,2026-03-14,completed,urgent,6.6,6.1,70.3,false,0,medium,documentation
TASK01851,EMP035,PRJ012,2026-04-25,2026-05-05,2026-05-05,completed,medium,18.7,25.9,67.5,false,0,medium,review
TASK01852,EMP035,PRJ012,2026-03-17,2026-03-23,2026-03-19,completed,medium,10.0,8.3,76.7,false,0,medium,review
TASK01853,EMP035,PRJ012,2026-05-05,2026-05-08,2026-05-08,completed,high,4.3,5.7,71.0,false,0,low,bug_fix
TASK01854,EMP035,PRJ012,2026-03-09,2026-03-23,2026-03-16,completed,medium,19.8,19.5,78.0,false,0,high,enhancement
TASK01855,EMP035,PRJ012,2026-05-11,2026-05-21,2026-05-14,completed,urgent,11.4,10.3,58.5,false,0,medium,review
TASK01856,EMP035,PRJ012,2026-03-05,2026-03-09,2026-03-06,completed,medium,4.7,5.7,71.1,false,0,low,bug_fix
TASK01857,EMP035,PRJ012,2026-06-01,2026-06-07,2026-06-01,completed,low,13.5,19.0,76.1,false,0,medium,bug_fix
TASK01858,EMP035,PRJ012,2026-05-14,2026-05-18,2026-05-14,completed,low,2.6,3.5,75.5,false,0,low,research
TASK01859,EMP035,PRJ012,2026-06-04,2026-06-07,,in_progress,low,5.8,5.5,,,,low,feature
TASK01860,EMP035,PRJ012,2026-02-18,2026-02-23,,overdue,high,5.7,7.9,,,,low,review
TASK01861,EMP035,PRJ012,2026-02-05,2026-03-05,,overdue,medium,57.8,51.6,,,,critical,documentation
TASK01862,EMP035,PRJ012,2026-05-14,2026-05-24,,overdue,medium,14.1,19.4,,,,medium,bug_fix
TASK01863,EMP035,PRJ012,2026-04-09,2026-05-09,2026-05-09,completed,high,40.0,28.1,65.9,true,2,critical,research
TASK01864,EMP035,PRJ012,2026-03-01,2026-03-11,2026-03-03,completed,medium,32.3,45.3,63.5,false,0,high,review
TASK01865,EMP035,PRJ012,2026-03-31,2026-04-11,,overdue,medium,20.8,25.4,,,,high,enhancement
TASK01866,EMP035,PRJ012,2026-03-07,2026-03-10,2026-03-08,completed,high,3.9,3.6,77.6,false,0,low,design
TASK01867,EMP035,PRJ012,2026-01-10,2026-01-22,2026-01-27,completed,medium,39.5,40.0,72.5,false,0,high,design
TASK01868,EMP035,PRJ012,2026-01-12,2026-01-19,2026-01-16,completed,high,39.0,52.5,78.4,true,2,high,feature
TASK01869,EMP035,PRJ012,2026-04-16,2026-04-25,,overdue,medium,16.9,15.1,,,,medium,feature
TASK01870,EMP035,PRJ012,2026-03-03,2026-03-13,2026-03-20,completed,high,18.1,26.9,73.0,false,0,medium,enhancement
TASK01871,EMP035,PRJ012,2026-01-28,2026-01-30,2026-01-28,completed,high,2.9,2.1,70.3,false,0,low,feature
TASK01872,EMP035,PRJ012,2026-02-18,2026-02-22,2026-02-22,completed,low,5.2,5.6,67.9,false,0,low,deployment
TASK01873,EMP035,PRJ012,2026-05-31,2026-06-05,2026-06-03,completed,medium,6.4,9.3,58.5,false,0,low,deployment
TASK01874,EMP035,PRJ012,2026-02-02,2026-02-09,2026-02-09,completed,high,7.7,9.9,81.5,false,0,medium,enhancement
TASK01875,EMP035,PRJ012,2026-02-19,2026-03-12,2026-03-01,completed,low,34.8,25.1,66.5,true,3,critical,maintenance
TASK01876,EMP035,PRJ012,2026-01-11,2026-01-20,2026-01-14,completed,medium,23.2,21.4,81.7,false,0,high,enhancement
TASK01877,EMP035,PRJ012,2026-02-20,2026-02-25,,overdue,medium,7.6,7.4,,,,medium,feature
TASK01878,EMP035,PRJ012,2026-03-29,2026-04-08,2026-03-30,completed,low,10.8,14.7,75.0,false,0,medium,deployment
TASK01879,EMP035,PRJ012,2026-03-14,2026-03-23,2026-03-14,completed,high,10.9,10.8,73.5,true,3,medium,review
TASK01880,EMP035,PRJ012,2026-01-29,2026-02-09,,overdue,low,24.8,36.2,,,,high,testing
TASK01881,EMP035,PRJ012,2026-03-19,2026-03-29,,overdue,low,11.9,10.5,,,,medium,feature
TASK01882,EMP035,PRJ012,2026-05-03,2026-05-05,2026-05-07,completed,high,2.9,2.5,83.1,false,0,low,testing
TASK01883,EMP035,PRJ012,2026-04-13,2026-04-18,2026-04-13,completed,medium,4.7,3.7,79.7,false,0,low,review
TASK01884,EMP035,PRJ012,2026-05-15,2026-05-30,2026-05-16,completed,medium,23.1,29.7,74.8,false,0,high,review
TASK01885,EMP035,PRJ012,2026-01-08,2026-01-12,,overdue,low,5.6,4.0,,,,low,bug_fix
TASK01886,EMP035,PRJ012,2026-05-14,2026-05-24,,in_progress,medium,6.5,5.3,,,,medium,research
TASK01887,EMP035,PRJ012,2026-01-14,2026-01-18,2026-01-15,completed,urgent,16.9,24.9,61.5,true,2,medium,feature
TASK01888,EMP035,PRJ012,2026-05-08,2026-05-11,,in_progress,low,3.9,5.6,,,,low,design
TASK01889,EMP035,PRJ012,2026-01-09,2026-01-16,2026-01-21,completed,high,23.6,21.6,86.8,false,0,high,feature
TASK01890,EMP035,PRJ012,2026-06-02,2026-06-12,2026-06-07,completed,high,8.3,6.8,81.5,false,0,medium,testing
TASK01891,EMP035,PRJ012,2026-06-12,2026-06-15,,overdue,high,6.2,7.2,,,,low,enhancement
TASK01892,EMP035,PRJ012,2026-02-07,2026-02-20,2026-02-16,completed,medium,27.8,38.6,79.0,true,3,high,documentation
TASK01893,EMP035,PRJ012,2026-01-25,2026-02-20,,overdue,high,50.2,62.4,,,,critical,deployment
TASK01894,EMP035,PRJ012,2026-01-15,2026-02-04,2026-01-30,completed,medium,38.8,27.8,70.6,false,0,high,design
TASK01895,EMP035,PRJ012,2026-02-28,2026-03-13,,in_progress,high,30.3,29.4,,,,high,feature
TASK01896,EMP036,PRJ012,2026-05-21,2026-05-23,2026-05-21,completed,urgent,4.5,5.7,79.5,false,0,low,maintenance
TASK01897,EMP036,PRJ012,2026-04-23,2026-05-01,2026-04-24,completed,medium,16.7,16.1,93.9,false,0,medium,feature
TASK01898,EMP036,PRJ012,2026-03-13,2026-03-17,2026-03-17,completed,high,5.0,3.7,87.4,false,0,low,deployment
TASK01899,EMP036,PRJ012,2026-03-16,2026-03-26,2026-03-18,completed,urgent,11.0,11.8,82.7,false,0,medium,feature
TASK01900,EMP036,PRJ012,2026-02-23,2026-03-03,2026-03-02,completed,medium,6.0,4.8,86.1,false,0,medium,deployment
TASK01901,EMP036,PRJ012,2026-01-22,2026-01-28,2026-01-23,completed,high,11.5,9.3,92.8,false,0,medium,bug_fix
TASK01902,EMP036,PRJ012,2026-03-29,2026-03-31,2026-03-31,completed,medium,5.9,6.0,81.9,false,0,low,review
TASK01903,EMP036,PRJ012,2026-02-19,2026-02-27,2026-02-22,completed,medium,9.8,9.9,89.3,false,0,medium,feature
TASK01904,EMP036,PRJ012,2026-05-12,2026-05-22,2026-05-24,completed,medium,16.9,13.9,85.2,false,0,medium,documentation
TASK01905,EMP036,PRJ012,2026-04-13,2026-05-02,,in_progress,medium,34.9,36.4,,,,high,testing
TASK01906,EMP036,PRJ012,2026-05-09,2026-05-19,,in_progress,medium,7.8,11.0,,,,medium,design
TASK01907,EMP036,PRJ012,2026-02-19,2026-02-27,2026-02-24,completed,medium,16.5,23.3,84.8,false,0,medium,bug_fix
TASK01908,EMP036,PRJ012,2026-06-19,2026-07-12,,assigned,high,53.9,72.3,,,,critical,documentation
TASK01909,EMP036,PRJ012,2026-03-23,2026-03-27,2026-03-30,completed,medium,5.6,8.1,74.8,false,0,low,documentation
TASK01910,EMP036,PRJ012,2026-01-12,2026-01-27,2026-01-24,completed,medium,17.4,18.5,88.1,false,0,high,documentation
TASK01911,EMP036,PRJ012,2026-01-18,2026-01-20,2026-01-20,completed,low,7.8,8.1,80.5,false,0,low,design
TASK01912,EMP036,PRJ012,2026-01-20,2026-01-24,2026-01-22,completed,low,12.3,14.4,79.0,true,3,medium,testing
TASK01913,EMP036,PRJ012,2026-06-23,2026-07-03,2026-06-26,completed,medium,17.9,16.6,87.4,false,0,medium,bug_fix
TASK01914,EMP036,PRJ012,2026-04-26,2026-05-01,2026-04-28,completed,urgent,7.3,8.5,85.3,true,2,low,design
TASK01915,EMP036,PRJ012,2026-06-04,2026-06-09,2026-06-09,completed,high,10.6,13.4,87.2,false,0,medium,feature
TASK01916,EMP036,PRJ012,2026-05-24,2026-06-04,,in_progress,medium,37.0,41.2,,,,high,review
TASK01917,EMP036,PRJ012,2026-02-27,2026-03-02,2026-02-27,completed,medium,6.9,8.8,78.3,false,0,low,maintenance
TASK01918,EMP036,PRJ012,2026-05-19,2026-05-28,2026-05-29,completed,medium,36.2,37.0,78.6,false,0,high,bug_fix
TASK01919,EMP036,PRJ012,2026-02-24,2026-02-28,2026-02-24,completed,high,7.2,7.3,78.3,false,0,medium,design
TASK01920,EMP036,PRJ012,2026-05-03,2026-05-19,,in_progress,low,17.8,18.1,,,,high,research
TASK01921,EMP036,PRJ012,2026-06-13,2026-06-17,2026-06-13,completed,urgent,6.0,5.5,77.4,false,0,low,review
TASK01922,EMP036,PRJ012,2026-01-25,2026-02-18,2026-02-07,completed,low,55.7,44.2,91.3,false,0,critical,bug_fix
TASK01923,EMP036,PRJ012,2026-03-18,2026-03-22,2026-03-18,completed,urgent,8.7,8.9,73.9,false,0,medium,testing
TASK01924,EMP036,PRJ012,2026-03-16,2026-03-23,2026-03-18,completed,low,11.0,9.6,82.0,false,0,medium,review
TASK01925,EMP036,PRJ012,2026-04-10,2026-04-25,,in_progress,medium,37.0,29.4,,,,high,deployment
TASK01926,EMP036,PRJ012,2026-02-03,2026-02-21,2026-02-08,completed,medium,29.5,38.7,75.2,false,0,high,testing
TASK01927,EMP036,PRJ012,2026-04-21,2026-04-29,2026-04-21,completed,high,18.6,27.2,82.8,false,0,medium,testing
TASK01928,EMP036,PRJ012,2026-03-18,2026-03-26,2026-03-24,completed,low,12.1,10.4,76.1,false,0,medium,review
TASK01929,EMP036,PRJ012,2026-03-03,2026-03-07,2026-03-06,completed,medium,12.9,17.7,91.4,false,0,medium,maintenance
TASK01930,EMP036,PRJ012,2026-06-04,2026-06-25,2026-06-06,completed,urgent,27.8,21.3,81.6,false,0,high,documentation
TASK01931,EMP036,PRJ012,2026-01-05,2026-01-14,2026-01-05,completed,medium,14.5,21.4,75.2,false,0,medium,enhancement
TASK01932,EMP036,PRJ012,2026-06-23,2026-07-16,2026-06-26,completed,urgent,59.0,75.1,86.4,false,0,critical,feature
TASK01933,EMP036,PRJ012,2026-06-13,2026-06-23,2026-06-20,completed,high,34.8,34.4,87.3,false,0,high,bug_fix
TASK01934,EMP036,PRJ012,2026-06-23,2026-07-01,2026-07-01,completed,medium,13.4,11.5,84.6,false,0,medium,design
TASK01935,EMP036,PRJ012,2026-02-19,2026-02-27,2026-02-27,completed,medium,12.6,16.1,71.2,false,0,medium,testing
TASK01936,EMP036,PRJ012,2026-03-12,2026-03-17,2026-03-23,completed,low,2.3,3.4,72.1,false,0,low,feature
TASK01937,EMP036,PRJ012,2026-06-23,2026-07-03,2026-07-02,completed,low,18.4,13.7,76.1,false,0,medium,documentation
TASK01938,EMP036,PRJ012,2026-02-01,2026-02-11,2026-02-11,completed,urgent,7.5,11.2,74.4,true,2,medium,maintenance
TASK01939,EMP036,PRJ012,2026-05-13,2026-05-16,2026-05-14,completed,low,6.2,9.2,78.6,false,0,low,documentation
TASK01940,EMP036,PRJ012,2026-05-10,2026-05-19,2026-05-10,completed,high,10.3,15.2,82.0,true,3,medium,enhancement
TASK01941,EMP036,PRJ012,2026-04-22,2026-05-01,,in_progress,low,10.6,13.8,,,,medium,maintenance
TASK01942,EMP036,PRJ012,2026-04-06,2026-04-11,2026-04-10,completed,medium,10.4,11.7,84.5,false,0,medium,enhancement
TASK01943,EMP036,PRJ012,2026-02-09,2026-02-18,2026-02-20,completed,high,12.4,12.5,74.4,false,0,medium,testing
TASK01944,EMP036,PRJ012,2026-01-16,2026-01-18,2026-01-18,completed,medium,7.3,10.4,81.0,false,0,low,enhancement
TASK01945,EMP036,PRJ012,2026-05-03,2026-06-01,2026-05-23,completed,high,52.2,37.2,79.9,false,0,critical,research
TASK01946,EMP036,PRJ012,2026-03-16,2026-03-24,2026-03-21,completed,low,8.4,11.8,78.6,true,1,medium,research
TASK01947,EMP036,PRJ012,2026-03-14,2026-03-17,,overdue,high,7.7,10.9,,,,low,research
TASK01948,EMP036,PRJ012,2026-06-23,2026-06-27,2026-06-25,completed,low,14.2,10.0,91.7,false,0,medium,deployment
TASK01949,EMP036,PRJ012,2026-02-03,2026-02-07,2026-02-05,completed,medium,7.2,8.1,84.0,true,2,low,review
TASK01950,EMP036,PRJ012,2026-01-13,2026-01-16,2026-01-16,completed,medium,6.4,7.2,77.4,true,1,low,research
TASK01951,EMP036,PRJ012,2026-06-15,2026-06-19,2026-06-19,completed,medium,6.9,6.4,75.2,false,0,low,documentation
TASK01952,EMP036,PRJ012,2026-03-12,2026-03-21,2026-03-12,completed,medium,10.9,9.9,71.2,false,0,medium,enhancement
TASK01953,EMP036,PRJ012,2026-02-14,2026-03-04,2026-03-01,completed,medium,48.8,46.7,84.2,false,0,critical,deployment
TASK01954,EMP036,PRJ012,2026-02-09,2026-02-18,2026-02-15,completed,low,23.4,32.8,83.5,false,0,high,bug_fix
TASK01955,EMP036,PRJ012,2026-05-12,2026-05-16,2026-05-13,completed,urgent,11.8,11.5,79.6,false,0,medium,deployment
TASK01956,EMP036,PRJ012,2026-06-10,2026-06-14,2026-06-11,completed,medium,6.3,8.2,76.6,false,0,low,review
TASK01957,EMP036,PRJ012,2026-04-16,2026-04-21,2026-04-18,completed,medium,7.7,6.5,80.6,false,0,low,research
TASK01958,EMP036,PRJ012,2026-03-15,2026-03-18,2026-03-17,completed,high,6.7,8.9,81.1,true,2,low,research
TASK01959,EMP036,PRJ012,2026-02-24,2026-03-21,2026-03-02,completed,low,31.9,42.7,79.3,false,0,critical,feature
TASK01960,EMP037,PRJ012,2026-06-11,2026-06-13,2026-06-12,completed,urgent,3.7,3.9,56.9,false,0,low,enhancement
TASK01961,EMP037,PRJ012,2026-03-18,2026-03-25,2026-03-22,completed,low,11.4,10.4,55.6,false,0,medium,research
TASK01962,EMP037,PRJ025,2026-01-09,2026-01-12,,in_progress,medium,6.0,8.0,,,,low,feature
TASK01963,EMP037,PRJ025,2026-05-18,2026-06-06,,overdue,high,18.0,17.5,,,,high,enhancement
TASK01964,EMP037,PRJ025,2026-06-04,2026-06-23,2026-06-19,completed,low,39.2,39.2,67.6,false,0,high,research
TASK01965,EMP037,PRJ012,2026-02-10,2026-02-17,,overdue,medium,19.0,20.5,,,,medium,documentation
TASK01966,EMP037,PRJ025,2026-06-12,2026-06-17,2026-06-13,completed,low,7.0,8.8,57.5,false,0,low,feature
TASK01967,EMP037,PRJ025,2026-05-01,2026-05-10,2026-05-03,completed,medium,21.6,25.9,71.5,false,0,high,maintenance
TASK01968,EMP037,PRJ025,2026-03-08,2026-03-11,2026-03-16,completed,medium,6.9,7.2,68.4,true,3,low,bug_fix
TASK01969,EMP037,PRJ012,2026-05-31,2026-06-16,,in_progress,medium,28.8,34.1,,,,high,enhancement
TASK01970,EMP037,PRJ025,2026-05-06,2026-05-09,,in_progress,urgent,2.8,2.4,,,,low,research
TASK01971,EMP037,PRJ025,2026-04-03,2026-04-05,,overdue,low,6.2,8.0,,,,low,testing
TASK01972,EMP037,PRJ025,2026-03-24,2026-04-10,,in_progress,medium,33.9,26.1,,,,high,review
TASK01973,EMP037,PRJ025,2026-03-26,2026-04-21,,in_progress,medium,43.0,62.5,,,,critical,maintenance
TASK01974,EMP037,PRJ025,2026-04-16,2026-04-24,,in_progress,high,16.4,15.3,,,,medium,bug_fix
TASK01975,EMP037,PRJ025,2026-02-09,2026-02-14,,overdue,low,12.6,10.7,,,,medium,design
TASK01976,EMP037,PRJ012,2026-06-21,2026-07-05,2026-07-02,completed,low,38.0,36.1,48.8,true,2,high,testing
TASK01977,EMP037,PRJ012,2026-02-25,2026-03-01,,in_progress,urgent,8.8,8.0,,,,medium,bug_fix
TASK01978,EMP037,PRJ025,2026-03-08,2026-03-19,2026-03-21,completed,medium,31.2,28.2,63.7,false,0,high,design
TASK01979,EMP037,PRJ012,2026-02-14,2026-03-16,,overdue,urgent,46.7,45.3,,,,critical,documentation
TASK01980,EMP037,PRJ012,2026-05-13,2026-05-30,2026-06-05,completed,medium,38.7,48.8,64.7,true,2,critical,research
TASK01981,EMP037,PRJ012,2026-04-17,2026-04-24,,in_progress,high,11.2,11.7,,,,medium,enhancement
TASK01982,EMP037,PRJ012,2026-03-11,2026-03-13,,in_progress,medium,4.6,6.5,,,,low,bug_fix
TASK01983,EMP037,PRJ012,2026-06-13,2026-06-19,,in_progress,medium,7.7,10.6,,,,medium,research
TASK01984,EMP037,PRJ025,2026-03-14,2026-03-19,,overdue,high,14.2,12.1,,,,medium,bug_fix
TASK01985,EMP037,PRJ012,2026-02-08,2026-02-13,,in_progress,medium,12.8,12.7,,,,medium,deployment
TASK01986,EMP037,PRJ012,2026-02-06,2026-02-13,2026-02-11,completed,medium,19.8,23.5,59.3,false,0,medium,testing
TASK01987,EMP037,PRJ012,2026-04-19,2026-04-27,,overdue,high,10.7,8.5,,,,medium,maintenance
TASK01988,EMP037,PRJ012,2026-06-07,2026-06-10,2026-06-08,completed,medium,3.3,2.4,68.2,false,0,low,feature
TASK01989,EMP037,PRJ025,2026-02-10,2026-02-22,,overdue,urgent,27.2,38.2,,,,high,maintenance
TASK01990,EMP037,PRJ025,2026-03-24,2026-03-26,2026-03-24,completed,low,5.9,6.5,58.8,true,1,low,maintenance
TASK01991,EMP037,PRJ012,2026-02-05,2026-02-07,2026-02-07,completed,low,2.9,2.7,64.8,false,0,low,documentation
TASK01992,EMP037,PRJ025,2026-05-10,2026-05-15,2026-05-17,completed,medium,5.7,8.1,71.2,false,0,low,deployment
TASK01993,EMP037,PRJ025,2026-01-17,2026-01-23,,in_progress,low,16.0,11.7,,,,medium,testing
TASK01994,EMP037,PRJ012,2026-03-16,2026-04-06,,in_progress,urgent,56.5,67.9,,,,critical,design
TASK01995,EMP037,PRJ012,2026-01-24,2026-02-08,,overdue,medium,32.0,45.9,,,,high,design
TASK01996,EMP037,PRJ012,2026-04-13,2026-05-07,,overdue,medium,34.2,48.9,,,,critical,research
TASK01997,EMP037,PRJ012,2026-05-14,2026-05-23,2026-05-26,completed,medium,13.9,10.0,58.1,false,0,medium,documentation
TASK01998,EMP037,PRJ025,2026-05-03,2026-05-05,2026-05-04,completed,medium,7.4,8.6,53.6,true,2,low,deployment
TASK01999,EMP037,PRJ012,2026-03-02,2026-03-19,,in_progress,urgent,35.5,48.9,,,,critical,research
TASK02000,EMP037,PRJ012,2026-01-02,2026-01-06,2026-01-12,completed,low,7.5,6.7,69.5,false,0,medium,bug_fix
TASK02001,EMP037,PRJ012,2026-02-23,2026-02-26,,overdue,low,6.1,9.2,,,,low,bug_fix
TASK02002,EMP037,PRJ012,2026-04-21,2026-04-24,,in_progress,high,2.3,3.3,,,,low,research
TASK02003,EMP037,PRJ025,2026-04-17,2026-04-21,2026-04-28,completed,urgent,7.1,6.7,63.3,false,0,low,review
TASK02004,EMP037,PRJ012,2026-03-18,2026-03-28,,in_progress,medium,16.7,19.4,,,,medium,testing
TASK02005,EMP037,PRJ025,2026-05-05,2026-05-19,2026-05-18,completed,urgent,36.7,38.1,56.7,true,1,high,deployment
TASK02006,EMP037,PRJ025,2026-06-08,2026-06-15,,overdue,high,13.6,14.1,,,,medium,research
TASK02007,EMP037,PRJ025,2026-01-01,2026-01-09,2026-01-07,completed,high,31.3,34.3,75.6,false,0,high,documentation
TASK02008,EMP037,PRJ025,2026-01-25,2026-02-11,2026-02-16,completed,low,30.2,26.6,62.6,false,0,high,design
TASK02009,EMP037,PRJ025,2026-05-27,2026-06-01,,overdue,low,15.6,11.7,,,,medium,bug_fix
TASK02010,EMP037,PRJ025,2026-06-20,2026-06-25,2026-06-25,completed,high,9.5,11.5,67.1,false,0,medium,bug_fix
TASK02011,EMP037,PRJ025,2026-06-16,2026-07-09,2026-07-12,completed,medium,44.7,53.7,72.3,false,0,critical,deployment
TASK02012,EMP037,PRJ025,2026-03-11,2026-03-17,2026-03-11,completed,urgent,13.7,15.9,75.3,false,0,medium,deployment
TASK02013,EMP037,PRJ012,2026-04-13,2026-04-15,,in_progress,high,6.0,6.5,,,,low,feature
TASK02014,EMP037,PRJ025,2026-05-30,2026-06-06,,overdue,medium,7.9,7.0,,,,medium,bug_fix
TASK02015,EMP037,PRJ012,2026-01-07,2026-01-31,,overdue,urgent,51.3,44.1,,,,critical,research
TASK02016,EMP037,PRJ025,2026-05-26,2026-06-10,,overdue,high,32.6,38.8,,,,high,enhancement
TASK02017,EMP038,PRJ012,2026-01-25,2026-01-30,2026-01-29,completed,low,3.0,2.6,90.2,false,0,low,enhancement
TASK02018,EMP038,PRJ012,2026-01-13,2026-02-02,,overdue,high,17.3,13.7,,,,high,feature
TASK02019,EMP038,PRJ012,2026-02-06,2026-02-14,2026-02-09,completed,low,14.7,16.1,92.3,false,0,medium,review
TASK02020,EMP038,PRJ012,2026-03-07,2026-03-12,2026-03-11,completed,high,7.9,11.0,72.0,true,2,low,maintenance
TASK02021,EMP038,PRJ012,2026-06-07,2026-06-11,2026-06-17,completed,medium,10.0,9.7,77.2,false,0,medium,documentation
TASK02022,EMP038,PRJ012,2026-02-09,2026-03-01,2026-02-27,completed,low,21.9,16.8,81.3,false,0,high,design
TASK02023,EMP038,PRJ012,2026-05-11,2026-06-08,2026-06-06,completed,low,57.3,59.0,73.6,true,2,critical,maintenance
TASK02024,EMP038,PRJ012,2026-05-31,2026-06-04,2026-06-11,completed,medium,3.6,3.6,85.3,false,0,low,feature
TASK02025,EMP038,PRJ012,2026-01-07,2026-01-10,2026-01-10,completed,high,7.9,11.8,90.2,false,0,low,bug_fix
TASK02026,EMP038,PRJ012,2026-03-06,2026-03-16,2026-03-20,completed,high,39.9,30.1,81.4,false,0,high,research
TASK02027,EMP038,PRJ012,2026-02-25,2026-03-18,2026-03-03,completed,urgent,36.5,52.7,88.9,false,0,high,enhancement
TASK02028,EMP038,PRJ012,2026-02-27,2026-03-03,2026-03-03,completed,medium,2.5,3.0,70.4,false,0,low,enhancement
TASK02029,EMP038,PRJ012,2026-05-08,2026-05-18,,in_progress,high,19.2,22.1,,,,high,research
TASK02030,EMP038,PRJ012,2026-06-02,2026-06-07,2026-06-02,completed,medium,9.8,7.7,92.7,false,0,medium,documentation
TASK02031,EMP038,PRJ012,2026-02-04,2026-02-07,,overdue,medium,3.4,3.3,,,,low,maintenance
TASK02032,EMP038,PRJ012,2026-06-03,2026-06-22,2026-06-05,completed,urgent,59.7,45.8,85.4,false,0,critical,maintenance
TASK02033,EMP038,PRJ012,2026-05-07,2026-05-15,2026-05-09,completed,medium,12.0,12.9,76.6,false,0,medium,bug_fix
TASK02034,EMP038,PRJ012,2026-01-09,2026-01-13,,overdue,urgent,4.3,4.3,,,,low,bug_fix
TASK02035,EMP038,PRJ012,2026-02-28,2026-03-13,,overdue,urgent,30.2,39.1,,,,high,documentation
TASK02036,EMP038,PRJ012,2026-01-14,2026-01-19,2026-01-16,completed,high,2.9,3.2,93.4,false,0,low,documentation
TASK02037,EMP038,PRJ012,2026-04-21,2026-04-28,2026-04-25,completed,medium,11.0,15.1,80.8,false,0,medium,enhancement
TASK02038,EMP038,PRJ012,2026-05-04,2026-05-14,2026-05-06,completed,high,15.0,15.0,82.2,false,0,medium,documentation
TASK02039,EMP038,PRJ012,2026-01-22,2026-01-28,2026-01-30,completed,high,15.2,21.9,89.4,false,0,medium,bug_fix
TASK02040,EMP038,PRJ012,2026-03-13,2026-03-30,2026-03-23,completed,high,16.5,24.6,86.9,false,0,high,documentation
TASK02041,EMP038,PRJ012,2026-03-08,2026-03-14,2026-03-11,completed,high,12.3,13.7,87.7,false,0,medium,maintenance
TASK02042,EMP038,PRJ012,2026-06-22,2026-07-02,2026-06-29,completed,high,15.7,14.3,87.3,false,0,medium,bug_fix
TASK02043,EMP038,PRJ012,2026-06-04,2026-06-22,2026-06-15,completed,medium,42.4,32.2,90.3,false,0,critical,design
TASK02044,EMP038,PRJ012,2026-03-31,2026-04-04,,overdue,low,17.4,23.8,,,,medium,review
TASK02045,EMP038,PRJ012,2026-06-18,2026-06-21,2026-06-19,completed,high,4.6,3.6,89.0,false,0,low,review
TASK02046,EMP038,PRJ012,2026-04-28,2026-05-05,2026-05-11,completed,medium,12.7,11.8,86.6,false,0,medium,feature
TASK02047,EMP038,PRJ012,2026-01-15,2026-01-20,,overdue,medium,3.3,4.5,,,,low,bug_fix
TASK02048,EMP038,PRJ012,2026-02-08,2026-02-24,,overdue,medium,32.9,42.3,,,,high,maintenance
TASK02049,EMP038,PRJ012,2026-03-10,2026-03-18,2026-03-20,completed,high,38.0,37.6,88.5,false,0,high,maintenance
TASK02050,EMP038,PRJ012,2026-03-07,2026-03-20,2026-03-11,completed,low,38.5,28.0,88.3,false,0,high,enhancement
TASK02051,EMP038,PRJ012,2026-02-10,2026-03-04,,in_progress,high,34.3,50.5,,,,critical,enhancement
TASK02052,EMP038,PRJ012,2026-02-25,2026-03-01,2026-03-01,completed,urgent,4.2,5.6,81.1,false,0,low,deployment
TASK02053,EMP038,PRJ012,2026-04-19,2026-05-07,2026-04-26,completed,medium,23.4,23.7,76.7,false,0,high,research
TASK02054,EMP038,PRJ012,2026-02-14,2026-02-23,2026-02-28,completed,urgent,8.2,7.8,76.0,false,0,medium,design
TASK02055,EMP038,PRJ012,2026-03-19,2026-04-08,2026-03-25,completed,medium,37.4,40.1,81.7,false,0,critical,deployment
TASK02056,EMP038,PRJ012,2026-03-24,2026-03-28,,overdue,medium,6.4,6.0,,,,low,deployment
TASK02057,EMP038,PRJ012,2026-03-25,2026-04-03,2026-03-27,completed,medium,24.6,32.3,87.0,false,0,high,testing
TASK02058,EMP038,PRJ012,2026-06-21,2026-07-01,2026-07-07,completed,low,14.9,14.1,89.4,false,0,medium,bug_fix
TASK02059,EMP038,PRJ012,2026-01-21,2026-01-27,2026-01-27,completed,low,7.5,10.5,71.2,false,0,medium,testing
TASK02060,EMP038,PRJ012,2026-04-05,2026-04-12,2026-04-07,completed,low,34.9,40.2,89.1,false,0,high,enhancement
TASK02061,EMP038,PRJ012,2026-06-14,2026-06-19,2026-06-17,completed,high,6.1,8.5,85.8,false,0,medium,research
TASK02062,EMP038,PRJ012,2026-03-12,2026-03-15,2026-03-13,completed,high,7.1,5.3,91.2,false,0,low,research
TASK02063,EMP038,PRJ012,2026-02-04,2026-02-12,2026-02-16,completed,medium,17.7,23.9,81.6,false,0,medium,research
TASK02064,EMP038,PRJ012,2026-02-17,2026-03-03,2026-02-25,completed,low,51.8,66.9,76.3,false,0,critical,feature
TASK02065,EMP038,PRJ012,2026-04-23,2026-05-12,,overdue,medium,19.1,23.3,,,,high,testing
TASK02066,EMP038,PRJ012,2026-06-02,2026-06-12,2026-06-02,completed,high,18.1,14.4,84.8,false,0,medium,research
TASK02067,EMP038,PRJ012,2026-02-01,2026-02-11,2026-02-02,completed,low,11.1,13.9,75.0,false,0,medium,maintenance
TASK02068,EMP039,PRJ014,2026-06-21,2026-06-29,2026-07-01,completed,medium,18.8,13.2,56.0,false,0,medium,maintenance
TASK02069,EMP039,PRJ029,2026-05-21,2026-05-28,2026-05-31,completed,medium,16.1,12.6,38.9,false,0,medium,enhancement
TASK02070,EMP039,PRJ014,2026-04-12,2026-04-17,,in_progress,low,9.9,7.9,,,,medium,design
TASK02071,EMP039,PRJ029,2026-04-11,2026-04-21,2026-04-12,completed,high,21.9,28.2,50.3,false,0,high,documentation
TASK02072,EMP039,PRJ014,2026-01-21,2026-01-25,,in_progress,high,10.0,12.2,,,,medium,review
TASK02073,EMP039,PRJ014,2026-03-30,2026-04-19,,in_progress,high,21.9,16.3,,,,high,feature
TASK02074,EMP039,PRJ029,2026-03-28,2026-04-01,2026-04-07,completed,high,6.3,6.9,42.4,false,0,low,bug_fix
TASK02075,EMP039,PRJ014,2026-01-17,2026-01-22,,overdue,high,3.6,3.0,,,,low,design
TASK02076,EMP039,PRJ014,2026-01-28,2026-02-04,,overdue,medium,18.4,14.8,,,,medium,deployment
TASK02077,EMP039,PRJ014,2026-01-01,2026-01-03,,overdue,urgent,5.1,4.0,,,,low,enhancement
TASK02078,EMP039,PRJ029,2026-02-13,2026-02-20,,in_progress,low,19.8,25.2,,,,medium,research
TASK02079,EMP039,PRJ014,2026-02-16,2026-02-24,,in_progress,high,38.9,41.8,,,,high,testing
TASK02080,EMP039,PRJ014,2026-05-17,2026-05-23,,in_progress,high,13.5,19.8,,,,medium,research
TASK02081,EMP039,PRJ014,2026-04-25,2026-04-29,2026-05-04,completed,medium,12.0,8.8,66.1,false,0,medium,testing
TASK02082,EMP039,PRJ029,2026-02-25,2026-03-15,,overdue,medium,34.3,48.3,,,,high,bug_fix
TASK02083,EMP039,PRJ029,2026-03-20,2026-03-23,,in_progress,low,4.0,3.3,,,,low,feature
TASK02084,EMP039,PRJ014,2026-05-08,2026-05-18,,in_progress,medium,18.5,20.6,,,,medium,feature
TASK02085,EMP039,PRJ029,2026-02-25,2026-03-04,,overdue,urgent,6.5,6.6,,,,medium,deployment
TASK02086,EMP039,PRJ014,2026-01-25,2026-02-09,,in_progress,urgent,28.2,32.9,,,,high,bug_fix
TASK02087,EMP039,PRJ029,2026-03-16,2026-04-05,2026-04-06,completed,urgent,30.4,38.9,46.2,false,0,high,documentation
TASK02088,EMP039,PRJ029,2026-05-07,2026-05-12,2026-05-14,completed,medium,11.5,8.4,38.8,false,0,medium,research
TASK02089,EMP039,PRJ014,2026-04-06,2026-04-18,,in_progress,medium,24.1,32.0,,,,high,maintenance
TASK02090,EMP039,PRJ029,2026-06-01,2026-06-08,2026-06-11,completed,high,10.4,15.6,43.1,false,0,medium,documentation
TASK02091,EMP039,PRJ029,2026-03-30,2026-04-19,,overdue,medium,31.0,22.8,,,,high,feature
TASK02092,EMP039,PRJ029,2026-02-14,2026-02-17,,overdue,high,7.9,6.3,,,,low,design
TASK02093,EMP039,PRJ014,2026-04-11,2026-04-15,,in_progress,low,2.4,3.5,,,,low,research
TASK02094,EMP039,PRJ014,2026-01-06,2026-01-13,2026-01-12,completed,medium,21.7,23.6,47.5,false,0,high,deployment
TASK02095,EMP039,PRJ014,2026-05-17,2026-06-11,,in_progress,high,53.1,78.3,,,,critical,maintenance
TASK02096,EMP039,PRJ029,2026-05-07,2026-05-11,2026-05-18,completed,high,6.0,4.3,40.9,false,0,medium,maintenance
TASK02097,EMP039,PRJ014,2026-05-09,2026-05-19,,in_progress,high,19.8,23.4,,,,medium,documentation
TASK02098,EMP039,PRJ029,2026-01-02,2026-01-07,,in_progress,medium,5.5,6.9,,,,low,deployment
TASK02099,EMP039,PRJ014,2026-02-24,2026-02-26,2026-02-24,completed,low,2.9,3.3,51.8,false,0,low,testing
TASK02100,EMP039,PRJ014,2026-06-15,2026-06-22,2026-06-27,completed,high,10.0,9.1,48.6,true,1,medium,design
TASK02101,EMP039,PRJ014,2026-03-11,2026-03-16,,overdue,high,4.8,4.1,,,,low,deployment
TASK02102,EMP039,PRJ029,2026-03-30,2026-04-06,,overdue,high,8.9,10.8,,,,medium,enhancement
TASK02103,EMP039,PRJ029,2026-05-29,2026-06-02,,in_progress,urgent,19.2,15.8,,,,medium,deployment
TASK02104,EMP039,PRJ029,2026-05-17,2026-05-22,2026-05-25,completed,high,2.3,3.3,58.2,false,0,low,documentation
TASK02105,EMP039,PRJ029,2026-01-09,2026-01-14,,in_progress,low,9.9,9.1,,,,medium,maintenance
TASK02106,EMP039,PRJ029,2026-06-07,2026-06-14,,in_progress,urgent,11.5,14.5,,,,medium,testing
TASK02107,EMP039,PRJ029,2026-01-03,2026-01-11,,in_progress,low,15.5,20.5,,,,medium,review
TASK02108,EMP039,PRJ014,2026-01-05,2026-01-30,,in_progress,high,45.1,52.0,,,,critical,bug_fix
TASK02109,EMP039,PRJ029,2026-05-05,2026-05-10,2026-05-05,completed,medium,14.5,18.7,40.2,true,2,medium,research
TASK02110,EMP039,PRJ014,2026-06-06,2026-06-12,,overdue,medium,12.1,9.2,,,,medium,feature
TASK02111,EMP039,PRJ014,2026-03-29,2026-04-10,,overdue,high,36.6,36.0,,,,high,deployment
TASK02112,EMP039,PRJ014,2026-02-16,2026-02-20,2026-02-22,completed,low,2.8,2.6,37.0,false,0,low,maintenance
TASK02113,EMP039,PRJ014,2026-05-31,2026-06-14,,overdue,high,52.9,38.8,,,,critical,design
TASK02114,EMP039,PRJ029,2026-01-17,2026-01-27,,in_progress,low,6.3,4.5,,,,medium,enhancement
TASK02115,EMP039,PRJ014,2026-01-15,2026-01-24,,in_progress,low,11.0,10.0,,,,medium,design
TASK02116,EMP039,PRJ029,2026-05-21,2026-06-18,,overdue,low,46.3,43.8,,,,critical,research
TASK02117,EMP039,PRJ029,2026-03-28,2026-04-04,2026-04-10,completed,medium,6.4,6.6,51.1,false,0,medium,testing
TASK02118,EMP039,PRJ014,2026-04-21,2026-05-06,,overdue,high,16.7,15.0,,,,high,bug_fix
TASK02119,EMP040,PRJ004,2026-05-05,2026-05-08,2026-05-05,completed,low,4.8,4.4,64.7,false,0,low,bug_fix
TASK02120,EMP040,PRJ004,2026-02-17,2026-02-19,2026-02-17,completed,high,5.9,4.6,71.6,false,0,low,review
TASK02121,EMP040,PRJ004,2026-02-11,2026-02-14,2026-02-18,completed,medium,5.2,7.6,71.7,false,0,low,design
TASK02122,EMP040,PRJ012,2026-01-09,2026-01-12,,in_progress,medium,4.2,5.4,,,,low,testing
TASK02123,EMP040,PRJ004,2026-05-19,2026-05-23,,overdue,high,5.8,7.7,,,,low,bug_fix
TASK02124,EMP040,PRJ004,2026-03-11,2026-03-15,,in_progress,high,14.4,19.9,,,,medium,testing
TASK02125,EMP040,PRJ004,2026-03-02,2026-03-14,2026-03-14,completed,high,27.9,28.1,78.8,false,0,high,review
TASK02126,EMP040,PRJ004,2026-06-07,2026-06-14,2026-06-08,completed,medium,11.5,15.5,70.3,false,0,medium,research
TASK02127,EMP040,PRJ012,2026-02-11,2026-02-18,2026-02-17,completed,medium,8.6,9.8,79.5,false,0,medium,design
TASK02128,EMP040,PRJ004,2026-06-19,2026-06-24,2026-06-19,completed,medium,3.3,3.6,73.7,false,0,low,maintenance
TASK02129,EMP040,PRJ012,2026-04-09,2026-04-11,,overdue,medium,7.4,6.6,,,,low,design
TASK02130,EMP040,PRJ004,2026-01-02,2026-01-07,2026-01-04,completed,medium,4.6,5.6,64.2,false,0,low,deployment
TASK02131,EMP040,PRJ004,2026-01-20,2026-01-24,2026-01-23,completed,medium,8.6,8.4,77.1,false,0,medium,review
TASK02132,EMP040,PRJ004,2026-01-26,2026-01-31,2026-02-01,completed,medium,7.1,10.1,68.9,false,0,low,deployment
TASK02133,EMP040,PRJ004,2026-05-16,2026-05-18,2026-05-18,completed,high,4.8,6.0,62.8,false,0,low,maintenance
TASK02134,EMP040,PRJ012,2026-05-11,2026-05-16,,overdue,high,5.1,4.6,,,,low,documentation
TASK02135,EMP040,PRJ012,2026-06-16,2026-06-22,2026-06-29,completed,low,14.2,15.3,65.5,false,0,medium,documentation
TASK02136,EMP040,PRJ004,2026-04-05,2026-04-08,2026-04-14,completed,high,6.1,4.8,65.8,false,0,low,deployment
TASK02137,EMP040,PRJ004,2026-01-24,2026-02-11,2026-01-25,completed,urgent,32.8,40.3,71.8,false,0,high,enhancement
TASK02138,EMP040,PRJ012,2026-05-14,2026-05-18,2026-05-15,completed,high,4.2,4.2,75.9,false,0,low,testing
TASK02139,EMP040,PRJ012,2026-02-11,2026-02-16,2026-02-12,completed,medium,13.2,19.1,70.3,false,0,medium,design
TASK02140,EMP040,PRJ004,2026-04-02,2026-04-17,,in_progress,high,22.3,19.7,,,,high,deployment
TASK02141,EMP040,PRJ012,2026-05-24,2026-05-30,2026-05-27,completed,urgent,11.2,11.7,76.9,false,0,medium,design
TASK02142,EMP040,PRJ012,2026-03-07,2026-03-15,2026-03-12,completed,low,12.7,14.9,60.1,false,0,medium,documentation
TASK02143,EMP040,PRJ012,2026-02-18,2026-02-21,2026-02-22,completed,high,4.1,5.6,62.6,false,0,low,deployment
TASK02144,EMP040,PRJ004,2026-05-20,2026-05-28,2026-05-26,completed,high,16.8,19.9,65.5,false,0,high,feature
TASK02145,EMP040,PRJ012,2026-02-19,2026-02-27,2026-03-04,completed,medium,20.5,24.7,74.9,false,0,high,feature
TASK02146,EMP040,PRJ012,2026-02-25,2026-03-05,2026-02-28,completed,medium,19.8,29.7,82.2,false,0,medium,bug_fix
TASK02147,EMP040,PRJ004,2026-05-24,2026-06-07,2026-06-07,completed,low,35.2,34.0,75.0,false,0,critical,documentation
TASK02148,EMP040,PRJ012,2026-05-02,2026-05-07,2026-05-07,completed,high,5.0,3.9,73.1,false,0,low,maintenance
TASK02149,EMP040,PRJ004,2026-04-29,2026-05-02,,overdue,medium,5.7,6.6,,,,low,feature
TASK02150,EMP040,PRJ004,2026-05-21,2026-05-27,2026-05-25,completed,low,8.6,11.3,70.3,false,0,medium,maintenance
TASK02151,EMP040,PRJ012,2026-05-22,2026-05-24,2026-05-24,completed,high,3.6,5.4,71.1,false,0,low,deployment
TASK02152,EMP040,PRJ012,2026-04-17,2026-04-21,2026-04-19,completed,high,7.3,7.8,59.3,false,0,low,review
TASK02153,EMP040,PRJ012,2026-04-05,2026-04-13,,in_progress,high,15.8,18.0,,,,medium,design
TASK02154,EMP040,PRJ012,2026-02-12,2026-02-15,2026-02-15,completed,high,6.7,9.1,72.8,false,0,low,testing
TASK02155,EMP040,PRJ012,2026-01-20,2026-01-25,2026-01-22,completed,medium,9.3,10.0,68.1,false,0,medium,research
TASK02156,EMP040,PRJ012,2026-01-10,2026-01-16,2026-01-19,completed,medium,9.4,8.7,65.0,false,0,medium,design
TASK02157,EMP040,PRJ004,2026-02-10,2026-02-12,2026-02-11,completed,urgent,5.9,6.0,69.7,false,0,low,research
TASK02158,EMP040,PRJ012,2026-02-23,2026-03-01,,overdue,medium,18.7,15.9,,,,medium,maintenance
TASK02159,EMP040,PRJ004,2026-06-06,2026-06-12,,in_progress,urgent,14.3,21.0,,,,medium,review
TASK02160,EMP040,PRJ012,2026-02-06,2026-02-08,,in_progress,urgent,6.2,4.4,,,,low,documentation
TASK02161,EMP040,PRJ004,2026-05-27,2026-06-01,,overdue,urgent,2.6,3.3,,,,low,review
TASK02162,EMP040,PRJ012,2026-04-10,2026-04-19,2026-04-20,completed,medium,19.2,25.4,70.7,true,3,medium,design
TASK02163,EMP040,PRJ012,2026-01-25,2026-02-10,2026-02-13,completed,low,26.0,19.1,65.3,false,0,high,documentation
TASK02164,EMP040,PRJ004,2026-05-30,2026-06-29,2026-07-03,completed,medium,42.6,50.9,73.0,false,0,critical,documentation
TASK02165,EMP040,PRJ012,2026-03-28,2026-04-11,2026-04-10,completed,low,45.1,33.4,80.1,true,1,critical,research
TASK02166,EMP040,PRJ012,2026-01-07,2026-01-23,2026-01-11,completed,high,37.0,36.9,59.9,false,0,high,design
TASK02167,EMP040,PRJ012,2026-02-26,2026-03-01,2026-03-01,completed,high,5.2,4.3,69.9,false,0,low,deployment
TASK02168,EMP040,PRJ012,2026-06-12,2026-06-18,2026-06-18,completed,medium,7.8,9.7,65.8,false,0,medium,design
TASK02169,EMP040,PRJ004,2026-05-25,2026-05-29,2026-06-03,completed,high,13.1,16.5,69.4,false,0,medium,research
TASK02170,EMP040,PRJ004,2026-03-05,2026-03-17,2026-03-13,completed,high,16.0,17.9,85.7,false,0,high,review
TASK02171,EMP040,PRJ012,2026-04-15,2026-04-18,,in_progress,medium,4.3,3.0,,,,low,testing
TASK02172,EMP040,PRJ004,2026-06-20,2026-06-24,,overdue,high,2.2,2.1,,,,low,design
TASK02173,EMP040,PRJ012,2026-01-31,2026-02-10,2026-02-17,completed,high,9.9,13.0,67.7,false,0,medium,testing
TASK02174,EMP040,PRJ012,2026-01-26,2026-02-02,2026-01-26,completed,low,18.8,26.0,62.8,true,1,medium,documentation
TASK02175,EMP040,PRJ004,2026-04-20,2026-04-25,2026-04-26,completed,medium,2.5,3.6,78.8,false,0,low,documentation
TASK02176,EMP040,PRJ004,2026-05-08,2026-05-15,2026-05-12,completed,urgent,6.6,9.2,72.3,false,0,medium,review
TASK02177,EMP040,PRJ012,2026-01-06,2026-01-10,,overdue,medium,3.8,3.9,,,,low,maintenance
TASK02178,EMP040,PRJ012,2026-03-05,2026-03-07,2026-03-11,completed,medium,2.0,2.8,73.7,false,0,low,review
TASK02179,EMP040,PRJ012,2026-06-14,2026-07-10,2026-06-18,completed,medium,39.3,32.9,74.7,false,0,critical,documentation
TASK02180,EMP040,PRJ004,2026-02-20,2026-03-01,,overdue,urgent,6.4,8.0,,,,medium,deployment
TASK02181,EMP040,PRJ004,2026-05-15,2026-06-04,,overdue,high,46.4,58.2,,,,critical,bug_fix
TASK02182,EMP040,PRJ012,2026-04-17,2026-04-23,,overdue,medium,11.4,16.5,,,,medium,feature
TASK02183,EMP041,PRJ004,2026-03-28,2026-04-07,2026-04-14,completed,low,8.7,11.8,65.6,false,0,medium,design
TASK02184,EMP041,PRJ002,2026-05-18,2026-05-21,,in_progress,medium,5.1,4.1,,,,low,feature
TASK02185,EMP041,PRJ004,2026-03-03,2026-03-07,2026-03-03,completed,medium,5.5,5.8,49.0,false,0,low,feature
TASK02186,EMP041,PRJ004,2026-04-01,2026-04-09,2026-04-16,completed,high,15.4,20.3,63.1,true,1,medium,deployment
TASK02187,EMP041,PRJ002,2026-05-16,2026-06-03,,in_progress,medium,30.1,30.9,,,,high,maintenance
TASK02188,EMP041,PRJ002,2026-06-22,2026-07-07,2026-07-11,completed,high,24.6,36.4,43.3,false,0,high,testing
TASK02189,EMP041,PRJ002,2026-01-11,2026-01-18,2026-01-15,completed,high,10.1,7.3,60.0,false,0,medium,documentation
TASK02190,EMP041,PRJ002,2026-06-09,2026-06-26,2026-07-03,completed,urgent,21.1,18.4,56.2,false,0,high,enhancement
TASK02191,EMP041,PRJ002,2026-02-28,2026-03-04,2026-03-11,completed,medium,5.0,5.1,65.5,false,0,low,deployment
TASK02192,EMP041,PRJ004,2026-05-05,2026-05-13,,in_progress,high,8.6,10.2,,,,medium,testing
TASK02193,EMP041,PRJ004,2026-01-24,2026-02-11,,overdue,low,25.7,36.8,,,,high,maintenance
TASK02194,EMP041,PRJ002,2026-04-06,2026-04-11,,overdue,high,6.8,9.7,,,,low,enhancement
TASK02195,EMP041,PRJ004,2026-02-11,2026-02-13,,overdue,low,3.9,4.8,,,,low,documentation
TASK02196,EMP041,PRJ004,2026-03-13,2026-03-19,2026-03-13,completed,medium,17.6,18.2,66.0,false,0,medium,design
TASK02197,EMP041,PRJ004,2026-05-05,2026-05-14,2026-05-14,completed,medium,14.9,20.5,53.0,false,0,medium,maintenance
TASK02198,EMP041,PRJ002,2026-01-24,2026-01-28,,in_progress,medium,15.3,16.2,,,,medium,research
TASK02199,EMP041,PRJ002,2026-02-20,2026-02-28,2026-02-20,completed,high,7.1,7.9,70.2,false,0,medium,deployment
TASK02200,EMP041,PRJ002,2026-06-20,2026-07-10,2026-07-13,completed,medium,38.8,51.2,55.4,false,0,high,testing
TASK02201,EMP041,PRJ004,2026-01-22,2026-01-25,,in_progress,high,3.8,5.4,,,,low,review
TASK02202,EMP041,PRJ002,2026-04-15,2026-04-25,,in_progress,medium,16.3,12.5,,,,high,enhancement
TASK02203,EMP041,PRJ002,2026-04-09,2026-05-07,2026-05-05,completed,urgent,52.1,41.6,58.4,false,0,critical,documentation
TASK02204,EMP041,PRJ004,2026-05-09,2026-05-13,,in_progress,high,2.9,2.5,,,,low,maintenance
TASK02205,EMP041,PRJ004,2026-02-18,2026-02-21,,in_progress,high,6.0,5.2,,,,low,maintenance
TASK02206,EMP041,PRJ002,2026-03-22,2026-03-29,2026-03-30,completed,medium,12.0,8.7,60.1,false,0,medium,review
TASK02207,EMP041,PRJ002,2026-05-15,2026-05-20,2026-05-16,completed,high,2.3,3.1,55.3,false,0,low,feature
TASK02208,EMP041,PRJ004,2026-04-28,2026-05-03,2026-04-29,completed,low,13.9,19.1,54.1,false,0,medium,deployment
TASK02209,EMP041,PRJ002,2026-02-12,2026-02-28,2026-02-26,completed,high,57.2,83.7,56.8,true,2,critical,design
TASK02210,EMP041,PRJ002,2026-04-19,2026-04-22,2026-04-24,completed,medium,5.8,4.9,48.8,false,0,low,maintenance
TASK02211,EMP041,PRJ002,2026-03-13,2026-04-03,,in_progress,high,29.1,37.5,,,,high,enhancement
TASK02212,EMP041,PRJ004,2026-01-06,2026-01-10,,overdue,medium,7.6,10.2,,,,medium,review
TASK02213,EMP041,PRJ002,2026-03-25,2026-04-04,2026-04-08,completed,medium,7.0,7.3,68.9,false,0,medium,review
TASK02214,EMP041,PRJ002,2026-05-12,2026-05-16,,in_progress,medium,2.6,2.0,,,,low,enhancement
TASK02215,EMP041,PRJ002,2026-03-20,2026-03-23,,in_progress,medium,6.5,7.8,,,,low,testing
TASK02216,EMP041,PRJ004,2026-06-11,2026-06-14,2026-06-19,completed,low,6.9,5.1,62.4,false,0,low,enhancement
TASK02217,EMP041,PRJ004,2026-02-02,2026-02-27,2026-02-28,completed,medium,46.3,64.3,59.0,true,2,critical,enhancement
TASK02218,EMP041,PRJ002,2026-04-30,2026-05-16,2026-05-13,completed,high,18.4,15.8,60.5,false,0,high,deployment
TASK02219,EMP041,PRJ004,2026-03-03,2026-03-23,2026-03-11,completed,low,23.3,27.7,70.9,false,0,high,review
TASK02220,EMP041,PRJ002,2026-04-21,2026-05-07,2026-05-08,completed,medium,27.2,23.2,61.3,false,0,high,design
TASK02221,EMP041,PRJ002,2026-05-06,2026-05-18,2026-05-09,completed,medium,28.2,22.4,48.1,false,0,high,research
TASK02222,EMP041,PRJ002,2026-04-05,2026-04-09,,overdue,medium,20.0,17.8,,,,medium,documentation
TASK02223,EMP041,PRJ004,2026-03-19,2026-03-24,,overdue,urgent,10.0,10.7,,,,medium,bug_fix
TASK02224,EMP041,PRJ004,2026-01-29,2026-02-02,2026-02-04,completed,medium,16.3,15.3,63.6,false,0,medium,bug_fix
TASK02225,EMP041,PRJ002,2026-02-15,2026-02-19,2026-02-17,completed,medium,11.6,8.9,59.5,false,0,medium,research
TASK02226,EMP041,PRJ004,2026-01-21,2026-01-27,,in_progress,medium,18.3,25.5,,,,medium,bug_fix
TASK02227,EMP041,PRJ004,2026-05-23,2026-05-27,,in_progress,medium,5.5,4.3,,,,low,review
TASK02228,EMP041,PRJ004,2026-05-09,2026-05-15,,in_progress,medium,14.1,10.2,,,,medium,maintenance
TASK02229,EMP041,PRJ004,2026-03-28,2026-04-04,2026-04-05,completed,medium,16.3,24.1,57.7,false,0,high,design
TASK02230,EMP041,PRJ004,2026-01-22,2026-02-10,,overdue,medium,26.6,20.5,,,,high,research
TASK02231,EMP042,PRJ021,2026-04-26,2026-05-06,,overdue,low,9.2,11.1,,,,medium,feature
TASK02232,EMP042,PRJ018,2026-01-16,2026-01-19,2026-01-17,completed,high,2.1,2.7,79.2,false,0,low,bug_fix
TASK02233,EMP042,PRJ018,2026-04-30,2026-05-12,,in_progress,low,22.0,27.5,,,,high,design
TASK02234,EMP042,PRJ018,2026-02-22,2026-03-11,2026-03-10,completed,medium,44.6,35.9,82.4,false,0,critical,deployment
TASK02235,EMP042,PRJ021,2026-04-19,2026-04-21,2026-04-21,completed,medium,4.8,6.0,95.6,false,0,low,design
TASK02236,EMP042,PRJ021,2026-04-07,2026-04-17,,in_progress,medium,17.1,23.0,,,,medium,design
TASK02237,EMP042,PRJ018,2026-01-11,2026-02-01,2026-01-16,completed,high,34.0,33.0,82.5,false,0,critical,feature
TASK02238,EMP042,PRJ021,2026-03-04,2026-03-09,2026-03-15,completed,urgent,19.2,21.5,78.1,false,0,medium,feature
TASK02239,EMP042,PRJ018,2026-06-23,2026-07-13,,assigned,low,52.6,71.8,,,,critical,maintenance
TASK02240,EMP042,PRJ018,2026-04-17,2026-04-21,2026-04-20,completed,medium,6.1,8.0,76.1,false,0,low,review
TASK02241,EMP042,PRJ021,2026-05-30,2026-06-07,2026-06-07,completed,medium,11.9,8.9,78.7,false,0,medium,documentation
TASK02242,EMP042,PRJ018,2026-01-26,2026-02-03,2026-01-26,completed,medium,11.9,14.2,75.4,false,0,medium,feature
TASK02243,EMP042,PRJ018,2026-02-14,2026-02-16,2026-02-16,completed,medium,2.6,3.8,72.3,false,0,low,testing
TASK02244,EMP042,PRJ021,2026-03-25,2026-03-29,2026-03-26,completed,medium,7.9,7.5,76.5,false,0,low,deployment
TASK02245,EMP042,PRJ021,2026-01-05,2026-01-09,2026-01-08,completed,low,7.6,9.5,89.7,false,0,low,research
TASK02246,EMP042,PRJ018,2026-02-23,2026-02-28,2026-03-06,completed,high,3.9,5.6,91.7,false,0,low,deployment
TASK02247,EMP042,PRJ018,2026-06-03,2026-06-06,2026-06-13,completed,low,6.3,5.7,83.2,false,0,low,research
TASK02248,EMP042,PRJ018,2026-06-06,2026-06-13,2026-06-09,completed,medium,8.2,10.7,77.8,false,0,medium,bug_fix
TASK02249,EMP042,PRJ018,2026-06-05,2026-06-08,2026-06-06,completed,medium,3.8,2.9,72.9,false,0,low,research
TASK02250,EMP042,PRJ021,2026-02-01,2026-02-06,2026-02-03,completed,medium,6.1,6.9,77.6,false,0,medium,research
TASK02251,EMP042,PRJ018,2026-03-21,2026-04-07,2026-04-07,completed,medium,51.6,47.9,78.2,false,0,critical,design
TASK02252,EMP042,PRJ018,2026-01-25,2026-02-03,2026-01-31,completed,high,14.4,12.5,85.8,false,0,medium,design
TASK02253,EMP042,PRJ018,2026-02-10,2026-02-20,2026-02-14,completed,medium,10.8,10.1,71.1,false,0,medium,feature
TASK02254,EMP042,PRJ021,2026-03-24,2026-03-28,2026-03-28,completed,medium,4.1,4.5,78.8,false,0,low,design
TASK02255,EMP042,PRJ018,2026-03-24,2026-03-28,2026-03-26,completed,urgent,12.0,10.8,82.8,false,0,medium,enhancement
TASK02256,EMP042,PRJ021,2026-01-30,2026-02-05,2026-02-04,completed,medium,18.2,25.8,74.6,false,0,medium,enhancement
TASK02257,EMP042,PRJ018,2026-05-29,2026-06-07,2026-06-12,completed,high,16.1,13.4,82.5,false,0,high,bug_fix
TASK02258,EMP042,PRJ018,2026-01-04,2026-01-16,2026-01-15,completed,medium,30.3,40.4,91.9,false,0,high,documentation
TASK02259,EMP042,PRJ018,2026-02-13,2026-02-15,2026-02-15,completed,medium,5.3,7.2,89.4,false,0,low,enhancement
TASK02260,EMP042,PRJ018,2026-05-19,2026-05-26,,in_progress,urgent,7.2,7.6,,,,medium,testing
TASK02261,EMP042,PRJ018,2026-03-02,2026-03-10,2026-03-05,completed,high,13.0,16.3,93.3,false,0,medium,design
TASK02262,EMP042,PRJ021,2026-06-10,2026-06-19,2026-06-11,completed,high,19.7,25.5,77.3,false,0,medium,feature
TASK02263,EMP042,PRJ018,2026-04-04,2026-04-09,2026-04-07,completed,low,4.4,5.4,86.4,false,0,low,review
TASK02264,EMP042,PRJ018,2026-05-19,2026-05-23,2026-05-22,completed,high,6.9,6.0,81.2,false,0,medium,deployment
TASK02265,EMP042,PRJ021,2026-04-19,2026-04-23,2026-04-20,completed,high,9.1,9.2,83.1,false,0,medium,review
TASK02266,EMP042,PRJ021,2026-01-21,2026-01-31,,in_progress,urgent,15.2,21.5,,,,medium,review
TASK02267,EMP042,PRJ021,2026-06-04,2026-06-19,2026-06-10,completed,high,16.7,12.8,85.4,false,0,high,research
TASK02268,EMP042,PRJ018,2026-04-10,2026-04-22,2026-04-16,completed,medium,36.1,36.1,74.6,true,3,high,bug_fix
TASK02269,EMP042,PRJ018,2026-03-25,2026-03-31,2026-04-04,completed,medium,6.4,7.3,84.2,false,0,medium,documentation
TASK02270,EMP042,PRJ021,2026-04-29,2026-05-25,2026-05-05,completed,urgent,45.5,48.8,77.4,false,0,critical,deployment
TASK02271,EMP042,PRJ018,2026-03-05,2026-04-02,2026-03-14,completed,medium,33.4,42.1,75.1,false,0,critical,feature
TASK02272,EMP042,PRJ018,2026-03-07,2026-03-21,2026-03-19,completed,low,24.3,33.6,81.8,true,3,high,maintenance
TASK02273,EMP042,PRJ018,2026-01-18,2026-02-10,2026-01-25,completed,medium,47.6,62.9,88.5,false,0,critical,documentation
TASK02274,EMP042,PRJ018,2026-04-28,2026-05-17,,in_progress,low,34.6,45.8,,,,critical,bug_fix
TASK02275,EMP042,PRJ018,2026-02-03,2026-02-06,2026-02-10,completed,high,6.5,5.8,83.3,false,0,low,enhancement
TASK02276,EMP042,PRJ021,2026-01-01,2026-01-05,2026-01-01,completed,low,8.0,9.1,84.0,false,0,low,documentation
TASK02277,EMP042,PRJ018,2026-06-15,2026-06-26,2026-06-18,completed,medium,17.4,16.3,82.6,false,0,high,design
TASK02278,EMP043,PRJ021,2026-04-17,2026-04-19,2026-04-19,completed,medium,7.0,10.3,79.4,false,0,low,research
TASK02279,EMP043,PRJ008,2026-04-07,2026-04-11,,overdue,low,8.9,8.6,,,,medium,research
TASK02280,EMP043,PRJ021,2026-06-22,2026-06-25,2026-07-01,completed,low,2.8,2.9,68.0,false,0,low,deployment
TASK02281,EMP043,PRJ018,2026-04-07,2026-04-10,2026-04-09,completed,urgent,3.2,2.7,84.7,false,0,low,feature
TASK02282,EMP043,PRJ008,2026-02-03,2026-02-08,,in_progress,urgent,7.9,8.4,,,,low,enhancement
TASK02283,EMP043,PRJ008,2026-01-17,2026-01-19,2026-01-26,completed,high,2.8,3.7,71.1,false,0,low,documentation
TASK02284,EMP043,PRJ008,2026-01-11,2026-01-16,2026-01-22,completed,low,5.7,6.7,62.5,false,0,low,documentation
TASK02285,EMP043,PRJ021,2026-06-12,2026-06-15,2026-06-15,completed,low,4.8,5.1,77.6,false,0,low,deployment
TASK02286,EMP043,PRJ021,2026-03-21,2026-03-25,2026-04-01,completed,low,4.1,5.3,85.2,false,0,low,review
TASK02287,EMP043,PRJ018,2026-04-30,2026-05-09,2026-05-09,completed,medium,13.8,13.3,80.6,false,0,medium,review
TASK02288,EMP043,PRJ008,2026-01-31,2026-02-09,2026-02-04,completed,low,14.7,12.8,68.8,false,0,medium,maintenance
TASK02289,EMP043,PRJ021,2026-03-24,2026-03-26,2026-03-26,completed,low,6.4,7.7,78.8,true,3,low,documentation
TASK02290,EMP043,PRJ021,2026-04-13,2026-04-21,2026-04-14,completed,high,16.0,20.5,76.2,false,0,medium,feature
TASK02291,EMP043,PRJ021,2026-03-02,2026-03-09,2026-03-08,completed,medium,14.9,19.5,66.9,false,0,medium,enhancement
TASK02292,EMP043,PRJ018,2026-04-29,2026-05-19,2026-05-05,completed,medium,28.1,36.6,67.9,false,0,high,documentation
TASK02293,EMP043,PRJ018,2026-03-08,2026-03-12,2026-03-12,completed,high,17.2,21.8,69.5,false,0,medium,feature
TASK02294,EMP043,PRJ018,2026-02-08,2026-02-12,2026-02-12,completed,medium,16.0,16.0,68.8,false,0,medium,deployment
TASK02295,EMP043,PRJ021,2026-03-16,2026-03-21,2026-03-21,completed,high,7.6,10.9,60.2,false,0,low,feature
TASK02296,EMP043,PRJ008,2026-02-11,2026-02-19,2026-02-19,completed,low,19.9,18.1,61.5,false,0,medium,testing
TASK02297,EMP043,PRJ018,2026-05-07,2026-05-09,2026-05-08,completed,high,7.3,5.5,84.6,false,0,low,enhancement
TASK02298,EMP043,PRJ008,2026-05-24,2026-05-31,2026-05-29,completed,low,14.1,13.4,66.3,false,0,medium,documentation
TASK02299,EMP043,PRJ018,2026-04-19,2026-04-22,,overdue,medium,3.5,4.3,,,,low,testing
TASK02300,EMP043,PRJ008,2026-02-16,2026-02-24,2026-02-21,completed,medium,17.0,15.5,69.0,false,0,medium,review
TASK02301,EMP043,PRJ018,2026-04-25,2026-05-01,2026-05-04,completed,high,10.3,8.5,73.9,false,0,medium,maintenance
TASK02302,EMP043,PRJ008,2026-06-15,2026-06-19,2026-06-22,completed,high,5.8,8.2,74.3,true,1,low,maintenance
TASK02303,EMP043,PRJ008,2026-05-09,2026-05-15,2026-05-15,completed,medium,19.2,17.1,74.2,true,2,medium,bug_fix
TASK02304,EMP043,PRJ018,2026-01-30,2026-02-02,2026-01-31,completed,low,4.4,3.2,61.0,true,1,low,design
TASK02305,EMP043,PRJ018,2026-02-21,2026-02-25,2026-03-03,completed,low,14.0,19.5,71.1,false,0,medium,review
TASK02306,EMP043,PRJ008,2026-02-18,2026-03-10,2026-03-01,completed,high,20.1,18.7,75.4,false,0,high,testing
TASK02307,EMP043,PRJ021,2026-02-15,2026-02-24,,overdue,medium,6.9,5.6,,,,medium,documentation
TASK02308,EMP043,PRJ018,2026-01-30,2026-02-19,2026-02-17,completed,high,16.6,18.5,70.7,false,0,high,testing
TASK02309,EMP043,PRJ021,2026-06-02,2026-06-09,,in_progress,medium,13.8,17.2,,,,medium,review
TASK02310,EMP043,PRJ021,2026-06-03,2026-06-06,,overdue,high,3.7,2.7,,,,low,enhancement
TASK02311,EMP043,PRJ018,2026-05-01,2026-05-08,,overdue,medium,12.7,9.1,,,,medium,testing
TASK02312,EMP043,PRJ018,2026-02-25,2026-03-08,2026-03-07,completed,low,19.6,23.9,71.1,false,0,high,review
TASK02313,EMP043,PRJ018,2026-06-21,2026-06-25,2026-06-22,completed,low,6.0,5.3,85.6,false,0,low,testing
TASK02314,EMP043,PRJ018,2026-02-15,2026-02-18,,in_progress,high,3.6,3.0,,,,low,testing
TASK02315,EMP043,PRJ018,2026-04-26,2026-04-28,2026-04-28,completed,high,3.3,2.3,67.4,false,0,low,research
TASK02316,EMP043,PRJ021,2026-03-04,2026-04-01,,in_progress,urgent,58.6,87.7,,,,critical,design
TASK02317,EMP043,PRJ008,2026-05-08,2026-05-25,,in_progress,medium,21.9,31.8,,,,high,design
TASK02318,EMP043,PRJ008,2026-02-09,2026-02-28,2026-02-23,completed,low,31.2,39.1,60.5,false,0,high,feature
TASK02319,EMP043,PRJ008,2026-01-29,2026-02-05,2026-02-12,completed,low,10.7,11.7,80.4,false,0,medium,bug_fix
TASK02320,EMP043,PRJ018,2026-04-13,2026-04-17,2026-04-18,completed,urgent,18.5,20.1,69.0,true,3,medium,bug_fix
TASK02321,EMP043,PRJ021,2026-03-22,2026-04-11,,overdue,low,30.8,35.6,,,,high,feature
TASK02322,EMP043,PRJ021,2026-05-22,2026-06-03,2026-05-24,completed,medium,33.6,41.3,74.4,false,0,high,design
TASK02323,EMP043,PRJ021,2026-02-23,2026-03-09,2026-03-16,completed,urgent,20.3,20.4,67.1,true,3,high,maintenance
TASK02324,EMP043,PRJ018,2026-04-15,2026-04-22,,in_progress,medium,22.6,33.7,,,,high,feature
TASK02325,EMP043,PRJ018,2026-05-07,2026-05-12,2026-05-18,completed,high,5.0,3.8,85.8,false,0,low,bug_fix
TASK02326,EMP043,PRJ018,2026-03-10,2026-03-13,2026-03-12,completed,high,2.4,2.3,68.8,false,0,low,deployment
TASK02327,EMP043,PRJ018,2026-03-26,2026-04-01,2026-04-06,completed,high,18.6,24.1,60.4,false,0,medium,deployment
TASK02328,EMP043,PRJ008,2026-03-25,2026-03-27,2026-04-03,completed,low,7.0,8.4,83.4,false,0,low,bug_fix
TASK02329,EMP043,PRJ018,2026-05-19,2026-05-27,,in_progress,high,8.9,11.4,,,,medium,review
TASK02330,EMP044,PRJ008,2026-02-11,2026-02-21,,in_progress,urgent,15.9,20.6,,,,medium,enhancement
TASK02331,EMP044,PRJ018,2026-04-07,2026-04-12,,overdue,medium,4.8,6.4,,,,low,maintenance
TASK02332,EMP044,PRJ018,2026-06-03,2026-06-08,,in_progress,medium,5.0,6.4,,,,low,maintenance
TASK02333,EMP044,PRJ018,2026-02-19,2026-02-26,2026-02-21,completed,high,19.5,29.0,37.4,true,3,medium,design
TASK02334,EMP044,PRJ018,2026-05-09,2026-05-30,,in_progress,medium,37.9,41.0,,,,high,bug_fix
TASK02335,EMP044,PRJ018,2026-05-05,2026-05-14,,overdue,high,13.5,9.5,,,,medium,review
TASK02336,EMP044,PRJ021,2026-04-20,2026-04-27,,overdue,high,10.7,7.9,,,,medium,research
TASK02337,EMP044,PRJ008,2026-02-14,2026-02-21,2026-02-16,completed,low,19.6,18.2,53.9,false,0,medium,maintenance
TASK02338,EMP044,PRJ008,2026-03-22,2026-03-28,,in_progress,medium,6.2,5.9,,,,medium,bug_fix
TASK02339,EMP044,PRJ008,2026-02-21,2026-02-25,,overdue,medium,8.5,6.4,,,,medium,testing
TASK02340,EMP044,PRJ008,2026-03-06,2026-03-11,,in_progress,high,6.3,8.6,,,,low,deployment
TASK02341,EMP044,PRJ018,2026-02-04,2026-02-09,,overdue,high,5.6,6.0,,,,low,review
TASK02342,EMP044,PRJ018,2026-03-28,2026-04-07,2026-04-07,completed,medium,11.2,11.7,50.2,false,0,medium,feature
TASK02343,EMP044,PRJ021,2026-05-18,2026-06-03,2026-06-06,completed,urgent,24.0,34.1,42.8,false,0,high,design
TASK02344,EMP044,PRJ008,2026-03-15,2026-03-23,,in_progress,medium,8.7,11.6,,,,medium,testing
TASK02345,EMP044,PRJ021,2026-05-10,2026-05-15,2026-05-13,completed,high,17.1,23.1,34.4,false,0,medium,deployment
TASK02346,EMP044,PRJ018,2026-04-10,2026-04-15,2026-04-21,completed,low,13.9,14.2,51.1,false,0,medium,review
TASK02347,EMP044,PRJ021,2026-02-21,2026-03-12,,in_progress,medium,32.7,40.8,,,,high,design
TASK02348,EMP044,PRJ021,2026-02-14,2026-03-02,2026-02-15,completed,urgent,26.3,26.8,46.7,false,0,high,bug_fix
TASK02349,EMP044,PRJ008,2026-05-24,2026-05-26,2026-05-28,completed,high,6.3,5.0,51.2,true,3,low,documentation
TASK02350,EMP044,PRJ008,2026-02-21,2026-03-03,,overdue,urgent,19.7,14.6,,,,medium,research
TASK02351,EMP044,PRJ021,2026-01-12,2026-01-15,2026-01-13,completed,medium,4.8,6.6,54.8,false,0,low,documentation
TASK02352,EMP044,PRJ008,2026-06-03,2026-06-10,,in_progress,medium,17.7,21.0,,,,medium,research
TASK02353,EMP044,PRJ021,2026-02-19,2026-03-18,,overdue,medium,54.4,73.0,,,,critical,bug_fix
TASK02354,EMP044,PRJ008,2026-06-23,2026-06-28,,overdue,high,7.8,11.5,,,,medium,testing
TASK02355,EMP044,PRJ021,2026-06-19,2026-06-23,,overdue,medium,10.4,15.1,,,,medium,bug_fix
TASK02356,EMP044,PRJ018,2026-01-26,2026-02-03,2026-02-01,completed,high,29.0,24.5,59.1,false,0,high,maintenance
TASK02357,EMP044,PRJ018,2026-06-14,2026-06-21,2026-06-28,completed,high,17.3,14.1,50.5,false,0,medium,documentation
TASK02358,EMP044,PRJ008,2026-05-15,2026-06-09,2026-05-29,completed,high,46.8,46.4,47.2,true,1,critical,documentation
TASK02359,EMP044,PRJ021,2026-02-10,2026-02-20,,in_progress,high,9.0,11.2,,,,medium,enhancement
TASK02360,EMP044,PRJ018,2026-01-01,2026-01-03,,overdue,high,7.4,8.1,,,,low,feature
TASK02361,EMP044,PRJ018,2026-01-06,2026-01-08,,overdue,high,3.6,5.3,,,,low,design
TASK02362,EMP044,PRJ008,2026-06-20,2026-06-30,,in_progress,medium,13.3,12.9,,,,medium,bug_fix
TASK02363,EMP044,PRJ021,2026-02-23,2026-02-27,2026-02-23,completed,high,4.2,5.2,61.3,false,0,low,enhancement
TASK02364,EMP044,PRJ021,2026-01-06,2026-01-15,,overdue,low,27.0,38.7,,,,high,testing
TASK02365,EMP044,PRJ021,2026-03-31,2026-04-05,2026-04-12,completed,low,6.4,7.7,46.3,false,0,low,deployment
TASK02366,EMP044,PRJ021,2026-05-31,2026-06-29,,in_progress,high,44.7,42.4,,,,critical,enhancement
TASK02367,EMP044,PRJ021,2026-05-15,2026-05-22,,in_progress,medium,25.8,24.3,,,,high,maintenance
TASK02368,EMP044,PRJ021,2026-05-20,2026-05-22,,overdue,high,5.1,6.6,,,,low,deployment
TASK02369,EMP044,PRJ021,2026-02-24,2026-03-03,2026-03-06,completed,high,11.7,16.4,42.7,true,2,medium,enhancement
TASK02370,EMP044,PRJ021,2026-01-18,2026-01-27,,overdue,medium,15.9,21.8,,,,medium,bug_fix
TASK02371,EMP044,PRJ018,2026-03-03,2026-03-16,2026-03-22,completed,urgent,23.2,30.5,58.5,false,0,high,bug_fix
TASK02372,EMP044,PRJ018,2026-05-15,2026-05-23,2026-05-16,completed,medium,16.2,23.8,39.6,false,0,medium,maintenance
TASK02373,EMP044,PRJ021,2026-05-08,2026-05-12,,overdue,medium,6.9,5.6,,,,low,maintenance
TASK02374,EMP044,PRJ008,2026-02-19,2026-03-01,2026-03-08,completed,medium,8.7,9.6,51.2,false,0,medium,testing
TASK02375,EMP044,PRJ021,2026-03-19,2026-03-21,2026-03-28,completed,medium,2.8,4.1,52.1,false,0,low,maintenance
TASK02376,EMP044,PRJ018,2026-04-14,2026-04-18,,overdue,high,8.0,11.2,,,,medium,testing
TASK02377,EMP044,PRJ008,2026-02-17,2026-02-28,,overdue,medium,21.1,29.4,,,,high,documentation
TASK02378,EMP044,PRJ008,2026-01-07,2026-01-09,,overdue,medium,7.8,10.0,,,,low,testing
TASK02379,EMP044,PRJ018,2026-02-11,2026-02-13,2026-02-13,completed,low,2.5,2.5,56.2,true,2,low,documentation
TASK02380,EMP044,PRJ008,2026-01-09,2026-01-22,,in_progress,medium,33.5,39.6,,,,high,research
TASK02381,EMP044,PRJ021,2026-03-24,2026-04-05,2026-04-07,completed,high,31.4,35.2,44.3,false,0,high,deployment
TASK02382,EMP044,PRJ018,2026-04-12,2026-04-29,2026-04-23,completed,medium,53.8,40.7,49.7,false,0,critical,review
TASK02383,EMP044,PRJ018,2026-04-20,2026-04-27,,in_progress,urgent,12.9,13.3,,,,medium,maintenance
TASK02384,EMP045,PRJ008,2026-03-19,2026-03-24,2026-03-24,completed,high,17.8,14.9,80.0,false,0,medium,maintenance
TASK02385,EMP045,PRJ018,2026-02-25,2026-03-02,,overdue,medium,7.5,8.1,,,,low,documentation
TASK02386,EMP045,PRJ021,2026-06-13,2026-06-22,2026-06-21,completed,medium,6.7,7.5,73.9,true,1,medium,bug_fix
TASK02387,EMP045,PRJ021,2026-06-07,2026-06-12,2026-06-09,completed,high,7.0,5.3,71.6,false,0,low,bug_fix
TASK02388,EMP045,PRJ018,2026-05-30,2026-06-09,2026-06-01,completed,medium,15.8,21.7,77.9,false,0,medium,design
TASK02389,EMP045,PRJ018,2026-06-14,2026-06-28,2026-06-16,completed,medium,29.4,41.5,61.4,false,0,high,enhancement
TASK02390,EMP045,PRJ018,2026-06-10,2026-06-15,2026-06-15,completed,low,14.0,17.5,80.4,false,0,medium,maintenance
TASK02391,EMP045,PRJ008,2026-02-24,2026-03-01,2026-02-28,completed,medium,17.6,25.7,74.5,false,0,medium,review
TASK02392,EMP045,PRJ008,2026-02-14,2026-02-17,2026-02-21,completed,high,3.4,3.8,62.3,false,0,low,design
TASK02393,EMP045,PRJ021,2026-01-15,2026-02-02,2026-01-23,completed,urgent,26.4,39.2,72.4,false,0,high,design
TASK02394,EMP045,PRJ018,2026-04-01,2026-04-08,2026-04-04,completed,medium,12.1,16.9,67.9,false,0,medium,maintenance
TASK02395,EMP045,PRJ018,2026-02-23,2026-02-28,2026-03-02,completed,high,6.4,7.2,78.5,false,0,low,documentation
TASK02396,EMP045,PRJ021,2026-01-21,2026-01-28,2026-01-27,completed,high,10.5,13.3,71.6,false,0,medium,bug_fix
TASK02397,EMP045,PRJ008,2026-06-08,2026-06-12,,overdue,low,6.0,6.9,,,,low,documentation
TASK02398,EMP045,PRJ021,2026-01-12,2026-02-10,2026-01-31,completed,high,43.4,45.8,59.7,false,0,critical,review
TASK02399,EMP045,PRJ021,2026-05-02,2026-05-13,2026-05-08,completed,urgent,37.3,30.5,78.2,false,0,high,deployment
TASK02400,EMP045,PRJ018,2026-02-27,2026-03-02,,overdue,urgent,5.3,7.7,,,,low,review
TASK02401,EMP045,PRJ021,2026-06-22,2026-06-30,,in_progress,low,18.4,24.5,,,,medium,enhancement
TASK02402,EMP045,PRJ008,2026-03-02,2026-03-06,2026-03-06,completed,urgent,5.7,6.2,79.9,false,0,low,documentation
TASK02403,EMP045,PRJ008,2026-02-06,2026-02-14,2026-02-10,completed,low,15.4,12.5,66.2,false,0,medium,maintenance
TASK02404,EMP045,PRJ021,2026-01-24,2026-02-09,2026-01-26,completed,medium,27.4,28.9,67.4,false,0,high,maintenance
TASK02405,EMP045,PRJ018,2026-02-14,2026-03-04,2026-03-03,completed,medium,50.1,53.8,75.7,false,0,critical,research
TASK02406,EMP045,PRJ021,2026-06-22,2026-07-19,,in_progress,low,42.8,32.0,,,,critical,bug_fix
TASK02407,EMP045,PRJ018,2026-03-21,2026-03-24,2026-03-22,completed,medium,6.3,9.4,83.7,false,0,low,review
TASK02408,EMP045,PRJ018,2026-04-17,2026-05-11,2026-05-15,completed,high,41.2,43.3,60.5,false,0,critical,design
TASK02409,EMP045,PRJ021,2026-03-26,2026-04-16,2026-04-10,completed,medium,45.7,43.6,68.5,true,1,critical,enhancement
TASK02410,EMP045,PRJ008,2026-03-26,2026-04-16,2026-04-19,completed,high,27.2,37.4,60.0,false,0,high,documentation
TASK02411,EMP045,PRJ018,2026-03-19,2026-03-29,2026-03-19,completed,medium,16.5,22.7,74.3,false,0,medium,testing
TASK02412,EMP045,PRJ018,2026-01-21,2026-01-26,2026-01-25,completed,medium,13.2,13.9,79.1,false,0,medium,documentation
TASK02413,EMP045,PRJ008,2026-02-24,2026-03-01,2026-02-28,completed,medium,6.9,9.0,60.3,false,0,low,maintenance
TASK02414,EMP045,PRJ018,2026-02-09,2026-02-16,2026-02-10,completed,medium,9.0,12.8,68.6,false,0,medium,documentation
TASK02415,EMP045,PRJ021,2026-01-05,2026-01-07,2026-01-07,completed,medium,6.9,6.9,74.8,false,0,low,documentation
TASK02416,EMP045,PRJ018,2026-03-03,2026-03-23,2026-03-04,completed,low,23.7,30.0,68.2,false,0,high,design
TASK02417,EMP045,PRJ008,2026-05-17,2026-05-21,,in_progress,medium,2.2,2.7,,,,low,feature
TASK02418,EMP045,PRJ018,2026-02-10,2026-02-23,2026-02-19,completed,urgent,23.2,32.1,75.8,false,0,high,maintenance
TASK02419,EMP045,PRJ018,2026-02-08,2026-02-13,,overdue,high,4.2,3.3,,,,low,maintenance
TASK02420,EMP045,PRJ018,2026-05-11,2026-05-19,2026-05-26,completed,high,23.0,21.6,66.8,true,3,high,research
TASK02421,EMP045,PRJ021,2026-04-06,2026-04-29,2026-05-05,completed,high,55.6,39.8,86.1,false,0,critical,design
TASK02422,EMP045,PRJ008,2026-02-28,2026-03-07,,overdue,medium,13.5,19.2,,,,medium,bug_fix
TASK02423,EMP045,PRJ021,2026-04-08,2026-04-13,2026-04-08,completed,low,4.1,3.3,65.9,false,0,low,review
TASK02424,EMP045,PRJ008,2026-02-10,2026-02-15,2026-02-15,completed,low,10.5,11.7,68.7,false,0,medium,enhancement
TASK02425,EMP045,PRJ021,2026-02-27,2026-03-08,2026-03-01,completed,urgent,9.7,12.4,62.1,true,1,medium,deployment
TASK02426,EMP045,PRJ008,2026-03-01,2026-03-04,2026-03-05,completed,medium,3.6,3.8,80.2,false,0,low,bug_fix
TASK02427,EMP045,PRJ018,2026-01-15,2026-02-04,,in_progress,medium,19.5,27.9,,,,high,research
TASK02428,EMP045,PRJ021,2026-03-23,2026-03-29,,overdue,medium,11.8,15.3,,,,medium,documentation
TASK02429,EMP045,PRJ021,2026-01-29,2026-01-31,,in_progress,medium,3.8,3.7,,,,low,testing
TASK02430,EMP045,PRJ021,2026-03-14,2026-03-19,,in_progress,low,14.4,18.9,,,,medium,maintenance
TASK02431,EMP045,PRJ008,2026-03-10,2026-04-03,2026-03-23,completed,high,44.3,52.3,65.1,false,0,critical,enhancement
TASK02432,EMP045,PRJ021,2026-05-03,2026-05-06,,in_progress,low,3.3,3.1,,,,low,research
TASK02433,EMP045,PRJ021,2026-02-15,2026-02-20,2026-02-20,completed,medium,3.7,2.7,82.6,false,0,low,research
TASK02434,EMP045,PRJ018,2026-05-16,2026-06-14,2026-05-30,completed,high,54.7,44.5,77.4,false,0,critical,maintenance
TASK02435,EMP046,PRJ021,2026-04-23,2026-04-28,,overdue,high,6.4,6.9,,,,low,maintenance
TASK02436,EMP046,PRJ008,2026-05-30,2026-06-04,2026-06-02,completed,urgent,5.9,7.9,79.2,false,0,low,deployment
TASK02437,EMP046,PRJ018,2026-05-06,2026-05-13,2026-05-09,completed,low,14.7,10.9,75.0,false,0,medium,bug_fix
TASK02438,EMP046,PRJ021,2026-03-23,2026-04-21,2026-04-08,completed,medium,59.6,54.1,66.2,true,2,critical,enhancement
TASK02439,EMP046,PRJ018,2026-06-14,2026-06-17,2026-06-17,completed,high,7.3,7.2,78.9,false,0,low,research
TASK02440,EMP046,PRJ008,2026-03-18,2026-04-17,2026-04-11,completed,medium,47.1,69.8,69.7,false,0,critical,review
TASK02441,EMP046,PRJ008,2026-04-24,2026-04-29,2026-04-25,completed,medium,3.9,5.3,72.4,false,0,low,research
TASK02442,EMP046,PRJ008,2026-05-09,2026-05-18,2026-05-11,completed,low,15.8,19.8,59.8,false,0,medium,deployment
TASK02443,EMP046,PRJ021,2026-02-03,2026-02-07,2026-02-09,completed,urgent,3.0,2.2,78.4,false,0,low,review
TASK02444,EMP046,PRJ008,2026-01-21,2026-02-04,2026-01-30,completed,medium,22.3,30.0,69.6,true,3,high,testing
TASK02445,EMP046,PRJ018,2026-05-06,2026-05-10,2026-05-08,completed,medium,7.8,11.7,73.4,false,0,low,deployment
TASK02446,EMP046,PRJ018,2026-05-28,2026-06-04,2026-05-28,completed,medium,19.1,21.4,76.3,false,0,high,design
TASK02447,EMP046,PRJ021,2026-05-18,2026-06-02,2026-05-28,completed,medium,43.8,65.4,72.4,false,0,critical,maintenance
TASK02448,EMP046,PRJ021,2026-06-14,2026-07-14,2026-07-12,completed,low,52.8,76.8,75.3,false,0,critical,review
TASK02449,EMP046,PRJ018,2026-03-19,2026-03-22,2026-03-19,completed,medium,2.0,1.6,71.0,false,0,low,review
TASK02450,EMP046,PRJ021,2026-06-15,2026-06-19,,overdue,low,4.8,5.1,,,,low,enhancement
TASK02451,EMP046,PRJ021,2026-05-02,2026-05-20,2026-05-17,completed,high,27.1,38.6,61.0,false,0,high,testing
TASK02452,EMP046,PRJ021,2026-01-30,2026-02-01,2026-01-30,completed,urgent,6.6,5.7,68.2,false,0,low,research
TASK02453,EMP046,PRJ008,2026-03-06,2026-03-13,2026-03-07,completed,low,6.6,7.4,77.0,false,0,medium,testing
TASK02454,EMP046,PRJ021,2026-05-19,2026-05-26,,in_progress,low,9.4,13.4,,,,medium,bug_fix
TASK02455,EMP046,PRJ008,2026-05-16,2026-06-04,2026-06-07,completed,high,30.5,38.1,69.0,false,0,high,maintenance
TASK02456,EMP046,PRJ021,2026-01-27,2026-01-29,2026-01-28,completed,high,2.4,2.3,67.0,false,0,low,review
TASK02457,EMP046,PRJ018,2026-05-13,2026-05-29,2026-05-22,completed,medium,38.8,31.7,82.0,false,0,high,deployment
TASK02458,EMP046,PRJ018,2026-01-09,2026-01-17,2026-01-18,completed,low,10.3,9.0,62.3,false,0,medium,documentation
TASK02459,EMP046,PRJ021,2026-04-30,2026-05-04,2026-05-06,completed,urgent,13.9,18.4,75.9,false,0,medium,feature
TASK02460,EMP046,PRJ021,2026-01-21,2026-01-25,2026-01-24,completed,medium,8.5,8.6,67.8,false,0,medium,design
TASK02461,EMP046,PRJ008,2026-01-01,2026-01-06,,overdue,urgent,12.7,12.1,,,,medium,documentation
TASK02462,EMP046,PRJ018,2026-02-15,2026-03-11,,overdue,urgent,30.6,23.1,,,,critical,testing
TASK02463,EMP046,PRJ021,2026-01-09,2026-01-14,2026-01-14,completed,medium,5.6,4.6,63.9,false,0,low,maintenance
TASK02464,EMP046,PRJ021,2026-05-14,2026-05-29,2026-05-30,completed,urgent,20.6,27.9,80.0,false,0,high,maintenance
TASK02465,EMP046,PRJ008,2026-03-10,2026-03-19,2026-03-16,completed,high,18.1,17.1,76.4,false,0,high,research
TASK02466,EMP046,PRJ018,2026-05-06,2026-05-09,,overdue,medium,2.9,3.0,,,,low,testing
TASK02467,EMP046,PRJ021,2026-05-31,2026-06-18,2026-06-06,completed,high,38.1,47.3,64.7,false,0,high,bug_fix
TASK02468,EMP046,PRJ008,2026-03-28,2026-04-03,2026-04-06,completed,low,10.5,7.8,69.4,false,0,medium,deployment
TASK02469,EMP046,PRJ021,2026-03-05,2026-03-10,2026-03-08,completed,high,6.3,5.6,75.3,false,0,low,research
TASK02470,EMP046,PRJ018,2026-05-04,2026-05-20,2026-05-20,completed,low,37.7,51.6,74.8,false,0,critical,maintenance
TASK02471,EMP046,PRJ018,2026-05-22,2026-05-30,2026-05-22,completed,medium,14.4,11.7,72.9,false,0,medium,design
TASK02472,EMP046,PRJ021,2026-05-09,2026-06-04,,in_progress,high,38.3,37.1,,,,critical,bug_fix
TASK02473,EMP046,PRJ021,2026-02-02,2026-02-06,2026-02-03,completed,urgent,13.0,11.7,64.9,false,0,medium,design
TASK02474,EMP046,PRJ008,2026-02-23,2026-03-06,,in_progress,medium,25.3,22.1,,,,high,design
TASK02475,EMP046,PRJ021,2026-06-04,2026-06-28,2026-06-21,completed,high,55.5,67.3,74.0,false,0,critical,documentation
TASK02476,EMP046,PRJ018,2026-06-13,2026-07-12,,in_progress,low,45.3,51.3,,,,critical,enhancement
TASK02477,EMP046,PRJ018,2026-01-24,2026-01-26,,in_progress,medium,5.0,5.1,,,,low,bug_fix
TASK02478,EMP046,PRJ018,2026-01-18,2026-01-24,2026-01-29,completed,medium,9.1,9.3,72.5,false,0,medium,bug_fix
TASK02479,EMP046,PRJ008,2026-03-26,2026-04-10,2026-03-31,completed,medium,57.6,80.2,77.1,false,0,critical,review
TASK02480,EMP046,PRJ018,2026-06-10,2026-06-18,2026-06-14,completed,urgent,10.1,8.3,68.9,false,0,medium,research
TASK02481,EMP046,PRJ021,2026-04-06,2026-04-16,2026-04-07,completed,medium,14.1,13.9,75.4,false,0,medium,testing
TASK02482,EMP046,PRJ018,2026-04-27,2026-05-02,2026-04-28,completed,low,7.2,8.5,82.7,false,0,low,bug_fix
TASK02483,EMP046,PRJ021,2026-06-11,2026-06-26,2026-06-13,completed,high,20.9,19.1,74.8,false,0,high,maintenance
TASK02484,EMP046,PRJ021,2026-01-28,2026-02-26,2026-01-29,completed,medium,48.9,68.1,80.0,false,0,critical,deployment
TASK02485,EMP046,PRJ018,2026-04-17,2026-04-22,2026-04-20,completed,medium,12.7,17.9,80.9,false,0,medium,feature
TASK02486,EMP046,PRJ021,2026-05-02,2026-05-10,2026-05-06,completed,high,8.2,8.3,72.0,false,0,medium,deployment
TASK02487,EMP046,PRJ008,2026-05-05,2026-05-10,2026-05-07,completed,urgent,6.0,8.4,68.7,false,0,medium,feature
TASK02488,EMP046,PRJ008,2026-04-09,2026-05-02,2026-05-03,completed,medium,49.4,53.0,83.8,false,0,critical,enhancement
TASK02489,EMP046,PRJ008,2026-05-08,2026-05-10,2026-05-09,completed,high,7.0,9.9,68.3,false,0,low,testing
TASK02490,EMP046,PRJ018,2026-06-05,2026-06-11,2026-06-18,completed,high,15.4,12.5,63.6,true,1,medium,documentation
TASK02491,EMP046,PRJ008,2026-04-04,2026-04-09,2026-04-09,completed,medium,5.4,6.3,63.9,false,0,low,review
TASK02492,EMP046,PRJ008,2026-03-21,2026-03-31,2026-04-05,completed,high,15.4,21.2,64.4,false,0,medium,research
TASK02493,EMP046,PRJ021,2026-01-22,2026-01-24,,overdue,medium,3.2,3.6,,,,low,feature
TASK02494,EMP046,PRJ018,2026-01-05,2026-01-08,,overdue,high,5.8,7.6,,,,low,enhancement
TASK02495,EMP046,PRJ021,2026-02-28,2026-03-05,2026-02-28,completed,low,6.6,8.9,72.8,false,0,low,maintenance
TASK02496,EMP047,PRJ018,2026-02-17,2026-02-21,2026-02-21,completed,medium,3.6,4.9,48.0,false,0,low,deployment
TASK02497,EMP047,PRJ008,2026-05-22,2026-05-24,2026-05-25,completed,high,7.6,8.7,43.1,false,0,low,bug_fix
TASK02498,EMP047,PRJ021,2026-05-12,2026-05-16,,in_progress,low,5.0,5.7,,,,low,testing
TASK02499,EMP047,PRJ018,2026-02-17,2026-02-25,,overdue,high,16.2,13.2,,,,medium,bug_fix
TASK02500,EMP047,PRJ018,2026-02-28,2026-03-09,,overdue,high,12.0,10.4,,,,medium,design
TASK02501,EMP047,PRJ008,2026-02-17,2026-02-19,2026-02-25,completed,medium,6.7,5.9,47.5,false,0,low,research
TASK02502,EMP047,PRJ008,2026-01-21,2026-01-26,2026-01-27,completed,urgent,4.8,5.2,46.9,false,0,low,research
TASK02503,EMP047,PRJ018,2026-04-20,2026-04-25,,overdue,low,6.3,9.2,,,,low,documentation
TASK02504,EMP047,PRJ008,2026-04-28,2026-05-08,2026-05-14,completed,medium,13.5,10.2,47.9,false,0,medium,design
TASK02505,EMP047,PRJ018,2026-06-05,2026-06-10,,in_progress,medium,6.9,7.9,,,,low,research
TASK02506,EMP047,PRJ018,2026-02-04,2026-02-23,2026-02-07,completed,high,27.9,37.2,47.0,false,0,high,enhancement
TASK02507,EMP047,PRJ008,2026-06-05,2026-06-09,2026-06-15,completed,high,12.7,18.1,52.2,false,0,medium,testing
TASK02508,EMP047,PRJ008,2026-06-03,2026-06-12,,in_progress,high,14.1,13.1,,,,medium,testing
TASK02509,EMP047,PRJ008,2026-03-10,2026-03-31,,in_progress,high,18.9,21.7,,,,high,enhancement
TASK02510,EMP047,PRJ018,2026-03-11,2026-03-31,,in_progress,medium,54.8,50.4,,,,critical,maintenance
TASK02511,EMP047,PRJ008,2026-03-31,2026-04-10,,in_progress,medium,12.9,11.9,,,,medium,research
TASK02512,EMP047,PRJ008,2026-04-07,2026-04-23,,in_progress,medium,38.3,48.1,,,,high,review
TASK02513,EMP047,PRJ008,2026-04-17,2026-04-25,,overdue,medium,14.3,12.0,,,,medium,documentation
TASK02514,EMP047,PRJ018,2026-05-20,2026-06-06,,overdue,medium,16.9,17.6,,,,high,maintenance
TASK02515,EMP047,PRJ008,2026-03-04,2026-03-19,2026-03-13,completed,high,59.8,53.4,43.2,false,0,critical,feature
TASK02516,EMP047,PRJ008,2026-01-31,2026-02-05,2026-02-11,completed,medium,14.2,11.6,45.1,true,2,medium,bug_fix
TASK02517,EMP047,PRJ021,2026-06-11,2026-06-16,2026-06-16,completed,low,18.5,18.5,54.2,false,0,medium,documentation
TASK02518,EMP047,PRJ008,2026-01-10,2026-01-19,,in_progress,medium,16.4,22.5,,,,medium,research
TASK02519,EMP047,PRJ008,2026-03-05,2026-03-10,2026-03-06,completed,medium,2.1,2.4,57.6,false,0,low,feature
TASK02520,EMP047,PRJ008,2026-01-28,2026-01-30,,overdue,low,5.5,7.3,,,,low,documentation
TASK02521,EMP047,PRJ018,2026-06-18,2026-06-23,2026-06-21,completed,medium,12.4,16.4,40.6,false,0,medium,maintenance
TASK02522,EMP047,PRJ008,2026-05-28,2026-06-22,,in_progress,low,48.2,57.1,,,,critical,deployment
TASK02523,EMP047,PRJ021,2026-04-22,2026-04-26,,overdue,urgent,3.5,4.6,,,,low,testing
TASK02524,EMP047,PRJ008,2026-02-15,2026-02-20,,overdue,low,6.4,4.6,,,,medium,enhancement
TASK02525,EMP047,PRJ021,2026-01-22,2026-01-28,,overdue,urgent,11.0,8.3,,,,medium,research
TASK02526,EMP047,PRJ021,2026-03-07,2026-03-12,,in_progress,high,17.8,16.0,,,,medium,feature
TASK02527,EMP047,PRJ021,2026-03-03,2026-03-11,2026-03-03,completed,high,10.0,9.0,54.2,false,0,medium,research
TASK02528,EMP047,PRJ021,2026-05-05,2026-05-15,2026-05-17,completed,medium,10.6,11.5,61.0,false,0,medium,review
TASK02529,EMP047,PRJ021,2026-04-16,2026-04-23,,overdue,low,24.5,30.4,,,,high,bug_fix
TASK02530,EMP047,PRJ021,2026-02-15,2026-03-02,2026-03-08,completed,medium,31.1,31.5,59.6,false,0,high,deployment
TASK02531,EMP047,PRJ021,2026-02-18,2026-03-07,2026-03-08,completed,medium,42.3,43.7,42.6,false,0,critical,enhancement
TASK02532,EMP047,PRJ008,2026-02-19,2026-02-21,,in_progress,low,7.9,9.0,,,,low,feature
TASK02533,EMP047,PRJ021,2026-05-08,2026-05-27,2026-05-14,completed,urgent,28.4,20.6,63.5,false,0,high,design
TASK02534,EMP047,PRJ008,2026-02-27,2026-03-19,2026-03-22,completed,low,19.4,17.4,45.5,false,0,high,testing
TASK02535,EMP047,PRJ008,2026-05-05,2026-05-08,2026-05-05,completed,medium,4.2,4.7,45.8,true,3,low,deployment
TASK02536,EMP047,PRJ008,2026-01-29,2026-02-02,,in_progress,high,10.5,8.5,,,,medium,review
TASK02537,EMP047,PRJ008,2026-04-16,2026-04-20,,in_progress,low,6.0,7.1,,,,medium,review
TASK02538,EMP047,PRJ018,2026-06-01,2026-06-05,,in_progress,high,8.0,7.0,,,,medium,documentation
TASK02539,EMP047,PRJ021,2026-02-20,2026-03-06,,overdue,urgent,32.2,23.3,,,,critical,deployment
TASK02540,EMP047,PRJ008,2026-04-06,2026-04-10,,overdue,medium,16.6,24.9,,,,medium,enhancement
TASK02541,EMP047,PRJ008,2026-06-09,2026-06-11,,overdue,low,6.0,7.4,,,,low,enhancement
TASK02542,EMP047,PRJ021,2026-06-02,2026-06-07,,overdue,low,15.0,20.6,,,,medium,maintenance
TASK02543,EMP047,PRJ018,2026-04-03,2026-04-24,,in_progress,urgent,26.7,25.9,,,,high,bug_fix
TASK02544,EMP047,PRJ008,2026-01-26,2026-01-28,,overdue,low,2.4,2.8,,,,low,deployment
TASK02545,EMP047,PRJ021,2026-01-09,2026-01-13,,in_progress,high,8.4,9.6,,,,medium,bug_fix
TASK02546,EMP047,PRJ008,2026-01-23,2026-02-22,,in_progress,low,31.6,29.1,,,,critical,testing
TASK02547,EMP047,PRJ018,2026-02-01,2026-02-23,,in_progress,high,35.8,52.9,,,,critical,testing
TASK02548,EMP047,PRJ021,2026-06-12,2026-06-16,2026-06-13,completed,medium,12.1,16.2,50.3,false,0,medium,review
TASK02549,EMP047,PRJ021,2026-02-21,2026-03-07,,overdue,high,41.5,49.2,,,,critical,enhancement
TASK02550,EMP047,PRJ008,2026-04-30,2026-05-15,2026-05-21,completed,medium,30.7,29.7,57.8,false,0,high,review
TASK02551,EMP047,PRJ018,2026-05-30,2026-06-29,,in_progress,high,56.4,83.1,,,,critical,testing
TASK02552,EMP047,PRJ008,2026-06-17,2026-06-23,,in_progress,high,10.2,7.8,,,,medium,research
TASK02553,EMP047,PRJ018,2026-05-06,2026-05-10,2026-05-07,completed,high,5.1,6.6,51.6,false,0,low,review
TASK02554,EMP047,PRJ008,2026-04-09,2026-04-13,,in_progress,medium,16.9,23.8,,,,medium,feature
TASK02555,EMP047,PRJ008,2026-02-26,2026-03-03,,in_progress,urgent,19.1,16.2,,,,medium,deployment
TASK02556,EMP047,PRJ008,2026-05-25,2026-06-21,,in_progress,low,59.9,80.1,,,,critical,feature
TASK02557,EMP047,PRJ021,2026-04-12,2026-04-17,2026-04-22,completed,medium,18.3,21.1,55.6,true,2,medium,enhancement
TASK02558,EMP047,PRJ018,2026-03-08,2026-03-15,,overdue,low,18.9,20.1,,,,medium,maintenance
TASK02559,EMP047,PRJ018,2026-01-08,2026-01-11,,in_progress,medium,6.5,5.5,,,,low,review
TASK02560,EMP048,PRJ021,2026-03-14,2026-03-17,,overdue,urgent,2.3,3.0,,,,low,review
TASK02561,EMP048,PRJ008,2026-05-08,2026-05-10,2026-05-08,completed,high,5.5,4.0,72.6,false,0,low,design
TASK02562,EMP048,PRJ008,2026-05-07,2026-05-15,2026-05-17,completed,medium,14.4,21.5,58.5,false,0,medium,enhancement
TASK02563,EMP048,PRJ021,2026-01-03,2026-01-09,,overdue,medium,12.5,17.8,,,,medium,review
TASK02564,EMP048,PRJ021,2026-01-07,2026-01-11,2026-01-10,completed,high,4.6,5.9,68.8,false,0,low,bug_fix
TASK02565,EMP048,PRJ021,2026-05-24,2026-05-28,2026-05-26,completed,urgent,3.1,2.9,71.7,false,0,low,maintenance
TASK02566,EMP048,PRJ021,2026-02-01,2026-02-15,2026-02-01,completed,low,35.0,34.4,50.7,false,0,high,bug_fix
TASK02567,EMP048,PRJ008,2026-06-20,2026-06-25,2026-06-22,completed,medium,9.9,8.5,67.2,true,1,medium,documentation
TASK02568,EMP048,PRJ021,2026-02-14,2026-02-21,2026-02-25,completed,high,9.1,8.4,61.1,false,0,medium,design
TASK02569,EMP048,PRJ021,2026-02-11,2026-02-15,,overdue,urgent,3.6,3.6,,,,low,documentation
TASK02570,EMP048,PRJ021,2026-05-07,2026-05-14,2026-05-20,completed,medium,16.0,16.2,48.7,false,0,medium,maintenance
TASK02571,EMP048,PRJ021,2026-01-04,2026-01-08,,overdue,high,3.8,4.4,,,,low,documentation
TASK02572,EMP048,PRJ021,2026-06-08,2026-06-11,,overdue,high,2.3,2.0,,,,low,research
TASK02573,EMP048,PRJ008,2026-01-10,2026-01-17,,overdue,urgent,9.0,7.1,,,,medium,deployment
TASK02574,EMP048,PRJ021,2026-01-10,2026-01-12,,overdue,medium,6.2,8.8,,,,low,testing
TASK02575,EMP048,PRJ021,2026-05-27,2026-06-08,2026-05-27,completed,medium,32.7,36.9,57.8,false,0,high,deployment
TASK02576,EMP048,PRJ008,2026-03-15,2026-03-17,2026-03-21,completed,low,7.0,5.5,68.3,false,0,low,documentation
TASK02577,EMP048,PRJ021,2026-01-04,2026-01-06,2026-01-04,completed,medium,4.2,6.0,71.0,true,3,low,enhancement
TASK02578,EMP048,PRJ021,2026-02-20,2026-02-22,2026-02-20,completed,urgent,6.0,7.5,63.5,false,0,low,feature
TASK02579,EMP048,PRJ021,2026-05-22,2026-05-25,2026-05-23,completed,low,5.3,7.5,75.6,false,0,low,testing
TASK02580,EMP048,PRJ008,2026-05-09,2026-05-13,,in_progress,high,2.0,2.0,,,,low,design
TASK02581,EMP048,PRJ021,2026-06-06,2026-06-08,2026-06-07,completed,medium,4.0,4.8,60.5,false,0,low,deployment
TASK02582,EMP048,PRJ008,2026-05-13,2026-05-22,,overdue,low,14.1,20.0,,,,medium,enhancement
TASK02583,EMP048,PRJ008,2026-05-17,2026-05-28,2026-05-20,completed,low,26.0,21.5,54.8,false,0,high,maintenance
TASK02584,EMP048,PRJ008,2026-03-10,2026-03-25,2026-03-10,completed,medium,37.4,42.4,52.2,false,0,high,enhancement
TASK02585,EMP048,PRJ008,2026-06-08,2026-06-13,,overdue,high,2.8,3.2,,,,low,design
TASK02586,EMP048,PRJ021,2026-04-03,2026-04-13,,overdue,high,17.6,17.2,,,,medium,bug_fix
TASK02587,EMP048,PRJ008,2026-06-09,2026-06-18,2026-06-09,completed,low,21.5,28.5,68.6,true,3,high,bug_fix
TASK02588,EMP048,PRJ021,2026-06-16,2026-06-20,2026-06-17,completed,urgent,5.1,5.1,74.4,false,0,low,enhancement
TASK02589,EMP048,PRJ008,2026-06-12,2026-06-26,2026-06-30,completed,urgent,34.0,29.1,49.8,false,0,high,research
TASK02590,EMP048,PRJ008,2026-06-17,2026-06-21,,in_progress,urgent,11.3,13.5,,,,medium,deployment
TASK02591,EMP048,PRJ008,2026-03-09,2026-03-19,,in_progress,medium,11.1,13.1,,,,medium,maintenance
TASK02592,EMP048,PRJ021,2026-05-04,2026-05-24,,in_progress,low,35.0,40.7,,,,high,enhancement
TASK02593,EMP048,PRJ021,2026-04-25,2026-04-30,2026-05-03,completed,medium,5.9,4.8,67.1,false,0,low,testing
TASK02594,EMP048,PRJ008,2026-04-11,2026-04-30,2026-04-27,completed,medium,32.6,36.1,61.8,true,3,high,bug_fix
TASK02595,EMP048,PRJ021,2026-03-27,2026-04-23,,in_progress,medium,59.0,83.2,,,,critical,feature
TASK02596,EMP048,PRJ008,2026-03-04,2026-03-19,2026-03-23,completed,low,36.8,26.3,47.4,false,0,high,research
TASK02597,EMP048,PRJ008,2026-04-20,2026-04-22,2026-04-21,completed,medium,6.0,6.8,67.2,false,0,low,enhancement
TASK02598,EMP048,PRJ008,2026-01-30,2026-02-07,2026-02-01,completed,low,9.2,8.4,57.0,false,0,medium,feature
TASK02599,EMP048,PRJ021,2026-01-08,2026-01-18,,overdue,medium,17.0,21.6,,,,medium,feature
TASK02600,EMP048,PRJ021,2026-03-16,2026-03-18,,in_progress,high,2.6,3.4,,,,low,documentation
TASK02601,EMP048,PRJ021,2026-02-27,2026-03-03,2026-03-05,completed,high,3.1,3.1,59.1,true,2,low,documentation
TASK02602,EMP048,PRJ021,2026-06-12,2026-06-17,,in_progress,medium,3.4,3.2,,,,low,feature
TASK02603,EMP048,PRJ008,2026-01-21,2026-01-30,,in_progress,high,15.3,17.5,,,,medium,testing
TASK02604,EMP048,PRJ021,2026-05-09,2026-05-12,2026-05-18,completed,low,5.6,8.4,69.5,true,1,low,design
TASK02605,EMP048,PRJ008,2026-04-24,2026-05-03,2026-04-28,completed,medium,6.9,10.4,60.8,false,0,medium,enhancement
TASK02606,EMP048,PRJ021,2026-04-14,2026-04-18,,overdue,low,17.6,25.5,,,,medium,bug_fix
TASK02607,EMP048,PRJ021,2026-03-29,2026-04-02,2026-03-30,completed,medium,12.1,12.0,58.3,true,3,medium,deployment
TASK02608,EMP048,PRJ008,2026-01-21,2026-02-11,,overdue,medium,22.9,20.4,,,,high,research
TASK02609,EMP048,PRJ021,2026-03-05,2026-03-08,,in_progress,high,2.1,2.5,,,,low,maintenance
TASK02610,EMP049,PRJ019,2026-06-20,2026-06-23,,overdue,medium,3.6,5.0,,,,low,feature
TASK02611,EMP049,PRJ030,2026-06-20,2026-07-12,,in_progress,low,49.7,70.2,,,,critical,maintenance
TASK02612,EMP049,PRJ030,2026-04-08,2026-04-13,,overdue,high,6.9,9.4,,,,low,deployment
TASK02613,EMP049,PRJ019,2026-06-04,2026-06-10,2026-06-07,completed,medium,13.3,19.5,58.6,false,0,medium,deployment
TASK02614,EMP049,PRJ006,2026-05-15,2026-05-19,,in_progress,high,19.6,29.3,,,,medium,review
TASK02615,EMP049,PRJ006,2026-05-17,2026-05-28,,in_progress,high,34.0,26.3,,,,high,deployment
TASK02616,EMP049,PRJ030,2026-01-25,2026-01-31,,in_progress,low,9.1,6.6,,,,medium,design
TASK02617,EMP049,PRJ030,2026-04-18,2026-04-22,2026-04-22,completed,medium,7.8,6.4,57.9,false,0,medium,maintenance
TASK02618,EMP049,PRJ030,2026-04-11,2026-05-05,,in_progress,high,45.7,44.8,,,,critical,deployment
TASK02619,EMP049,PRJ030,2026-05-30,2026-06-03,,in_progress,medium,2.7,3.6,,,,low,enhancement
TASK02620,EMP049,PRJ019,2026-01-18,2026-01-28,,overdue,high,23.6,22.2,,,,high,documentation
TASK02621,EMP049,PRJ030,2026-02-06,2026-02-22,,overdue,urgent,40.0,29.1,,,,critical,bug_fix
TASK02622,EMP049,PRJ006,2026-03-30,2026-04-17,,in_progress,medium,18.2,20.9,,,,high,design
TASK02623,EMP049,PRJ030,2026-01-15,2026-01-31,,overdue,medium,41.5,51.6,,,,critical,enhancement
TASK02624,EMP049,PRJ030,2026-01-17,2026-01-27,,overdue,medium,6.9,8.1,,,,medium,maintenance
TASK02625,EMP049,PRJ006,2026-04-02,2026-04-16,2026-04-19,completed,medium,43.1,50.3,50.0,false,0,critical,bug_fix
TASK02626,EMP049,PRJ019,2026-03-02,2026-03-20,,in_progress,high,37.6,52.4,,,,critical,bug_fix
TASK02627,EMP049,PRJ030,2026-01-24,2026-02-01,2026-02-03,completed,medium,19.5,17.5,36.1,false,0,high,enhancement
TASK02628,EMP049,PRJ019,2026-04-18,2026-04-27,2026-05-02,completed,high,6.8,7.9,53.6,true,2,medium,documentation
TASK02629,EMP049,PRJ019,2026-02-22,2026-02-24,,overdue,high,5.9,7.6,,,,low,bug_fix
TASK02630,EMP049,PRJ006,2026-01-31,2026-02-05,2026-02-09,completed,high,3.2,2.3,58.3,false,0,low,deployment
TASK02631,EMP049,PRJ006,2026-05-07,2026-05-16,,overdue,high,10.0,12.5,,,,medium,research
TASK02632,EMP049,PRJ019,2026-02-07,2026-02-16,,overdue,low,18.7,24.4,,,,medium,testing
TASK02633,EMP049,PRJ006,2026-04-11,2026-04-15,2026-04-22,completed,high,11.8,16.9,52.7,false,0,medium,documentation
TASK02634,EMP049,PRJ019,2026-03-08,2026-03-18,,in_progress,medium,13.1,15.3,,,,medium,design
TASK02635,EMP049,PRJ006,2026-06-05,2026-06-16,,in_progress,urgent,17.2,23.8,,,,high,enhancement
TASK02636,EMP049,PRJ019,2026-05-31,2026-06-19,,in_progress,medium,32.1,30.8,,,,high,testing
TASK02637,EMP049,PRJ030,2026-04-14,2026-04-23,2026-04-23,completed,medium,15.1,13.9,58.2,false,0,medium,research
TASK02638,EMP049,PRJ030,2026-02-25,2026-03-01,2026-02-26,completed,low,7.6,6.1,62.6,false,0,low,research
TASK02639,EMP049,PRJ006,2026-03-15,2026-03-24,,overdue,high,9.1,12.8,,,,medium,deployment
TASK02640,EMP049,PRJ019,2026-02-13,2026-02-17,2026-02-18,completed,high,2.5,2.1,40.5,false,0,low,enhancement
TASK02641,EMP049,PRJ030,2026-02-28,2026-03-18,,overdue,high,29.1,38.8,,,,high,bug_fix
TASK02642,EMP049,PRJ019,2026-01-29,2026-02-07,2026-02-12,completed,medium,16.4,17.6,48.6,true,2,medium,documentation
TASK02643,EMP049,PRJ030,2026-03-15,2026-03-21,,overdue,medium,17.7,19.6,,,,medium,enhancement
TASK02644,EMP049,PRJ006,2026-01-28,2026-02-05,,in_progress,medium,17.2,19.3,,,,medium,deployment
TASK02645,EMP049,PRJ019,2026-02-25,2026-03-04,,in_progress,high,9.4,8.7,,,,medium,bug_fix
TASK02646,EMP049,PRJ019,2026-06-02,2026-06-06,,overdue,high,13.3,16.4,,,,medium,documentation
TASK02647,EMP049,PRJ030,2026-06-13,2026-07-03,,assigned,high,37.6,56.0,,,,high,documentation
TASK02648,EMP049,PRJ006,2026-01-19,2026-02-06,,in_progress,low,25.7,23.2,,,,high,testing
TASK02649,EMP049,PRJ030,2026-02-19,2026-03-02,,overdue,medium,31.5,28.6,,,,high,review
TASK02650,EMP049,PRJ019,2026-01-02,2026-01-05,2026-01-02,completed,urgent,5.2,4.4,48.4,false,0,low,review
TASK02651,EMP049,PRJ006,2026-02-10,2026-02-18,,in_progress,medium,17.6,12.5,,,,medium,enhancement
TASK02652,EMP049,PRJ019,2026-03-23,2026-04-01,,overdue,medium,17.1,18.4,,,,high,feature
TASK02653,EMP049,PRJ019,2026-04-10,2026-04-18,2026-04-18,completed,medium,15.6,14.3,36.7,false,0,medium,maintenance
TASK02654,EMP049,PRJ019,2026-02-26,2026-03-03,,in_progress,medium,4.3,6.3,,,,low,bug_fix
TASK02655,EMP049,PRJ006,2026-02-04,2026-02-08,2026-02-08,completed,low,3.7,3.5,46.9,false,0,low,design
TASK02656,EMP049,PRJ019,2026-03-14,2026-03-30,2026-03-18,completed,medium,33.0,36.4,51.3,false,0,critical,review
TASK02657,EMP049,PRJ006,2026-02-15,2026-02-27,,in_progress,high,18.1,19.7,,,,high,documentation
TASK02658,EMP049,PRJ019,2026-06-20,2026-06-24,,overdue,high,6.9,10.0,,,,low,review
TASK02659,EMP049,PRJ006,2026-05-24,2026-06-02,2026-06-02,completed,high,11.7,15.0,61.2,true,3,medium,enhancement
TASK02660,EMP049,PRJ019,2026-06-13,2026-06-20,,in_progress,high,15.6,15.3,,,,medium,maintenance
TASK02661,EMP049,PRJ030,2026-02-03,2026-02-13,,in_progress,high,15.1,17.5,,,,medium,feature
TASK02662,EMP049,PRJ006,2026-06-22,2026-07-10,,in_progress,medium,40.3,42.2,,,,critical,enhancement
TASK02663,EMP050,PRJ019,2026-05-19,2026-05-22,2026-05-19,completed,medium,2.7,2.7,82.0,false,0,low,design
TASK02664,EMP050,PRJ006,2026-03-22,2026-04-01,2026-03-24,completed,high,24.6,30.8,95.7,false,0,high,feature
TASK02665,EMP050,PRJ019,2026-04-13,2026-04-17,2026-04-17,completed,medium,5.7,8.0,93.6,false,0,low,review
TASK02666,EMP050,PRJ006,2026-01-05,2026-01-09,2026-01-06,completed,high,11.1,13.4,78.0,false,0,medium,testing
TASK02667,EMP050,PRJ019,2026-03-17,2026-03-22,2026-03-20,completed,high,7.7,5.8,85.8,false,0,low,deployment
TASK02668,EMP050,PRJ006,2026-05-20,2026-05-29,,in_progress,medium,15.4,16.1,,,,medium,deployment
TASK02669,EMP050,PRJ019,2026-04-05,2026-04-15,2026-04-15,completed,medium,12.0,12.2,88.2,false,0,medium,review
TASK02670,EMP050,PRJ006,2026-03-09,2026-03-29,2026-03-12,completed,high,40.2,41.8,78.8,false,0,critical,testing
TASK02671,EMP050,PRJ019,2026-04-11,2026-04-23,2026-04-14,completed,medium,16.3,19.1,91.7,false,0,high,deployment
TASK02672,EMP050,PRJ006,2026-02-28,2026-03-06,2026-03-05,completed,high,14.4,20.9,81.4,false,0,medium,bug_fix
TASK02673,EMP050,PRJ006,2026-05-01,2026-05-25,2026-05-22,completed,low,31.4,44.2,91.7,false,0,critical,feature
TASK02674,EMP050,PRJ019,2026-01-28,2026-02-05,2026-02-07,completed,high,10.2,13.5,91.0,false,0,medium,deployment
TASK02675,EMP050,PRJ006,2026-02-06,2026-02-13,2026-02-13,completed,urgent,19.6,16.2,88.5,false,0,medium,documentation
TASK02676,EMP050,PRJ019,2026-04-06,2026-04-25,2026-04-10,completed,high,27.0,34.2,83.4,false,0,high,testing
TASK02677,EMP050,PRJ019,2026-02-14,2026-02-17,2026-02-14,completed,high,3.6,4.7,85.4,false,0,low,research
TASK02678,EMP050,PRJ006,2026-02-26,2026-03-04,2026-03-01,completed,high,10.9,10.3,77.0,false,0,medium,maintenance
TASK02679,EMP050,PRJ019,2026-04-17,2026-04-29,2026-04-18,completed,medium,20.7,25.1,82.2,false,0,high,bug_fix
TASK02680,EMP050,PRJ006,2026-01-01,2026-01-10,2026-01-05,completed,medium,13.4,17.0,92.8,false,0,medium,testing
TASK02681,EMP050,PRJ019,2026-01-14,2026-01-17,2026-01-14,completed,medium,6.6,5.7,83.9,false,0,low,feature
TASK02682,EMP050,PRJ006,2026-06-01,2026-06-16,2026-06-03,completed,high,34.4,36.1,86.5,false,0,high,bug_fix
TASK02683,EMP050,PRJ019,2026-03-04,2026-03-07,2026-03-05,completed,medium,7.6,6.2,73.0,false,0,low,enhancement
TASK02684,EMP050,PRJ006,2026-03-24,2026-03-28,2026-03-24,completed,low,9.3,12.3,75.7,false,0,medium,design
TASK02685,EMP050,PRJ019,2026-01-09,2026-01-12,2026-01-09,completed,medium,3.5,3.1,82.2,false,0,low,testing
TASK02686,EMP050,PRJ006,2026-03-13,2026-03-23,,overdue,medium,12.9,16.1,,,,medium,documentation
TASK02687,EMP050,PRJ006,2026-02-16,2026-02-21,2026-02-19,completed,medium,3.4,3.8,80.7,false,0,low,feature
TASK02688,EMP050,PRJ019,2026-02-04,2026-02-06,2026-02-05,completed,high,7.7,6.6,80.0,false,0,low,review
TASK02689,EMP050,PRJ019,2026-04-07,2026-05-06,,in_progress,medium,45.9,40.7,,,,critical,testing
TASK02690,EMP050,PRJ006,2026-05-15,2026-05-25,2026-05-24,completed,low,15.4,19.2,84.7,true,2,medium,research
TASK02691,EMP050,PRJ019,2026-05-11,2026-05-19,2026-05-16,completed,medium,18.3,19.0,85.7,false,0,medium,feature
TASK02692,EMP050,PRJ006,2026-03-06,2026-03-10,2026-03-06,completed,high,2.2,2.3,86.6,false,0,low,review
TASK02693,EMP050,PRJ019,2026-06-11,2026-06-16,2026-06-12,completed,medium,8.0,5.6,90.5,false,0,low,research
TASK02694,EMP050,PRJ019,2026-03-25,2026-03-31,2026-04-07,completed,medium,13.1,11.9,73.4,false,0,medium,research
TASK02695,EMP050,PRJ019,2026-03-21,2026-04-09,2026-04-05,completed,high,42.0,40.7,81.8,false,0,critical,design
TASK02696,EMP050,PRJ019,2026-04-18,2026-04-28,2026-04-27,completed,high,12.0,10.9,95.1,false,0,medium,bug_fix
TASK02697,EMP050,PRJ019,2026-01-17,2026-01-27,2026-01-20,completed,medium,8.8,11.2,85.5,false,0,medium,documentation
TASK02698,EMP050,PRJ006,2026-05-06,2026-05-24,,in_progress,low,32.8,30.0,,,,high,research
TASK02699,EMP050,PRJ019,2026-04-30,2026-05-19,2026-05-18,completed,low,23.6,30.0,70.6,false,0,high,review
TASK02700,EMP050,PRJ006,2026-02-03,2026-02-12,2026-02-08,completed,medium,6.6,4.7,87.4,false,0,medium,maintenance
TASK02701,EMP050,PRJ019,2026-06-10,2026-06-14,2026-06-14,completed,medium,5.7,8.5,90.1,false,0,low,documentation
TASK02702,EMP050,PRJ006,2026-05-06,2026-05-08,2026-05-07,completed,medium,6.8,10.0,80.3,false,0,low,bug_fix
TASK02703,EMP050,PRJ019,2026-05-02,2026-05-18,2026-05-03,completed,high,38.3,49.9,88.5,false,0,critical,enhancement
TASK02704,EMP050,PRJ006,2026-06-10,2026-06-17,2026-06-16,completed,high,8.1,8.9,95.1,false,0,medium,documentation
TASK02705,EMP050,PRJ019,2026-01-13,2026-01-22,2026-01-29,completed,medium,6.7,7.2,86.4,false,0,medium,bug_fix
TASK02706,EMP050,PRJ019,2026-06-15,2026-06-23,2026-06-23,completed,high,38.9,31.0,84.2,false,0,high,deployment
TASK02707,EMP050,PRJ006,2026-03-02,2026-03-09,2026-03-09,completed,high,9.7,9.1,78.7,false,0,medium,deployment
TASK02708,EMP050,PRJ019,2026-04-21,2026-04-29,2026-04-28,completed,urgent,6.5,9.6,79.3,false,0,medium,documentation
TASK02709,EMP050,PRJ019,2026-06-16,2026-06-20,2026-06-22,completed,high,7.5,7.6,82.5,false,0,medium,feature
TASK02710,EMP050,PRJ006,2026-03-01,2026-03-04,2026-03-03,completed,medium,7.2,7.1,79.3,false,0,low,design
TASK02711,EMP050,PRJ006,2026-06-22,2026-06-28,2026-06-28,completed,high,18.4,16.2,77.3,false,0,medium,enhancement
TASK02712,EMP050,PRJ019,2026-03-23,2026-03-29,2026-03-31,completed,low,18.3,13.3,86.7,true,2,medium,enhancement
TASK02713,EMP051,PRJ030,2026-05-30,2026-06-06,2026-06-04,completed,medium,15.4,14.3,83.1,false,0,medium,research
TASK02714,EMP051,PRJ030,2026-02-28,2026-03-05,2026-03-04,completed,medium,8.3,10.1,72.9,false,0,medium,documentation
TASK02715,EMP051,PRJ030,2026-06-02,2026-06-06,2026-06-06,completed,medium,7.3,8.6,80.4,false,0,low,feature
TASK02716,EMP051,PRJ030,2026-06-19,2026-06-24,2026-06-23,completed,medium,2.5,3.5,86.8,false,0,low,review
TASK02717,EMP051,PRJ030,2026-05-05,2026-05-15,2026-05-07,completed,medium,10.6,7.6,74.1,false,0,medium,testing
TASK02718,EMP051,PRJ030,2026-01-15,2026-02-02,2026-01-30,completed,medium,58.1,77.1,81.5,false,0,critical,bug_fix
TASK02719,EMP051,PRJ030,2026-03-16,2026-03-24,2026-03-24,completed,medium,6.9,7.9,84.0,false,0,medium,research
TASK02720,EMP051,PRJ030,2026-05-06,2026-06-03,2026-06-02,completed,medium,54.7,74.8,76.9,false,0,critical,feature
TASK02721,EMP051,PRJ030,2026-02-11,2026-02-16,2026-02-15,completed,medium,4.4,4.5,88.7,false,0,low,design
TASK02722,EMP051,PRJ030,2026-02-15,2026-02-20,2026-02-18,completed,low,18.2,15.4,83.2,false,0,medium,research
TASK02723,EMP051,PRJ030,2026-04-19,2026-04-22,2026-04-20,completed,low,4.5,6.5,88.4,false,0,low,design
TASK02724,EMP051,PRJ030,2026-01-20,2026-01-26,2026-01-25,completed,low,7.9,6.0,77.2,false,0,medium,research
TASK02725,EMP051,PRJ030,2026-03-24,2026-04-03,,in_progress,low,11.2,16.0,,,,medium,research
TASK02726,EMP051,PRJ030,2026-01-16,2026-01-30,,in_progress,medium,47.0,34.1,,,,critical,testing
TASK02727,EMP051,PRJ030,2026-03-19,2026-03-24,2026-03-23,completed,low,4.3,3.8,70.5,false,0,low,deployment
TASK02728,EMP051,PRJ030,2026-03-19,2026-04-11,,overdue,medium,40.6,42.1,,,,critical,deployment
TASK02729,EMP051,PRJ030,2026-01-09,2026-02-03,2026-01-22,completed,medium,39.9,29.8,96.4,false,0,critical,deployment
TASK02730,EMP051,PRJ030,2026-01-09,2026-01-13,2026-01-12,completed,medium,6.7,9.4,91.4,false,0,low,deployment
TASK02731,EMP051,PRJ030,2026-01-16,2026-01-31,2026-01-28,completed,medium,27.2,26.5,82.0,false,0,high,maintenance
TASK02732,EMP051,PRJ030,2026-02-28,2026-03-04,2026-02-28,completed,urgent,8.6,11.8,78.4,false,0,medium,deployment
TASK02733,EMP051,PRJ030,2026-04-11,2026-04-16,2026-04-12,completed,high,2.5,3.6,79.4,false,0,low,research
TASK02734,EMP051,PRJ030,2026-02-06,2026-02-19,2026-02-19,completed,high,35.0,47.3,75.3,true,1,high,testing
TASK02735,EMP051,PRJ030,2026-05-10,2026-05-17,,overdue,medium,12.4,13.6,,,,medium,enhancement
TASK02736,EMP051,PRJ030,2026-05-08,2026-05-18,2026-05-15,completed,high,9.2,8.8,75.7,false,0,medium,enhancement
TASK02737,EMP051,PRJ030,2026-01-22,2026-01-26,2026-01-22,completed,high,4.7,6.6,71.3,false,0,low,enhancement
TASK02738,EMP051,PRJ030,2026-05-18,2026-05-20,2026-05-19,completed,medium,2.3,1.8,85.6,false,0,low,design
TASK02739,EMP051,PRJ030,2026-06-03,2026-06-16,2026-06-13,completed,urgent,35.4,25.0,80.3,false,0,high,design
TASK02740,EMP051,PRJ030,2026-05-07,2026-05-15,2026-05-15,completed,high,9.2,12.3,92.9,false,0,medium,deployment
TASK02741,EMP051,PRJ030,2026-04-18,2026-04-20,2026-04-19,completed,medium,6.2,5.7,93.8,false,0,low,review
TASK02742,EMP051,PRJ030,2026-02-23,2026-02-27,2026-02-26,completed,low,3.1,3.4,89.2,false,0,low,design
TASK02743,EMP051,PRJ030,2026-05-14,2026-05-19,,overdue,medium,2.4,2.2,,,,low,research
TASK02744,EMP051,PRJ030,2026-01-24,2026-02-14,2026-02-17,completed,low,44.8,59.1,80.0,false,0,critical,testing
TASK02745,EMP051,PRJ030,2026-02-16,2026-03-08,2026-02-22,completed,medium,28.7,24.6,83.7,false,0,high,review
TASK02746,EMP051,PRJ030,2026-04-17,2026-04-24,,overdue,low,17.5,13.2,,,,medium,maintenance
TASK02747,EMP051,PRJ030,2026-03-05,2026-03-10,2026-03-17,completed,low,18.8,13.6,82.0,false,0,medium,documentation
TASK02748,EMP051,PRJ030,2026-04-15,2026-04-22,2026-04-20,completed,medium,14.3,20.7,87.1,false,0,medium,design
TASK02749,EMP051,PRJ030,2026-05-02,2026-05-05,2026-05-03,completed,medium,4.7,4.1,85.7,false,0,low,enhancement
TASK02750,EMP051,PRJ030,2026-05-07,2026-05-11,2026-05-11,completed,urgent,2.1,1.7,68.3,false,0,low,enhancement
TASK02751,EMP051,PRJ030,2026-06-08,2026-06-13,2026-06-08,completed,medium,12.1,13.5,86.1,false,0,medium,review
TASK02752,EMP051,PRJ030,2026-03-17,2026-03-26,2026-03-20,completed,medium,7.6,6.8,75.1,false,0,medium,feature
TASK02753,EMP051,PRJ030,2026-02-13,2026-02-16,2026-02-15,completed,medium,4.2,6.3,94.7,false,0,low,bug_fix
TASK02754,EMP051,PRJ030,2026-04-04,2026-04-08,2026-04-08,completed,urgent,15.3,17.9,91.5,false,0,medium,maintenance
TASK02755,EMP051,PRJ030,2026-02-09,2026-03-02,2026-02-15,completed,low,37.6,27.6,73.1,false,0,high,documentation
TASK02756,EMP051,PRJ030,2026-04-07,2026-04-12,2026-04-12,completed,low,9.9,12.3,80.7,true,3,medium,enhancement
TASK02757,EMP051,PRJ030,2026-02-08,2026-02-16,2026-02-09,completed,high,7.4,9.6,86.2,false,0,medium,enhancement
TASK02758,EMP051,PRJ030,2026-06-18,2026-06-22,2026-06-20,completed,medium,2.7,2.2,76.8,true,3,low,documentation
TASK02759,EMP051,PRJ030,2026-04-24,2026-04-30,2026-04-25,completed,low,7.2,8.1,82.1,false,0,medium,documentation
TASK02760,EMP051,PRJ030,2026-06-22,2026-06-29,,overdue,low,12.3,9.7,,,,medium,deployment
TASK02761,EMP051,PRJ030,2026-03-30,2026-04-28,2026-05-05,completed,low,40.6,53.5,84.3,false,0,critical,testing
TASK02762,EMP051,PRJ030,2026-01-05,2026-01-08,2026-01-06,completed,low,4.0,5.9,83.1,false,0,low,design
TASK02763,EMP051,PRJ030,2026-02-02,2026-02-09,2026-02-05,completed,high,6.6,7.0,92.8,false,0,medium,deployment
TASK02764,EMP051,PRJ030,2026-05-28,2026-05-30,2026-05-29,completed,medium,5.4,6.4,74.6,false,0,low,design
TASK02765,EMP051,PRJ030,2026-02-18,2026-03-03,2026-03-03,completed,high,38.2,53.8,77.4,false,0,high,bug_fix
TASK02766,EMP051,PRJ030,2026-03-28,2026-04-01,2026-03-31,completed,high,6.5,6.9,76.6,true,2,low,documentation
TASK02767,EMP051,PRJ030,2026-02-11,2026-02-21,2026-02-22,completed,urgent,17.6,21.4,84.9,false,0,medium,maintenance
TASK02768,EMP051,PRJ030,2026-01-26,2026-02-16,2026-02-18,completed,medium,37.0,53.9,91.6,false,0,high,design
TASK02769,EMP051,PRJ030,2026-01-18,2026-01-20,2026-01-20,completed,urgent,6.5,8.0,87.8,false,0,low,research
TASK02770,EMP051,PRJ030,2026-04-20,2026-04-25,2026-04-23,completed,low,19.6,13.9,81.5,false,0,medium,deployment
TASK02771,EMP051,PRJ030,2026-02-20,2026-02-24,2026-02-21,completed,medium,2.8,2.8,82.0,false,0,low,deployment
TASK02772,EMP051,PRJ030,2026-04-09,2026-04-13,2026-04-13,completed,medium,2.2,2.1,77.0,false,0,low,research
TASK02773,EMP051,PRJ030,2026-02-14,2026-03-04,2026-02-27,completed,medium,55.6,51.2,71.8,false,0,critical,enhancement
TASK02774,EMP051,PRJ030,2026-01-02,2026-01-11,2026-01-10,completed,low,17.0,18.8,87.6,false,0,medium,maintenance
TASK02775,EMP051,PRJ030,2026-05-26,2026-05-28,2026-05-27,completed,high,6.2,4.9,92.8,false,0,low,review
TASK02776,EMP051,PRJ030,2026-04-07,2026-05-04,2026-04-12,completed,medium,43.7,44.9,89.2,false,0,critical,review
TASK02777,EMP051,PRJ030,2026-03-27,2026-04-11,2026-03-29,completed,low,21.8,30.6,72.6,false,0,high,feature
TASK02778,EMP052,PRJ019,2026-04-04,2026-04-08,,overdue,low,7.3,5.4,,,,low,feature
TASK02779,EMP052,PRJ019,2026-02-18,2026-02-20,2026-02-25,completed,urgent,7.5,7.8,44.2,false,0,low,enhancement
TASK02780,EMP052,PRJ019,2026-02-01,2026-02-10,2026-02-16,completed,medium,8.8,11.2,61.9,false,0,medium,testing
TASK02781,EMP052,PRJ006,2026-04-13,2026-04-23,,overdue,low,11.6,16.9,,,,medium,design
TASK02782,EMP052,PRJ019,2026-01-16,2026-02-01,,overdue,high,22.5,32.8,,,,high,documentation
TASK02783,EMP052,PRJ006,2026-04-21,2026-04-24,,in_progress,high,4.4,6.0,,,,low,research
TASK02784,EMP052,PRJ019,2026-01-05,2026-01-11,,in_progress,high,9.8,9.9,,,,medium,testing
TASK02785,EMP052,PRJ006,2026-02-17,2026-03-01,,in_progress,urgent,37.2,27.3,,,,high,maintenance
TASK02786,EMP052,PRJ006,2026-04-22,2026-04-26,,overdue,medium,9.3,7.8,,,,medium,feature
TASK02787,EMP052,PRJ019,2026-06-20,2026-06-24,,in_progress,medium,3.1,2.4,,,,low,maintenance
TASK02788,EMP052,PRJ006,2026-04-03,2026-04-11,2026-04-12,completed,high,16.5,13.6,41.8,true,1,medium,maintenance
TASK02789,EMP052,PRJ006,2026-02-07,2026-02-09,,overdue,high,5.3,6.6,,,,low,research
TASK02790,EMP052,PRJ019,2026-04-18,2026-04-22,2026-04-20,completed,medium,6.1,6.7,46.0,false,0,medium,feature
TASK02791,EMP052,PRJ006,2026-04-08,2026-05-04,2026-05-02,completed,medium,57.5,57.6,53.1,false,0,critical,testing
TASK02792,EMP052,PRJ006,2026-01-11,2026-01-19,,in_progress,low,26.8,20.2,,,,high,documentation
TASK02793,EMP052,PRJ019,2026-06-12,2026-06-22,2026-06-24,completed,medium,11.3,9.3,43.6,true,2,medium,enhancement
TASK02794,EMP052,PRJ006,2026-02-01,2026-03-01,,overdue,high,32.4,23.1,,,,critical,feature
TASK02795,EMP052,PRJ019,2026-02-28,2026-03-06,,in_progress,urgent,10.3,7.9,,,,medium,research
TASK02796,EMP052,PRJ019,2026-05-27,2026-06-06,,in_progress,high,26.8,31.6,,,,high,design
TASK02797,EMP052,PRJ006,2026-02-07,2026-02-26,2026-03-02,completed,medium,17.9,13.0,59.7,false,0,high,research
TASK02798,EMP052,PRJ006,2026-01-19,2026-01-28,,overdue,medium,14.7,16.1,,,,medium,deployment
TASK02799,EMP052,PRJ006,2026-04-27,2026-05-01,2026-05-02,completed,high,4.7,5.8,62.1,false,0,low,bug_fix
TASK02800,EMP052,PRJ019,2026-05-28,2026-06-01,,in_progress,urgent,7.6,10.0,,,,low,bug_fix
TASK02801,EMP052,PRJ019,2026-04-29,2026-05-04,,overdue,medium,2.3,1.9,,,,low,feature
TASK02802,EMP052,PRJ006,2026-03-09,2026-03-14,,overdue,high,3.4,3.0,,,,low,enhancement
TASK02803,EMP052,PRJ006,2026-04-03,2026-04-06,,in_progress,low,7.6,10.7,,,,low,design
TASK02804,EMP052,PRJ006,2026-04-27,2026-05-06,,overdue,medium,6.8,6.3,,,,medium,deployment
TASK02805,EMP052,PRJ006,2026-06-08,2026-06-13,,in_progress,medium,8.7,8.4,,,,medium,design
TASK02806,EMP052,PRJ006,2026-04-27,2026-05-01,,in_progress,medium,9.2,13.3,,,,medium,deployment
TASK02807,EMP052,PRJ019,2026-05-24,2026-05-30,2026-06-03,completed,low,17.9,22.1,47.8,true,1,medium,testing
TASK02808,EMP052,PRJ019,2026-04-17,2026-04-23,,overdue,high,19.0,28.1,,,,medium,maintenance
TASK02809,EMP052,PRJ006,2026-02-04,2026-02-08,2026-02-09,completed,low,7.8,10.6,42.3,true,2,low,review
TASK02810,EMP052,PRJ006,2026-05-26,2026-05-28,,overdue,high,5.1,5.9,,,,low,maintenance
TASK02811,EMP052,PRJ006,2026-03-18,2026-04-05,,overdue,medium,27.1,37.3,,,,high,enhancement
TASK02812,EMP052,PRJ006,2026-06-15,2026-06-22,2026-06-22,completed,high,7.9,8.8,53.7,false,0,medium,research
TASK02813,EMP052,PRJ006,2026-01-25,2026-01-30,,overdue,medium,7.2,7.2,,,,low,deployment
TASK02814,EMP052,PRJ006,2026-02-21,2026-03-02,,in_progress,low,18.3,26.4,,,,medium,feature
TASK02815,EMP052,PRJ006,2026-05-12,2026-05-20,2026-05-22,completed,medium,12.8,16.4,53.1,false,0,medium,documentation
TASK02816,EMP052,PRJ019,2026-01-22,2026-02-01,,overdue,high,23.3,31.3,,,,high,research
TASK02817,EMP052,PRJ006,2026-01-27,2026-02-17,,in_progress,medium,39.8,43.4,,,,high,review
TASK02818,EMP052,PRJ006,2026-04-21,2026-05-01,2026-04-26,completed,urgent,24.7,30.2,44.4,false,0,high,feature
TASK02819,EMP052,PRJ019,2026-02-09,2026-02-17,2026-02-13,completed,low,12.0,9.6,57.6,false,0,medium,deployment
TASK02820,EMP052,PRJ006,2026-02-02,2026-02-18,,overdue,medium,22.0,25.1,,,,high,bug_fix
TASK02821,EMP052,PRJ006,2026-04-02,2026-04-11,2026-04-17,completed,medium,16.1,12.1,49.2,true,3,medium,enhancement
TASK02822,EMP052,PRJ006,2026-05-03,2026-05-10,,in_progress,medium,18.8,24.7,,,,medium,research
TASK02823,EMP052,PRJ006,2026-01-08,2026-01-12,,in_progress,urgent,7.5,6.8,,,,low,design
TASK02824,EMP052,PRJ019,2026-05-14,2026-05-23,2026-05-26,completed,medium,11.4,11.7,50.1,false,0,medium,maintenance
TASK02825,EMP052,PRJ006,2026-01-20,2026-01-29,,overdue,high,6.2,4.4,,,,medium,review
TASK02826,EMP052,PRJ006,2026-02-09,2026-02-28,,in_progress,medium,46.8,59.6,,,,critical,design
TASK02827,EMP052,PRJ019,2026-01-14,2026-01-25,2026-01-16,completed,high,31.3,39.5,38.1,false,0,high,bug_fix
TASK02828,EMP052,PRJ019,2026-06-17,2026-07-13,2026-07-15,completed,high,40.0,52.5,60.4,true,2,critical,deployment
TASK02829,EMP052,PRJ019,2026-03-16,2026-04-02,,in_progress,high,33.1,26.7,,,,high,documentation
TASK02830,EMP052,PRJ019,2026-01-25,2026-02-10,2026-02-17,completed,medium,17.6,15.4,61.4,false,0,high,deployment
TASK02831,EMP052,PRJ019,2026-04-03,2026-04-10,,in_progress,medium,8.4,7.6,,,,medium,design
TASK02832,EMP053,PRJ030,2026-02-05,2026-02-19,,overdue,medium,21.6,28.6,,,,high,maintenance
TASK02833,EMP053,PRJ030,2026-02-28,2026-03-19,2026-03-19,completed,urgent,33.6,44.9,59.5,false,0,critical,bug_fix
TASK02834,EMP053,PRJ019,2026-01-20,2026-02-09,2026-02-15,completed,medium,24.6,24.3,75.4,false,0,high,design
TASK02835,EMP053,PRJ030,2026-04-15,2026-04-17,2026-04-22,completed,urgent,4.6,4.6,84.7,false,0,low,bug_fix
TASK02836,EMP053,PRJ019,2026-05-05,2026-05-09,2026-05-09,completed,urgent,6.6,9.5,79.5,false,0,low,research
TASK02837,EMP053,PRJ030,2026-02-17,2026-02-26,,overdue,high,27.7,31.4,,,,high,bug_fix
TASK02838,EMP053,PRJ030,2026-01-12,2026-01-31,2026-01-30,completed,low,30.8,36.8,69.3,true,1,high,maintenance
TASK02839,EMP053,PRJ030,2026-01-10,2026-01-12,2026-01-12,completed,medium,6.3,6.7,78.0,false,0,low,testing
TASK02840,EMP053,PRJ019,2026-05-29,2026-06-04,,in_progress,high,13.7,17.6,,,,medium,feature
TASK02841,EMP053,PRJ019,2026-01-25,2026-02-04,2026-02-08,completed,medium,13.1,9.8,74.8,false,0,medium,feature
TASK02842,EMP053,PRJ019,2026-01-02,2026-01-08,2026-01-15,completed,medium,13.9,17.1,72.6,false,0,medium,feature
TASK02843,EMP053,PRJ019,2026-06-17,2026-06-26,2026-06-25,completed,high,12.9,18.3,74.7,false,0,medium,enhancement
TASK02844,EMP053,PRJ030,2026-02-22,2026-02-26,2026-03-01,completed,low,15.6,15.2,63.8,false,0,medium,feature
TASK02845,EMP053,PRJ030,2026-05-26,2026-06-02,,overdue,medium,13.2,18.6,,,,medium,enhancement
TASK02846,EMP053,PRJ030,2026-01-19,2026-01-24,2026-01-29,completed,high,4.8,5.7,73.4,false,0,low,documentation
TASK02847,EMP053,PRJ030,2026-01-02,2026-01-06,2026-01-03,completed,low,12.6,15.6,66.7,true,1,medium,research
TASK02848,EMP053,PRJ030,2026-04-07,2026-04-16,2026-04-16,completed,medium,38.8,33.1,76.8,false,0,high,bug_fix
TASK02849,EMP053,PRJ030,2026-03-26,2026-04-06,2026-04-07,completed,low,33.1,31.0,68.5,false,0,high,design
TASK02850,EMP053,PRJ030,2026-02-11,2026-02-17,2026-02-13,completed,low,12.8,17.2,81.8,false,0,medium,feature
TASK02851,EMP053,PRJ019,2026-04-19,2026-04-27,,in_progress,high,6.9,8.7,,,,medium,documentation
TASK02852,EMP053,PRJ019,2026-06-21,2026-06-24,2026-06-22,completed,medium,3.0,3.6,68.4,false,0,low,testing
TASK02853,EMP053,PRJ019,2026-02-18,2026-02-21,2026-02-20,completed,high,3.9,3.8,74.4,false,0,low,documentation
TASK02854,EMP053,PRJ030,2026-04-01,2026-04-06,,in_progress,medium,19.8,25.0,,,,medium,bug_fix
TASK02855,EMP053,PRJ019,2026-01-18,2026-01-20,,in_progress,low,2.3,2.5,,,,low,bug_fix
TASK02856,EMP053,PRJ019,2026-02-07,2026-02-20,2026-02-27,completed,urgent,35.6,40.2,78.9,false,0,high,bug_fix
TASK02857,EMP053,PRJ019,2026-04-02,2026-04-04,2026-04-08,completed,medium,3.8,3.3,73.4,false,0,low,maintenance
TASK02858,EMP053,PRJ019,2026-04-09,2026-04-13,2026-04-13,completed,low,4.6,5.7,61.3,false,0,low,research
TASK02859,EMP053,PRJ030,2026-02-12,2026-02-19,2026-02-16,completed,urgent,8.6,9.6,63.5,false,0,medium,enhancement
TASK02860,EMP053,PRJ019,2026-05-03,2026-05-08,2026-05-06,completed,medium,3.9,4.1,86.5,false,0,low,feature
TASK02861,EMP053,PRJ019,2026-05-04,2026-05-24,,in_progress,medium,35.6,27.4,,,,high,documentation
TASK02862,EMP053,PRJ030,2026-05-04,2026-05-08,2026-05-06,completed,medium,8.8,12.7,72.7,false,0,medium,review
TASK02863,EMP053,PRJ030,2026-05-26,2026-06-11,2026-06-07,completed,urgent,21.5,16.1,72.9,false,0,high,testing
TASK02864,EMP053,PRJ030,2026-02-03,2026-02-12,2026-02-18,completed,low,39.2,42.2,70.7,false,0,high,design
TASK02865,EMP053,PRJ030,2026-01-15,2026-02-14,2026-02-19,completed,high,33.4,29.4,74.9,false,0,critical,deployment
TASK02866,EMP053,PRJ019,2026-03-16,2026-03-23,2026-03-28,completed,low,13.3,13.4,77.3,false,0,medium,maintenance
TASK02867,EMP053,PRJ030,2026-01-19,2026-01-29,,overdue,medium,37.3,28.4,,,,high,research
TASK02868,EMP053,PRJ019,2026-02-13,2026-02-21,,in_progress,low,9.6,11.6,,,,medium,design
TASK02869,EMP053,PRJ030,2026-04-17,2026-04-30,2026-04-17,completed,low,28.8,36.8,77.4,false,0,high,testing
TASK02870,EMP053,PRJ019,2026-02-20,2026-02-22,2026-02-22,completed,high,3.8,5.1,69.5,false,0,low,feature
TASK02871,EMP053,PRJ019,2026-01-14,2026-01-24,2026-01-29,completed,high,9.3,11.7,80.8,false,0,medium,documentation
TASK02872,EMP053,PRJ019,2026-01-31,2026-02-09,2026-02-05,completed,medium,17.6,12.5,60.9,false,0,medium,review
TASK02873,EMP053,PRJ019,2026-02-11,2026-02-21,,in_progress,medium,12.5,15.5,,,,medium,bug_fix
TASK02874,EMP053,PRJ030,2026-05-08,2026-05-15,2026-05-19,completed,high,8.5,6.4,65.3,false,0,medium,enhancement
TASK02875,EMP053,PRJ019,2026-01-06,2026-01-12,,overdue,urgent,17.9,14.3,,,,medium,bug_fix
TASK02876,EMP053,PRJ030,2026-04-15,2026-04-23,2026-04-22,completed,high,6.0,8.2,64.0,false,0,medium,documentation
TASK02877,EMP053,PRJ030,2026-02-07,2026-02-15,,in_progress,high,12.9,11.6,,,,medium,feature
TASK02878,EMP054,PRJ019,2026-02-01,2026-02-03,2026-02-03,completed,low,6.6,8.3,83.4,false,0,low,enhancement
TASK02879,EMP054,PRJ019,2026-05-01,2026-05-04,,in_progress,low,4.5,5.2,,,,low,design
TASK02880,EMP054,PRJ019,2026-04-23,2026-04-28,2026-04-28,completed,medium,7.3,7.6,83.2,false,0,low,maintenance
TASK02881,EMP054,PRJ019,2026-06-15,2026-06-19,,overdue,medium,9.5,7.1,,,,medium,design
TASK02882,EMP054,PRJ019,2026-03-03,2026-03-18,2026-03-08,completed,high,34.9,46.1,81.2,false,0,high,testing
TASK02883,EMP054,PRJ019,2026-01-10,2026-01-19,,in_progress,medium,10.0,11.8,,,,medium,feature
TASK02884,EMP054,PRJ019,2026-03-26,2026-04-11,2026-04-05,completed,medium,37.3,41.8,84.1,false,0,high,maintenance
TASK02885,EMP054,PRJ019,2026-05-22,2026-05-26,,in_progress,medium,10.4,14.7,,,,medium,testing
TASK02886,EMP054,PRJ019,2026-06-11,2026-06-16,2026-06-13,completed,medium,5.7,8.3,74.0,false,0,low,deployment
TASK02887,EMP054,PRJ019,2026-03-08,2026-03-13,2026-03-18,completed,high,12.0,8.5,71.4,false,0,medium,testing
TASK02888,EMP054,PRJ019,2026-03-24,2026-04-03,2026-04-03,completed,low,9.4,9.2,90.3,false,0,medium,enhancement
TASK02889,EMP054,PRJ019,2026-02-12,2026-02-15,2026-02-12,completed,low,3.8,3.4,83.5,false,0,low,documentation
TASK02890,EMP054,PRJ019,2026-03-08,2026-03-11,2026-03-08,completed,low,5.8,4.5,80.6,false,0,low,documentation
TASK02891,EMP054,PRJ019,2026-05-21,2026-05-25,2026-05-25,completed,urgent,9.3,13.5,90.4,false,0,medium,design
TASK02892,EMP054,PRJ019,2026-03-04,2026-04-03,2026-03-26,completed,low,50.1,56.5,84.1,true,3,critical,testing
TASK02893,EMP054,PRJ019,2026-01-18,2026-01-25,2026-01-20,completed,low,9.8,14.2,85.0,false,0,medium,design
TASK02894,EMP054,PRJ019,2026-06-04,2026-06-09,2026-06-07,completed,medium,3.7,2.9,73.6,false,0,low,bug_fix
TASK02895,EMP054,PRJ019,2026-06-02,2026-06-07,2026-06-03,completed,medium,10.6,8.1,86.5,false,0,medium,maintenance
TASK02896,EMP054,PRJ019,2026-03-05,2026-03-10,2026-03-09,completed,medium,2.8,2.5,87.6,false,0,low,deployment
TASK02897,EMP054,PRJ019,2026-05-10,2026-06-04,2026-05-30,completed,low,51.8,58.6,94.5,false,0,critical,feature
TASK02898,EMP054,PRJ019,2026-06-09,2026-06-17,2026-06-12,completed,high,9.3,11.9,87.8,false,0,medium,maintenance
TASK02899,EMP054,PRJ019,2026-04-23,2026-05-13,2026-05-18,completed,medium,37.6,29.7,83.1,false,0,high,design
TASK02900,EMP054,PRJ019,2026-02-19,2026-03-10,2026-02-28,completed,low,28.6,40.0,81.7,false,0,high,testing
TASK02901,EMP054,PRJ019,2026-06-08,2026-06-24,2026-06-11,completed,high,23.1,22.5,74.7,false,0,high,feature
TASK02902,EMP054,PRJ019,2026-04-05,2026-04-23,2026-04-09,completed,high,38.7,35.2,87.7,false,0,high,design
TASK02903,EMP054,PRJ019,2026-05-09,2026-05-30,2026-05-23,completed,low,34.1,28.3,72.9,false,0,critical,maintenance
TASK02904,EMP054,PRJ019,2026-03-12,2026-03-16,2026-03-20,completed,medium,7.4,8.2,92.6,false,0,medium,maintenance
TASK02905,EMP054,PRJ019,2026-04-28,2026-05-06,2026-05-02,completed,medium,8.7,6.6,79.3,false,0,medium,deployment
TASK02906,EMP054,PRJ019,2026-04-02,2026-04-10,,overdue,low,10.4,10.9,,,,medium,testing
TASK02907,EMP054,PRJ019,2026-03-17,2026-04-05,2026-03-26,completed,low,29.0,36.8,84.7,false,0,high,review
TASK02908,EMP054,PRJ019,2026-02-10,2026-02-13,,in_progress,high,6.7,5.4,,,,low,documentation
TASK02909,EMP054,PRJ019,2026-03-29,2026-04-17,2026-04-06,completed,medium,32.9,49.3,80.8,false,0,high,research
TASK02910,EMP054,PRJ019,2026-03-06,2026-03-09,2026-03-07,completed,medium,5.4,5.9,90.5,false,0,low,feature
TASK02911,EMP054,PRJ019,2026-06-22,2026-07-11,2026-07-06,completed,medium,19.3,19.6,86.4,false,0,high,research
TASK02912,EMP054,PRJ019,2026-02-22,2026-03-13,2026-03-08,completed,medium,40.0,51.7,86.2,false,0,critical,design
TASK02913,EMP054,PRJ019,2026-06-16,2026-06-23,2026-06-26,completed,medium,7.2,6.2,95.6,false,0,medium,deployment
TASK02914,EMP054,PRJ019,2026-05-24,2026-06-02,2026-06-06,completed,urgent,7.0,7.3,86.1,false,0,medium,testing
TASK02915,EMP054,PRJ019,2026-01-20,2026-01-24,2026-01-20,completed,medium,12.9,18.2,94.5,false,0,medium,bug_fix
TASK02916,EMP054,PRJ019,2026-03-10,2026-03-15,2026-03-13,completed,medium,18.7,23.6,84.1,false,0,medium,research
TASK02917,EMP054,PRJ019,2026-04-09,2026-05-03,2026-04-21,completed,low,46.0,50.3,74.4,false,0,critical,enhancement
TASK02918,EMP054,PRJ019,2026-03-07,2026-03-11,2026-03-18,completed,medium,3.8,5.5,77.5,false,0,low,design
TASK02919,EMP054,PRJ019,2026-01-03,2026-01-08,2026-01-06,completed,medium,3.4,3.7,79.9,false,0,low,deployment
TASK02920,EMP054,PRJ019,2026-03-24,2026-04-10,2026-04-05,completed,high,19.2,16.6,83.9,false,0,high,documentation
TASK02921,EMP054,PRJ019,2026-03-11,2026-03-20,,overdue,medium,17.7,25.9,,,,medium,maintenance
TASK02922,EMP054,PRJ019,2026-05-08,2026-05-20,2026-05-18,completed,medium,39.3,41.0,82.4,false,0,high,enhancement
TASK02923,EMP054,PRJ019,2026-04-27,2026-05-07,,overdue,medium,8.7,12.6,,,,medium,design
TASK02924,EMP054,PRJ019,2026-06-19,2026-07-13,2026-06-21,completed,high,56.1,40.3,83.1,true,3,critical,research
TASK02925,EMP054,PRJ019,2026-02-28,2026-03-13,2026-03-13,completed,low,21.7,21.3,71.6,true,1,high,enhancement
TASK02926,EMP054,PRJ019,2026-02-12,2026-02-17,2026-02-13,completed,high,6.0,8.2,81.7,false,0,low,research
TASK02927,EMP054,PRJ019,2026-01-07,2026-02-03,2026-01-25,completed,medium,49.4,40.1,75.3,false,0,critical,maintenance
TASK02928,EMP054,PRJ019,2026-03-26,2026-03-30,2026-03-26,completed,medium,4.2,6.2,94.5,false,0,low,research
TASK02929,EMP054,PRJ019,2026-02-19,2026-02-21,2026-02-20,completed,medium,7.6,7.3,82.0,false,0,low,feature
TASK02930,EMP054,PRJ019,2026-02-19,2026-03-06,2026-02-24,completed,high,18.1,15.5,81.3,true,3,high,testing
TASK02931,EMP054,PRJ019,2026-04-17,2026-04-26,2026-04-19,completed,low,28.7,34.9,80.0,false,0,high,deployment
TASK02932,EMP054,PRJ019,2026-05-26,2026-06-02,2026-05-28,completed,high,15.8,23.6,74.9,false,0,medium,review
TASK02933,EMP054,PRJ019,2026-05-22,2026-06-15,2026-05-31,completed,urgent,56.2,55.8,68.9,true,1,critical,documentation
TASK02934,EMP054,PRJ019,2026-05-29,2026-06-07,,overdue,high,29.3,36.7,,,,high,feature
TASK02935,EMP054,PRJ019,2026-02-07,2026-02-17,,in_progress,low,14.7,17.9,,,,medium,maintenance
TASK02936,EMP054,PRJ019,2026-02-16,2026-02-20,2026-02-17,completed,low,6.4,5.7,82.8,false,0,low,bug_fix
TASK02937,EMP054,PRJ019,2026-03-17,2026-03-26,2026-03-23,completed,medium,14.7,19.4,79.8,false,0,medium,deployment
TASK02938,EMP054,PRJ019,2026-03-07,2026-03-12,2026-03-07,completed,high,6.4,4.5,78.1,false,0,low,documentation
TASK02939,EMP055,PRJ019,2026-01-15,2026-01-19,2026-01-15,completed,medium,15.5,14.3,69.3,false,0,medium,maintenance
TASK02940,EMP055,PRJ019,2026-03-31,2026-04-16,,in_progress,low,24.1,31.5,,,,high,research
TASK02941,EMP055,PRJ006,2026-05-29,2026-06-01,,overdue,medium,3.4,4.6,,,,low,deployment
TASK02942,EMP055,PRJ019,2026-01-11,2026-01-24,,overdue,medium,28.7,41.6,,,,high,maintenance
TASK02943,EMP055,PRJ006,2026-06-17,2026-06-29,,in_progress,low,33.7,31.8,,,,high,feature
TASK02944,EMP055,PRJ019,2026-05-19,2026-05-27,,overdue,medium,12.9,10.1,,,,medium,feature
TASK02945,EMP055,PRJ006,2026-01-28,2026-02-06,2026-02-04,completed,medium,13.1,13.3,66.1,false,0,medium,testing
TASK02946,EMP055,PRJ019,2026-04-01,2026-04-11,2026-04-01,completed,high,34.2,26.6,74.7,true,1,high,maintenance
TASK02947,EMP055,PRJ019,2026-01-01,2026-01-06,,in_progress,medium,6.8,9.4,,,,low,testing
TASK02948,EMP055,PRJ019,2026-01-21,2026-01-31,2026-02-04,completed,low,8.2,9.5,75.2,false,0,medium,review
TASK02949,EMP055,PRJ019,2026-04-06,2026-04-15,2026-04-13,completed,medium,7.5,7.4,71.1,false,0,medium,design
TASK02950,EMP055,PRJ006,2026-05-09,2026-05-11,,overdue,low,6.1,7.0,,,,low,design
TASK02951,EMP055,PRJ019,2026-05-20,2026-05-25,2026-05-24,completed,high,3.9,4.3,76.6,false,0,low,bug_fix
TASK02952,EMP055,PRJ019,2026-06-15,2026-06-18,2026-06-22,completed,high,4.5,6.6,65.4,false,0,low,review
TASK02953,EMP055,PRJ019,2026-04-28,2026-05-16,2026-05-15,completed,high,26.6,23.5,73.7,false,0,high,bug_fix
TASK02954,EMP055,PRJ006,2026-04-07,2026-04-15,2026-04-16,completed,urgent,30.0,42.3,78.4,false,0,high,feature
TASK02955,EMP055,PRJ019,2026-03-15,2026-03-19,,overdue,high,7.3,8.7,,,,low,bug_fix
TASK02956,EMP055,PRJ006,2026-04-19,2026-05-19,2026-04-22,completed,high,47.9,52.7,83.9,false,0,critical,maintenance
TASK02957,EMP055,PRJ006,2026-02-27,2026-03-01,,in_progress,medium,6.7,5.4,,,,low,maintenance
TASK02958,EMP055,PRJ006,2026-03-21,2026-03-27,2026-03-22,completed,low,13.3,15.8,80.4,false,0,medium,maintenance
TASK02959,EMP055,PRJ019,2026-03-10,2026-03-17,,overdue,medium,17.0,24.0,,,,medium,documentation
TASK02960,EMP055,PRJ019,2026-01-08,2026-01-24,2026-01-09,completed,medium,58.6,79.4,84.4,false,0,critical,bug_fix
TASK02961,EMP055,PRJ019,2026-01-27,2026-02-05,2026-02-03,completed,high,35.7,48.3,67.9,false,0,high,documentation
TASK02962,EMP055,PRJ006,2026-06-18,2026-06-27,,overdue,medium,14.7,13.4,,,,medium,research
TASK02963,EMP055,PRJ006,2026-01-15,2026-02-02,2026-01-22,completed,high,34.1,36.3,84.5,true,3,high,enhancement
TASK02964,EMP055,PRJ006,2026-04-24,2026-04-29,,in_progress,high,6.0,7.8,,,,low,review
TASK02965,EMP055,PRJ006,2026-04-17,2026-05-01,2026-04-24,completed,medium,21.2,18.0,80.7,false,0,high,design
TASK02966,EMP055,PRJ019,2026-02-10,2026-02-15,,in_progress,high,4.8,3.5,,,,low,maintenance
TASK02967,EMP055,PRJ019,2026-05-21,2026-06-07,,overdue,low,20.6,24.9,,,,high,research
TASK02968,EMP055,PRJ006,2026-01-10,2026-01-15,2026-01-13,completed,medium,17.6,24.3,72.4,false,0,medium,testing
TASK02969,EMP055,PRJ019,2026-05-29,2026-06-01,,in_progress,high,5.3,5.0,,,,low,design
TASK02970,EMP055,PRJ006,2026-03-04,2026-03-12,,in_progress,medium,13.3,19.7,,,,medium,maintenance
TASK02971,EMP055,PRJ019,2026-01-16,2026-01-25,2026-02-01,completed,high,14.9,17.4,62.6,true,3,medium,bug_fix
TASK02972,EMP055,PRJ006,2026-06-13,2026-06-17,,in_progress,high,8.0,11.6,,,,low,design
TASK02973,EMP055,PRJ006,2026-02-15,2026-02-17,,overdue,medium,5.9,8.3,,,,low,documentation
TASK02974,EMP055,PRJ019,2026-06-02,2026-06-07,2026-06-04,completed,medium,16.8,14.8,74.1,true,2,medium,feature
TASK02975,EMP055,PRJ019,2026-03-25,2026-04-03,2026-03-29,completed,medium,10.5,9.6,74.8,true,2,medium,bug_fix
TASK02976,EMP055,PRJ019,2026-02-18,2026-02-23,2026-02-23,completed,high,3.8,4.9,69.6,false,0,low,documentation
TASK02977,EMP055,PRJ019,2026-05-27,2026-06-04,2026-06-11,completed,medium,7.2,8.7,72.3,false,0,medium,design
TASK02978,EMP055,PRJ006,2026-06-10,2026-06-25,,overdue,medium,18.5,24.4,,,,high,research
TASK02979,EMP055,PRJ019,2026-02-07,2026-02-11,2026-02-18,completed,medium,2.4,2.0,77.9,false,0,low,deployment
TASK02980,EMP055,PRJ006,2026-02-24,2026-03-02,2026-02-24,completed,medium,14.2,19.1,81.5,false,0,medium,documentation
TASK02981,EMP055,PRJ006,2026-02-10,2026-02-18,,in_progress,high,6.8,5.1,,,,medium,maintenance
TASK02982,EMP055,PRJ006,2026-02-08,2026-02-17,,overdue,high,12.0,17.4,,,,medium,deployment
TASK02983,EMP055,PRJ019,2026-03-04,2026-03-09,2026-03-08,completed,urgent,11.4,13.6,62.0,false,0,medium,research
TASK02984,EMP055,PRJ019,2026-01-01,2026-01-11,,overdue,urgent,13.7,17.0,,,,medium,design
TASK02985,EMP055,PRJ006,2026-05-05,2026-05-07,2026-05-13,completed,medium,3.0,3.4,74.5,true,1,low,enhancement
TASK02986,EMP055,PRJ019,2026-03-26,2026-04-18,2026-04-13,completed,urgent,34.7,41.3,69.7,false,0,critical,research
TASK02987,EMP055,PRJ019,2026-02-22,2026-02-26,2026-02-22,completed,low,2.7,2.1,70.9,false,0,low,testing
TASK02988,EMP055,PRJ006,2026-03-15,2026-03-19,2026-03-16,completed,low,7.8,9.4,82.3,false,0,low,maintenance
TASK02989,EMP055,PRJ006,2026-06-19,2026-06-22,2026-06-22,completed,medium,3.7,3.8,65.2,false,0,low,testing
TASK02990,EMP055,PRJ019,2026-04-01,2026-04-03,2026-04-10,completed,high,4.1,3.2,74.8,false,0,low,deployment
TASK02991,EMP055,PRJ006,2026-01-11,2026-01-20,2026-01-12,completed,high,16.1,17.7,68.1,false,0,medium,design
TASK02992,EMP055,PRJ019,2026-02-13,2026-02-25,2026-02-23,completed,medium,25.2,26.7,67.3,false,0,high,bug_fix
TASK02993,EMP055,PRJ019,2026-01-16,2026-02-02,2026-02-07,completed,high,24.4,24.0,70.3,false,0,high,review
TASK02994,EMP055,PRJ006,2026-06-15,2026-06-17,,overdue,low,5.7,4.3,,,,low,enhancement
TASK02995,EMP055,PRJ006,2026-05-06,2026-05-17,2026-05-24,completed,medium,22.1,15.7,82.7,false,0,high,design
TASK02996,EMP055,PRJ019,2026-04-18,2026-05-05,2026-04-20,completed,high,20.9,27.1,79.8,true,1,high,deployment
TASK02997,EMP055,PRJ006,2026-02-22,2026-02-27,2026-02-26,completed,low,19.9,19.6,81.8,false,0,medium,research
TASK02998,EMP055,PRJ006,2026-04-16,2026-04-29,2026-05-03,completed,low,21.8,25.8,67.3,true,1,high,feature
TASK02999,EMP055,PRJ006,2026-05-31,2026-06-17,2026-06-11,completed,urgent,17.7,20.9,70.9,false,0,high,design
TASK03000,EMP055,PRJ006,2026-04-24,2026-04-28,2026-05-05,completed,low,7.3,10.4,58.5,true,3,low,maintenance
TASK03001,EMP055,PRJ019,2026-04-07,2026-04-11,2026-04-14,completed,high,2.2,1.5,71.9,true,2,low,enhancement
TASK03002,EMP055,PRJ006,2026-06-13,2026-06-25,2026-06-20,completed,urgent,22.8,19.3,66.4,false,0,high,enhancement
TASK03003,EMP055,PRJ019,2026-06-18,2026-06-20,2026-06-19,completed,medium,4.6,5.4,74.1,true,1,low,design
TASK03004,EMP056,PRJ019,2026-02-11,2026-03-05,2026-02-27,completed,high,57.6,48.8,83.3,false,0,critical,design
TASK03005,EMP056,PRJ019,2026-02-08,2026-02-12,2026-02-08,completed,high,6.6,7.3,83.2,false,0,low,feature
TASK03006,EMP056,PRJ019,2026-06-07,2026-06-12,2026-06-07,completed,high,15.3,18.4,89.4,false,0,medium,documentation
TASK03007,EMP056,PRJ019,2026-02-07,2026-02-11,,overdue,high,6.1,4.9,,,,low,review
TASK03008,EMP056,PRJ019,2026-04-27,2026-05-14,2026-04-27,completed,medium,47.4,56.2,84.5,false,0,critical,bug_fix
TASK03009,EMP056,PRJ019,2026-04-09,2026-04-14,2026-04-20,completed,low,5.8,7.0,84.7,false,0,low,design
TASK03010,EMP056,PRJ019,2026-01-16,2026-02-02,,overdue,medium,18.4,13.7,,,,high,maintenance
TASK03011,EMP056,PRJ019,2026-03-05,2026-03-14,2026-03-10,completed,medium,27.4,32.0,80.7,false,0,high,design
TASK03012,EMP056,PRJ019,2026-02-27,2026-03-03,2026-03-02,completed,high,15.0,18.0,74.2,false,0,medium,research
TASK03013,EMP056,PRJ019,2026-04-24,2026-04-29,2026-04-27,completed,medium,4.5,3.8,80.2,false,0,low,design
TASK03014,EMP056,PRJ019,2026-01-08,2026-01-13,2026-01-09,completed,low,14.2,10.9,78.3,false,0,medium,enhancement
TASK03015,EMP056,PRJ019,2026-03-31,2026-04-06,2026-04-06,completed,medium,18.0,13.4,91.5,false,0,medium,review
TASK03016,EMP056,PRJ019,2026-04-03,2026-04-09,,overdue,low,14.7,17.9,,,,medium,bug_fix
TASK03017,EMP056,PRJ019,2026-06-03,2026-06-20,2026-06-24,completed,medium,25.5,33.4,87.2,false,0,high,bug_fix
TASK03018,EMP056,PRJ019,2026-04-28,2026-04-30,2026-04-28,completed,high,4.2,3.2,85.8,false,0,low,enhancement
TASK03019,EMP056,PRJ019,2026-01-24,2026-02-02,2026-01-30,completed,high,35.9,34.8,81.8,false,0,high,feature
TASK03020,EMP056,PRJ019,2026-03-24,2026-03-29,2026-03-24,completed,high,16.7,23.9,80.3,false,0,medium,deployment
TASK03021,EMP056,PRJ019,2026-03-31,2026-04-21,2026-04-06,completed,high,21.8,29.9,89.6,false,0,high,review
TASK03022,EMP056,PRJ019,2026-06-05,2026-06-13,2026-06-05,completed,medium,21.0,20.1,88.1,false,0,high,research
TASK03023,EMP056,PRJ019,2026-06-16,2026-06-18,2026-06-16,completed,medium,7.8,5.9,77.9,false,0,low,design
TASK03024,EMP056,PRJ019,2026-03-22,2026-03-27,2026-03-26,completed,medium,9.4,11.8,81.3,false,0,medium,feature
TASK03025,EMP056,PRJ019,2026-04-12,2026-04-16,2026-04-12,completed,low,2.0,1.8,86.8,false,0,low,enhancement
TASK03026,EMP056,PRJ019,2026-01-15,2026-01-19,,in_progress,medium,14.7,17.8,,,,medium,deployment
TASK03027,EMP056,PRJ019,2026-04-11,2026-04-16,2026-04-12,completed,medium,11.9,14.8,74.0,false,0,medium,enhancement
TASK03028,EMP056,PRJ019,2026-01-10,2026-01-15,2026-01-13,completed,high,14.9,12.7,87.7,false,0,medium,feature
TASK03029,EMP056,PRJ019,2026-05-09,2026-05-12,2026-05-10,completed,medium,5.0,5.2,86.7,false,0,low,bug_fix
TASK03030,EMP056,PRJ019,2026-04-02,2026-04-04,,overdue,low,3.3,3.3,,,,low,documentation
TASK03031,EMP056,PRJ019,2026-05-19,2026-05-25,2026-05-19,completed,urgent,10.1,13.4,90.5,false,0,medium,research
TASK03032,EMP056,PRJ019,2026-04-09,2026-04-18,2026-04-18,completed,high,16.6,21.0,79.2,false,0,medium,bug_fix
TASK03033,EMP056,PRJ019,2026-05-27,2026-06-14,2026-06-01,completed,medium,28.2,32.3,77.4,true,1,high,maintenance
TASK03034,EMP056,PRJ019,2026-02-06,2026-02-10,2026-02-08,completed,low,18.2,24.7,77.2,false,0,medium,testing
TASK03035,EMP056,PRJ019,2026-01-06,2026-01-11,2026-01-08,completed,high,17.2,20.3,83.9,false,0,medium,review
TASK03036,EMP056,PRJ019,2026-06-13,2026-07-08,2026-06-23,completed,high,59.5,70.0,79.4,false,0,critical,testing
TASK03037,EMP056,PRJ019,2026-06-04,2026-06-18,2026-06-20,completed,medium,16.3,15.1,81.8,false,0,high,design
TASK03038,EMP056,PRJ019,2026-02-01,2026-02-09,,in_progress,medium,12.9,10.6,,,,medium,research
TASK03039,EMP056,PRJ019,2026-01-29,2026-02-19,,overdue,urgent,58.7,41.1,,,,critical,bug_fix
TASK03040,EMP056,PRJ019,2026-03-13,2026-04-09,2026-03-23,completed,urgent,40.8,61.1,70.2,false,0,critical,bug_fix
TASK03041,EMP056,PRJ019,2026-04-13,2026-04-23,2026-04-14,completed,high,7.5,7.9,83.2,false,0,medium,testing
TASK03042,EMP056,PRJ019,2026-03-18,2026-03-28,2026-03-27,completed,low,6.2,8.5,77.2,false,0,medium,documentation
TASK03043,EMP056,PRJ019,2026-01-05,2026-01-18,2026-01-18,completed,high,27.1,22.5,83.9,true,1,high,testing
TASK03044,EMP056,PRJ019,2026-02-05,2026-02-28,2026-02-13,completed,high,53.7,58.0,76.1,false,0,critical,testing
TASK03045,EMP056,PRJ019,2026-02-01,2026-02-06,2026-02-05,completed,urgent,18.2,13.6,79.9,false,0,medium,testing
TASK03046,EMP056,PRJ019,2026-05-07,2026-05-11,2026-05-11,completed,low,14.9,19.8,72.1,false,0,medium,design
TASK03047,EMP056,PRJ019,2026-03-28,2026-04-17,2026-03-31,completed,high,29.8,39.7,77.6,false,0,high,feature
TASK03048,EMP056,PRJ019,2026-04-06,2026-04-15,2026-04-06,completed,low,37.1,36.6,75.7,false,0,high,testing
TASK03049,EMP056,PRJ019,2026-05-05,2026-05-19,2026-05-14,completed,high,25.6,28.1,72.9,false,0,high,enhancement
TASK03050,EMP056,PRJ019,2026-03-18,2026-03-20,2026-03-19,completed,high,5.7,8.1,69.0,false,0,low,bug_fix
TASK03051,EMP056,PRJ019,2026-04-05,2026-04-10,2026-04-07,completed,high,18.0,21.0,80.0,false,0,medium,testing
TASK03052,EMP056,PRJ019,2026-06-09,2026-06-11,2026-06-09,completed,medium,5.2,7.0,94.3,false,0,low,feature
TASK03053,EMP056,PRJ019,2026-01-28,2026-02-07,2026-02-01,completed,high,9.4,8.9,83.9,true,3,medium,deployment
TASK03054,EMP056,PRJ019,2026-06-05,2026-06-08,2026-06-06,completed,urgent,6.3,4.9,78.8,false,0,low,testing
TASK03055,EMP056,PRJ019,2026-05-06,2026-05-15,2026-05-09,completed,medium,21.7,20.0,87.8,false,0,high,deployment
TASK03056,EMP056,PRJ019,2026-06-22,2026-07-18,2026-06-24,completed,high,40.7,54.9,83.5,true,1,critical,maintenance
TASK03057,EMP056,PRJ019,2026-04-30,2026-05-07,2026-05-01,completed,medium,14.1,18.1,80.7,false,0,medium,review
TASK03058,EMP056,PRJ019,2026-03-21,2026-03-26,2026-03-21,completed,low,7.0,7.0,94.1,false,0,low,design
TASK03059,EMP056,PRJ019,2026-06-20,2026-06-25,2026-06-23,completed,high,4.7,4.9,87.2,false,0,low,testing
TASK03060,EMP056,PRJ019,2026-02-24,2026-02-28,2026-02-24,completed,medium,3.1,3.8,77.9,false,0,low,bug_fix
TASK03061,EMP056,PRJ019,2026-02-07,2026-02-10,2026-02-09,completed,low,6.3,8.2,90.2,false,0,low,enhancement
TASK03062,EMP056,PRJ019,2026-03-31,2026-04-09,,overdue,medium,18.9,21.1,,,,medium,bug_fix
TASK03063,EMP056,PRJ019,2026-02-18,2026-02-23,2026-02-23,completed,medium,6.3,6.5,89.5,false,0,low,maintenance
TASK03064,EMP057,PRJ030,2026-03-14,2026-03-16,,in_progress,low,5.7,6.2,,,,low,research
TASK03065,EMP057,PRJ019,2026-05-02,2026-05-04,,overdue,urgent,2.3,2.7,,,,low,design
TASK03066,EMP057,PRJ019,2026-01-14,2026-02-03,2026-01-30,completed,low,25.5,24.2,69.7,false,0,high,enhancement
TASK03067,EMP057,PRJ030,2026-03-29,2026-04-02,2026-04-01,completed,medium,3.6,3.2,78.7,false,0,low,bug_fix
TASK03068,EMP057,PRJ030,2026-04-05,2026-04-08,2026-04-10,completed,low,7.0,6.8,76.9,false,0,low,maintenance
TASK03069,EMP057,PRJ030,2026-05-05,2026-05-08,2026-05-05,completed,medium,3.7,5.0,76.0,false,0,low,deployment
TASK03070,EMP057,PRJ019,2026-05-02,2026-05-24,2026-05-22,completed,low,42.1,31.8,76.2,false,0,critical,deployment
TASK03071,EMP057,PRJ019,2026-05-01,2026-05-08,2026-05-08,completed,high,9.4,6.6,84.4,false,0,medium,documentation
TASK03072,EMP057,PRJ019,2026-06-12,2026-06-25,2026-06-13,completed,high,28.4,22.7,78.4,false,0,high,testing
TASK03073,EMP057,PRJ030,2026-04-22,2026-04-26,2026-04-29,completed,urgent,6.8,5.9,71.2,false,0,low,documentation
TASK03074,EMP057,PRJ030,2026-05-03,2026-05-07,2026-05-09,completed,low,7.6,11.2,74.6,false,0,low,bug_fix
TASK03075,EMP057,PRJ030,2026-01-01,2026-01-18,,in_progress,urgent,57.7,57.2,,,,critical,bug_fix
TASK03076,EMP057,PRJ030,2026-03-16,2026-03-25,2026-03-17,completed,medium,39.2,37.2,82.5,false,0,high,deployment
TASK03077,EMP057,PRJ019,2026-02-18,2026-02-22,2026-02-20,completed,urgent,2.6,3.3,85.6,false,0,low,maintenance
TASK03078,EMP057,PRJ019,2026-04-08,2026-04-12,2026-04-13,completed,high,6.6,7.7,73.7,false,0,low,maintenance
TASK03079,EMP057,PRJ019,2026-04-12,2026-04-18,2026-04-14,completed,medium,10.5,11.2,63.6,false,0,medium,review
TASK03080,EMP057,PRJ019,2026-06-12,2026-07-02,2026-06-21,completed,medium,28.4,35.0,64.1,true,1,high,research
TASK03081,EMP057,PRJ030,2026-03-12,2026-03-20,,overdue,high,15.9,13.1,,,,medium,documentation
TASK03082,EMP057,PRJ030,2026-03-02,2026-03-10,2026-03-05,completed,medium,9.4,12.7,68.3,false,0,medium,deployment
TASK03083,EMP057,PRJ019,2026-06-09,2026-06-15,,overdue,high,17.0,23.6,,,,medium,maintenance
TASK03084,EMP057,PRJ019,2026-06-10,2026-06-18,2026-06-13,completed,high,10.9,15.4,77.6,false,0,medium,research
TASK03085,EMP057,PRJ019,2026-02-22,2026-03-08,2026-02-25,completed,high,17.7,22.2,76.1,false,0,high,testing
TASK03086,EMP057,PRJ030,2026-02-23,2026-03-18,2026-03-09,completed,low,30.3,22.4,81.2,false,0,critical,deployment
TASK03087,EMP057,PRJ019,2026-03-09,2026-03-11,,overdue,medium,7.9,8.1,,,,low,bug_fix
TASK03088,EMP057,PRJ030,2026-02-05,2026-02-14,,overdue,medium,19.7,24.2,,,,medium,testing
TASK03089,EMP057,PRJ030,2026-01-13,2026-01-18,,overdue,urgent,6.0,7.8,,,,low,documentation
TASK03090,EMP057,PRJ030,2026-01-14,2026-01-19,2026-01-24,completed,medium,4.1,3.6,70.3,false,0,low,maintenance
TASK03091,EMP057,PRJ019,2026-05-27,2026-05-31,2026-06-03,completed,medium,14.3,19.7,79.4,true,3,medium,maintenance
TASK03092,EMP057,PRJ019,2026-03-04,2026-03-07,2026-03-06,completed,high,5.1,5.9,64.9,false,0,low,testing
TASK03093,EMP057,PRJ019,2026-01-02,2026-01-04,,in_progress,medium,2.0,1.5,,,,low,maintenance
TASK03094,EMP057,PRJ019,2026-03-12,2026-03-15,2026-03-16,completed,low,7.5,7.0,73.7,false,0,low,bug_fix
TASK03095,EMP057,PRJ030,2026-01-05,2026-01-09,2026-01-09,completed,medium,12.9,17.1,70.8,false,0,medium,documentation
TASK03096,EMP057,PRJ030,2026-06-06,2026-06-24,,overdue,high,27.5,34.1,,,,high,research
TASK03097,EMP057,PRJ019,2026-01-02,2026-01-10,2026-01-06,completed,low,15.5,19.1,82.4,false,0,medium,research
TASK03098,EMP057,PRJ030,2026-04-04,2026-04-21,,in_progress,urgent,51.2,36.0,,,,critical,bug_fix
TASK03099,EMP057,PRJ030,2026-06-07,2026-06-10,,in_progress,medium,7.6,10.4,,,,low,feature
TASK03100,EMP057,PRJ030,2026-04-20,2026-04-27,2026-04-20,completed,medium,19.0,27.7,59.4,false,0,medium,review
TASK03101,EMP057,PRJ019,2026-05-18,2026-05-22,2026-05-20,completed,high,3.8,5.3,76.9,true,1,low,testing
TASK03102,EMP057,PRJ030,2026-05-16,2026-06-11,,overdue,medium,36.7,41.1,,,,critical,enhancement
TASK03103,EMP057,PRJ030,2026-05-25,2026-06-02,,overdue,high,19.4,24.1,,,,medium,feature
TASK03104,EMP057,PRJ030,2026-04-28,2026-05-02,2026-05-02,completed,medium,10.4,8.5,74.1,false,0,medium,feature
TASK03105,EMP057,PRJ019,2026-02-13,2026-02-21,2026-02-14,completed,medium,34.3,30.3,80.3,false,0,high,enhancement
TASK03106,EMP057,PRJ019,2026-02-17,2026-02-21,,overdue,medium,2.8,2.4,,,,low,maintenance
TASK03107,EMP057,PRJ019,2026-04-18,2026-04-21,,in_progress,medium,5.1,4.7,,,,low,research
TASK03108,EMP057,PRJ019,2026-02-22,2026-02-26,,overdue,medium,6.7,9.3,,,,medium,research
TASK03109,EMP057,PRJ030,2026-03-03,2026-03-08,2026-03-07,completed,urgent,5.2,5.6,68.3,true,1,low,documentation
TASK03110,EMP057,PRJ030,2026-01-23,2026-01-27,2026-01-23,completed,urgent,13.7,13.1,84.3,false,0,medium,deployment
TASK03111,EMP057,PRJ019,2026-01-01,2026-01-11,2026-01-12,completed,medium,19.4,25.2,68.9,true,1,medium,bug_fix
TASK03112,EMP057,PRJ019,2026-06-11,2026-06-22,2026-06-11,completed,low,39.8,55.9,75.1,false,0,high,enhancement
TASK03113,EMP058,PRJ030,2026-02-26,2026-03-27,2026-02-27,completed,low,57.6,77.0,75.4,false,0,critical,maintenance
TASK03114,EMP058,PRJ006,2026-05-29,2026-06-15,,in_progress,urgent,24.5,30.1,,,,high,testing
TASK03115,EMP058,PRJ006,2026-04-04,2026-04-13,2026-04-19,completed,medium,17.9,24.2,76.4,true,3,medium,review
TASK03116,EMP058,PRJ030,2026-02-01,2026-02-27,2026-02-21,completed,high,47.5,60.2,72.0,true,1,critical,deployment
TASK03117,EMP058,PRJ006,2026-01-14,2026-01-18,2026-01-14,completed,low,3.9,5.0,75.3,false,0,low,maintenance
TASK03118,EMP058,PRJ006,2026-05-04,2026-05-09,2026-05-04,completed,medium,12.1,11.4,61.6,false,0,medium,feature
TASK03119,EMP058,PRJ006,2026-03-21,2026-04-19,2026-04-16,completed,medium,50.2,69.2,71.6,false,0,critical,deployment
TASK03120,EMP058,PRJ030,2026-05-07,2026-05-25,2026-05-26,completed,high,30.2,29.6,77.5,true,3,high,feature
TASK03121,EMP058,PRJ006,2026-02-07,2026-02-10,,in_progress,medium,4.4,5.1,,,,low,design
TASK03122,EMP058,PRJ006,2026-03-09,2026-03-23,2026-03-22,completed,medium,36.3,48.6,60.6,false,0,high,maintenance
TASK03123,EMP058,PRJ006,2026-04-16,2026-04-28,2026-04-24,completed,low,22.2,22.5,84.5,true,2,high,feature
TASK03124,EMP058,PRJ030,2026-04-07,2026-04-11,,in_progress,medium,3.9,3.7,,,,low,documentation
TASK03125,EMP058,PRJ006,2026-02-13,2026-02-23,2026-02-18,completed,medium,16.3,17.6,78.5,true,1,medium,design
TASK03126,EMP058,PRJ006,2026-04-11,2026-04-21,2026-04-11,completed,medium,13.7,14.2,69.8,false,0,medium,deployment
TASK03127,EMP058,PRJ006,2026-05-08,2026-05-13,2026-05-10,completed,medium,6.2,7.6,71.5,true,3,low,enhancement
TASK03128,EMP058,PRJ006,2026-04-01,2026-04-09,2026-04-06,completed,medium,18.0,20.2,76.1,true,3,high,feature
TASK03129,EMP058,PRJ030,2026-02-27,2026-03-24,2026-03-27,completed,medium,42.0,46.1,84.7,false,0,critical,enhancement
TASK03130,EMP058,PRJ006,2026-04-05,2026-04-09,2026-04-13,completed,medium,6.1,6.1,67.9,false,0,low,research
TASK03131,EMP058,PRJ030,2026-03-01,2026-03-03,,overdue,high,6.1,8.6,,,,low,bug_fix
TASK03132,EMP058,PRJ030,2026-06-13,2026-06-22,,in_progress,medium,16.4,17.7,,,,medium,documentation
TASK03133,EMP058,PRJ030,2026-05-02,2026-05-10,2026-05-16,completed,medium,13.8,13.8,72.8,false,0,medium,deployment
TASK03134,EMP058,PRJ030,2026-02-09,2026-02-21,2026-02-16,completed,high,36.3,50.3,72.6,false,0,high,bug_fix
TASK03135,EMP058,PRJ006,2026-03-01,2026-03-11,2026-03-10,completed,medium,13.8,15.1,62.9,false,0,medium,research
TASK03136,EMP058,PRJ030,2026-01-25,2026-01-29,2026-01-29,completed,high,10.0,7.8,65.9,false,0,medium,feature
TASK03137,EMP058,PRJ030,2026-06-21,2026-07-08,,in_progress,high,26.7,29.0,,,,high,enhancement
TASK03138,EMP058,PRJ006,2026-02-06,2026-02-10,,in_progress,medium,19.4,24.8,,,,medium,feature
TASK03139,EMP058,PRJ006,2026-02-11,2026-03-13,,in_progress,medium,40.3,42.9,,,,critical,enhancement
TASK03140,EMP058,PRJ006,2026-02-11,2026-02-20,2026-02-16,completed,medium,34.7,46.2,65.8,false,0,high,maintenance
TASK03141,EMP058,PRJ030,2026-03-18,2026-03-22,2026-03-20,completed,high,14.4,21.5,65.0,false,0,medium,deployment
TASK03142,EMP058,PRJ030,2026-05-18,2026-05-22,,in_progress,medium,6.2,5.4,,,,low,feature
TASK03143,EMP058,PRJ006,2026-01-28,2026-02-10,,in_progress,high,27.5,39.5,,,,high,testing
TASK03144,EMP058,PRJ006,2026-02-01,2026-02-05,2026-02-04,completed,medium,14.0,18.3,76.9,false,0,medium,documentation
TASK03145,EMP058,PRJ030,2026-01-01,2026-01-22,2026-01-21,completed,low,16.0,14.4,67.3,true,2,high,deployment
TASK03146,EMP058,PRJ030,2026-06-10,2026-06-22,2026-06-13,completed,medium,37.6,31.4,79.5,false,0,high,documentation
TASK03147,EMP058,PRJ006,2026-01-18,2026-01-31,2026-01-25,completed,urgent,37.4,42.9,75.4,false,0,high,enhancement
TASK03148,EMP058,PRJ006,2026-04-02,2026-04-08,2026-04-12,completed,high,19.5,21.8,73.3,false,0,medium,bug_fix
TASK03149,EMP058,PRJ030,2026-04-28,2026-05-02,2026-05-06,completed,urgent,7.8,5.9,77.2,false,0,low,feature
TASK03150,EMP058,PRJ030,2026-03-20,2026-03-23,2026-03-27,completed,high,6.5,7.1,77.6,false,0,low,testing
TASK03151,EMP058,PRJ006,2026-06-23,2026-06-30,2026-07-04,completed,high,15.5,19.7,63.6,false,0,medium,bug_fix
TASK03152,EMP058,PRJ030,2026-06-16,2026-06-26,2026-06-27,completed,urgent,11.8,17.3,74.2,true,2,medium,research
TASK03153,EMP058,PRJ006,2026-01-09,2026-01-16,2026-01-12,completed,high,8.7,10.8,79.8,false,0,medium,maintenance
TASK03154,EMP058,PRJ006,2026-01-04,2026-01-07,,overdue,low,5.0,5.4,,,,low,deployment
TASK03155,EMP058,PRJ030,2026-02-21,2026-03-12,2026-03-04,completed,medium,44.0,61.7,76.9,true,3,critical,review
TASK03156,EMP058,PRJ006,2026-01-15,2026-01-17,,overdue,high,3.1,4.2,,,,low,maintenance
TASK03157,EMP058,PRJ006,2026-02-20,2026-03-02,,in_progress,high,15.3,16.8,,,,medium,enhancement
TASK03158,EMP058,PRJ030,2026-01-27,2026-01-29,2026-02-04,completed,medium,2.6,3.0,68.1,false,0,low,review
TASK03159,EMP058,PRJ030,2026-03-21,2026-03-30,,in_progress,low,23.7,30.0,,,,high,maintenance
TASK03160,EMP059,PRJ030,2026-01-16,2026-02-07,,in_progress,high,30.7,40.3,,,,critical,documentation
TASK03161,EMP059,PRJ006,2026-05-30,2026-06-01,,in_progress,medium,2.6,3.7,,,,low,review
TASK03162,EMP059,PRJ006,2026-01-25,2026-01-29,,overdue,urgent,11.7,15.7,,,,medium,bug_fix
TASK03163,EMP059,PRJ030,2026-06-15,2026-07-02,2026-06-29,completed,medium,50.5,63.9,73.0,true,3,critical,review
TASK03164,EMP059,PRJ006,2026-04-06,2026-04-15,,overdue,low,17.0,20.2,,,,medium,review
TASK03165,EMP059,PRJ030,2026-06-11,2026-07-06,,in_progress,low,34.2,40.4,,,,critical,documentation
TASK03166,EMP059,PRJ006,2026-04-12,2026-04-24,2026-04-28,completed,high,16.6,23.9,72.3,false,0,high,review
TASK03167,EMP059,PRJ019,2026-06-21,2026-07-12,2026-07-08,completed,medium,38.4,55.3,75.9,true,1,high,testing
TASK03168,EMP059,PRJ030,2026-04-17,2026-04-22,2026-04-21,completed,medium,7.2,8.2,86.9,false,0,low,deployment
TASK03169,EMP059,PRJ030,2026-02-04,2026-02-08,,overdue,low,8.9,10.0,,,,medium,enhancement
TASK03170,EMP059,PRJ030,2026-03-28,2026-04-02,,overdue,medium,10.7,12.6,,,,medium,enhancement
TASK03171,EMP059,PRJ019,2026-04-24,2026-04-29,2026-04-25,completed,low,15.8,11.6,74.9,false,0,medium,documentation
TASK03172,EMP059,PRJ030,2026-06-06,2026-06-10,2026-06-14,completed,low,3.9,3.5,63.4,false,0,low,design
TASK03173,EMP059,PRJ030,2026-01-23,2026-02-12,,in_progress,medium,30.1,34.5,,,,high,review
TASK03174,EMP059,PRJ019,2026-01-01,2026-01-08,2026-01-07,completed,high,17.5,16.6,72.4,false,0,medium,maintenance
TASK03175,EMP059,PRJ006,2026-05-09,2026-05-26,2026-05-29,completed,medium,22.3,16.9,63.3,false,0,high,deployment
TASK03176,EMP059,PRJ030,2026-04-14,2026-04-21,2026-04-18,completed,medium,8.5,12.5,60.9,false,0,medium,documentation
TASK03177,EMP059,PRJ030,2026-01-27,2026-01-31,2026-01-27,completed,high,9.3,7.8,65.1,true,2,medium,bug_fix
TASK03178,EMP059,PRJ019,2026-06-18,2026-06-22,,overdue,high,10.6,8.3,,,,medium,documentation
TASK03179,EMP059,PRJ019,2026-05-25,2026-05-27,2026-05-26,completed,high,7.6,7.1,81.6,false,0,low,deployment
TASK03180,EMP059,PRJ030,2026-03-12,2026-03-20,2026-03-16,completed,medium,16.1,17.0,73.8,false,0,medium,research
TASK03181,EMP059,PRJ030,2026-02-28,2026-03-09,2026-03-09,completed,high,35.6,43.2,70.3,false,0,high,research
TASK03182,EMP059,PRJ030,2026-03-29,2026-04-05,2026-03-30,completed,urgent,16.0,21.9,68.5,false,0,high,design
TASK03183,EMP059,PRJ006,2026-01-02,2026-01-20,2026-01-17,completed,medium,35.1,34.5,70.6,false,0,high,maintenance
TASK03184,EMP059,PRJ030,2026-02-02,2026-02-05,2026-02-11,completed,urgent,2.4,3.2,78.4,false,0,low,feature
TASK03185,EMP059,PRJ030,2026-03-29,2026-04-03,2026-04-06,completed,high,10.3,12.5,65.5,false,0,medium,documentation
TASK03186,EMP059,PRJ006,2026-01-26,2026-02-03,2026-01-31,completed,high,13.7,9.8,70.3,false,0,medium,bug_fix
TASK03187,EMP059,PRJ006,2026-02-18,2026-02-27,2026-02-19,completed,low,14.2,18.1,74.0,false,0,medium,testing
TASK03188,EMP059,PRJ019,2026-03-18,2026-04-10,2026-03-26,completed,low,56.2,72.1,71.5,false,0,critical,maintenance
TASK03189,EMP059,PRJ006,2026-05-24,2026-06-03,,in_progress,low,13.3,10.5,,,,medium,design
TASK03190,EMP059,PRJ019,2026-02-28,2026-03-02,2026-03-01,completed,medium,7.7,7.6,62.6,false,0,low,design
TASK03191,EMP059,PRJ019,2026-02-13,2026-02-17,2026-02-17,completed,urgent,5.9,6.3,77.0,false,0,low,design
TASK03192,EMP059,PRJ030,2026-01-12,2026-02-01,2026-01-24,completed,medium,23.4,22.5,79.3,false,0,high,design
TASK03193,EMP059,PRJ006,2026-06-15,2026-06-30,2026-06-25,completed,medium,31.4,42.4,63.8,false,0,high,design
TASK03194,EMP059,PRJ019,2026-04-23,2026-05-03,,in_progress,high,16.9,15.6,,,,high,review
TASK03195,EMP059,PRJ019,2026-05-07,2026-05-24,2026-05-23,completed,high,37.5,40.2,70.1,false,0,high,enhancement
TASK03196,EMP059,PRJ006,2026-01-08,2026-01-11,,in_progress,high,5.4,5.0,,,,low,review
TASK03197,EMP059,PRJ019,2026-05-07,2026-05-11,,in_progress,medium,7.2,7.2,,,,medium,maintenance
TASK03198,EMP059,PRJ030,2026-02-02,2026-02-07,2026-02-07,completed,urgent,18.8,18.4,73.8,false,0,medium,documentation
TASK03199,EMP059,PRJ006,2026-03-01,2026-03-07,,overdue,medium,18.4,23.3,,,,medium,design
TASK03200,EMP059,PRJ006,2026-01-09,2026-01-12,,in_progress,medium,2.4,2.0,,,,low,deployment
TASK03201,EMP059,PRJ019,2026-06-18,2026-06-23,,overdue,medium,7.2,7.1,,,,low,maintenance
TASK03202,EMP059,PRJ019,2026-02-09,2026-02-17,2026-02-10,completed,high,29.1,38.5,72.9,false,0,high,review
TASK03203,EMP059,PRJ019,2026-06-02,2026-06-09,2026-06-07,completed,medium,27.9,36.2,82.1,false,0,high,bug_fix
TASK03204,EMP059,PRJ030,2026-04-03,2026-04-12,,in_progress,urgent,9.7,11.2,,,,medium,documentation
TASK03205,EMP059,PRJ019,2026-02-09,2026-02-19,,in_progress,high,12.7,12.4,,,,medium,feature
TASK03206,EMP059,PRJ030,2026-05-14,2026-05-24,,in_progress,urgent,18.1,26.1,,,,medium,testing
TASK03207,EMP059,PRJ030,2026-04-04,2026-05-02,2026-04-11,completed,high,47.4,58.5,78.0,false,0,critical,bug_fix
TASK03208,EMP059,PRJ030,2026-06-21,2026-07-06,,in_progress,medium,26.2,20.2,,,,high,deployment
TASK03209,EMP059,PRJ006,2026-03-02,2026-03-26,,overdue,medium,52.0,46.8,,,,critical,bug_fix
TASK03210,EMP060,PRJ030,2026-04-14,2026-04-22,,overdue,low,9.9,12.2,,,,medium,bug_fix
TASK03211,EMP060,PRJ019,2026-02-18,2026-02-27,,in_progress,urgent,10.5,14.7,,,,medium,deployment
TASK03212,EMP060,PRJ030,2026-03-15,2026-03-19,,overdue,medium,6.8,7.4,,,,low,testing
TASK03213,EMP060,PRJ030,2026-04-20,2026-04-25,,overdue,low,6.3,8.9,,,,low,deployment
TASK03214,EMP060,PRJ030,2026-05-02,2026-05-07,,in_progress,high,17.0,14.2,,,,medium,feature
TASK03215,EMP060,PRJ030,2026-03-17,2026-03-25,,in_progress,medium,14.7,13.3,,,,medium,feature
TASK03216,EMP060,PRJ019,2026-02-15,2026-02-26,,overdue,medium,28.2,27.2,,,,high,design
TASK03217,EMP060,PRJ019,2026-05-04,2026-05-26,,in_progress,low,43.1,43.8,,,,critical,feature
TASK03218,EMP060,PRJ030,2026-04-13,2026-04-28,2026-04-30,completed,low,36.4,46.3,56.8,false,0,critical,deployment
TASK03219,EMP060,PRJ030,2026-02-10,2026-02-15,2026-02-16,completed,urgent,3.0,4.2,38.3,false,0,low,documentation
TASK03220,EMP060,PRJ030,2026-05-18,2026-05-20,2026-05-19,completed,low,6.8,7.8,42.2,false,0,low,research
TASK03221,EMP060,PRJ030,2026-05-14,2026-05-17,,overdue,urgent,6.9,9.9,,,,low,bug_fix
TASK03222,EMP060,PRJ030,2026-05-06,2026-05-09,,in_progress,high,5.8,8.1,,,,low,maintenance
TASK03223,EMP060,PRJ019,2026-01-16,2026-01-31,,in_progress,medium,18.3,22.2,,,,high,documentation
TASK03224,EMP060,PRJ019,2026-02-12,2026-02-17,,in_progress,high,20.0,17.2,,,,medium,review
TASK03225,EMP060,PRJ019,2026-02-10,2026-02-19,,overdue,medium,14.2,13.1,,,,medium,documentation
TASK03226,EMP060,PRJ019,2026-01-25,2026-01-31,2026-01-30,completed,high,15.4,13.5,45.5,false,0,medium,review
TASK03227,EMP060,PRJ019,2026-04-30,2026-05-02,2026-05-04,completed,medium,7.3,7.5,50.5,false,0,low,documentation
TASK03228,EMP060,PRJ030,2026-03-12,2026-03-16,2026-03-15,completed,urgent,5.2,5.2,52.7,false,0,low,research
TASK03229,EMP060,PRJ030,2026-05-06,2026-05-13,,in_progress,medium,16.6,16.4,,,,medium,review
TASK03230,EMP060,PRJ030,2026-05-10,2026-05-23,2026-05-26,completed,low,18.5,25.2,50.8,false,0,high,maintenance
TASK03231,EMP060,PRJ030,2026-03-01,2026-03-18,,overdue,high,30.1,22.8,,,,high,documentation
TASK03232,EMP060,PRJ030,2026-02-26,2026-03-24,,overdue,low,43.3,58.2,,,,critical,bug_fix
TASK03233,EMP060,PRJ030,2026-04-09,2026-04-19,2026-04-19,completed,medium,19.5,21.6,59.1,false,0,medium,review
TASK03234,EMP060,PRJ019,2026-06-12,2026-06-19,,in_progress,medium,19.0,22.1,,,,medium,documentation
TASK03235,EMP060,PRJ030,2026-01-22,2026-02-06,,overdue,high,56.5,47.1,,,,critical,testing
TASK03236,EMP060,PRJ019,2026-03-02,2026-03-05,,overdue,medium,2.4,3.5,,,,low,research
TASK03237,EMP060,PRJ019,2026-06-02,2026-06-12,2026-06-03,completed,high,38.4,31.1,35.0,false,0,high,review
TASK03238,EMP060,PRJ019,2026-05-04,2026-05-31,,overdue,high,38.1,27.3,,,,critical,review
TASK03239,EMP060,PRJ030,2026-01-12,2026-01-21,,in_progress,medium,6.2,6.8,,,,medium,testing
TASK03240,EMP060,PRJ019,2026-04-24,2026-04-26,,in_progress,medium,2.5,2.0,,,,low,review
TASK03241,EMP060,PRJ019,2026-05-17,2026-06-06,,in_progress,medium,17.2,17.3,,,,high,bug_fix
TASK03242,EMP060,PRJ030,2026-02-16,2026-03-05,,in_progress,medium,31.9,42.1,,,,high,review
TASK03243,EMP060,PRJ019,2026-06-17,2026-07-13,,in_progress,high,45.6,61.5,,,,critical,testing
TASK03244,EMP060,PRJ030,2026-01-11,2026-01-16,,overdue,medium,7.9,8.6,,,,low,feature
TASK03245,EMP060,PRJ019,2026-05-13,2026-05-21,2026-05-22,completed,low,16.2,18.2,51.3,false,0,high,design
TASK03246,EMP060,PRJ019,2026-03-27,2026-03-31,2026-04-03,completed,high,3.7,4.3,42.9,false,0,low,maintenance
TASK03247,EMP060,PRJ019,2026-03-23,2026-03-29,2026-04-01,completed,urgent,19.2,26.4,46.9,true,2,medium,review
TASK03248,EMP060,PRJ030,2026-04-14,2026-04-16,,overdue,low,4.9,6.3,,,,low,deployment
TASK03249,EMP060,PRJ030,2026-06-16,2026-06-19,2026-06-18,completed,high,6.3,8.9,43.2,false,0,low,documentation
TASK03250,EMP060,PRJ030,2026-02-15,2026-02-23,,overdue,medium,7.6,8.3,,,,medium,design
TASK03251,EMP060,PRJ030,2026-04-10,2026-04-17,,overdue,high,7.4,8.9,,,,medium,maintenance
TASK03252,EMP060,PRJ030,2026-05-25,2026-05-27,2026-05-26,completed,medium,5.6,7.9,63.1,false,0,low,deployment
TASK03253,EMP060,PRJ030,2026-01-25,2026-02-11,,in_progress,urgent,23.2,33.7,,,,high,documentation
TASK03254,EMP060,PRJ019,2026-02-20,2026-03-11,2026-03-03,completed,medium,33.8,47.3,57.1,false,0,high,bug_fix
TASK03255,EMP060,PRJ030,2026-02-26,2026-03-04,,in_progress,low,9.0,13.1,,,,medium,maintenance
TASK03256,EMP060,PRJ019,2026-06-11,2026-06-15,2026-06-16,completed,medium,14.2,20.5,57.5,false,0,medium,review
TASK03257,EMP060,PRJ030,2026-01-27,2026-01-31,2026-02-03,completed,high,2.0,1.6,41.3,false,0,low,design
TASK03258,EMP060,PRJ019,2026-02-19,2026-02-23,2026-02-26,completed,urgent,6.1,6.5,59.3,false,0,low,feature
TASK03259,EMP060,PRJ019,2026-02-20,2026-02-28,,in_progress,high,12.0,14.5,,,,medium,testing
TASK03260,EMP060,PRJ030,2026-06-16,2026-07-10,,assigned,high,52.6,74.9,,,,critical,review
TASK03261,EMP060,PRJ030,2026-02-26,2026-03-09,,overdue,high,39.7,39.8,,,,high,design
TASK03262,EMP060,PRJ019,2026-01-18,2026-01-22,,overdue,low,5.6,6.7,,,,low,research
TASK03263,EMP060,PRJ030,2026-02-02,2026-02-16,2026-02-23,completed,low,30.2,21.9,52.6,true,1,critical,maintenance
TASK03264,EMP061,PRJ019,2026-01-22,2026-01-27,2026-01-23,completed,medium,3.6,5.3,68.8,false,0,low,testing
TASK03265,EMP061,PRJ006,2026-03-20,2026-03-25,2026-03-20,completed,medium,3.2,2.8,79.5,false,0,low,research
TASK03266,EMP061,PRJ006,2026-06-14,2026-06-19,2026-06-16,completed,medium,20.0,19.5,61.7,false,0,medium,documentation
TASK03267,EMP061,PRJ030,2026-04-02,2026-04-04,,in_progress,low,2.6,2.2,,,,low,documentation
TASK03268,EMP061,PRJ019,2026-06-12,2026-06-17,2026-06-19,completed,urgent,8.0,8.2,62.1,false,0,medium,review
TASK03269,EMP061,PRJ019,2026-01-15,2026-02-13,,in_progress,high,55.1,81.9,,,,critical,bug_fix
TASK03270,EMP061,PRJ030,2026-02-15,2026-02-17,2026-02-16,completed,low,7.3,5.7,82.1,false,0,low,enhancement
TASK03271,EMP061,PRJ030,2026-05-08,2026-05-12,2026-05-19,completed,high,19.7,25.5,63.4,false,0,medium,design
TASK03272,EMP061,PRJ019,2026-04-27,2026-05-02,,in_progress,medium,6.7,7.3,,,,low,enhancement
TASK03273,EMP061,PRJ019,2026-05-01,2026-05-08,,overdue,medium,32.2,24.0,,,,high,documentation
TASK03274,EMP061,PRJ030,2026-06-08,2026-06-14,2026-06-08,completed,high,12.7,19.0,79.8,false,0,medium,design
TASK03275,EMP061,PRJ006,2026-05-12,2026-05-25,2026-05-12,completed,high,23.8,21.1,73.7,true,2,high,enhancement
TASK03276,EMP061,PRJ019,2026-05-13,2026-05-22,,overdue,high,11.0,10.9,,,,medium,feature
TASK03277,EMP061,PRJ006,2026-06-13,2026-07-02,2026-07-04,completed,medium,28.1,29.6,76.5,false,0,high,design
TASK03278,EMP061,PRJ006,2026-01-19,2026-01-23,2026-01-23,completed,medium,7.3,8.1,80.0,false,0,medium,enhancement
TASK03279,EMP061,PRJ006,2026-06-02,2026-06-06,,in_progress,high,2.6,2.4,,,,low,documentation
TASK03280,EMP061,PRJ019,2026-04-18,2026-04-28,2026-04-25,completed,high,30.2,26.3,83.9,false,0,high,deployment
TASK03281,EMP061,PRJ019,2026-02-01,2026-02-06,2026-02-02,completed,high,3.4,4.4,71.5,false,0,low,research
TASK03282,EMP061,PRJ019,2026-04-12,2026-04-14,,overdue,medium,7.7,9.0,,,,low,maintenance
TASK03283,EMP061,PRJ030,2026-05-26,2026-05-28,,overdue,medium,6.1,6.5,,,,low,feature
TASK03284,EMP061,PRJ030,2026-06-17,2026-06-25,2026-06-23,completed,low,16.3,17.8,67.5,false,0,medium,research
TASK03285,EMP061,PRJ030,2026-06-05,2026-06-09,2026-06-07,completed,medium,4.5,6.1,75.2,false,0,low,review
TASK03286,EMP061,PRJ030,2026-03-18,2026-04-10,2026-03-20,completed,medium,30.8,30.2,71.7,false,0,critical,testing
TASK03287,EMP061,PRJ019,2026-02-13,2026-02-19,2026-02-24,completed,medium,7.9,7.0,66.1,false,0,medium,documentation
TASK03288,EMP061,PRJ030,2026-02-02,2026-02-20,2026-02-21,completed,low,48.6,53.7,69.4,false,0,critical,bug_fix
TASK03289,EMP061,PRJ030,2026-01-07,2026-01-09,2026-01-14,completed,medium,3.3,3.9,71.2,false,0,low,bug_fix
TASK03290,EMP061,PRJ019,2026-04-05,2026-04-13,2026-04-18,completed,medium,14.6,11.5,83.2,false,0,medium,research
TASK03291,EMP061,PRJ019,2026-03-10,2026-03-14,,overdue,low,6.1,7.1,,,,low,feature
TASK03292,EMP061,PRJ006,2026-01-11,2026-01-15,2026-01-15,completed,medium,14.7,18.7,78.8,false,0,medium,research
TASK03293,EMP061,PRJ030,2026-03-20,2026-03-28,2026-03-27,completed,high,11.2,14.4,72.2,false,0,medium,documentation
TASK03294,EMP061,PRJ019,2026-03-02,2026-03-04,,in_progress,high,2.3,2.6,,,,low,maintenance
TASK03295,EMP061,PRJ006,2026-02-19,2026-03-09,2026-03-02,completed,low,26.7,36.7,70.9,true,1,high,documentation
TASK03296,EMP061,PRJ019,2026-05-20,2026-05-24,2026-05-26,completed,high,3.2,4.1,77.2,false,0,low,documentation
TASK03297,EMP061,PRJ006,2026-01-29,2026-02-08,,in_progress,medium,24.4,34.1,,,,high,deployment
TASK03298,EMP061,PRJ019,2026-03-02,2026-03-07,2026-03-07,completed,urgent,7.5,7.6,69.8,false,0,medium,documentation
TASK03299,EMP061,PRJ006,2026-05-03,2026-05-15,,overdue,low,31.1,27.5,,,,high,deployment
TASK03300,EMP061,PRJ030,2026-03-27,2026-04-12,2026-03-31,completed,high,42.3,62.9,82.1,false,0,critical,review
TASK03301,EMP061,PRJ006,2026-02-09,2026-02-12,2026-02-12,completed,medium,4.8,6.0,76.6,true,2,low,enhancement
TASK03302,EMP061,PRJ019,2026-03-19,2026-04-07,2026-03-28,completed,medium,29.6,36.6,81.1,false,0,high,bug_fix
TASK03303,EMP061,PRJ030,2026-03-15,2026-03-23,2026-03-25,completed,high,10.1,10.9,66.2,false,0,medium,maintenance
TASK03304,EMP061,PRJ006,2026-04-04,2026-04-09,2026-04-06,completed,medium,6.9,6.9,65.8,false,0,low,review
TASK03305,EMP061,PRJ030,2026-02-27,2026-03-04,2026-03-09,completed,high,16.0,23.0,75.3,false,0,medium,research
TASK03306,EMP061,PRJ030,2026-02-10,2026-02-16,,in_progress,low,14.0,17.9,,,,medium,feature
TASK03307,EMP061,PRJ019,2026-06-19,2026-06-22,2026-06-19,completed,medium,6.5,9.7,81.0,false,0,low,bug_fix
TASK03308,EMP061,PRJ019,2026-02-13,2026-03-06,2026-02-21,completed,medium,20.6,26.9,82.1,false,0,high,review
TASK03309,EMP061,PRJ006,2026-02-05,2026-02-11,2026-02-15,completed,medium,6.2,5.9,62.7,false,0,medium,deployment
TASK03310,EMP061,PRJ006,2026-04-13,2026-04-15,2026-04-14,completed,high,5.5,5.3,74.8,false,0,low,review
TASK03311,EMP061,PRJ019,2026-04-21,2026-04-25,,overdue,medium,5.1,6.3,,,,low,feature
TASK03312,EMP061,PRJ006,2026-01-07,2026-01-27,2026-01-14,completed,high,33.0,40.0,74.0,false,0,high,design
TASK03313,EMP061,PRJ019,2026-02-25,2026-03-13,2026-02-28,completed,high,18.2,20.6,79.6,false,0,high,testing
TASK03314,EMP061,PRJ019,2026-04-17,2026-05-06,2026-04-22,completed,medium,41.9,58.7,73.4,false,0,critical,research
TASK03315,EMP061,PRJ030,2026-01-19,2026-01-24,2026-01-23,completed,urgent,4.1,3.8,74.1,true,3,low,bug_fix
TASK03316,EMP061,PRJ019,2026-04-19,2026-04-25,,in_progress,low,14.3,20.9,,,,medium,research
TASK03317,EMP061,PRJ006,2026-05-13,2026-05-21,,in_progress,medium,17.4,21.5,,,,medium,review
TASK03318,EMP061,PRJ030,2026-05-04,2026-05-06,2026-05-06,completed,medium,5.3,6.9,76.3,false,0,low,testing
TASK03319,EMP061,PRJ006,2026-01-04,2026-01-09,2026-01-05,completed,high,10.1,13.2,63.9,false,0,medium,review
TASK03320,EMP061,PRJ006,2026-05-05,2026-05-09,,in_progress,medium,4.8,5.0,,,,low,research
TASK03321,EMP061,PRJ030,2026-04-22,2026-05-01,2026-04-22,completed,medium,8.1,8.4,70.8,false,0,medium,maintenance
TASK03322,EMP061,PRJ006,2026-06-12,2026-06-14,2026-06-12,completed,high,2.3,2.6,82.1,false,0,low,maintenance
TASK03323,EMP061,PRJ030,2026-04-07,2026-04-14,2026-04-10,completed,medium,18.8,25.4,68.1,false,0,high,maintenance
TASK03324,EMP062,PRJ028,2026-01-13,2026-01-18,,in_progress,high,16.1,22.6,,,,medium,maintenance
TASK03325,EMP062,PRJ028,2026-05-12,2026-05-26,2026-05-27,completed,high,28.7,41.2,66.9,false,0,high,research
TASK03326,EMP062,PRJ028,2026-01-07,2026-02-01,2026-02-06,completed,medium,35.5,29.9,48.7,false,0,critical,bug_fix
TASK03327,EMP062,PRJ028,2026-02-03,2026-02-13,,overdue,medium,13.4,13.7,,,,medium,enhancement
TASK03328,EMP062,PRJ028,2026-01-28,2026-02-03,,in_progress,low,19.2,20.1,,,,medium,bug_fix
TASK03329,EMP062,PRJ028,2026-01-28,2026-02-14,2026-02-18,completed,medium,45.2,51.2,40.3,false,0,critical,research
TASK03330,EMP062,PRJ028,2026-03-03,2026-03-08,2026-03-12,completed,medium,2.3,3.4,46.0,false,0,low,feature
TASK03331,EMP062,PRJ028,2026-01-23,2026-01-31,,overdue,low,34.7,40.2,,,,high,design
TASK03332,EMP062,PRJ028,2026-04-03,2026-04-12,2026-04-11,completed,low,15.5,11.7,59.4,false,0,medium,research
TASK03333,EMP062,PRJ028,2026-05-08,2026-05-27,,in_progress,high,57.2,65.6,,,,critical,design
TASK03334,EMP062,PRJ028,2026-02-09,2026-02-28,2026-03-05,completed,urgent,38.3,51.3,48.5,false,0,critical,maintenance
TASK03335,EMP062,PRJ028,2026-01-23,2026-01-26,2026-02-02,completed,high,5.1,7.6,36.2,false,0,low,deployment
TASK03336,EMP062,PRJ028,2026-02-01,2026-03-01,,in_progress,medium,59.0,64.2,,,,critical,deployment
TASK03337,EMP062,PRJ028,2026-06-14,2026-07-05,2026-07-10,completed,medium,23.0,23.4,59.1,false,0,high,design
TASK03338,EMP062,PRJ028,2026-03-26,2026-04-13,,in_progress,high,19.6,28.7,,,,high,review
TASK03339,EMP062,PRJ028,2026-02-15,2026-02-22,2026-02-23,completed,high,26.7,36.1,40.9,true,2,high,enhancement
TASK03340,EMP062,PRJ028,2026-05-08,2026-05-30,2026-06-05,completed,high,32.1,48.1,41.1,false,0,critical,enhancement
TASK03341,EMP062,PRJ028,2026-03-28,2026-04-03,,in_progress,medium,10.3,7.2,,,,medium,research
TASK03342,EMP062,PRJ028,2026-01-14,2026-01-24,,in_progress,low,16.7,19.5,,,,medium,deployment
TASK03343,EMP062,PRJ028,2026-06-21,2026-06-28,,overdue,medium,15.8,16.8,,,,medium,documentation
TASK03344,EMP062,PRJ028,2026-05-14,2026-06-02,,in_progress,high,34.4,48.3,,,,high,testing
TASK03345,EMP062,PRJ028,2026-06-08,2026-06-10,,in_progress,high,4.0,3.8,,,,low,feature
TASK03346,EMP062,PRJ028,2026-03-21,2026-03-28,2026-03-29,completed,low,12.2,15.6,51.8,false,0,medium,enhancement
TASK03347,EMP062,PRJ028,2026-03-07,2026-03-13,2026-03-10,completed,urgent,14.4,12.8,45.9,false,0,medium,research
TASK03348,EMP062,PRJ028,2026-06-01,2026-06-05,,overdue,low,16.2,19.6,,,,medium,research
TASK03349,EMP062,PRJ028,2026-05-27,2026-06-10,2026-06-13,completed,medium,45.3,61.3,58.0,false,0,critical,bug_fix
TASK03350,EMP062,PRJ028,2026-06-09,2026-06-13,2026-06-12,completed,high,4.1,2.8,48.4,false,0,low,testing
TASK03351,EMP062,PRJ028,2026-02-04,2026-02-13,2026-02-20,completed,medium,9.9,7.5,55.1,true,1,medium,review
TASK03352,EMP062,PRJ028,2026-02-14,2026-02-16,2026-02-14,completed,urgent,6.4,5.2,35.9,true,1,low,testing
TASK03353,EMP062,PRJ028,2026-01-12,2026-01-15,2026-01-17,completed,low,5.9,4.7,43.8,false,0,low,testing
TASK03354,EMP062,PRJ028,2026-04-23,2026-05-01,,in_progress,high,19.0,13.9,,,,medium,feature
TASK03355,EMP062,PRJ028,2026-04-04,2026-04-10,2026-04-12,completed,medium,19.0,22.9,51.8,false,0,medium,bug_fix
TASK03356,EMP062,PRJ028,2026-06-16,2026-07-03,,assigned,low,32.0,44.4,,,,high,research
TASK03357,EMP062,PRJ028,2026-05-20,2026-05-24,2026-05-27,completed,high,11.2,16.7,43.4,false,0,medium,bug_fix
TASK03358,EMP062,PRJ028,2026-05-18,2026-05-22,,in_progress,high,3.2,4.6,,,,low,bug_fix
TASK03359,EMP062,PRJ028,2026-03-06,2026-03-09,2026-03-07,completed,high,8.0,7.5,47.1,false,0,low,design
TASK03360,EMP062,PRJ028,2026-02-03,2026-02-21,,in_progress,urgent,30.6,40.3,,,,high,deployment
TASK03361,EMP062,PRJ028,2026-06-11,2026-06-13,,overdue,low,6.4,8.6,,,,low,bug_fix
TASK03362,EMP062,PRJ028,2026-05-08,2026-05-18,,overdue,high,16.5,19.2,,,,medium,testing
TASK03363,EMP062,PRJ028,2026-01-15,2026-01-25,,in_progress,medium,18.1,14.4,,,,medium,research
TASK03364,EMP062,PRJ028,2026-04-30,2026-05-04,2026-05-07,completed,low,8.0,9.9,58.9,false,0,low,research
TASK03365,EMP062,PRJ028,2026-05-20,2026-05-25,2026-05-20,completed,low,12.9,13.8,52.3,false,0,medium,review
TASK03366,EMP062,PRJ028,2026-06-22,2026-06-25,2026-06-29,completed,high,7.6,10.6,49.0,true,3,low,research
TASK03367,EMP062,PRJ028,2026-02-09,2026-02-19,,overdue,low,19.3,21.1,,,,medium,design
TASK03368,EMP062,PRJ028,2026-02-07,2026-02-16,,overdue,urgent,19.5,14.9,,,,high,feature
TASK03369,EMP062,PRJ028,2026-01-24,2026-02-03,,in_progress,medium,6.6,4.9,,,,medium,feature
TASK03370,EMP062,PRJ028,2026-05-16,2026-05-21,,in_progress,medium,7.4,10.1,,,,medium,research
TASK03371,EMP062,PRJ028,2026-05-09,2026-05-14,2026-05-20,completed,high,4.8,3.6,57.8,false,0,low,review
TASK03372,EMP062,PRJ028,2026-01-01,2026-01-04,,overdue,low,7.9,9.1,,,,low,design
TASK03373,EMP062,PRJ028,2026-03-26,2026-03-30,,overdue,high,10.2,9.1,,,,medium,testing
TASK03374,EMP062,PRJ028,2026-04-01,2026-04-11,2026-04-13,completed,medium,20.0,19.4,39.4,false,0,high,maintenance
TASK03375,EMP062,PRJ028,2026-01-30,2026-02-08,2026-02-01,completed,high,11.7,11.7,66.0,true,1,medium,design
TASK03376,EMP062,PRJ028,2026-01-17,2026-01-26,,in_progress,high,18.9,25.0,,,,high,feature
TASK03377,EMP062,PRJ028,2026-04-01,2026-04-06,,overdue,high,7.4,6.8,,,,medium,review
TASK03378,EMP062,PRJ028,2026-05-17,2026-05-19,,in_progress,high,3.5,4.5,,,,low,documentation
TASK03379,EMP062,PRJ028,2026-02-21,2026-02-25,,overdue,low,4.5,3.7,,,,low,bug_fix
TASK03380,EMP062,PRJ028,2026-02-01,2026-02-05,,overdue,medium,11.9,11.5,,,,medium,enhancement
TASK03381,EMP062,PRJ028,2026-05-08,2026-05-17,2026-05-20,completed,low,17.0,17.4,49.9,false,0,medium,review
TASK03382,EMP062,PRJ028,2026-01-27,2026-02-16,2026-02-19,completed,medium,29.0,30.2,65.5,false,0,high,review
TASK03383,EMP062,PRJ028,2026-03-28,2026-04-05,,overdue,medium,38.2,28.6,,,,high,research
TASK03384,EMP062,PRJ028,2026-02-02,2026-02-23,,in_progress,urgent,38.3,31.9,,,,critical,maintenance
TASK03385,EMP062,PRJ028,2026-01-14,2026-01-20,2026-01-27,completed,high,20.0,19.8,38.1,true,2,medium,research
TASK03386,EMP062,PRJ028,2026-06-01,2026-06-05,,overdue,low,2.7,3.0,,,,low,deployment
TASK03387,EMP062,PRJ028,2026-04-24,2026-04-29,,overdue,high,6.2,6.3,,,,low,review
TASK03388,EMP063,PRJ017,2026-02-24,2026-02-28,2026-03-07,completed,urgent,19.9,25.6,66.8,true,2,medium,enhancement
TASK03389,EMP063,PRJ017,2026-05-05,2026-05-07,2026-05-05,completed,high,7.3,9.2,64.3,false,0,low,feature
TASK03390,EMP063,PRJ007,2026-01-23,2026-02-06,,overdue,medium,30.2,25.8,,,,high,deployment
TASK03391,EMP063,PRJ007,2026-02-17,2026-02-25,,in_progress,medium,11.7,10.5,,,,medium,maintenance
TASK03392,EMP063,PRJ028,2026-05-08,2026-06-05,,in_progress,low,34.1,33.0,,,,critical,design
TASK03393,EMP063,PRJ007,2026-04-07,2026-04-11,,in_progress,medium,7.6,7.4,,,,low,bug_fix
TASK03394,EMP063,PRJ007,2026-03-07,2026-03-12,,in_progress,medium,2.1,2.9,,,,low,deployment
TASK03395,EMP063,PRJ017,2026-05-31,2026-06-10,,overdue,low,18.0,21.6,,,,medium,research
TASK03396,EMP063,PRJ007,2026-05-07,2026-05-11,2026-05-11,completed,medium,14.8,16.0,62.6,false,0,medium,design
TASK03397,EMP063,PRJ007,2026-03-28,2026-04-07,2026-04-10,completed,high,7.5,10.1,60.3,false,0,medium,feature
TASK03398,EMP063,PRJ028,2026-05-15,2026-05-22,,in_progress,urgent,10.1,8.2,,,,medium,feature
TASK03399,EMP063,PRJ017,2026-01-12,2026-01-15,2026-01-17,completed,high,2.2,2.3,48.9,false,0,low,maintenance
TASK03400,EMP063,PRJ017,2026-02-19,2026-03-12,2026-03-18,completed,high,26.2,24.0,50.8,false,0,high,bug_fix
TASK03401,EMP063,PRJ028,2026-05-11,2026-05-15,,overdue,medium,3.6,4.5,,,,low,review
TASK03402,EMP063,PRJ007,2026-05-31,2026-06-09,,overdue,high,8.7,10.0,,,,medium,bug_fix
TASK03403,EMP063,PRJ007,2026-06-22,2026-06-29,,in_progress,low,27.5,26.1,,,,high,feature
TASK03404,EMP063,PRJ017,2026-05-25,2026-06-04,,in_progress,low,18.6,26.3,,,,medium,design
TASK03405,EMP063,PRJ007,2026-01-06,2026-01-08,2026-01-10,completed,medium,2.6,2.0,54.1,false,0,low,enhancement
TASK03406,EMP063,PRJ007,2026-04-10,2026-04-19,,overdue,low,19.3,18.0,,,,medium,research
TASK03407,EMP063,PRJ017,2026-02-02,2026-03-03,,in_progress,medium,32.1,40.6,,,,critical,deployment
TASK03408,EMP063,PRJ028,2026-01-26,2026-02-01,2026-01-31,completed,high,9.9,10.3,61.8,false,0,medium,design
TASK03409,EMP063,PRJ028,2026-04-19,2026-05-07,2026-04-21,completed,high,29.3,43.2,66.3,true,1,high,deployment
TASK03410,EMP063,PRJ017,2026-06-18,2026-06-25,2026-06-20,completed,medium,6.7,9.3,59.7,true,1,medium,testing
TASK03411,EMP063,PRJ007,2026-02-20,2026-02-22,2026-02-21,completed,high,7.0,7.6,57.6,false,0,low,enhancement
TASK03412,EMP063,PRJ007,2026-02-25,2026-03-01,2026-03-05,completed,medium,18.6,16.2,70.6,false,0,medium,review
TASK03413,EMP063,PRJ007,2026-02-23,2026-02-28,2026-02-26,completed,medium,19.2,19.6,56.5,false,0,medium,deployment
TASK03414,EMP063,PRJ028,2026-03-25,2026-04-04,2026-03-31,completed,medium,6.9,5.6,57.9,false,0,medium,testing
TASK03415,EMP063,PRJ028,2026-06-01,2026-06-07,2026-06-14,completed,high,19.1,27.0,55.2,false,0,medium,feature
TASK03416,EMP063,PRJ028,2026-01-28,2026-01-31,2026-01-29,completed,medium,2.1,2.8,63.4,false,0,low,design
TASK03417,EMP063,PRJ007,2026-02-05,2026-02-19,2026-02-24,completed,medium,32.7,47.7,54.4,true,3,high,testing
TASK03418,EMP063,PRJ028,2026-03-25,2026-03-28,,overdue,high,6.9,6.9,,,,low,maintenance
TASK03419,EMP063,PRJ028,2026-04-29,2026-05-10,,overdue,medium,20.1,19.3,,,,high,review
TASK03420,EMP063,PRJ017,2026-04-15,2026-05-01,,in_progress,medium,44.8,66.3,,,,critical,review
TASK03421,EMP063,PRJ028,2026-01-25,2026-01-30,,overdue,low,2.3,2.4,,,,low,research
TASK03422,EMP063,PRJ007,2026-05-02,2026-05-04,2026-05-04,completed,high,2.8,2.4,51.5,false,0,low,deployment
TASK03423,EMP063,PRJ007,2026-05-08,2026-05-12,2026-05-10,completed,low,16.8,23.3,68.9,false,0,medium,design
TASK03424,EMP063,PRJ007,2026-03-07,2026-03-17,2026-03-11,completed,high,8.8,12.9,66.9,false,0,medium,design
TASK03425,EMP063,PRJ007,2026-04-08,2026-04-13,2026-04-10,completed,medium,7.9,10.7,56.9,false,0,low,deployment
TASK03426,EMP063,PRJ017,2026-04-05,2026-04-13,2026-04-17,completed,medium,10.8,9.1,68.2,true,3,medium,enhancement
TASK03427,EMP063,PRJ028,2026-03-29,2026-04-03,,in_progress,medium,3.5,5.1,,,,low,feature
TASK03428,EMP063,PRJ028,2026-05-01,2026-05-18,2026-05-10,completed,high,47.6,52.0,53.6,false,0,critical,review
TASK03429,EMP063,PRJ017,2026-06-04,2026-06-13,2026-06-19,completed,medium,11.4,12.4,56.6,false,0,medium,documentation
TASK03430,EMP063,PRJ007,2026-03-30,2026-04-04,2026-04-04,completed,high,10.5,14.4,63.7,false,0,medium,review
TASK03431,EMP063,PRJ007,2026-01-05,2026-01-12,,in_progress,medium,15.0,13.9,,,,medium,maintenance
TASK03432,EMP063,PRJ007,2026-06-19,2026-06-24,2026-06-29,completed,high,7.2,5.2,59.5,false,0,low,documentation
TASK03433,EMP063,PRJ017,2026-02-05,2026-02-07,,overdue,high,6.0,6.2,,,,low,maintenance
TASK03434,EMP063,PRJ007,2026-04-27,2026-05-14,2026-04-30,completed,low,18.2,24.2,56.9,false,0,high,review
TASK03435,EMP063,PRJ028,2026-02-05,2026-02-08,2026-02-08,completed,high,6.0,8.2,57.6,false,0,low,enhancement
TASK03436,EMP063,PRJ028,2026-03-17,2026-03-22,,in_progress,high,6.1,7.5,,,,medium,documentation
TASK03437,EMP063,PRJ007,2026-05-22,2026-05-27,2026-05-26,completed,medium,3.6,4.5,64.1,false,0,low,enhancement
TASK03438,EMP063,PRJ017,2026-03-22,2026-03-30,2026-04-05,completed,high,20.1,29.0,48.6,false,0,high,testing
TASK03439,EMP063,PRJ007,2026-02-17,2026-02-20,2026-02-17,completed,low,3.0,4.4,62.1,false,0,low,documentation
TASK03440,EMP063,PRJ007,2026-02-10,2026-03-01,2026-02-16,completed,medium,16.1,18.3,62.4,false,0,high,research
TASK03441,EMP063,PRJ007,2026-04-02,2026-04-12,,overdue,high,13.4,11.1,,,,medium,documentation
TASK03442,EMP063,PRJ007,2026-02-05,2026-02-24,2026-02-26,completed,medium,20.0,14.9,54.5,false,0,high,design
TASK03443,EMP063,PRJ007,2026-04-28,2026-05-05,2026-05-06,completed,medium,7.2,6.0,69.7,false,0,medium,maintenance
TASK03444,EMP063,PRJ028,2026-04-05,2026-04-26,,in_progress,medium,17.9,12.6,,,,high,documentation
TASK03445,EMP063,PRJ007,2026-02-18,2026-03-03,2026-03-04,completed,high,20.7,21.6,46.2,true,1,high,enhancement
TASK03446,EMP064,PRJ007,2026-04-02,2026-04-07,2026-04-07,completed,medium,2.9,2.2,89.4,false,0,low,deployment
TASK03447,EMP064,PRJ007,2026-03-25,2026-04-09,2026-03-26,completed,medium,17.7,23.0,87.7,false,0,high,enhancement
TASK03448,EMP064,PRJ007,2026-04-26,2026-05-03,2026-04-28,completed,medium,11.1,9.9,94.8,true,1,medium,deployment
TASK03449,EMP064,PRJ007,2026-04-30,2026-05-14,2026-05-01,completed,medium,29.0,37.0,98.2,false,0,high,deployment
TASK03450,EMP064,PRJ007,2026-05-01,2026-05-06,2026-05-02,completed,medium,5.1,6.0,81.2,false,0,low,maintenance
TASK03451,EMP064,PRJ007,2026-01-21,2026-01-26,2026-01-21,completed,low,16.9,14.1,90.5,false,0,medium,design
TASK03452,EMP064,PRJ007,2026-02-09,2026-02-18,2026-02-10,completed,low,8.4,10.2,95.6,false,0,medium,review
TASK03453,EMP064,PRJ007,2026-02-23,2026-02-27,2026-02-24,completed,high,3.0,4.3,95.6,false,0,low,feature
TASK03454,EMP064,PRJ007,2026-05-17,2026-05-20,2026-05-17,completed,low,2.2,1.9,91.2,false,0,low,review
TASK03455,EMP064,PRJ007,2026-02-13,2026-02-23,2026-02-19,completed,low,15.8,22.8,88.7,false,0,medium,testing
TASK03456,EMP064,PRJ007,2026-04-18,2026-04-24,2026-04-19,completed,high,9.0,10.7,84.9,false,0,medium,deployment
TASK03457,EMP064,PRJ007,2026-03-13,2026-03-27,2026-03-16,completed,medium,18.8,14.8,99.7,false,0,high,research
TASK03458,EMP064,PRJ007,2026-05-31,2026-06-02,2026-06-01,completed,high,7.0,9.5,81.3,false,0,low,research
TASK03459,EMP064,PRJ007,2026-02-03,2026-02-11,2026-02-06,completed,low,13.8,18.3,92.0,false,0,medium,maintenance
TASK03460,EMP064,PRJ007,2026-01-11,2026-01-17,2026-01-12,completed,low,14.0,16.1,100,false,0,medium,feature
TASK03461,EMP064,PRJ007,2026-05-23,2026-06-08,2026-06-08,completed,high,41.0,48.1,94.0,false,0,critical,testing
TASK03462,EMP064,PRJ007,2026-03-20,2026-03-24,2026-03-21,completed,medium,14.5,15.8,97.5,false,0,medium,feature
TASK03463,EMP064,PRJ007,2026-04-20,2026-04-30,2026-04-28,completed,medium,13.2,16.8,91.8,true,1,medium,testing
TASK03464,EMP064,PRJ007,2026-05-15,2026-05-23,2026-05-15,completed,high,17.0,20.3,89.7,false,0,medium,maintenance
TASK03465,EMP064,PRJ007,2026-02-11,2026-02-13,2026-02-12,completed,low,7.7,7.3,80.4,false,0,low,review
TASK03466,EMP064,PRJ007,2026-01-14,2026-01-23,2026-01-18,completed,medium,11.8,11.5,90.2,false,0,medium,deployment
TASK03467,EMP064,PRJ007,2026-02-14,2026-02-19,2026-02-16,completed,high,2.0,2.3,96.3,false,0,low,feature
TASK03468,EMP064,PRJ007,2026-01-23,2026-02-08,2026-02-08,completed,high,33.9,35.4,96.4,false,0,critical,maintenance
TASK03469,EMP064,PRJ007,2026-01-10,2026-01-25,2026-01-13,completed,low,39.6,58.7,97.4,false,0,high,deployment
TASK03470,EMP064,PRJ007,2026-05-22,2026-06-05,2026-06-01,completed,medium,17.5,14.3,83.5,false,0,high,research
TASK03471,EMP064,PRJ007,2026-06-01,2026-06-18,2026-06-01,completed,high,33.3,39.2,87.5,false,0,high,testing
TASK03472,EMP064,PRJ007,2026-01-05,2026-01-08,2026-01-05,completed,high,2.6,2.8,95.4,false,0,low,maintenance
TASK03473,EMP064,PRJ007,2026-01-07,2026-01-12,2026-01-12,completed,medium,11.8,13.1,96.9,false,0,medium,research
TASK03474,EMP064,PRJ007,2026-01-23,2026-02-02,2026-01-28,completed,low,6.9,5.9,86.7,false,0,medium,bug_fix
TASK03475,EMP064,PRJ007,2026-03-21,2026-03-28,,in_progress,urgent,10.3,14.8,,,,medium,review
TASK03476,EMP064,PRJ007,2026-05-16,2026-05-25,2026-05-18,completed,medium,16.3,15.5,96.4,false,0,high,maintenance
TASK03477,EMP064,PRJ007,2026-06-15,2026-06-23,2026-06-16,completed,high,16.7,12.1,83.9,false,0,medium,bug_fix
TASK03478,EMP064,PRJ007,2026-01-28,2026-02-09,2026-02-06,completed,high,19.5,20.8,100.0,false,0,high,maintenance
TASK03479,EMP064,PRJ007,2026-01-10,2026-01-29,2026-01-25,completed,low,56.1,55.7,90.8,false,0,critical,maintenance
TASK03480,EMP064,PRJ007,2026-03-11,2026-03-15,2026-03-13,completed,high,7.4,7.0,85.0,false,0,medium,bug_fix
TASK03481,EMP064,PRJ007,2026-02-24,2026-03-14,2026-03-12,completed,high,36.3,39.6,78.9,false,0,high,feature
TASK03482,EMP064,PRJ007,2026-03-06,2026-03-11,2026-03-10,completed,medium,6.1,6.6,93.8,false,0,low,feature
TASK03483,EMP064,PRJ007,2026-02-06,2026-02-21,2026-02-08,completed,high,40.6,41.7,86.8,false,0,critical,enhancement
TASK03484,EMP064,PRJ007,2026-03-08,2026-03-12,2026-03-11,completed,high,7.7,11.4,94.1,false,0,low,maintenance
TASK03485,EMP064,PRJ007,2026-05-30,2026-06-03,2026-05-31,completed,low,17.0,24.8,92.4,false,0,medium,design
TASK03486,EMP064,PRJ007,2026-02-05,2026-03-06,2026-02-10,completed,medium,53.4,79.6,81.1,false,0,critical,maintenance
TASK03487,EMP064,PRJ007,2026-05-26,2026-06-05,2026-06-05,completed,medium,7.9,8.4,83.0,false,0,medium,bug_fix
TASK03488,EMP064,PRJ007,2026-02-28,2026-03-04,2026-02-28,completed,low,14.5,14.5,94.4,false,0,medium,review
TASK03489,EMP064,PRJ007,2026-03-16,2026-03-25,2026-03-17,completed,low,10.2,8.5,85.7,false,0,medium,feature
TASK03490,EMP064,PRJ007,2026-01-09,2026-01-18,,in_progress,medium,7.1,9.2,,,,medium,documentation
TASK03491,EMP064,PRJ007,2026-03-05,2026-03-09,2026-03-09,completed,medium,3.5,5.3,79.2,false,0,low,bug_fix
TASK03492,EMP064,PRJ007,2026-01-20,2026-01-25,2026-01-23,completed,medium,5.0,6.7,86.6,false,0,low,maintenance
TASK03493,EMP064,PRJ007,2026-03-07,2026-03-12,2026-03-08,completed,medium,13.3,16.2,78.0,false,0,medium,design
TASK03494,EMP064,PRJ007,2026-02-08,2026-02-14,2026-02-11,completed,low,6.1,7.3,95.9,false,0,medium,review
TASK03495,EMP065,PRJ022,2026-05-21,2026-05-26,,in_progress,medium,19.2,18.6,,,,medium,research
TASK03496,EMP065,PRJ017,2026-04-14,2026-04-22,,in_progress,low,9.6,13.6,,,,medium,research
TASK03497,EMP065,PRJ022,2026-01-29,2026-02-06,,in_progress,medium,15.4,15.5,,,,medium,deployment
TASK03498,EMP065,PRJ022,2026-03-30,2026-04-03,2026-04-04,completed,medium,7.1,9.8,45.5,false,0,low,review
TASK03499,EMP065,PRJ022,2026-02-11,2026-02-14,2026-02-11,completed,medium,5.4,6.5,47.7,false,0,low,maintenance
TASK03500,EMP065,PRJ022,2026-02-07,2026-02-16,,in_progress,medium,32.7,32.7,,,,high,maintenance
TASK03501,EMP065,PRJ017,2026-03-07,2026-03-12,,in_progress,high,5.9,8.8,,,,low,deployment
TASK03502,EMP065,PRJ017,2026-04-02,2026-04-08,,overdue,high,13.9,12.1,,,,medium,testing
TASK03503,EMP065,PRJ017,2026-05-01,2026-05-06,2026-05-10,completed,high,3.1,3.3,35.1,false,0,low,feature
TASK03504,EMP065,PRJ017,2026-05-03,2026-05-11,,overdue,high,17.5,16.6,,,,medium,deployment
TASK03505,EMP065,PRJ022,2026-01-13,2026-01-31,,in_progress,medium,39.9,58.1,,,,critical,deployment
TASK03506,EMP065,PRJ017,2026-06-11,2026-06-20,,in_progress,high,10.5,12.0,,,,medium,feature
TASK03507,EMP065,PRJ022,2026-02-13,2026-02-23,2026-02-15,completed,urgent,18.3,14.1,52.2,true,3,medium,maintenance
TASK03508,EMP065,PRJ022,2026-04-13,2026-04-17,2026-04-15,completed,high,7.3,7.9,34.4,false,0,low,documentation
TASK03509,EMP065,PRJ017,2026-05-29,2026-06-17,2026-06-20,completed,high,18.5,24.0,44.9,false,0,high,enhancement
TASK03510,EMP065,PRJ022,2026-05-31,2026-06-04,2026-05-31,completed,high,4.8,5.7,49.0,false,0,low,maintenance
TASK03511,EMP065,PRJ022,2026-04-17,2026-05-02,2026-04-28,completed,low,21.9,16.4,48.5,false,0,high,testing
TASK03512,EMP065,PRJ022,2026-06-21,2026-06-29,,overdue,low,10.3,8.3,,,,medium,maintenance
TASK03513,EMP065,PRJ017,2026-04-26,2026-04-28,2026-04-28,completed,medium,6.7,8.3,42.4,true,3,low,research
TASK03514,EMP065,PRJ017,2026-05-01,2026-05-06,,in_progress,medium,5.4,4.1,,,,low,research
TASK03515,EMP065,PRJ017,2026-02-24,2026-02-28,2026-03-06,completed,medium,7.0,8.3,40.4,false,0,low,review
TASK03516,EMP065,PRJ017,2026-01-22,2026-02-01,2026-02-08,completed,urgent,10.7,13.2,49.0,false,0,medium,research
TASK03517,EMP065,PRJ022,2026-03-09,2026-04-01,2026-04-07,completed,low,31.6,37.6,60.3,false,0,critical,design
TASK03518,EMP065,PRJ017,2026-05-12,2026-05-18,2026-05-15,completed,medium,8.5,9.4,44.6,false,0,medium,maintenance
TASK03519,EMP065,PRJ017,2026-02-18,2026-02-20,2026-02-27,completed,medium,4.1,3.2,53.4,false,0,low,research
TASK03520,EMP065,PRJ022,2026-04-07,2026-04-15,,overdue,medium,18.1,21.4,,,,medium,maintenance
TASK03521,EMP065,PRJ017,2026-05-12,2026-06-02,2026-05-14,completed,high,37.5,40.3,50.6,false,0,high,review
TASK03522,EMP065,PRJ017,2026-03-28,2026-04-02,,in_progress,low,6.9,9.4,,,,low,deployment
TASK03523,EMP065,PRJ017,2026-05-04,2026-05-08,,in_progress,medium,5.8,7.9,,,,low,enhancement
TASK03524,EMP065,PRJ017,2026-03-04,2026-03-08,,overdue,urgent,13.7,11.2,,,,medium,enhancement
TASK03525,EMP065,PRJ017,2026-06-16,2026-07-11,,assigned,medium,33.2,36.9,,,,critical,design
TASK03526,EMP065,PRJ022,2026-01-17,2026-02-08,,overdue,high,45.0,55.7,,,,critical,testing
TASK03527,EMP065,PRJ017,2026-05-22,2026-05-27,,overdue,medium,4.3,4.6,,,,low,testing
TASK03528,EMP065,PRJ022,2026-05-27,2026-06-15,2026-06-16,completed,medium,27.2,22.6,55.6,true,3,high,feature
TASK03529,EMP065,PRJ022,2026-02-17,2026-03-02,,overdue,urgent,26.7,33.7,,,,high,enhancement
TASK03530,EMP065,PRJ017,2026-04-02,2026-04-04,,overdue,urgent,7.3,9.7,,,,low,research
TASK03531,EMP065,PRJ017,2026-05-03,2026-05-11,2026-05-14,completed,high,16.2,12.6,62.8,false,0,medium,testing
TASK03532,EMP065,PRJ022,2026-04-27,2026-05-03,2026-05-07,completed,high,19.0,18.7,54.2,false,0,medium,research
TASK03533,EMP065,PRJ022,2026-01-25,2026-02-03,,in_progress,urgent,9.9,11.5,,,,medium,enhancement
TASK03534,EMP065,PRJ017,2026-04-27,2026-05-03,,overdue,high,8.3,11.0,,,,medium,documentation
TASK03535,EMP065,PRJ017,2026-04-12,2026-04-17,,overdue,high,6.6,8.4,,,,low,testing
TASK03536,EMP065,PRJ017,2026-03-09,2026-03-14,,overdue,low,7.7,10.5,,,,medium,bug_fix
TASK03537,EMP065,PRJ017,2026-05-19,2026-05-24,,overdue,medium,16.4,19.6,,,,medium,review
TASK03538,EMP065,PRJ017,2026-01-09,2026-01-14,,overdue,high,7.1,7.4,,,,low,documentation
TASK03539,EMP065,PRJ017,2026-05-10,2026-05-14,,overdue,urgent,7.5,10.3,,,,medium,deployment
TASK03540,EMP065,PRJ022,2026-02-13,2026-02-23,,overdue,medium,24.9,25.7,,,,high,documentation
TASK03541,EMP065,PRJ022,2026-05-15,2026-05-19,,in_progress,medium,3.3,3.2,,,,low,maintenance
TASK03542,EMP065,PRJ017,2026-05-23,2026-05-31,,in_progress,high,11.3,12.8,,,,medium,enhancement
TASK03543,EMP065,PRJ022,2026-02-19,2026-02-26,,in_progress,medium,16.8,21.2,,,,medium,documentation
TASK03544,EMP065,PRJ022,2026-02-09,2026-02-16,,in_progress,high,12.7,18.9,,,,medium,research
TASK03545,EMP065,PRJ017,2026-04-13,2026-04-30,,in_progress,low,17.0,18.2,,,,high,design
TASK03546,EMP065,PRJ017,2026-05-21,2026-05-23,,in_progress,high,4.3,4.5,,,,low,maintenance
TASK03547,EMP065,PRJ017,2026-03-05,2026-03-08,,overdue,high,7.3,8.5,,,,low,maintenance
TASK03548,EMP065,PRJ022,2026-04-25,2026-05-10,2026-05-14,completed,high,57.1,81.8,38.6,false,0,critical,documentation
TASK03549,EMP065,PRJ017,2026-01-24,2026-02-20,2026-02-26,completed,medium,41.5,39.9,56.5,false,0,critical,feature
TASK03550,EMP065,PRJ022,2026-06-11,2026-06-16,,overdue,high,9.5,8.1,,,,medium,testing
TASK03551,EMP065,PRJ017,2026-01-20,2026-01-27,2026-01-27,completed,low,19.1,21.4,36.8,true,2,medium,maintenance
TASK03552,EMP065,PRJ017,2026-01-26,2026-02-12,2026-02-09,completed,urgent,21.2,17.1,54.5,false,0,high,documentation
TASK03553,EMP065,PRJ022,2026-02-21,2026-02-28,2026-03-03,completed,high,11.7,10.5,54.8,false,0,medium,testing
TASK03554,EMP065,PRJ022,2026-05-17,2026-05-21,,in_progress,medium,7.9,7.6,,,,low,maintenance
TASK03555,EMP065,PRJ022,2026-02-16,2026-02-19,,in_progress,medium,8.0,11.1,,,,low,enhancement
TASK03556,EMP065,PRJ017,2026-01-14,2026-01-19,2026-01-24,completed,medium,14.4,16.9,62.2,false,0,medium,enhancement
TASK03557,EMP065,PRJ017,2026-03-21,2026-03-25,,in_progress,high,16.0,12.6,,,,medium,bug_fix
TASK03558,EMP066,PRJ028,2026-01-18,2026-01-23,,overdue,medium,18.3,20.0,,,,medium,feature
TASK03559,EMP066,PRJ028,2026-04-04,2026-04-07,2026-04-07,completed,medium,7.1,9.8,73.2,false,0,low,bug_fix
TASK03560,EMP066,PRJ028,2026-04-14,2026-04-24,2026-04-24,completed,low,34.7,40.0,73.4,false,0,high,enhancement
TASK03561,EMP066,PRJ028,2026-02-25,2026-03-08,,overdue,medium,17.1,15.2,,,,high,feature
TASK03562,EMP066,PRJ007,2026-05-06,2026-05-08,,in_progress,urgent,6.0,5.4,,,,low,research
TASK03563,EMP066,PRJ007,2026-01-01,2026-01-09,2026-01-08,completed,low,15.9,18.6,76.8,false,0,medium,bug_fix
TASK03564,EMP066,PRJ028,2026-04-27,2026-05-06,,in_progress,medium,14.7,17.0,,,,medium,enhancement
TASK03565,EMP066,PRJ028,2026-03-22,2026-03-30,2026-03-30,completed,medium,14.8,18.8,76.3,true,3,medium,review
TASK03566,EMP066,PRJ028,2026-03-05,2026-04-01,2026-03-07,completed,medium,30.4,34.3,67.7,false,0,critical,bug_fix
TASK03567,EMP066,PRJ007,2026-05-10,2026-05-12,2026-05-12,completed,medium,6.1,6.8,82.3,false,0,low,bug_fix
TASK03568,EMP066,PRJ028,2026-06-07,2026-06-10,,overdue,high,4.4,5.1,,,,low,testing
TASK03569,EMP066,PRJ007,2026-04-03,2026-04-14,2026-04-12,completed,urgent,30.2,40.4,83.1,false,0,high,bug_fix
TASK03570,EMP066,PRJ007,2026-01-02,2026-01-12,2026-01-06,completed,high,15.4,22.6,81.0,false,0,medium,testing
TASK03571,EMP066,PRJ028,2026-01-05,2026-01-12,2026-01-06,completed,medium,39.2,54.6,84.0,false,0,high,enhancement
TASK03572,EMP066,PRJ007,2026-03-23,2026-04-18,2026-03-29,completed,medium,46.8,60.2,65.4,false,0,critical,research
TASK03573,EMP066,PRJ007,2026-05-28,2026-06-17,2026-06-14,completed,medium,37.0,44.0,72.3,false,0,high,research
TASK03574,EMP066,PRJ007,2026-04-11,2026-04-20,2026-04-11,completed,medium,10.7,14.0,80.3,false,0,medium,bug_fix
TASK03575,EMP066,PRJ007,2026-04-14,2026-04-16,2026-04-15,completed,high,5.1,6.8,64.5,false,0,low,documentation
TASK03576,EMP066,PRJ007,2026-05-08,2026-05-22,2026-05-15,completed,medium,37.0,52.9,68.4,false,0,high,documentation
TASK03577,EMP066,PRJ028,2026-01-17,2026-01-23,2026-01-23,completed,high,15.8,13.5,79.1,false,0,medium,feature
TASK03578,EMP066,PRJ028,2026-05-14,2026-05-22,2026-05-17,completed,medium,12.9,16.5,78.8,false,0,medium,enhancement
TASK03579,EMP066,PRJ007,2026-01-03,2026-01-07,2026-01-06,completed,medium,7.1,5.1,67.7,false,0,medium,testing
TASK03580,EMP066,PRJ007,2026-03-17,2026-03-22,,in_progress,high,3.5,2.9,,,,low,bug_fix
TASK03581,EMP066,PRJ007,2026-01-12,2026-01-18,,in_progress,medium,12.7,14.2,,,,medium,feature
TASK03582,EMP066,PRJ007,2026-01-31,2026-02-05,2026-02-05,completed,high,9.4,11.9,83.0,false,0,medium,bug_fix
TASK03583,EMP066,PRJ028,2026-01-22,2026-01-31,2026-01-30,completed,medium,9.8,9.1,65.9,false,0,medium,maintenance
TASK03584,EMP066,PRJ028,2026-05-13,2026-05-22,,overdue,urgent,12.5,12.7,,,,medium,research
TASK03585,EMP066,PRJ007,2026-05-08,2026-05-15,2026-05-12,completed,medium,9.1,10.2,64.3,false,0,medium,review
TASK03586,EMP066,PRJ007,2026-04-08,2026-04-29,2026-04-12,completed,low,36.2,27.1,84.0,false,0,high,documentation
TASK03587,EMP066,PRJ028,2026-04-13,2026-04-23,,overdue,high,35.1,44.8,,,,high,design
TASK03588,EMP066,PRJ028,2026-01-10,2026-01-13,2026-01-15,completed,high,7.3,5.5,63.0,false,0,low,design
TASK03589,EMP066,PRJ007,2026-05-12,2026-05-15,,in_progress,medium,2.1,2.5,,,,low,testing
TASK03590,EMP066,PRJ007,2026-04-12,2026-04-22,,in_progress,high,9.6,9.0,,,,medium,research
TASK03591,EMP066,PRJ007,2026-05-12,2026-05-14,,in_progress,medium,5.6,6.3,,,,low,design
TASK03592,EMP066,PRJ007,2026-02-14,2026-02-18,2026-02-25,completed,medium,6.9,8.1,73.3,false,0,low,deployment
TASK03593,EMP066,PRJ007,2026-01-22,2026-01-27,2026-01-27,completed,low,19.7,22.3,73.5,false,0,medium,deployment
TASK03594,EMP066,PRJ007,2026-06-11,2026-06-18,2026-06-23,completed,high,13.7,13.1,67.5,true,2,medium,testing
TASK03595,EMP066,PRJ007,2026-04-24,2026-04-29,2026-04-24,completed,low,6.6,8.4,67.2,false,0,low,enhancement
TASK03596,EMP066,PRJ028,2026-05-31,2026-06-06,,in_progress,medium,8.0,6.2,,,,medium,bug_fix
TASK03597,EMP066,PRJ007,2026-05-11,2026-05-13,,in_progress,low,2.1,2.7,,,,low,design
TASK03598,EMP066,PRJ007,2026-02-15,2026-02-24,2026-02-22,completed,medium,20.2,25.6,71.2,false,0,high,enhancement
TASK03599,EMP066,PRJ028,2026-01-03,2026-01-17,2026-01-23,completed,urgent,24.3,25.7,83.3,false,0,high,research
TASK03600,EMP066,PRJ028,2026-03-09,2026-04-06,2026-04-03,completed,high,38.8,55.9,71.0,false,0,critical,deployment
TASK03601,EMP066,PRJ007,2026-01-04,2026-01-09,2026-01-12,completed,medium,16.7,23.0,83.0,false,0,medium,deployment
TASK03602,EMP066,PRJ028,2026-03-23,2026-04-17,2026-04-15,completed,urgent,42.0,29.4,72.5,false,0,critical,feature
TASK03603,EMP066,PRJ007,2026-04-12,2026-04-18,2026-04-13,completed,medium,10.3,12.8,82.9,false,0,medium,testing
TASK03604,EMP066,PRJ007,2026-03-06,2026-03-16,2026-03-15,completed,low,12.2,14.3,71.7,true,1,medium,enhancement
TASK03605,EMP066,PRJ007,2026-01-03,2026-01-07,2026-01-06,completed,high,11.1,13.6,65.8,false,0,medium,bug_fix
TASK03606,EMP066,PRJ028,2026-02-05,2026-02-09,2026-02-09,completed,high,4.5,6.6,78.6,false,0,low,documentation
TASK03607,EMP066,PRJ007,2026-01-31,2026-02-03,2026-02-06,completed,high,4.2,5.1,61.0,true,1,low,review
TASK03608,EMP066,PRJ007,2026-06-12,2026-06-25,2026-06-28,completed,high,38.7,48.8,64.1,false,0,high,maintenance
TASK03609,EMP066,PRJ007,2026-03-16,2026-03-23,,overdue,urgent,13.7,18.5,,,,medium,deployment
TASK03610,EMP066,PRJ028,2026-05-21,2026-06-11,2026-06-13,completed,high,52.9,59.2,71.9,false,0,critical,maintenance
TASK03611,EMP066,PRJ028,2026-06-11,2026-06-20,2026-06-15,completed,low,9.2,7.2,71.8,false,0,medium,feature
TASK03612,EMP066,PRJ007,2026-03-22,2026-03-25,2026-03-25,completed,high,6.7,8.8,69.0,false,0,low,deployment
TASK03613,EMP066,PRJ028,2026-01-21,2026-01-26,,overdue,high,5.2,7.7,,,,low,research
TASK03614,EMP066,PRJ028,2026-06-19,2026-06-23,2026-06-22,completed,low,6.9,8.7,70.4,false,0,low,bug_fix
TASK03615,EMP066,PRJ007,2026-01-07,2026-01-12,2026-01-12,completed,high,12.8,16.8,77.7,false,0,medium,enhancement
TASK03616,EMP066,PRJ028,2026-06-02,2026-06-11,2026-06-04,completed,low,18.9,28.1,86.0,false,0,high,testing
TASK03617,EMP066,PRJ007,2026-04-24,2026-05-20,2026-05-07,completed,medium,54.7,58.6,81.0,false,0,critical,feature
TASK03618,EMP066,PRJ007,2026-04-17,2026-04-24,,overdue,low,15.7,16.1,,,,medium,deployment
TASK03619,EMP066,PRJ028,2026-02-18,2026-02-22,,in_progress,high,4.4,6.0,,,,low,bug_fix
TASK03620,EMP066,PRJ028,2026-06-16,2026-06-26,2026-06-23,completed,medium,15.4,14.3,69.9,false,0,medium,feature
TASK03621,EMP067,PRJ009,2026-02-24,2026-02-28,2026-02-24,completed,low,8.5,6.5,78.7,false,0,medium,documentation
TASK03622,EMP067,PRJ009,2026-06-04,2026-06-07,2026-06-05,completed,medium,3.5,4.9,75.3,false,0,low,feature
TASK03623,EMP067,PRJ009,2026-05-28,2026-05-30,2026-05-30,completed,medium,3.5,3.0,80.0,false,0,low,enhancement
TASK03624,EMP067,PRJ009,2026-03-23,2026-03-26,2026-03-26,completed,high,5.2,4.4,85.5,false,0,low,review
TASK03625,EMP067,PRJ009,2026-03-24,2026-04-01,2026-03-28,completed,high,10.6,9.6,85.1,false,0,medium,enhancement
TASK03626,EMP067,PRJ023,2026-03-13,2026-03-23,2026-03-25,completed,medium,16.1,21.6,87.0,true,2,medium,maintenance
TASK03627,EMP067,PRJ023,2026-02-08,2026-02-10,,in_progress,low,7.2,10.2,,,,low,review
TASK03628,EMP067,PRJ023,2026-02-22,2026-03-11,,in_progress,medium,29.5,40.8,,,,high,deployment
TASK03629,EMP067,PRJ023,2026-04-11,2026-04-21,,overdue,medium,19.7,18.0,,,,medium,bug_fix
TASK03630,EMP067,PRJ009,2026-06-16,2026-06-26,2026-06-22,completed,low,9.8,8.1,86.0,false,0,medium,design
TASK03631,EMP067,PRJ009,2026-04-15,2026-04-20,2026-04-20,completed,medium,2.1,2.3,78.7,false,0,low,testing
TASK03632,EMP067,PRJ023,2026-05-28,2026-06-01,2026-05-28,completed,urgent,15.3,22.3,88.9,false,0,medium,testing
TASK03633,EMP067,PRJ023,2026-05-12,2026-06-02,2026-05-12,completed,high,36.2,41.7,82.8,false,0,high,documentation
TASK03634,EMP067,PRJ009,2026-02-04,2026-02-08,2026-02-12,completed,high,6.4,6.8,84.5,false,0,medium,testing
TASK03635,EMP067,PRJ023,2026-01-24,2026-01-28,2026-02-02,completed,low,3.3,2.7,73.8,false,0,low,review
TASK03636,EMP067,PRJ009,2026-01-22,2026-01-30,2026-01-28,completed,medium,15.8,12.7,86.2,false,0,medium,documentation
TASK03637,EMP067,PRJ009,2026-05-19,2026-05-27,2026-05-28,completed,high,14.9,12.5,75.8,false,0,medium,review
TASK03638,EMP067,PRJ009,2026-01-27,2026-02-01,2026-01-31,completed,low,17.5,16.2,69.3,false,0,medium,feature
TASK03639,EMP067,PRJ009,2026-03-01,2026-03-03,2026-03-08,completed,low,3.7,3.3,90.3,false,0,low,documentation
TASK03640,EMP067,PRJ023,2026-05-28,2026-05-31,,in_progress,low,6.6,5.3,,,,low,documentation
TASK03641,EMP067,PRJ023,2026-06-15,2026-06-26,,overdue,urgent,31.0,43.4,,,,high,documentation
TASK03642,EMP067,PRJ009,2026-02-02,2026-02-15,2026-02-07,completed,medium,32.9,47.2,85.8,false,0,high,maintenance
TASK03643,EMP067,PRJ023,2026-06-13,2026-06-24,2026-07-01,completed,urgent,24.1,29.6,75.3,false,0,high,testing
TASK03644,EMP067,PRJ009,2026-05-18,2026-06-01,2026-06-03,completed,urgent,38.3,55.0,79.3,false,0,high,deployment
TASK03645,EMP067,PRJ009,2026-04-10,2026-05-05,2026-04-16,completed,medium,45.6,51.9,90.7,false,0,critical,bug_fix
TASK03646,EMP067,PRJ009,2026-05-29,2026-06-07,2026-05-31,completed,medium,6.1,4.5,89.3,false,0,medium,maintenance
TASK03647,EMP067,PRJ009,2026-02-27,2026-03-09,,overdue,high,16.0,21.9,,,,medium,deployment
TASK03648,EMP067,PRJ023,2026-01-16,2026-01-31,2026-01-27,completed,high,45.9,59.8,87.4,false,0,critical,maintenance
TASK03649,EMP067,PRJ023,2026-05-17,2026-05-20,,overdue,medium,5.7,4.0,,,,low,research
TASK03650,EMP067,PRJ009,2026-05-05,2026-05-27,,in_progress,low,37.3,47.8,,,,critical,maintenance
TASK03651,EMP067,PRJ023,2026-02-20,2026-02-25,2026-02-22,completed,urgent,11.1,10.9,75.7,false,0,medium,review
TASK03652,EMP067,PRJ009,2026-06-05,2026-06-13,2026-06-10,completed,urgent,18.6,17.0,70.4,false,0,high,design
TASK03653,EMP067,PRJ009,2026-05-19,2026-05-25,2026-05-19,completed,high,13.3,11.3,82.2,false,0,medium,bug_fix
TASK03654,EMP067,PRJ023,2026-02-01,2026-02-18,2026-02-25,completed,medium,34.5,38.6,92.7,false,0,high,bug_fix
TASK03655,EMP067,PRJ009,2026-03-30,2026-04-14,2026-04-06,completed,medium,27.0,31.0,85.0,false,0,high,research
TASK03656,EMP067,PRJ023,2026-02-21,2026-02-25,,in_progress,high,6.5,7.2,,,,low,bug_fix
TASK03657,EMP067,PRJ023,2026-01-20,2026-01-25,2026-01-21,completed,medium,7.0,6.8,78.2,true,2,low,feature
TASK03658,EMP067,PRJ009,2026-03-20,2026-03-24,2026-03-20,completed,high,9.7,9.9,83.0,false,0,medium,review
TASK03659,EMP067,PRJ009,2026-05-17,2026-05-27,,in_progress,low,14.0,20.9,,,,medium,review
TASK03660,EMP067,PRJ023,2026-01-12,2026-01-17,2026-01-16,completed,low,10.2,10.2,88.1,false,0,medium,documentation
TASK03661,EMP067,PRJ023,2026-03-10,2026-03-15,2026-03-12,completed,low,4.1,4.6,78.2,false,0,low,bug_fix
TASK03662,EMP067,PRJ009,2026-03-11,2026-03-17,,overdue,medium,12.6,15.8,,,,medium,feature
TASK03663,EMP067,PRJ009,2026-04-08,2026-04-15,2026-04-09,completed,medium,12.4,13.7,76.5,false,0,medium,maintenance
TASK03664,EMP067,PRJ009,2026-02-23,2026-03-09,2026-02-27,completed,urgent,21.6,31.0,92.6,false,0,high,bug_fix
TASK03665,EMP067,PRJ009,2026-01-29,2026-02-08,,in_progress,medium,15.2,12.4,,,,medium,design
TASK03666,EMP067,PRJ009,2026-03-09,2026-03-11,2026-03-09,completed,low,3.5,4.5,85.2,false,0,low,enhancement
TASK03667,EMP067,PRJ009,2026-01-19,2026-02-02,2026-01-25,completed,medium,58.6,67.2,78.4,false,0,critical,documentation
TASK03668,EMP067,PRJ023,2026-02-07,2026-02-16,,overdue,high,12.8,16.2,,,,medium,documentation
TASK03669,EMP067,PRJ009,2026-05-24,2026-05-29,2026-05-24,completed,low,14.5,13.8,75.2,false,0,medium,documentation
TASK03670,EMP067,PRJ023,2026-03-30,2026-04-02,2026-04-05,completed,high,3.9,4.8,81.6,false,0,low,documentation
TASK03671,EMP067,PRJ023,2026-05-16,2026-05-19,2026-05-16,completed,low,3.0,2.3,85.5,false,0,low,review
TASK03672,EMP067,PRJ009,2026-04-08,2026-04-16,,in_progress,medium,11.2,9.1,,,,medium,deployment
TASK03673,EMP067,PRJ023,2026-05-25,2026-06-07,2026-05-27,completed,high,28.1,22.1,84.4,false,0,high,review
TASK03674,EMP067,PRJ023,2026-01-21,2026-01-25,2026-01-25,completed,medium,7.1,9.9,75.3,false,0,medium,testing
TASK03675,EMP067,PRJ023,2026-03-14,2026-03-20,2026-03-14,completed,medium,17.6,13.1,88.3,false,0,medium,research
TASK03676,EMP068,PRJ023,2026-03-30,2026-04-09,2026-04-14,completed,medium,19.0,15.6,65.7,false,0,medium,enhancement
TASK03677,EMP068,PRJ009,2026-05-07,2026-05-27,2026-05-13,completed,high,24.2,28.1,67.5,false,0,high,deployment
TASK03678,EMP068,PRJ009,2026-01-28,2026-02-02,2026-01-30,completed,medium,11.3,13.3,64.6,false,0,medium,deployment
TASK03679,EMP068,PRJ023,2026-03-31,2026-04-04,,in_progress,medium,5.2,7.5,,,,low,deployment
TASK03680,EMP068,PRJ009,2026-01-17,2026-01-27,,in_progress,low,6.3,8.6,,,,medium,feature
TASK03681,EMP068,PRJ023,2026-03-31,2026-04-13,2026-04-01,completed,medium,26.4,24.7,81.8,false,0,high,feature
TASK03682,EMP068,PRJ009,2026-04-10,2026-04-17,2026-04-14,completed,medium,26.7,39.6,68.3,true,2,high,research
TASK03683,EMP068,PRJ023,2026-04-27,2026-05-01,,overdue,low,14.2,16.3,,,,medium,testing
TASK03684,EMP068,PRJ009,2026-04-18,2026-05-16,,overdue,high,41.8,46.2,,,,critical,review
TASK03685,EMP068,PRJ023,2026-06-08,2026-07-07,,in_progress,high,32.0,37.2,,,,critical,design
TASK03686,EMP068,PRJ023,2026-01-17,2026-01-21,2026-01-21,completed,high,11.0,15.9,73.6,false,0,medium,design
TASK03687,EMP068,PRJ023,2026-05-24,2026-05-29,2026-05-28,completed,high,4.0,3.8,72.7,false,0,low,enhancement
TASK03688,EMP068,PRJ009,2026-04-07,2026-04-17,2026-04-10,completed,urgent,9.6,7.8,77.3,false,0,medium,bug_fix
TASK03689,EMP068,PRJ023,2026-05-10,2026-05-16,2026-05-11,completed,high,19.2,19.2,74.9,false,0,medium,review
TASK03690,EMP068,PRJ023,2026-06-06,2026-06-22,2026-06-15,completed,medium,19.6,25.5,84.1,false,0,high,bug_fix
TASK03691,EMP068,PRJ009,2026-03-08,2026-03-15,2026-03-12,completed,medium,12.8,11.4,60.7,false,0,medium,review
TASK03692,EMP068,PRJ009,2026-03-12,2026-03-18,,in_progress,high,8.2,11.3,,,,medium,deployment
TASK03693,EMP068,PRJ009,2026-03-24,2026-04-12,2026-04-05,completed,high,28.8,26.6,64.8,true,2,high,bug_fix
TASK03694,EMP068,PRJ009,2026-03-15,2026-03-17,2026-03-17,completed,low,6.6,7.5,73.8,false,0,low,enhancement
TASK03695,EMP068,PRJ023,2026-01-14,2026-02-08,2026-02-15,completed,medium,47.0,36.3,77.6,false,0,critical,enhancement
TASK03696,EMP068,PRJ023,2026-04-04,2026-04-09,2026-04-11,completed,low,11.2,16.2,75.2,false,0,medium,bug_fix
TASK03697,EMP068,PRJ023,2026-05-02,2026-05-05,,overdue,low,3.6,4.3,,,,low,research
TASK03698,EMP068,PRJ023,2026-05-19,2026-05-21,2026-05-21,completed,high,3.2,4.5,85.3,false,0,low,feature
TASK03699,EMP068,PRJ023,2026-04-01,2026-04-06,2026-04-03,completed,low,7.5,5.7,71.4,false,0,medium,bug_fix
TASK03700,EMP068,PRJ009,2026-01-28,2026-02-13,2026-02-09,completed,low,35.8,28.5,65.6,false,0,high,bug_fix
TASK03701,EMP068,PRJ023,2026-01-28,2026-02-02,2026-01-31,completed,medium,13.4,10.3,70.5,false,0,medium,testing
TASK03702,EMP068,PRJ023,2026-01-09,2026-01-15,2026-01-11,completed,low,7.6,8.0,78.7,true,1,medium,bug_fix
TASK03703,EMP068,PRJ009,2026-05-12,2026-05-25,2026-05-12,completed,high,34.1,24.1,75.7,false,0,high,maintenance
TASK03704,EMP068,PRJ009,2026-05-29,2026-06-08,2026-06-14,completed,medium,18.9,18.7,58.3,true,3,medium,testing
TASK03705,EMP068,PRJ023,2026-01-25,2026-02-06,2026-02-05,completed,high,36.7,42.4,75.6,false,0,high,enhancement
TASK03706,EMP068,PRJ023,2026-03-11,2026-03-29,2026-03-14,completed,medium,26.1,21.5,67.2,false,0,high,deployment
TASK03707,EMP068,PRJ023,2026-01-09,2026-02-02,2026-01-29,completed,medium,41.1,60.3,67.2,false,0,critical,design
TASK03708,EMP068,PRJ009,2026-02-18,2026-03-03,2026-02-28,completed,medium,33.3,32.4,61.5,true,2,high,design
TASK03709,EMP068,PRJ009,2026-05-30,2026-06-02,2026-05-31,completed,high,7.9,7.5,76.7,false,0,low,review
TASK03710,EMP068,PRJ009,2026-03-16,2026-03-19,2026-03-25,completed,medium,6.6,8.2,77.3,false,0,low,deployment
TASK03711,EMP068,PRJ009,2026-01-16,2026-01-20,2026-01-18,completed,low,7.9,9.7,64.6,false,0,low,bug_fix
TASK03712,EMP068,PRJ009,2026-04-21,2026-05-12,,in_progress,urgent,48.6,51.2,,,,critical,feature
TASK03713,EMP068,PRJ023,2026-02-17,2026-02-22,2026-02-23,completed,high,15.2,13.3,77.4,false,0,medium,testing
TASK03714,EMP068,PRJ009,2026-04-06,2026-04-15,2026-04-17,completed,medium,37.8,47.1,67.6,false,0,high,testing
TASK03715,EMP068,PRJ009,2026-06-17,2026-06-25,2026-06-21,completed,medium,12.2,12.9,61.4,true,2,medium,maintenance
TASK03716,EMP068,PRJ023,2026-01-18,2026-01-22,2026-01-20,completed,medium,3.1,3.6,80.3,true,3,low,maintenance
TASK03717,EMP068,PRJ023,2026-01-02,2026-01-05,2026-01-09,completed,medium,2.8,2.8,83.2,false,0,low,deployment
TASK03718,EMP068,PRJ009,2026-06-19,2026-06-27,,overdue,medium,39.1,28.5,,,,high,design
TASK03719,EMP068,PRJ023,2026-03-18,2026-03-23,,in_progress,urgent,7.2,10.4,,,,medium,design
TASK03720,EMP068,PRJ009,2026-06-14,2026-06-23,2026-06-19,completed,high,10.5,9.2,76.7,false,0,medium,research
TASK03721,EMP068,PRJ009,2026-02-03,2026-03-04,,overdue,medium,49.4,70.6,,,,critical,deployment
TASK03722,EMP068,PRJ023,2026-05-07,2026-05-25,2026-05-24,completed,low,17.9,17.7,76.2,false,0,high,enhancement
TASK03723,EMP068,PRJ023,2026-03-13,2026-03-15,2026-03-14,completed,medium,7.1,9.4,83.7,false,0,low,research
TASK03724,EMP068,PRJ023,2026-04-15,2026-04-24,2026-04-30,completed,medium,16.9,18.4,73.2,false,0,high,enhancement
TASK03725,EMP068,PRJ009,2026-03-28,2026-04-03,,overdue,high,6.7,5.6,,,,medium,research
TASK03726,EMP068,PRJ023,2026-04-09,2026-04-13,2026-04-09,completed,medium,12.9,18.7,80.3,false,0,medium,documentation
TASK03727,EMP068,PRJ009,2026-02-21,2026-02-25,,overdue,medium,12.8,10.8,,,,medium,enhancement
TASK03728,EMP068,PRJ023,2026-03-11,2026-03-21,,overdue,high,23.9,18.8,,,,high,enhancement
TASK03729,EMP068,PRJ023,2026-04-19,2026-04-22,,in_progress,high,7.8,7.4,,,,low,enhancement
TASK03730,EMP068,PRJ009,2026-03-07,2026-03-10,,in_progress,urgent,7.9,7.7,,,,low,deployment
TASK03731,EMP068,PRJ009,2026-03-06,2026-03-11,,in_progress,medium,6.5,9.7,,,,low,research
TASK03732,EMP068,PRJ009,2026-02-11,2026-02-16,2026-02-16,completed,high,4.5,3.2,66.3,false,0,low,bug_fix
TASK03733,EMP068,PRJ009,2026-01-15,2026-02-05,2026-02-05,completed,medium,48.0,43.3,73.6,true,1,critical,deployment
TASK03734,EMP068,PRJ023,2026-04-24,2026-04-28,,overdue,low,17.5,25.2,,,,medium,maintenance
TASK03735,EMP068,PRJ023,2026-05-17,2026-05-23,2026-05-18,completed,high,12.1,15.0,80.8,false,0,medium,testing
TASK03736,EMP068,PRJ009,2026-03-25,2026-03-29,,in_progress,medium,5.0,5.0,,,,low,documentation
TASK03737,EMP068,PRJ009,2026-02-26,2026-03-06,2026-03-05,completed,low,39.0,46.9,72.0,false,0,high,research
TASK03738,EMP068,PRJ023,2026-06-21,2026-06-29,2026-07-01,completed,medium,36.2,38.0,68.5,true,1,high,bug_fix
TASK03739,EMP068,PRJ009,2026-05-10,2026-06-06,2026-05-11,completed,medium,57.9,51.2,77.7,false,0,critical,deployment
TASK03740,EMP069,PRJ023,2026-04-20,2026-04-22,2026-04-22,completed,high,2.9,3.7,89.4,false,0,low,bug_fix
TASK03741,EMP069,PRJ023,2026-01-21,2026-01-24,2026-01-24,completed,medium,6.1,5.6,73.9,false,0,low,review
TASK03742,EMP069,PRJ023,2026-03-03,2026-03-10,,in_progress,high,18.4,24.9,,,,medium,review
TASK03743,EMP069,PRJ023,2026-05-24,2026-05-28,,in_progress,medium,16.7,13.3,,,,medium,review
TASK03744,EMP069,PRJ023,2026-02-02,2026-02-26,,in_progress,low,45.3,48.1,,,,critical,research
TASK03745,EMP069,PRJ023,2026-04-27,2026-05-07,2026-05-10,completed,low,19.4,28.7,97.2,false,0,medium,enhancement
TASK03746,EMP069,PRJ023,2026-02-04,2026-02-14,2026-02-13,completed,high,18.6,27.8,88.4,true,2,medium,testing
TASK03747,EMP069,PRJ023,2026-03-11,2026-03-18,2026-03-14,completed,medium,14.2,15.7,90.5,false,0,medium,maintenance
TASK03748,EMP069,PRJ023,2026-05-21,2026-05-24,,in_progress,high,3.9,5.6,,,,low,testing
TASK03749,EMP069,PRJ023,2026-01-24,2026-01-27,,overdue,urgent,6.5,7.7,,,,low,research
TASK03750,EMP069,PRJ023,2026-06-02,2026-06-07,2026-06-03,completed,urgent,18.3,17.4,86.0,false,0,medium,enhancement
TASK03751,EMP069,PRJ023,2026-02-16,2026-02-20,2026-02-17,completed,medium,6.1,6.0,78.2,false,0,low,design
TASK03752,EMP069,PRJ023,2026-05-31,2026-06-21,2026-06-18,completed,high,31.5,28.7,79.8,false,0,high,testing
TASK03753,EMP069,PRJ023,2026-05-04,2026-05-14,2026-05-13,completed,high,31.8,24.0,73.3,false,0,high,design
TASK03754,EMP069,PRJ023,2026-06-15,2026-06-23,2026-06-28,completed,high,6.5,8.6,81.8,true,1,medium,research
TASK03755,EMP069,PRJ023,2026-02-03,2026-02-10,2026-02-06,completed,medium,8.9,7.7,95.3,false,0,medium,design
TASK03756,EMP069,PRJ023,2026-04-18,2026-04-27,2026-04-26,completed,medium,19.8,26.4,75.7,true,2,medium,testing
TASK03757,EMP069,PRJ023,2026-03-16,2026-04-13,2026-04-03,completed,high,42.0,32.5,92.4,false,0,critical,enhancement
TASK03758,EMP069,PRJ023,2026-02-02,2026-02-15,2026-02-05,completed,medium,33.3,39.3,83.2,false,0,high,design
TASK03759,EMP069,PRJ023,2026-01-25,2026-02-15,2026-01-28,completed,high,36.8,34.8,78.4,true,1,high,design
TASK03760,EMP069,PRJ023,2026-01-04,2026-01-24,2026-01-05,completed,urgent,23.7,34.8,80.1,false,0,high,maintenance
TASK03761,EMP069,PRJ023,2026-04-06,2026-04-09,2026-04-07,completed,low,3.3,4.6,90.7,false,0,low,documentation
TASK03762,EMP069,PRJ023,2026-05-09,2026-05-13,2026-05-09,completed,high,8.5,6.4,87.4,false,0,medium,design
TASK03763,EMP069,PRJ023,2026-05-12,2026-05-21,,overdue,medium,10.8,9.5,,,,medium,documentation
TASK03764,EMP069,PRJ023,2026-05-24,2026-06-02,2026-05-25,completed,low,6.7,7.9,79.5,false,0,medium,documentation
TASK03765,EMP069,PRJ023,2026-04-30,2026-05-10,2026-05-05,completed,high,19.1,26.1,85.4,false,0,medium,design
TASK03766,EMP069,PRJ023,2026-01-02,2026-01-07,2026-01-07,completed,low,16.4,16.3,93.3,false,0,medium,design
TASK03767,EMP069,PRJ023,2026-03-30,2026-04-06,2026-04-09,completed,low,31.8,23.5,83.3,false,0,high,maintenance
TASK03768,EMP069,PRJ023,2026-01-14,2026-01-18,2026-01-16,completed,high,2.8,2.9,73.7,false,0,low,bug_fix
TASK03769,EMP069,PRJ023,2026-02-28,2026-03-05,2026-03-03,completed,medium,6.3,6.6,77.2,false,0,low,bug_fix
TASK03770,EMP069,PRJ023,2026-05-09,2026-05-18,2026-05-17,completed,medium,9.9,14.1,77.9,false,0,medium,review
TASK03771,EMP069,PRJ023,2026-06-02,2026-06-04,,overdue,medium,5.6,5.7,,,,low,research
TASK03772,EMP069,PRJ023,2026-06-11,2026-06-30,2026-06-16,completed,urgent,52.9,58.6,85.2,false,0,critical,feature
TASK03773,EMP069,PRJ023,2026-05-28,2026-06-04,2026-06-01,completed,urgent,31.6,46.8,80.4,false,0,high,design
TASK03774,EMP069,PRJ023,2026-01-23,2026-02-04,2026-01-27,completed,low,21.2,23.7,75.9,false,0,high,testing
TASK03775,EMP069,PRJ023,2026-02-06,2026-02-24,2026-02-15,completed,high,29.8,25.4,80.7,false,0,high,research
TASK03776,EMP069,PRJ023,2026-05-03,2026-05-08,,in_progress,urgent,9.5,10.0,,,,medium,maintenance
TASK03777,EMP069,PRJ023,2026-04-06,2026-04-16,,in_progress,medium,19.3,15.2,,,,medium,deployment
TASK03778,EMP069,PRJ023,2026-03-12,2026-03-16,,in_progress,low,17.9,19.9,,,,medium,deployment
TASK03779,EMP069,PRJ023,2026-06-16,2026-06-21,2026-06-17,completed,medium,6.9,7.3,85.1,false,0,low,deployment
TASK03780,EMP069,PRJ023,2026-01-10,2026-01-29,2026-01-14,completed,high,21.1,20.4,77.2,false,0,high,deployment
TASK03781,EMP069,PRJ023,2026-05-27,2026-05-30,2026-05-29,completed,high,7.7,10.1,83.8,false,0,low,maintenance
TASK03782,EMP069,PRJ023,2026-03-01,2026-03-03,2026-03-03,completed,high,7.3,10.4,80.1,false,0,low,review
TASK03783,EMP069,PRJ023,2026-02-07,2026-02-16,2026-02-08,completed,high,10.0,11.8,80.8,false,0,medium,testing
TASK03784,EMP069,PRJ023,2026-04-12,2026-04-15,2026-04-12,completed,medium,4.4,4.8,80.3,false,0,low,enhancement
TASK03785,EMP069,PRJ023,2026-01-10,2026-01-15,2026-01-13,completed,low,15.9,14.7,91.2,false,0,medium,testing
TASK03786,EMP069,PRJ023,2026-04-21,2026-04-30,2026-04-26,completed,high,10.4,9.6,88.4,false,0,medium,research
TASK03787,EMP069,PRJ023,2026-03-09,2026-03-28,2026-03-18,completed,low,30.7,26.3,85.5,false,0,high,deployment
TASK03788,EMP069,PRJ023,2026-03-23,2026-03-29,2026-03-28,completed,high,15.4,17.3,96.5,false,0,medium,design
TASK03789,EMP069,PRJ023,2026-06-08,2026-06-18,2026-06-20,completed,medium,14.6,11.5,74.3,false,0,medium,enhancement
TASK03790,EMP069,PRJ023,2026-03-03,2026-03-21,2026-03-15,completed,high,49.0,64.7,93.6,false,0,critical,testing
TASK03791,EMP069,PRJ023,2026-01-26,2026-01-29,2026-01-29,completed,medium,5.7,7.7,84.0,false,0,low,deployment
TASK03792,EMP069,PRJ023,2026-01-29,2026-02-25,2026-02-25,completed,high,54.4,41.9,75.7,false,0,critical,enhancement
TASK03793,EMP069,PRJ023,2026-01-21,2026-01-24,2026-01-23,completed,medium,4.7,4.0,79.3,true,1,low,review
TASK03794,EMP069,PRJ023,2026-04-05,2026-04-10,2026-04-10,completed,medium,18.8,19.4,90.9,false,0,medium,review
TASK03795,EMP069,PRJ023,2026-03-13,2026-03-19,2026-03-15,completed,low,16.8,18.6,76.6,false,0,medium,testing
TASK03796,EMP069,PRJ023,2026-06-08,2026-06-12,2026-06-12,completed,medium,9.7,10.4,75.0,false,0,medium,design
TASK03797,EMP069,PRJ023,2026-03-29,2026-04-04,,in_progress,low,18.3,25.4,,,,medium,research
TASK03798,EMP069,PRJ023,2026-04-24,2026-05-03,2026-05-01,completed,low,10.8,15.8,92.2,false,0,medium,enhancement
TASK03799,EMP069,PRJ023,2026-05-02,2026-05-08,2026-05-02,completed,low,14.8,18.5,76.7,false,0,medium,feature
TASK03800,EMP069,PRJ023,2026-04-15,2026-04-19,2026-04-15,completed,low,5.8,6.4,83.8,false,0,low,bug_fix
TASK03801,EMP069,PRJ023,2026-06-17,2026-06-20,2026-06-20,completed,high,6.6,7.6,88.9,false,0,low,testing
TASK03802,EMP069,PRJ023,2026-06-11,2026-06-14,2026-06-19,completed,medium,7.0,6.9,80.6,false,0,low,documentation
TASK03803,EMP069,PRJ023,2026-06-11,2026-06-18,2026-06-12,completed,low,35.4,50.6,86.7,false,0,high,documentation
TASK03804,EMP069,PRJ023,2026-01-11,2026-01-17,2026-01-15,completed,low,8.6,10.7,89.1,false,0,medium,bug_fix
TASK03805,EMP070,PRJ009,2026-06-18,2026-06-22,2026-06-22,completed,high,2.8,3.6,84.4,false,0,low,review
TASK03806,EMP070,PRJ009,2026-03-23,2026-04-03,2026-03-31,completed,medium,24.6,26.0,79.7,false,0,high,enhancement
TASK03807,EMP070,PRJ023,2026-02-03,2026-02-06,2026-02-07,completed,low,5.3,4.5,75.3,false,0,low,testing
TASK03808,EMP070,PRJ009,2026-06-03,2026-06-06,2026-06-04,completed,high,6.7,5.6,67.2,false,0,low,maintenance
TASK03809,EMP070,PRJ023,2026-06-10,2026-06-14,2026-06-11,completed,medium,4.2,3.4,71.3,false,0,low,documentation
TASK03810,EMP070,PRJ009,2026-05-03,2026-05-09,2026-05-04,completed,high,17.7,12.6,80.8,true,1,medium,deployment
TASK03811,EMP070,PRJ023,2026-04-11,2026-04-13,2026-04-12,completed,urgent,5.8,6.9,70.8,true,3,low,testing
TASK03812,EMP070,PRJ009,2026-05-12,2026-05-15,,overdue,high,6.0,7.3,,,,low,enhancement
TASK03813,EMP070,PRJ009,2026-06-12,2026-06-22,2026-06-22,completed,medium,13.4,14.1,73.9,false,0,medium,deployment
TASK03814,EMP070,PRJ009,2026-01-21,2026-01-31,2026-01-21,completed,high,13.8,18.0,77.0,true,3,medium,testing
TASK03815,EMP070,PRJ023,2026-01-11,2026-01-15,,in_progress,low,6.3,7.5,,,,low,enhancement
TASK03816,EMP070,PRJ023,2026-02-27,2026-03-11,,in_progress,low,36.4,41.7,,,,high,research
TASK03817,EMP070,PRJ023,2026-03-24,2026-03-31,2026-03-31,completed,medium,14.8,19.4,69.7,false,0,medium,bug_fix
TASK03818,EMP070,PRJ023,2026-05-11,2026-05-15,2026-05-11,completed,low,4.7,4.7,66.8,false,0,low,feature
TASK03819,EMP070,PRJ023,2026-01-12,2026-02-01,,in_progress,medium,49.2,43.5,,,,critical,design
TASK03820,EMP070,PRJ023,2026-02-14,2026-02-19,2026-02-15,completed,high,17.9,24.7,82.4,false,0,medium,review
TASK03821,EMP070,PRJ009,2026-05-31,2026-06-18,2026-06-03,completed,medium,37.1,54.9,63.2,false,0,high,bug_fix
TASK03822,EMP070,PRJ009,2026-06-06,2026-06-11,2026-06-07,completed,low,18.6,26.2,64.8,false,0,medium,testing
TASK03823,EMP070,PRJ023,2026-01-10,2026-01-18,2026-01-13,completed,medium,16.6,13.7,71.9,true,2,medium,design
TASK03824,EMP070,PRJ023,2026-03-12,2026-03-18,2026-03-16,completed,medium,19.3,17.3,85.5,false,0,medium,feature
TASK03825,EMP070,PRJ009,2026-02-03,2026-02-07,2026-02-03,completed,low,5.7,5.1,76.3,false,0,low,feature
TASK03826,EMP070,PRJ023,2026-04-14,2026-04-20,2026-04-18,completed,low,13.2,10.5,61.7,false,0,medium,research
TASK03827,EMP070,PRJ009,2026-06-04,2026-06-14,2026-06-07,completed,medium,14.2,11.4,58.6,false,0,medium,enhancement
TASK03828,EMP070,PRJ023,2026-04-09,2026-04-15,,overdue,medium,8.7,6.2,,,,medium,enhancement
TASK03829,EMP070,PRJ009,2026-05-15,2026-05-18,,in_progress,high,5.5,6.1,,,,low,enhancement
TASK03830,EMP070,PRJ009,2026-06-10,2026-06-18,2026-06-18,completed,low,7.3,7.9,65.7,false,0,medium,design
TASK03831,EMP070,PRJ023,2026-05-10,2026-05-21,2026-05-16,completed,medium,17.4,15.1,66.4,true,3,high,research
TASK03832,EMP070,PRJ009,2026-04-13,2026-04-16,2026-04-15,completed,medium,7.8,9.8,79.1,false,0,low,review
TASK03833,EMP070,PRJ023,2026-06-13,2026-06-15,2026-06-22,completed,urgent,4.6,6.3,65.8,true,2,low,bug_fix
TASK03834,EMP070,PRJ023,2026-04-30,2026-05-06,2026-05-13,completed,urgent,10.9,8.9,70.8,false,0,medium,deployment
TASK03835,EMP070,PRJ023,2026-06-15,2026-06-17,,in_progress,medium,5.8,8.2,,,,low,enhancement
TASK03836,EMP070,PRJ009,2026-04-10,2026-04-15,,in_progress,medium,9.8,10.4,,,,medium,bug_fix
TASK03837,EMP070,PRJ023,2026-04-23,2026-04-28,,overdue,low,17.1,14.1,,,,medium,testing
TASK03838,EMP070,PRJ009,2026-02-24,2026-02-28,2026-02-28,completed,high,18.8,23.3,73.3,false,0,medium,deployment
TASK03839,EMP070,PRJ023,2026-04-26,2026-04-29,,in_progress,high,5.5,4.5,,,,low,research
TASK03840,EMP070,PRJ009,2026-04-03,2026-04-08,2026-04-04,completed,medium,12.6,15.2,78.9,false,0,medium,testing
TASK03841,EMP070,PRJ023,2026-02-23,2026-03-01,2026-02-23,completed,medium,13.4,17.7,66.7,false,0,medium,review
TASK03842,EMP070,PRJ009,2026-01-14,2026-01-24,,overdue,medium,31.1,31.9,,,,high,enhancement
TASK03843,EMP070,PRJ009,2026-06-06,2026-06-10,2026-06-07,completed,medium,7.1,5.1,70.0,false,0,low,maintenance
TASK03844,EMP070,PRJ023,2026-01-27,2026-02-01,2026-01-29,completed,urgent,13.5,10.2,79.1,false,0,medium,documentation
TASK03845,EMP070,PRJ009,2026-01-01,2026-01-07,2026-01-01,completed,urgent,18.5,13.9,66.0,false,0,medium,testing
TASK03846,EMP070,PRJ023,2026-02-08,2026-02-15,2026-02-13,completed,medium,17.5,25.2,73.6,false,0,medium,research
TASK03847,EMP070,PRJ009,2026-05-14,2026-06-03,2026-05-14,completed,high,20.0,24.2,72.3,true,2,high,enhancement
TASK03848,EMP070,PRJ009,2026-03-17,2026-04-02,2026-03-24,completed,low,24.2,23.3,69.4,false,0,high,feature
TASK03849,EMP070,PRJ009,2026-03-06,2026-03-10,2026-03-08,completed,low,7.4,8.7,75.8,false,0,low,deployment
TASK03850,EMP070,PRJ023,2026-03-15,2026-03-25,2026-03-29,completed,medium,7.5,5.8,70.7,false,0,medium,review
TASK03851,EMP070,PRJ023,2026-06-17,2026-06-25,,overdue,medium,12.8,13.5,,,,medium,testing
TASK03852,EMP070,PRJ023,2026-04-04,2026-04-14,2026-04-21,completed,medium,19.6,27.5,75.2,false,0,medium,feature
TASK03853,EMP070,PRJ009,2026-05-17,2026-06-12,2026-05-20,completed,urgent,43.5,43.7,82.4,false,0,critical,design
TASK03854,EMP070,PRJ023,2026-01-21,2026-01-27,,overdue,low,14.3,20.8,,,,medium,design
TASK03855,EMP070,PRJ023,2026-03-21,2026-03-30,2026-03-25,completed,low,7.2,8.1,68.8,false,0,medium,review
TASK03856,EMP070,PRJ023,2026-05-28,2026-06-14,2026-06-10,completed,medium,36.5,31.5,85.1,false,0,high,documentation
TASK03857,EMP070,PRJ023,2026-05-12,2026-05-17,,in_progress,medium,7.2,9.6,,,,medium,bug_fix
TASK03858,EMP070,PRJ009,2026-05-24,2026-05-29,,overdue,urgent,6.8,9.4,,,,low,review
TASK03859,EMP070,PRJ023,2026-05-25,2026-06-14,,in_progress,medium,32.7,33.0,,,,high,feature
TASK03860,EMP070,PRJ023,2026-01-01,2026-01-06,,overdue,low,10.1,11.9,,,,medium,documentation
TASK03861,EMP070,PRJ023,2026-05-02,2026-05-12,2026-05-03,completed,medium,9.4,9.2,64.9,false,0,medium,design
TASK03862,EMP070,PRJ023,2026-01-14,2026-01-20,2026-01-18,completed,low,17.0,20.3,63.6,true,3,medium,design
TASK03863,EMP070,PRJ023,2026-01-24,2026-02-10,,overdue,low,55.9,59.1,,,,critical,deployment
TASK03864,EMP070,PRJ023,2026-06-14,2026-06-25,2026-06-29,completed,medium,26.3,27.5,86.7,false,0,high,bug_fix
TASK03865,EMP071,PRJ009,2026-03-02,2026-03-06,2026-03-05,completed,low,10.1,9.1,72.5,false,0,medium,maintenance
TASK03866,EMP071,PRJ009,2026-06-17,2026-06-25,2026-06-22,completed,medium,12.6,11.0,59.2,false,0,medium,design
TASK03867,EMP071,PRJ009,2026-02-05,2026-02-13,2026-02-18,completed,high,15.2,13.6,68.4,false,0,medium,enhancement
TASK03868,EMP071,PRJ009,2026-05-14,2026-05-17,,in_progress,high,2.7,3.3,,,,low,testing
TASK03869,EMP071,PRJ009,2026-05-21,2026-05-25,2026-05-23,completed,medium,6.4,8.5,77.9,false,0,low,testing
TASK03870,EMP071,PRJ009,2026-05-19,2026-05-21,,overdue,medium,5.0,6.3,,,,low,maintenance
TASK03871,EMP071,PRJ009,2026-01-11,2026-01-14,2026-01-15,completed,urgent,6.7,7.3,62.9,false,0,low,enhancement
TASK03872,EMP071,PRJ009,2026-05-17,2026-05-22,2026-05-29,completed,high,6.8,6.1,74.2,false,0,low,documentation
TASK03873,EMP071,PRJ009,2026-04-24,2026-04-30,2026-05-03,completed,high,8.5,10.7,63.2,false,0,medium,research
TASK03874,EMP071,PRJ009,2026-05-14,2026-05-24,2026-05-22,completed,high,19.6,18.9,80.0,false,0,medium,design
TASK03875,EMP071,PRJ009,2026-04-09,2026-04-12,2026-04-12,completed,urgent,6.5,9.2,74.2,false,0,low,testing
TASK03876,EMP071,PRJ009,2026-03-31,2026-04-10,2026-04-07,completed,low,8.0,9.5,75.1,false,0,medium,enhancement
TASK03877,EMP071,PRJ009,2026-02-04,2026-02-08,2026-02-07,completed,urgent,7.2,7.9,67.0,false,0,low,design
TASK03878,EMP071,PRJ009,2026-02-28,2026-03-04,2026-03-06,completed,medium,6.5,6.8,66.2,true,3,low,research
TASK03879,EMP071,PRJ009,2026-04-25,2026-05-10,,in_progress,low,38.0,50.2,,,,critical,design
TASK03880,EMP071,PRJ009,2026-05-21,2026-05-31,2026-05-23,completed,low,23.5,31.3,79.4,false,0,high,testing
TASK03881,EMP071,PRJ009,2026-02-08,2026-03-04,,in_progress,urgent,56.7,63.0,,,,critical,design
TASK03882,EMP071,PRJ009,2026-03-12,2026-03-16,2026-03-14,completed,medium,15.7,12.7,67.8,false,0,medium,enhancement
TASK03883,EMP071,PRJ009,2026-03-11,2026-03-19,2026-03-17,completed,high,16.6,23.2,64.0,false,0,medium,documentation
TASK03884,EMP071,PRJ009,2026-05-28,2026-06-01,2026-05-29,completed,high,7.4,8.0,83.2,false,0,low,design
TASK03885,EMP071,PRJ009,2026-01-05,2026-01-11,2026-01-06,completed,high,11.9,9.3,79.3,false,0,medium,enhancement
TASK03886,EMP071,PRJ009,2026-06-15,2026-06-18,,overdue,high,3.0,3.7,,,,low,bug_fix
TASK03887,EMP071,PRJ009,2026-02-10,2026-02-15,,overdue,medium,18.9,27.6,,,,medium,documentation
TASK03888,EMP071,PRJ009,2026-04-28,2026-05-14,2026-05-07,completed,medium,17.8,22.1,81.4,false,0,high,enhancement
TASK03889,EMP071,PRJ009,2026-05-03,2026-05-08,2026-05-08,completed,medium,9.2,11.9,72.4,false,0,medium,design
TASK03890,EMP071,PRJ009,2026-01-03,2026-01-18,,overdue,high,38.1,27.5,,,,high,design
TASK03891,EMP071,PRJ009,2026-03-15,2026-04-05,2026-03-30,completed,urgent,35.2,47.4,80.3,false,0,critical,deployment
TASK03892,EMP071,PRJ009,2026-05-27,2026-06-02,2026-05-30,completed,medium,12.3,15.1,65.8,false,0,medium,maintenance
TASK03893,EMP071,PRJ009,2026-04-21,2026-04-27,2026-04-23,completed,low,19.5,15.1,68.3,false,0,medium,design
TASK03894,EMP071,PRJ009,2026-05-11,2026-05-28,2026-05-22,completed,medium,16.4,24.2,65.5,false,0,high,design
TASK03895,EMP071,PRJ009,2026-06-02,2026-06-11,2026-06-05,completed,high,13.9,13.3,78.2,false,0,medium,review
TASK03896,EMP071,PRJ009,2026-06-13,2026-06-17,2026-06-15,completed,medium,16.8,21.5,68.1,false,0,medium,bug_fix
TASK03897,EMP071,PRJ009,2026-03-21,2026-03-26,,in_progress,medium,11.3,10.7,,,,medium,documentation
TASK03898,EMP071,PRJ009,2026-02-22,2026-03-02,2026-03-06,completed,low,24.0,24.6,73.1,false,0,high,enhancement
TASK03899,EMP071,PRJ009,2026-02-07,2026-02-27,2026-02-13,completed,low,32.8,23.8,60.8,false,0,high,bug_fix
TASK03900,EMP071,PRJ009,2026-01-15,2026-01-21,,in_progress,low,10.0,13.2,,,,medium,feature
TASK03901,EMP071,PRJ009,2026-03-06,2026-03-09,2026-03-07,completed,low,3.9,4.7,80.5,false,0,low,feature
TASK03902,EMP071,PRJ009,2026-03-04,2026-03-24,2026-03-06,completed,medium,39.7,47.8,73.2,false,0,high,review
TASK03903,EMP071,PRJ009,2026-02-27,2026-03-03,2026-02-27,completed,medium,5.8,8.3,77.6,false,0,low,design
TASK03904,EMP071,PRJ009,2026-04-13,2026-05-01,,in_progress,medium,38.8,55.6,,,,high,deployment
TASK03905,EMP071,PRJ009,2026-04-14,2026-04-19,2026-04-20,completed,high,6.7,6.1,73.3,false,0,low,bug_fix
TASK03906,EMP071,PRJ009,2026-05-25,2026-05-31,2026-05-29,completed,medium,9.2,12.6,74.2,false,0,medium,review
TASK03907,EMP071,PRJ009,2026-02-22,2026-02-27,2026-02-26,completed,low,7.9,6.5,75.1,false,0,low,enhancement
TASK03908,EMP071,PRJ009,2026-03-26,2026-04-04,2026-04-10,completed,medium,14.4,10.9,79.3,false,0,medium,design
TASK03909,EMP071,PRJ009,2026-02-15,2026-03-08,2026-02-19,completed,medium,27.0,21.9,75.7,false,0,high,design
TASK03910,EMP071,PRJ009,2026-03-06,2026-03-25,,in_progress,low,24.3,19.3,,,,high,design
TASK03911,EMP071,PRJ009,2026-06-03,2026-06-07,2026-06-03,completed,high,13.1,11.2,82.8,false,0,medium,review
TASK03912,EMP071,PRJ009,2026-03-09,2026-03-11,2026-03-09,completed,urgent,3.5,3.2,61.6,false,0,low,review
TASK03913,EMP071,PRJ009,2026-05-16,2026-05-18,2026-05-16,completed,high,7.6,6.2,67.0,false,0,low,design
TASK03914,EMP071,PRJ009,2026-02-22,2026-03-06,2026-03-02,completed,medium,37.2,32.7,74.1,false,0,high,feature
TASK03915,EMP071,PRJ009,2026-06-04,2026-06-12,2026-06-08,completed,high,9.4,11.3,86.9,false,0,medium,testing
TASK03916,EMP071,PRJ009,2026-04-17,2026-04-27,2026-04-18,completed,medium,15.1,13.3,71.2,true,2,medium,bug_fix
TASK03917,EMP071,PRJ009,2026-01-15,2026-01-25,,in_progress,medium,29.2,25.4,,,,high,bug_fix
TASK03918,EMP071,PRJ009,2026-04-27,2026-05-02,,in_progress,low,6.1,5.6,,,,low,review
TASK03919,EMP071,PRJ009,2026-05-14,2026-05-17,2026-05-22,completed,medium,5.2,5.1,70.3,false,0,low,testing
TASK03920,EMP071,PRJ009,2026-03-06,2026-03-16,2026-03-18,completed,low,27.6,21.9,63.4,false,0,high,enhancement
TASK03921,EMP071,PRJ009,2026-03-18,2026-03-22,2026-03-25,completed,medium,17.5,18.7,61.2,false,0,medium,documentation
TASK03922,EMP071,PRJ009,2026-02-22,2026-03-01,2026-02-23,completed,low,16.6,21.9,71.6,false,0,medium,review
TASK03923,EMP071,PRJ009,2026-03-22,2026-03-24,2026-03-24,completed,medium,6.3,9.0,68.8,false,0,low,testing
TASK03924,EMP071,PRJ009,2026-02-14,2026-02-16,2026-02-19,completed,medium,4.7,6.6,78.3,false,0,low,testing
TASK03925,EMP071,PRJ009,2026-01-18,2026-02-16,,in_progress,high,49.8,35.0,,,,critical,feature
TASK03926,EMP072,PRJ010,2026-03-01,2026-03-09,,overdue,high,21.1,23.0,,,,high,maintenance
TASK03927,EMP072,PRJ010,2026-01-21,2026-01-25,2026-01-23,completed,urgent,4.4,3.8,98.7,false,0,low,bug_fix
TASK03928,EMP072,PRJ010,2026-05-01,2026-05-22,2026-05-19,completed,low,28.0,23.3,92.5,false,0,high,feature
TASK03929,EMP072,PRJ010,2026-03-08,2026-03-12,2026-03-08,completed,high,5.6,6.7,81.3,false,0,low,testing
TASK03930,EMP072,PRJ010,2026-03-12,2026-03-17,2026-03-15,completed,urgent,18.3,24.0,93.9,false,0,medium,review
TASK03931,EMP072,PRJ010,2026-01-19,2026-01-21,2026-01-19,completed,medium,4.7,3.9,88.0,false,0,low,design
TASK03932,EMP072,PRJ010,2026-04-02,2026-04-23,2026-04-10,completed,low,18.9,25.4,96.4,false,0,high,enhancement
TASK03933,EMP072,PRJ010,2026-05-01,2026-05-11,2026-05-05,completed,urgent,16.6,20.0,86.5,false,0,high,feature
TASK03934,EMP072,PRJ010,2026-05-28,2026-06-18,2026-06-14,completed,medium,32.2,27.9,84.8,false,0,high,maintenance
TASK03935,EMP072,PRJ010,2026-02-01,2026-02-08,2026-02-05,completed,medium,6.3,4.5,92.8,false,0,medium,review
TASK03936,EMP072,PRJ010,2026-03-28,2026-04-03,2026-03-29,completed,medium,7.5,9.9,93.5,false,0,medium,design
TASK03937,EMP072,PRJ010,2026-02-02,2026-02-11,2026-02-04,completed,high,32.7,48.5,88.6,false,0,high,maintenance
TASK03938,EMP072,PRJ010,2026-04-29,2026-05-12,2026-05-10,completed,medium,22.1,20.1,92.8,false,0,high,design
TASK03939,EMP072,PRJ010,2026-03-20,2026-03-31,2026-03-21,completed,high,35.2,46.4,92.9,false,0,high,research
TASK03940,EMP072,PRJ010,2026-05-27,2026-06-06,2026-06-03,completed,medium,9.7,10.0,86.9,false,0,medium,testing
TASK03941,EMP072,PRJ010,2026-01-04,2026-01-13,,overdue,medium,16.2,23.5,,,,medium,review
TASK03942,EMP072,PRJ010,2026-01-12,2026-01-14,2026-01-12,completed,high,5.4,7.3,83.3,false,0,low,documentation
TASK03943,EMP072,PRJ010,2026-03-19,2026-03-21,2026-03-20,completed,medium,2.4,3.5,96.9,false,0,low,bug_fix
TASK03944,EMP072,PRJ010,2026-03-24,2026-03-30,2026-03-30,completed,medium,19.0,26.4,97.4,false,0,medium,enhancement
TASK03945,EMP072,PRJ010,2026-01-17,2026-01-21,2026-01-19,completed,high,7.8,9.2,94.7,false,0,medium,enhancement
TASK03946,EMP072,PRJ010,2026-04-30,2026-05-05,2026-05-03,completed,medium,11.0,13.8,89.6,false,0,medium,deployment
TASK03947,EMP072,PRJ010,2026-03-10,2026-03-15,2026-03-12,completed,high,7.7,7.5,86.9,false,0,low,documentation
TASK03948,EMP072,PRJ010,2026-06-19,2026-06-23,2026-06-20,completed,urgent,2.3,1.7,86.8,false,0,low,enhancement
TASK03949,EMP072,PRJ010,2026-06-03,2026-06-13,2026-06-12,completed,low,14.0,14.3,92.4,false,0,medium,deployment
TASK03950,EMP072,PRJ010,2026-04-06,2026-04-10,2026-04-07,completed,low,9.1,12.2,90.9,false,0,medium,design
TASK03951,EMP072,PRJ010,2026-01-09,2026-01-19,2026-01-22,completed,low,16.5,24.7,83.4,false,0,medium,research
TASK03952,EMP072,PRJ010,2026-04-02,2026-04-09,2026-04-09,completed,medium,14.2,12.5,91.3,false,0,medium,maintenance
TASK03953,EMP072,PRJ010,2026-06-14,2026-06-19,2026-06-16,completed,medium,7.5,6.7,92.1,false,0,low,maintenance
TASK03954,EMP072,PRJ010,2026-06-22,2026-06-27,2026-06-23,completed,low,12.2,11.8,93.9,false,0,medium,research
TASK03955,EMP072,PRJ010,2026-02-03,2026-02-06,2026-02-04,completed,low,2.3,1.9,88.9,false,0,low,design
TASK03956,EMP072,PRJ010,2026-05-12,2026-05-23,2026-05-23,completed,medium,39.7,38.1,83.9,false,0,high,documentation
TASK03957,EMP072,PRJ010,2026-06-01,2026-06-07,2026-06-04,completed,low,15.9,13.8,92.6,false,0,medium,documentation
TASK03958,EMP072,PRJ010,2026-03-21,2026-03-31,2026-03-24,completed,medium,16.7,17.9,89.8,false,0,high,enhancement
TASK03959,EMP072,PRJ010,2026-02-13,2026-02-26,2026-02-26,completed,medium,31.1,34.5,98.9,false,0,high,feature
TASK03960,EMP072,PRJ010,2026-02-12,2026-02-17,2026-02-19,completed,low,4.7,4.9,89.8,false,0,low,testing
TASK03961,EMP072,PRJ010,2026-05-29,2026-06-05,2026-06-05,completed,urgent,7.9,6.9,89.8,false,0,medium,enhancement
TASK03962,EMP072,PRJ010,2026-02-21,2026-02-24,2026-02-24,completed,medium,6.4,7.6,82.7,false,0,low,design
TASK03963,EMP072,PRJ010,2026-02-22,2026-03-01,2026-02-23,completed,low,6.9,6.6,97.9,false,0,medium,deployment
TASK03964,EMP072,PRJ010,2026-06-05,2026-06-15,2026-06-08,completed,high,8.7,11.1,90.5,false,0,medium,deployment
TASK03965,EMP072,PRJ010,2026-01-29,2026-02-20,2026-02-07,completed,urgent,36.8,33.3,88.1,false,0,critical,design
TASK03966,EMP072,PRJ010,2026-01-23,2026-02-21,2026-02-11,completed,low,46.1,58.6,88.1,false,0,critical,enhancement
TASK03967,EMP072,PRJ010,2026-04-15,2026-04-23,2026-04-22,completed,high,8.5,9.6,93.2,false,0,medium,documentation
TASK03968,EMP072,PRJ010,2026-03-19,2026-03-22,2026-03-22,completed,medium,5.9,4.2,94.6,false,0,low,testing
TASK03969,EMP072,PRJ010,2026-03-08,2026-03-11,2026-03-11,completed,medium,7.6,6.6,82.7,false,0,low,research
TASK03970,EMP072,PRJ010,2026-04-16,2026-04-23,2026-04-20,completed,urgent,17.2,23.3,85.7,false,0,medium,documentation
TASK03971,EMP072,PRJ010,2026-04-22,2026-04-28,2026-05-03,completed,medium,17.0,17.8,83.4,false,0,medium,bug_fix
TASK03972,EMP073,PRJ010,2026-03-05,2026-03-24,2026-03-16,completed,high,34.8,30.2,79.0,false,0,critical,testing
TASK03973,EMP073,PRJ010,2026-06-02,2026-06-23,2026-06-26,completed,medium,32.1,42.4,82.6,false,0,high,review
TASK03974,EMP073,PRJ010,2026-05-25,2026-06-11,2026-06-05,completed,high,26.1,20.7,92.0,false,0,high,review
TASK03975,EMP073,PRJ010,2026-05-12,2026-05-22,2026-05-13,completed,high,12.8,9.3,88.7,false,0,medium,enhancement
TASK03976,EMP073,PRJ010,2026-05-22,2026-06-16,2026-06-07,completed,high,30.1,35.4,81.0,false,0,critical,deployment
TASK03977,EMP073,PRJ010,2026-05-31,2026-06-05,2026-06-03,completed,urgent,16.3,20.4,77.5,false,0,medium,bug_fix
TASK03978,EMP073,PRJ010,2026-04-15,2026-05-04,2026-05-01,completed,high,33.7,28.0,85.2,false,0,high,feature
TASK03979,EMP073,PRJ010,2026-02-07,2026-02-11,2026-02-12,completed,medium,13.1,10.2,76.7,false,0,medium,design
TASK03980,EMP073,PRJ010,2026-04-16,2026-04-25,2026-04-17,completed,medium,15.3,19.9,85.5,false,0,medium,testing
TASK03981,EMP073,PRJ010,2026-02-16,2026-02-21,2026-02-16,completed,medium,8.9,9.7,84.3,false,0,medium,feature
TASK03982,EMP073,PRJ010,2026-03-29,2026-04-06,2026-04-02,completed,urgent,12.3,10.7,73.5,false,0,medium,maintenance
TASK03983,EMP073,PRJ010,2026-03-19,2026-03-27,,in_progress,high,13.9,17.1,,,,medium,bug_fix
TASK03984,EMP073,PRJ010,2026-03-11,2026-03-13,2026-03-11,completed,medium,7.0,9.4,89.0,true,2,low,research
TASK03985,EMP073,PRJ010,2026-02-10,2026-02-15,,overdue,high,9.4,11.1,,,,medium,deployment
TASK03986,EMP073,PRJ010,2026-04-29,2026-05-06,2026-04-30,completed,high,19.0,19.3,86.9,true,2,medium,enhancement
TASK03987,EMP073,PRJ010,2026-02-23,2026-03-04,2026-02-25,completed,high,19.5,16.1,76.3,false,0,medium,deployment
TASK03988,EMP073,PRJ010,2026-05-02,2026-05-20,2026-05-27,completed,low,37.8,45.7,88.2,false,0,high,enhancement
TASK03989,EMP073,PRJ010,2026-03-08,2026-03-11,2026-03-10,completed,high,7.2,7.8,92.9,false,0,low,bug_fix
TASK03990,EMP073,PRJ010,2026-05-22,2026-06-12,2026-05-27,completed,medium,22.2,18.9,78.4,false,0,high,design
TASK03991,EMP073,PRJ010,2026-01-14,2026-02-03,2026-02-03,completed,high,31.3,27.2,73.2,false,0,critical,review
TASK03992,EMP073,PRJ010,2026-06-05,2026-06-10,2026-06-06,completed,urgent,2.1,2.0,79.1,true,3,low,documentation
TASK03993,EMP073,PRJ010,2026-04-08,2026-04-10,,in_progress,high,2.7,2.8,,,,low,design
TASK03994,EMP073,PRJ010,2026-03-12,2026-03-14,2026-03-14,completed,low,7.4,6.7,82.8,false,0,low,design
TASK03995,EMP073,PRJ010,2026-03-19,2026-03-23,2026-03-23,completed,high,6.6,8.2,73.8,false,0,low,review
TASK03996,EMP073,PRJ010,2026-04-06,2026-04-10,2026-04-09,completed,medium,2.9,3.6,77.5,false,0,low,deployment
TASK03997,EMP073,PRJ010,2026-04-29,2026-05-03,,overdue,high,3.9,3.7,,,,low,review
TASK03998,EMP073,PRJ010,2026-03-11,2026-03-15,,overdue,low,12.4,13.5,,,,medium,research
TASK03999,EMP073,PRJ010,2026-06-12,2026-06-22,2026-06-16,completed,low,9.4,12.4,87.8,false,0,medium,feature
TASK04000,EMP073,PRJ010,2026-04-20,2026-04-29,2026-04-23,completed,medium,12.1,15.0,80.0,false,0,medium,documentation
TASK04001,EMP073,PRJ010,2026-04-04,2026-04-07,2026-04-05,completed,high,4.3,3.2,82.9,false,0,low,maintenance
TASK04002,EMP073,PRJ010,2026-05-25,2026-05-31,,in_progress,high,17.6,14.8,,,,medium,documentation
TASK04003,EMP073,PRJ010,2026-06-02,2026-06-07,,overdue,medium,3.2,2.7,,,,low,design
TASK04004,EMP073,PRJ010,2026-02-06,2026-02-13,2026-02-08,completed,high,20.7,29.3,79.3,false,0,high,enhancement
TASK04005,EMP073,PRJ010,2026-01-25,2026-02-06,,overdue,high,16.8,15.4,,,,high,research
TASK04006,EMP073,PRJ010,2026-05-30,2026-06-24,2026-06-18,completed,medium,49.6,49.9,94.8,false,0,critical,enhancement
TASK04007,EMP073,PRJ010,2026-03-19,2026-03-28,2026-03-26,completed,high,15.0,10.7,81.3,false,0,medium,design
TASK04008,EMP073,PRJ010,2026-05-15,2026-05-17,2026-05-17,completed,medium,4.1,3.3,73.7,false,0,low,bug_fix
TASK04009,EMP073,PRJ010,2026-05-04,2026-05-12,,overdue,low,10.6,13.0,,,,medium,design
TASK04010,EMP073,PRJ010,2026-03-10,2026-03-14,2026-03-10,completed,medium,7.9,10.2,94.5,false,0,low,testing
TASK04011,EMP073,PRJ010,2026-03-27,2026-04-02,2026-03-29,completed,high,6.9,7.5,81.3,false,0,medium,design
TASK04012,EMP073,PRJ010,2026-02-27,2026-03-04,2026-03-02,completed,low,2.7,2.0,83.0,false,0,low,testing
TASK04013,EMP073,PRJ010,2026-06-15,2026-06-24,2026-06-20,completed,low,17.1,20.3,80.6,false,0,medium,design
TASK04014,EMP073,PRJ010,2026-01-12,2026-01-21,2026-01-15,completed,high,16.9,13.0,73.7,false,0,medium,design
TASK04015,EMP073,PRJ010,2026-02-28,2026-03-07,,overdue,high,17.2,24.8,,,,high,testing
TASK04016,EMP073,PRJ010,2026-02-25,2026-03-02,2026-02-27,completed,high,12.4,9.3,79.0,false,0,medium,enhancement
TASK04017,EMP074,PRJ010,2026-02-09,2026-02-13,2026-02-12,completed,low,17.3,25.2,83.7,false,0,medium,documentation
TASK04018,EMP074,PRJ010,2026-05-26,2026-06-03,2026-06-01,completed,medium,14.2,10.9,84.4,false,0,medium,research
TASK04019,EMP074,PRJ010,2026-01-13,2026-01-25,,in_progress,low,32.4,43.1,,,,high,feature
TASK04020,EMP074,PRJ010,2026-01-12,2026-01-24,2026-01-17,completed,high,34.1,29.2,67.7,false,0,high,design
TASK04021,EMP074,PRJ010,2026-03-30,2026-04-01,,overdue,urgent,6.8,7.1,,,,low,review
TASK04022,EMP074,PRJ010,2026-01-01,2026-01-22,2026-01-23,completed,high,40.4,46.1,78.9,false,0,critical,deployment
TASK04023,EMP074,PRJ010,2026-01-08,2026-01-16,2026-01-17,completed,urgent,14.6,19.1,78.6,false,0,medium,review
TASK04024,EMP074,PRJ010,2026-01-04,2026-01-10,2026-01-04,completed,medium,11.1,10.8,76.4,false,0,medium,enhancement
TASK04025,EMP074,PRJ010,2026-06-14,2026-07-03,2026-06-28,completed,high,24.2,33.1,74.1,false,0,high,testing
TASK04026,EMP074,PRJ010,2026-02-07,2026-02-12,2026-02-19,completed,high,2.8,3.0,78.5,false,0,low,deployment
TASK04027,EMP074,PRJ010,2026-03-15,2026-03-20,2026-03-19,completed,medium,3.0,3.4,72.2,false,0,low,documentation
TASK04028,EMP074,PRJ010,2026-02-24,2026-03-02,2026-02-28,completed,high,7.3,10.6,74.6,false,0,medium,bug_fix
TASK04029,EMP074,PRJ010,2026-01-16,2026-01-19,2026-01-19,completed,low,6.4,9.1,73.9,false,0,low,bug_fix
TASK04030,EMP074,PRJ010,2026-02-26,2026-03-02,2026-02-27,completed,high,4.0,4.6,72.9,false,0,low,documentation
TASK04031,EMP074,PRJ010,2026-05-02,2026-05-06,2026-05-08,completed,high,2.8,2.1,72.7,false,0,low,deployment
TASK04032,EMP074,PRJ010,2026-05-22,2026-05-26,2026-05-25,completed,high,12.8,16.3,63.8,false,0,medium,maintenance
TASK04033,EMP074,PRJ010,2026-04-22,2026-05-13,,overdue,medium,29.8,26.6,,,,high,maintenance
TASK04034,EMP074,PRJ010,2026-06-13,2026-06-16,2026-06-22,completed,low,4.4,4.3,67.8,true,1,low,research
TASK04035,EMP074,PRJ010,2026-04-20,2026-04-28,2026-04-23,completed,high,25.4,23.9,71.9,false,0,high,design
TASK04036,EMP074,PRJ010,2026-02-20,2026-02-23,2026-03-01,completed,medium,2.1,3.2,62.9,true,2,low,design
TASK04037,EMP074,PRJ010,2026-03-27,2026-04-17,2026-04-17,completed,high,38.2,27.0,78.3,false,0,high,documentation
TASK04038,EMP074,PRJ010,2026-01-25,2026-02-01,,in_progress,medium,16.9,15.8,,,,medium,bug_fix
TASK04039,EMP074,PRJ010,2026-04-06,2026-04-16,2026-04-22,completed,medium,16.3,12.5,79.2,false,0,medium,deployment
TASK04040,EMP074,PRJ010,2026-02-19,2026-02-23,,in_progress,high,12.4,11.3,,,,medium,documentation
TASK04041,EMP074,PRJ010,2026-06-22,2026-07-13,2026-07-20,completed,medium,38.7,50.1,69.1,true,1,critical,design
TASK04042,EMP074,PRJ010,2026-06-16,2026-06-26,,in_progress,low,16.2,16.4,,,,medium,design
TASK04043,EMP074,PRJ010,2026-01-31,2026-02-03,2026-02-05,completed,low,4.1,6.0,79.5,true,1,low,deployment
TASK04044,EMP074,PRJ010,2026-01-26,2026-02-11,2026-02-07,completed,medium,33.9,26.7,69.4,false,0,critical,deployment
TASK04045,EMP074,PRJ010,2026-03-03,2026-03-11,2026-03-15,completed,high,13.0,13.3,69.2,false,0,medium,maintenance
TASK04046,EMP074,PRJ010,2026-02-01,2026-02-10,2026-02-03,completed,high,8.7,8.8,71.6,false,0,medium,enhancement
TASK04047,EMP074,PRJ010,2026-03-02,2026-03-13,,in_progress,urgent,28.6,33.1,,,,high,feature
TASK04048,EMP074,PRJ010,2026-02-03,2026-02-09,2026-02-07,completed,high,17.6,15.5,76.2,false,0,medium,documentation
TASK04049,EMP074,PRJ010,2026-03-12,2026-04-01,2026-04-03,completed,medium,34.9,24.6,67.0,false,0,critical,deployment
TASK04050,EMP074,PRJ010,2026-02-27,2026-03-08,,in_progress,medium,9.1,9.4,,,,medium,enhancement
TASK04051,EMP074,PRJ010,2026-01-05,2026-01-14,2026-01-06,completed,medium,19.3,13.6,70.4,false,0,medium,research
TASK04052,EMP074,PRJ010,2026-02-09,2026-02-22,,overdue,medium,36.1,53.7,,,,high,review
TASK04053,EMP074,PRJ010,2026-05-07,2026-05-12,2026-05-12,completed,low,4.9,5.1,69.2,false,0,low,documentation
TASK04054,EMP074,PRJ010,2026-02-05,2026-02-10,,overdue,urgent,10.3,15.0,,,,medium,testing
TASK04055,EMP074,PRJ010,2026-03-17,2026-03-20,2026-03-17,completed,medium,5.7,4.6,75.3,false,0,low,maintenance
TASK04056,EMP074,PRJ010,2026-02-09,2026-02-18,2026-02-13,completed,medium,16.0,13.6,67.0,false,0,medium,maintenance
TASK04057,EMP074,PRJ010,2026-05-29,2026-06-04,2026-05-29,completed,medium,14.8,22.1,67.2,false,0,medium,testing
TASK04058,EMP074,PRJ010,2026-03-03,2026-03-13,,overdue,medium,30.1,36.6,,,,high,review
TASK04059,EMP074,PRJ010,2026-03-06,2026-03-08,2026-03-08,completed,urgent,2.9,3.3,70.7,false,0,low,deployment
TASK04060,EMP074,PRJ010,2026-01-31,2026-02-02,2026-02-01,completed,high,2.7,4.0,65.9,false,0,low,review
TASK04061,EMP074,PRJ010,2026-03-27,2026-03-31,2026-03-27,completed,medium,8.0,6.2,76.8,false,0,low,review
TASK04062,EMP074,PRJ010,2026-03-09,2026-03-18,2026-03-17,completed,medium,6.4,8.5,74.1,true,3,medium,testing
TASK04063,EMP074,PRJ010,2026-04-29,2026-05-07,2026-05-05,completed,high,8.7,12.1,60.6,true,1,medium,enhancement
TASK04064,EMP074,PRJ010,2026-04-09,2026-04-13,2026-04-09,completed,high,3.7,5.2,74.4,false,0,low,review
TASK04065,EMP075,PRJ011,2026-04-17,2026-05-04,,overdue,low,37.1,37.7,,,,high,enhancement
TASK04066,EMP075,PRJ011,2026-01-09,2026-01-18,2026-01-18,completed,high,10.7,7.6,68.0,true,2,medium,research
TASK04067,EMP075,PRJ011,2026-03-31,2026-04-29,2026-04-08,completed,urgent,37.4,51.9,84.2,false,0,critical,maintenance
TASK04068,EMP075,PRJ011,2026-01-14,2026-01-27,,in_progress,high,28.8,31.3,,,,high,research
TASK04069,EMP075,PRJ011,2026-02-13,2026-02-17,2026-02-14,completed,low,6.3,5.0,72.2,false,0,low,review
TASK04070,EMP075,PRJ011,2026-04-08,2026-04-10,2026-04-09,completed,medium,3.9,4.5,72.5,false,0,low,deployment
TASK04071,EMP075,PRJ011,2026-03-20,2026-03-24,2026-03-22,completed,medium,7.3,9.3,80.5,false,0,medium,bug_fix
TASK04072,EMP075,PRJ011,2026-04-11,2026-04-13,2026-04-11,completed,urgent,6.1,7.0,73.9,false,0,low,design
TASK04073,EMP075,PRJ011,2026-02-20,2026-02-22,2026-02-27,completed,high,6.4,8.5,62.2,false,0,low,maintenance
TASK04074,EMP075,PRJ011,2026-03-18,2026-03-23,,in_progress,low,10.9,14.5,,,,medium,enhancement
TASK04075,EMP075,PRJ011,2026-03-23,2026-03-27,2026-03-26,completed,medium,3.7,5.5,74.3,false,0,low,design
TASK04076,EMP075,PRJ011,2026-01-05,2026-01-09,2026-01-08,completed,high,13.3,15.4,72.3,false,0,medium,review
TASK04077,EMP075,PRJ011,2026-02-11,2026-02-16,2026-02-14,completed,high,8.1,7.2,78.1,false,0,medium,review
TASK04078,EMP075,PRJ011,2026-02-19,2026-03-01,2026-02-22,completed,low,9.1,8.3,76.3,false,0,medium,enhancement
TASK04079,EMP075,PRJ011,2026-05-27,2026-05-31,2026-05-30,completed,low,3.8,4.0,72.8,false,0,low,research
TASK04080,EMP075,PRJ011,2026-02-21,2026-02-25,,in_progress,medium,5.2,6.7,,,,low,testing
TASK04081,EMP075,PRJ011,2026-01-28,2026-02-06,2026-02-08,completed,medium,18.7,19.5,72.6,false,0,medium,enhancement
TASK04082,EMP075,PRJ011,2026-06-05,2026-06-13,2026-06-10,completed,low,6.3,5.0,64.5,false,0,medium,review
TASK04083,EMP075,PRJ011,2026-03-15,2026-03-17,2026-03-23,completed,medium,3.8,4.9,76.1,false,0,low,testing
TASK04084,EMP075,PRJ011,2026-02-27,2026-03-01,,overdue,medium,4.2,4.6,,,,low,testing
TASK04085,EMP075,PRJ011,2026-05-18,2026-05-28,2026-05-24,completed,high,10.9,13.9,74.5,false,0,medium,review
TASK04086,EMP075,PRJ011,2026-06-04,2026-06-19,2026-06-24,completed,medium,46.7,66.7,61.4,false,0,critical,review
TASK04087,EMP075,PRJ011,2026-03-10,2026-04-06,,overdue,medium,44.6,55.6,,,,critical,research
TASK04088,EMP075,PRJ011,2026-03-11,2026-03-17,,in_progress,medium,19.8,25.5,,,,medium,research
TASK04089,EMP075,PRJ011,2026-02-14,2026-03-05,2026-02-28,completed,medium,29.8,23.4,65.7,false,0,high,review
TASK04090,EMP075,PRJ011,2026-04-23,2026-04-28,2026-05-04,completed,high,5.9,5.8,67.5,false,0,low,review
TASK04091,EMP075,PRJ011,2026-04-04,2026-04-09,,in_progress,low,3.8,3.6,,,,low,maintenance
TASK04092,EMP075,PRJ011,2026-04-14,2026-04-19,,in_progress,medium,2.3,3.2,,,,low,research
TASK04093,EMP075,PRJ011,2026-06-14,2026-07-02,2026-06-19,completed,medium,23.5,26.8,68.6,false,0,high,documentation
TASK04094,EMP075,PRJ011,2026-03-12,2026-03-17,2026-03-16,completed,medium,5.6,6.2,68.9,false,0,low,bug_fix
TASK04095,EMP075,PRJ011,2026-01-31,2026-02-04,2026-02-04,completed,urgent,8.4,11.1,78.7,false,0,medium,review
TASK04096,EMP075,PRJ011,2026-02-15,2026-02-17,2026-02-22,completed,high,3.8,5.6,77.8,false,0,low,maintenance
TASK04097,EMP075,PRJ011,2026-02-17,2026-02-27,2026-03-04,completed,medium,9.6,7.0,67.5,false,0,medium,review
TASK04098,EMP075,PRJ011,2026-03-27,2026-04-05,2026-04-01,completed,high,14.6,13.5,65.7,true,2,medium,feature
TASK04099,EMP075,PRJ011,2026-05-06,2026-05-14,2026-05-11,completed,medium,13.7,18.3,61.0,false,0,medium,review
TASK04100,EMP075,PRJ011,2026-05-12,2026-05-19,2026-05-21,completed,medium,20.0,20.1,79.1,false,0,medium,documentation
TASK04101,EMP075,PRJ011,2026-04-22,2026-04-26,2026-05-03,completed,medium,5.7,8.5,79.1,false,0,low,deployment
TASK04102,EMP075,PRJ011,2026-03-22,2026-03-26,2026-03-30,completed,medium,9.8,10.5,64.4,true,1,medium,bug_fix
TASK04103,EMP075,PRJ011,2026-05-10,2026-05-20,2026-05-11,completed,low,9.5,12.1,77.6,false,0,medium,review
TASK04104,EMP075,PRJ011,2026-02-17,2026-02-26,2026-02-24,completed,medium,17.0,18.6,85.2,false,0,high,testing
TASK04105,EMP075,PRJ011,2026-02-18,2026-03-09,2026-03-15,completed,urgent,51.3,75.5,80.4,false,0,critical,deployment
TASK04106,EMP075,PRJ011,2026-04-05,2026-04-09,2026-04-10,completed,high,6.5,4.8,71.6,false,0,low,feature
TASK04107,EMP075,PRJ011,2026-05-24,2026-06-12,2026-05-29,completed,urgent,21.9,17.1,75.0,false,0,high,deployment
TASK04108,EMP075,PRJ011,2026-04-18,2026-04-27,2026-04-22,completed,urgent,19.9,14.8,80.4,false,0,medium,research
TASK04109,EMP075,PRJ011,2026-03-31,2026-04-05,,in_progress,low,11.6,13.5,,,,medium,maintenance
TASK04110,EMP075,PRJ011,2026-04-02,2026-04-05,2026-04-12,completed,medium,4.3,3.3,73.8,false,0,low,documentation
TASK04111,EMP075,PRJ011,2026-06-08,2026-06-12,2026-06-11,completed,low,8.4,6.2,72.1,false,0,medium,enhancement
TASK04112,EMP075,PRJ011,2026-04-09,2026-04-11,,in_progress,medium,4.4,3.5,,,,low,enhancement
TASK04113,EMP075,PRJ011,2026-03-09,2026-03-29,2026-03-14,completed,urgent,49.7,74.3,64.3,true,1,critical,design
TASK04114,EMP075,PRJ011,2026-01-31,2026-02-08,2026-02-11,completed,high,16.6,21.9,81.2,false,0,high,maintenance
TASK04115,EMP076,PRJ011,2026-06-17,2026-06-22,,overdue,high,16.0,14.8,,,,medium,maintenance
TASK04116,EMP076,PRJ011,2026-03-15,2026-03-17,2026-03-16,completed,low,3.1,2.5,66.5,false,0,low,enhancement
TASK04117,EMP076,PRJ011,2026-01-30,2026-02-07,2026-02-09,completed,medium,6.1,5.7,77.8,false,0,medium,testing
TASK04118,EMP076,PRJ011,2026-04-11,2026-04-19,2026-04-12,completed,low,17.8,22.1,82.5,false,0,high,feature
TASK04119,EMP076,PRJ011,2026-06-21,2026-07-01,,assigned,low,10.2,7.2,,,,medium,research
TASK04120,EMP076,PRJ011,2026-02-01,2026-02-11,2026-02-13,completed,low,16.4,20.1,82.7,false,0,medium,design
TASK04121,EMP076,PRJ011,2026-01-20,2026-01-23,,overdue,high,4.5,5.6,,,,low,enhancement
TASK04122,EMP076,PRJ011,2026-06-07,2026-06-23,2026-06-09,completed,high,39.6,53.3,72.0,false,0,high,design
TASK04123,EMP076,PRJ011,2026-01-08,2026-01-20,2026-01-11,completed,medium,16.3,24.1,65.3,false,0,high,deployment
TASK04124,EMP076,PRJ011,2026-04-28,2026-05-17,2026-05-24,completed,low,42.1,36.1,68.3,false,0,critical,research
TASK04125,EMP076,PRJ011,2026-01-11,2026-02-01,,overdue,low,18.3,19.2,,,,high,documentation
TASK04126,EMP076,PRJ011,2026-03-14,2026-03-20,,overdue,low,12.0,12.1,,,,medium,design
TASK04127,EMP076,PRJ011,2026-05-16,2026-05-26,2026-05-29,completed,medium,19.5,21.3,81.1,false,0,medium,maintenance
TASK04128,EMP076,PRJ011,2026-03-13,2026-03-21,,overdue,high,15.0,20.2,,,,medium,enhancement
TASK04129,EMP076,PRJ011,2026-05-20,2026-05-27,2026-05-28,completed,urgent,7.6,7.3,80.0,false,0,medium,deployment
TASK04130,EMP076,PRJ011,2026-04-27,2026-04-30,2026-04-27,completed,urgent,2.1,2.0,83.1,false,0,low,testing
TASK04131,EMP076,PRJ011,2026-04-11,2026-04-21,2026-04-12,completed,medium,17.3,15.5,72.8,true,3,medium,research
TASK04132,EMP076,PRJ011,2026-01-10,2026-01-17,,in_progress,medium,11.7,14.8,,,,medium,design
TASK04133,EMP076,PRJ011,2026-05-28,2026-06-12,2026-05-31,completed,high,32.5,46.7,65.0,false,0,high,documentation
TASK04134,EMP076,PRJ011,2026-02-27,2026-03-16,,overdue,medium,18.4,19.2,,,,high,research
TASK04135,EMP076,PRJ011,2026-03-24,2026-03-31,2026-03-28,completed,high,10.8,12.8,76.2,false,0,medium,maintenance
TASK04136,EMP076,PRJ011,2026-05-04,2026-05-16,2026-05-12,completed,low,32.7,38.5,77.9,false,0,high,testing
TASK04137,EMP076,PRJ011,2026-04-24,2026-05-01,2026-04-26,completed,urgent,18.1,16.8,61.6,false,0,medium,documentation
TASK04138,EMP076,PRJ011,2026-06-06,2026-06-23,,in_progress,high,39.4,39.5,,,,high,research
TASK04139,EMP076,PRJ011,2026-06-13,2026-06-18,2026-06-13,completed,high,9.4,12.6,66.0,false,0,medium,testing
TASK04140,EMP076,PRJ011,2026-02-18,2026-03-07,,overdue,high,28.0,35.3,,,,high,bug_fix
TASK04141,EMP076,PRJ011,2026-04-09,2026-04-23,2026-04-26,completed,medium,51.4,46.1,63.2,false,0,critical,research
TASK04142,EMP076,PRJ011,2026-03-23,2026-04-08,2026-04-08,completed,medium,35.6,27.7,71.0,false,0,high,enhancement
TASK04143,EMP076,PRJ011,2026-01-08,2026-01-18,,in_progress,low,12.1,17.9,,,,medium,testing
TASK04144,EMP076,PRJ011,2026-03-14,2026-03-20,,in_progress,medium,17.2,13.7,,,,medium,feature
TASK04145,EMP076,PRJ011,2026-05-17,2026-05-26,,overdue,high,7.4,9.3,,,,medium,research
TASK04146,EMP076,PRJ011,2026-04-05,2026-04-13,2026-04-10,completed,medium,13.9,12.6,64.5,false,0,medium,feature
TASK04147,EMP076,PRJ011,2026-05-26,2026-06-04,,in_progress,high,6.8,5.4,,,,medium,research
TASK04148,EMP076,PRJ011,2026-03-20,2026-03-24,,in_progress,medium,3.2,4.7,,,,low,feature
TASK04149,EMP076,PRJ011,2026-02-22,2026-02-28,2026-02-25,completed,high,18.2,24.2,65.3,false,0,medium,review
TASK04150,EMP076,PRJ011,2026-04-18,2026-05-15,2026-04-28,completed,urgent,38.7,29.3,73.4,false,0,critical,review
TASK04151,EMP076,PRJ011,2026-01-27,2026-01-31,2026-02-07,completed,high,17.2,20.2,61.6,false,0,medium,review
TASK04152,EMP076,PRJ011,2026-04-10,2026-04-14,2026-04-16,completed,medium,19.1,14.7,74.0,false,0,medium,review
TASK04153,EMP076,PRJ011,2026-01-25,2026-01-29,2026-01-26,completed,medium,10.3,8.8,61.4,false,0,medium,maintenance
TASK04154,EMP076,PRJ011,2026-05-16,2026-05-19,,in_progress,low,3.1,2.5,,,,low,enhancement
TASK04155,EMP076,PRJ011,2026-02-25,2026-03-01,2026-02-28,completed,high,7.8,7.6,66.7,false,0,low,testing
TASK04156,EMP076,PRJ011,2026-05-20,2026-05-22,2026-05-21,completed,medium,5.0,3.8,78.4,false,0,low,documentation
TASK04157,EMP076,PRJ011,2026-03-11,2026-03-14,2026-03-12,completed,medium,2.4,3.4,78.2,true,2,low,feature
TASK04158,EMP076,PRJ011,2026-05-19,2026-05-27,2026-05-24,completed,low,12.6,16.3,61.4,false,0,medium,enhancement
TASK04159,EMP076,PRJ011,2026-01-27,2026-02-01,2026-01-28,completed,low,11.1,13.7,70.6,true,3,medium,documentation
TASK04160,EMP076,PRJ011,2026-05-18,2026-06-07,2026-05-28,completed,high,20.3,21.9,73.2,false,0,high,research
TASK04161,EMP076,PRJ011,2026-01-18,2026-01-23,2026-01-21,completed,medium,6.3,8.8,68.8,false,0,medium,enhancement
TASK04162,EMP076,PRJ011,2026-04-23,2026-05-03,2026-04-29,completed,high,18.3,18.3,73.5,false,0,medium,feature
TASK04163,EMP076,PRJ011,2026-01-06,2026-01-14,2026-01-11,completed,high,18.4,20.5,76.5,false,0,high,feature
TASK04164,EMP076,PRJ011,2026-02-11,2026-02-14,,overdue,low,7.8,6.2,,,,low,feature
TASK04165,EMP076,PRJ011,2026-04-04,2026-04-06,,overdue,low,2.0,1.8,,,,low,testing
TASK04166,EMP076,PRJ011,2026-05-13,2026-05-17,2026-05-13,completed,high,7.6,8.1,68.8,false,0,medium,design
TASK04167,EMP076,PRJ011,2026-02-16,2026-03-02,,overdue,medium,23.5,19.9,,,,high,research
TASK04168,EMP076,PRJ011,2026-04-21,2026-04-30,2026-04-27,completed,high,13.6,16.3,86.2,true,2,medium,review
TASK04169,EMP076,PRJ011,2026-03-09,2026-03-23,,overdue,medium,51.5,59.0,,,,critical,testing
TASK04170,EMP076,PRJ011,2026-02-06,2026-02-16,2026-02-06,completed,medium,39.3,39.7,67.1,false,0,high,maintenance
TASK04171,EMP076,PRJ011,2026-04-12,2026-04-22,,overdue,medium,19.1,27.5,,,,medium,review
TASK04172,EMP076,PRJ011,2026-04-02,2026-04-07,,overdue,medium,3.7,5.3,,,,low,review
TASK04173,EMP076,PRJ011,2026-04-09,2026-04-12,2026-04-11,completed,urgent,5.7,7.2,69.4,false,0,low,design
TASK04174,EMP077,PRJ011,2026-03-03,2026-03-11,2026-03-06,completed,high,10.3,9.6,97.4,false,0,medium,enhancement
TASK04175,EMP077,PRJ011,2026-03-13,2026-04-10,2026-03-24,completed,low,55.1,53.4,88.1,false,0,critical,documentation
TASK04176,EMP077,PRJ011,2026-03-25,2026-04-02,2026-03-29,completed,medium,8.7,9.9,89.3,true,3,medium,testing
TASK04177,EMP077,PRJ011,2026-06-09,2026-06-17,2026-06-13,completed,high,12.6,12.6,86.8,false,0,medium,deployment
TASK04178,EMP077,PRJ011,2026-04-14,2026-04-19,,overdue,medium,13.1,19.6,,,,medium,testing
TASK04179,EMP077,PRJ011,2026-06-11,2026-06-18,2026-06-17,completed,medium,6.7,8.6,83.7,false,0,medium,testing
TASK04180,EMP077,PRJ011,2026-05-26,2026-05-29,2026-05-27,completed,medium,2.2,2.1,95.0,false,0,low,design
TASK04181,EMP077,PRJ011,2026-03-06,2026-03-16,2026-03-06,completed,urgent,12.5,11.5,89.3,false,0,medium,maintenance
TASK04182,EMP077,PRJ011,2026-01-14,2026-01-24,2026-01-21,completed,medium,11.5,10.1,89.5,false,0,medium,enhancement
TASK04183,EMP077,PRJ011,2026-01-10,2026-01-14,2026-01-14,completed,low,2.3,1.9,89.6,false,0,low,bug_fix
TASK04184,EMP077,PRJ011,2026-01-07,2026-01-31,2026-01-16,completed,low,53.8,66.2,93.9,false,0,critical,documentation
TASK04185,EMP077,PRJ011,2026-06-17,2026-06-22,2026-06-22,completed,medium,5.5,7.4,92.6,false,0,low,review
TASK04186,EMP077,PRJ011,2026-04-14,2026-04-20,2026-04-18,completed,medium,10.2,12.4,100,false,0,medium,documentation
TASK04187,EMP077,PRJ011,2026-02-21,2026-02-23,2026-02-22,completed,medium,5.3,5.6,88.9,false,0,low,feature
TASK04188,EMP077,PRJ011,2026-04-20,2026-04-24,2026-04-22,completed,high,6.7,8.2,90.0,true,1,low,deployment
TASK04189,EMP077,PRJ011,2026-05-03,2026-05-12,2026-05-11,completed,high,19.9,28.2,92.4,false,0,medium,review
TASK04190,EMP077,PRJ011,2026-06-16,2026-06-21,,overdue,high,9.5,8.7,,,,medium,review
TASK04191,EMP077,PRJ011,2026-04-23,2026-04-30,,in_progress,medium,16.4,22.9,,,,medium,design
TASK04192,EMP077,PRJ011,2026-04-26,2026-04-29,,in_progress,medium,7.5,6.2,,,,low,deployment
TASK04193,EMP077,PRJ011,2026-02-07,2026-02-09,2026-02-08,completed,medium,3.3,4.3,92.6,false,0,low,feature
TASK04194,EMP077,PRJ011,2026-04-17,2026-04-25,2026-04-17,completed,medium,6.3,6.4,85.9,false,0,medium,enhancement
TASK04195,EMP077,PRJ011,2026-02-12,2026-02-20,2026-02-13,completed,high,6.6,7.0,98.6,false,0,medium,research
TASK04196,EMP077,PRJ011,2026-05-18,2026-06-17,2026-05-18,completed,high,45.4,46.0,96.6,false,0,critical,documentation
TASK04197,EMP077,PRJ011,2026-04-28,2026-05-02,2026-04-29,completed,high,7.3,9.3,83.1,true,2,medium,review
TASK04198,EMP077,PRJ011,2026-05-22,2026-05-25,2026-05-23,completed,low,7.6,5.4,100,false,0,low,documentation
TASK04199,EMP077,PRJ011,2026-05-03,2026-05-14,2026-05-09,completed,high,27.9,39.3,81.3,false,0,high,design
TASK04200,EMP077,PRJ011,2026-01-05,2026-01-11,,overdue,urgent,13.0,12.6,,,,medium,enhancement
TASK04201,EMP077,PRJ011,2026-06-17,2026-06-27,2026-06-17,completed,high,19.7,24.7,86.8,false,0,high,design
TASK04202,EMP077,PRJ011,2026-05-30,2026-06-04,2026-06-02,completed,urgent,4.4,4.1,86.3,false,0,low,review
TASK04203,EMP077,PRJ011,2026-05-27,2026-05-31,2026-05-27,completed,urgent,4.9,3.5,88.4,false,0,low,feature
TASK04204,EMP077,PRJ011,2026-02-27,2026-03-08,2026-03-08,completed,medium,10.9,10.8,91.8,false,0,medium,documentation
TASK04205,EMP077,PRJ011,2026-04-10,2026-04-20,2026-04-17,completed,high,15.5,17.7,85.5,false,0,medium,documentation
TASK04206,EMP077,PRJ011,2026-03-11,2026-03-14,2026-03-11,completed,high,2.8,3.9,92.8,true,3,low,documentation
TASK04207,EMP077,PRJ011,2026-02-17,2026-02-26,2026-02-18,completed,medium,11.3,15.6,88.2,false,0,medium,testing
TASK04208,EMP077,PRJ011,2026-06-15,2026-06-17,2026-06-17,completed,high,5.7,7.5,82.6,false,0,low,enhancement
TASK04209,EMP077,PRJ011,2026-04-15,2026-04-25,2026-04-19,completed,high,18.1,14.1,88.6,false,0,medium,documentation
TASK04210,EMP077,PRJ011,2026-06-07,2026-06-12,2026-06-12,completed,medium,3.1,3.5,81.0,false,0,low,enhancement
TASK04211,EMP077,PRJ011,2026-04-10,2026-04-19,2026-04-15,completed,high,11.4,10.6,87.5,false,0,medium,testing
TASK04212,EMP077,PRJ011,2026-05-29,2026-06-01,2026-05-30,completed,medium,5.2,4.9,90.0,false,0,low,feature
TASK04213,EMP077,PRJ011,2026-05-24,2026-06-01,2026-05-27,completed,medium,16.5,22.1,86.4,false,0,high,bug_fix
TASK04214,EMP077,PRJ011,2026-03-27,2026-04-12,2026-04-05,completed,high,39.1,43.6,97.0,false,0,high,enhancement
TASK04215,EMP077,PRJ011,2026-05-15,2026-05-19,2026-05-17,completed,high,17.0,23.3,98.2,false,0,medium,feature
TASK04216,EMP077,PRJ011,2026-04-04,2026-04-09,2026-04-06,completed,medium,8.9,8.4,98.6,false,0,medium,deployment
TASK04217,EMP077,PRJ011,2026-03-02,2026-03-15,2026-03-03,completed,high,16.2,21.5,96.5,false,0,high,feature
TASK04218,EMP077,PRJ011,2026-03-14,2026-03-16,2026-03-15,completed,low,7.1,6.2,88.2,false,0,low,design
TASK04219,EMP077,PRJ011,2026-06-15,2026-06-19,2026-06-15,completed,high,4.9,5.6,78.8,false,0,low,documentation
TASK04220,EMP077,PRJ011,2026-06-16,2026-06-21,2026-06-18,completed,low,7.2,9.3,81.8,false,0,medium,review
TASK04221,EMP077,PRJ011,2026-03-31,2026-04-29,2026-03-31,completed,high,57.9,71.0,84.6,false,0,critical,deployment
TASK04222,EMP077,PRJ011,2026-04-06,2026-04-16,2026-04-11,completed,high,18.4,15.5,87.7,false,0,medium,maintenance
TASK04223,EMP077,PRJ011,2026-02-17,2026-02-23,2026-02-22,completed,low,18.0,14.0,80.4,false,0,medium,testing
TASK04224,EMP077,PRJ011,2026-04-01,2026-04-03,2026-04-03,completed,high,5.3,6.4,79.2,false,0,low,feature
TASK04225,EMP077,PRJ011,2026-02-10,2026-02-27,2026-02-23,completed,high,38.1,35.5,89.2,false,0,high,documentation
TASK04226,EMP077,PRJ011,2026-01-29,2026-02-02,2026-01-30,completed,urgent,5.7,4.2,89.5,false,0,low,design
TASK04227,EMP077,PRJ011,2026-05-31,2026-06-06,2026-06-06,completed,medium,8.7,8.9,81.2,true,1,medium,maintenance
TASK04228,EMP077,PRJ011,2026-03-28,2026-04-02,2026-04-02,completed,high,5.8,4.7,93.4,false,0,low,bug_fix
TASK04229,EMP077,PRJ011,2026-04-04,2026-05-01,2026-04-12,completed,medium,55.9,74.4,96.8,false,0,critical,design
TASK04230,EMP077,PRJ011,2026-04-08,2026-04-12,,overdue,high,6.6,9.8,,,,low,maintenance
TASK04231,EMP077,PRJ011,2026-06-02,2026-06-06,2026-06-05,completed,medium,15.4,13.2,96.4,false,0,medium,testing
TASK04232,EMP078,PRJ011,2026-01-04,2026-01-10,,in_progress,low,7.2,8.2,,,,medium,research
TASK04233,EMP078,PRJ011,2026-01-19,2026-01-21,,in_progress,low,4.0,5.2,,,,low,maintenance
TASK04234,EMP078,PRJ011,2026-03-22,2026-03-27,2026-03-22,completed,medium,3.6,4.5,64.6,true,1,low,review
TASK04235,EMP078,PRJ011,2026-02-10,2026-02-14,,overdue,high,6.8,8.4,,,,medium,bug_fix
TASK04236,EMP078,PRJ011,2026-02-02,2026-02-18,2026-02-17,completed,medium,29.1,24.6,63.1,false,0,high,documentation
TASK04237,EMP078,PRJ011,2026-06-04,2026-06-14,2026-06-17,completed,low,25.2,31.9,65.9,true,3,high,bug_fix
TASK04238,EMP078,PRJ011,2026-05-23,2026-05-27,,overdue,medium,16.5,23.1,,,,medium,research
TASK04239,EMP078,PRJ011,2026-04-17,2026-04-22,2026-04-19,completed,medium,13.3,19.9,67.3,false,0,medium,research
TASK04240,EMP078,PRJ011,2026-04-10,2026-04-26,2026-04-13,completed,medium,16.2,12.4,73.2,true,1,high,deployment
TASK04241,EMP078,PRJ011,2026-02-07,2026-02-12,2026-02-18,completed,high,2.1,1.6,70.5,false,0,low,feature
TASK04242,EMP078,PRJ011,2026-04-05,2026-04-08,,overdue,high,2.4,1.9,,,,low,testing
TASK04243,EMP078,PRJ011,2026-02-12,2026-02-20,2026-02-18,completed,medium,14.7,17.9,65.1,false,0,medium,design
TASK04244,EMP078,PRJ011,2026-03-24,2026-03-31,2026-04-06,completed,high,16.0,11.8,75.1,false,0,medium,testing
TASK04245,EMP078,PRJ011,2026-05-19,2026-05-24,2026-05-20,completed,high,2.6,2.3,76.9,false,0,low,design
TASK04246,EMP078,PRJ011,2026-03-29,2026-04-01,2026-04-01,completed,low,4.4,4.5,60.2,false,0,low,deployment
TASK04247,EMP078,PRJ011,2026-04-02,2026-04-12,2026-04-03,completed,low,7.4,6.3,72.0,false,0,medium,research
TASK04248,EMP078,PRJ011,2026-02-08,2026-02-22,,overdue,medium,18.5,27.6,,,,high,enhancement
TASK04249,EMP078,PRJ011,2026-02-23,2026-03-04,2026-03-07,completed,medium,8.9,11.1,74.0,false,0,medium,review
TASK04250,EMP078,PRJ011,2026-05-10,2026-05-28,2026-05-11,completed,low,38.1,50.5,71.6,false,0,high,bug_fix
TASK04251,EMP078,PRJ011,2026-03-29,2026-04-08,,in_progress,medium,18.1,23.5,,,,medium,design
TASK04252,EMP078,PRJ011,2026-01-22,2026-01-31,2026-01-24,completed,medium,15.2,12.6,67.7,true,1,medium,review
TASK04253,EMP078,PRJ011,2026-01-08,2026-01-16,2026-01-15,completed,medium,16.6,19.2,67.6,false,0,medium,feature
TASK04254,EMP078,PRJ011,2026-03-03,2026-03-22,,overdue,medium,19.5,16.2,,,,high,research
TASK04255,EMP078,PRJ011,2026-02-18,2026-02-22,2026-02-20,completed,low,4.7,3.6,61.7,true,2,low,testing
TASK04256,EMP078,PRJ011,2026-01-15,2026-01-21,,in_progress,medium,18.5,18.5,,,,medium,enhancement
TASK04257,EMP078,PRJ011,2026-03-11,2026-03-15,2026-03-14,completed,urgent,3.9,3.8,74.9,false,0,low,enhancement
TASK04258,EMP078,PRJ011,2026-05-23,2026-05-28,2026-05-28,completed,medium,5.3,6.1,72.0,false,0,low,research
TASK04259,EMP078,PRJ011,2026-04-25,2026-04-27,2026-04-25,completed,urgent,2.0,2.1,72.0,false,0,low,review
TASK04260,EMP078,PRJ011,2026-03-21,2026-03-30,2026-03-21,completed,high,28.3,39.8,75.2,false,0,high,enhancement
TASK04261,EMP078,PRJ011,2026-03-12,2026-03-22,,in_progress,medium,14.6,18.5,,,,medium,testing
TASK04262,EMP078,PRJ011,2026-03-07,2026-03-28,2026-03-31,completed,medium,31.3,44.1,61.6,false,0,critical,bug_fix
TASK04263,EMP078,PRJ011,2026-05-04,2026-05-08,2026-05-05,completed,high,11.5,14.8,70.0,false,0,medium,enhancement
TASK04264,EMP078,PRJ011,2026-06-12,2026-06-23,2026-06-22,completed,medium,21.9,29.1,68.3,false,0,high,documentation
TASK04265,EMP078,PRJ011,2026-01-30,2026-02-01,2026-01-30,completed,medium,3.3,2.4,64.8,true,1,low,enhancement
TASK04266,EMP078,PRJ011,2026-01-02,2026-01-05,2026-01-02,completed,medium,8.0,10.6,68.7,false,0,low,deployment
TASK04267,EMP078,PRJ011,2026-01-19,2026-01-24,,overdue,high,17.6,18.8,,,,medium,design
TASK04268,EMP078,PRJ011,2026-01-07,2026-02-05,,in_progress,low,32.4,27.5,,,,critical,testing
TASK04269,EMP078,PRJ011,2026-03-06,2026-03-16,2026-03-08,completed,medium,10.1,7.8,76.5,false,0,medium,bug_fix
TASK04270,EMP078,PRJ011,2026-03-03,2026-03-13,2026-03-13,completed,low,9.7,13.1,73.0,false,0,medium,maintenance
TASK04271,EMP078,PRJ011,2026-04-14,2026-04-21,2026-04-15,completed,low,6.7,9.6,65.5,false,0,medium,review
TASK04272,EMP078,PRJ011,2026-04-10,2026-04-27,,overdue,medium,20.1,29.5,,,,high,documentation
TASK04273,EMP078,PRJ011,2026-06-03,2026-07-02,2026-06-28,completed,high,45.8,58.4,60.2,false,0,critical,bug_fix
TASK04274,EMP078,PRJ011,2026-05-31,2026-06-06,2026-05-31,completed,low,16.4,17.0,82.3,false,0,medium,documentation
TASK04275,EMP078,PRJ011,2026-03-04,2026-03-13,2026-03-13,completed,high,10.0,14.9,60.4,false,0,medium,bug_fix
TASK04276,EMP078,PRJ011,2026-05-26,2026-06-14,,overdue,high,46.3,34.1,,,,critical,maintenance
TASK04277,EMP078,PRJ011,2026-01-06,2026-01-16,2026-01-08,completed,medium,14.0,17.4,76.7,false,0,medium,documentation
TASK04278,EMP078,PRJ011,2026-01-14,2026-01-21,,in_progress,medium,9.0,9.1,,,,medium,deployment
TASK04279,EMP078,PRJ011,2026-03-22,2026-03-24,2026-03-24,completed,medium,6.5,5.2,72.3,false,0,low,review
TASK04280,EMP078,PRJ011,2026-02-16,2026-02-21,2026-02-21,completed,low,15.2,16.5,79.5,false,0,medium,enhancement
TASK04281,EMP078,PRJ011,2026-02-16,2026-02-20,2026-02-19,completed,high,9.2,8.2,73.4,false,0,medium,review
TASK04282,EMP078,PRJ011,2026-05-25,2026-05-31,,in_progress,medium,19.7,14.0,,,,medium,maintenance
TASK04283,EMP079,PRJ011,2026-06-11,2026-06-14,2026-06-11,completed,medium,3.5,4.9,84.5,false,0,low,research
TASK04284,EMP079,PRJ011,2026-03-01,2026-03-10,2026-03-10,completed,high,12.1,11.6,81.8,true,1,medium,design
TASK04285,EMP079,PRJ011,2026-01-14,2026-01-19,,overdue,low,5.6,4.1,,,,low,deployment
TASK04286,EMP079,PRJ011,2026-05-31,2026-06-08,2026-06-02,completed,medium,19.0,15.5,75.6,false,0,medium,maintenance
TASK04287,EMP079,PRJ011,2026-03-07,2026-03-16,,in_progress,high,18.4,25.4,,,,medium,documentation
TASK04288,EMP079,PRJ011,2026-04-14,2026-04-19,2026-04-14,completed,low,11.1,15.2,92.8,false,0,medium,bug_fix
TASK04289,EMP079,PRJ011,2026-04-10,2026-05-01,2026-04-21,completed,medium,46.7,57.9,82.3,false,0,critical,bug_fix
TASK04290,EMP079,PRJ011,2026-05-14,2026-05-20,2026-05-17,completed,high,18.3,21.0,69.2,false,0,medium,bug_fix
TASK04291,EMP079,PRJ011,2026-06-14,2026-06-17,2026-06-19,completed,medium,2.4,2.4,83.8,false,0,low,feature
TASK04292,EMP079,PRJ011,2026-03-12,2026-03-17,,overdue,high,11.7,16.8,,,,medium,bug_fix
TASK04293,EMP079,PRJ011,2026-03-26,2026-03-28,2026-03-31,completed,low,7.3,10.7,82.3,false,0,low,documentation
TASK04294,EMP079,PRJ011,2026-06-02,2026-06-07,2026-06-06,completed,low,2.2,3.0,87.1,false,0,low,documentation
TASK04295,EMP079,PRJ011,2026-05-06,2026-05-15,2026-05-10,completed,low,8.5,10.0,71.8,true,3,medium,bug_fix
TASK04296,EMP079,PRJ011,2026-04-15,2026-04-23,2026-04-20,completed,medium,12.6,18.7,91.5,false,0,medium,deployment
TASK04297,EMP079,PRJ011,2026-06-12,2026-06-17,2026-06-19,completed,medium,5.3,4.3,91.3,false,0,low,design
TASK04298,EMP079,PRJ011,2026-02-12,2026-03-14,2026-02-19,completed,high,59.0,62.2,75.4,false,0,critical,review
TASK04299,EMP079,PRJ011,2026-05-19,2026-05-29,2026-05-20,completed,high,7.2,6.3,75.5,true,2,medium,review
TASK04300,EMP079,PRJ011,2026-01-05,2026-01-14,,overdue,low,18.0,25.1,,,,medium,documentation
TASK04301,EMP079,PRJ011,2026-05-06,2026-05-11,2026-05-10,completed,low,19.3,28.8,93.2,false,0,medium,maintenance
TASK04302,EMP079,PRJ011,2026-06-03,2026-06-15,,in_progress,urgent,26.4,36.3,,,,high,review
TASK04303,EMP079,PRJ011,2026-06-13,2026-06-15,2026-06-18,completed,high,2.2,2.3,87.6,false,0,low,feature
TASK04304,EMP079,PRJ011,2026-03-22,2026-03-25,2026-04-01,completed,low,3.4,3.5,82.9,false,0,low,research
TASK04305,EMP079,PRJ011,2026-01-27,2026-02-01,2026-01-29,completed,medium,9.2,13.4,86.9,false,0,medium,research
TASK04306,EMP079,PRJ011,2026-05-26,2026-06-05,2026-06-04,completed,low,17.1,16.5,90.6,false,0,high,testing
TASK04307,EMP079,PRJ011,2026-02-05,2026-02-13,,overdue,high,7.8,9.1,,,,medium,review
TASK04308,EMP079,PRJ011,2026-02-09,2026-02-11,2026-02-10,completed,medium,5.2,7.0,73.8,false,0,low,deployment
TASK04309,EMP079,PRJ011,2026-02-06,2026-02-08,,overdue,high,7.7,9.1,,,,low,testing
TASK04310,EMP079,PRJ011,2026-01-31,2026-02-28,,in_progress,high,32.7,30.0,,,,critical,feature
TASK04311,EMP079,PRJ011,2026-02-04,2026-02-06,,overdue,medium,3.4,4.7,,,,low,enhancement
TASK04312,EMP079,PRJ011,2026-01-11,2026-02-05,2026-02-05,completed,high,48.4,55.7,83.4,false,0,critical,deployment
TASK04313,EMP079,PRJ011,2026-01-25,2026-02-04,2026-01-25,completed,low,6.1,8.5,70.9,false,0,medium,feature
TASK04314,EMP079,PRJ011,2026-03-05,2026-03-12,2026-03-05,completed,low,34.2,26.0,82.2,false,0,high,enhancement
TASK04315,EMP079,PRJ011,2026-02-04,2026-02-22,2026-02-20,completed,medium,30.5,29.0,84.7,false,0,high,testing
TASK04316,EMP079,PRJ011,2026-01-16,2026-01-29,2026-01-19,completed,high,28.6,29.2,81.8,false,0,high,bug_fix
TASK04317,EMP079,PRJ011,2026-01-21,2026-01-28,2026-01-28,completed,medium,12.4,17.4,79.9,false,0,medium,documentation
TASK04318,EMP079,PRJ011,2026-05-02,2026-05-11,2026-05-08,completed,low,21.8,28.9,88.4,false,0,high,documentation
TASK04319,EMP079,PRJ011,2026-05-05,2026-05-14,2026-05-10,completed,medium,15.2,17.4,90.6,false,0,medium,review
TASK04320,EMP079,PRJ011,2026-04-26,2026-05-05,,in_progress,high,17.2,17.3,,,,medium,research
TASK04321,EMP079,PRJ011,2026-01-08,2026-01-13,2026-01-13,completed,high,5.4,5.3,78.9,false,0,low,design
TASK04322,EMP079,PRJ011,2026-01-23,2026-01-28,2026-01-28,completed,medium,7.2,7.6,93.1,false,0,low,design
TASK04323,EMP079,PRJ011,2026-04-27,2026-05-14,2026-05-04,completed,high,22.7,21.6,84.3,false,0,high,deployment
TASK04324,EMP079,PRJ011,2026-04-05,2026-04-18,,overdue,medium,35.1,38.8,,,,high,feature
TASK04325,EMP079,PRJ011,2026-04-24,2026-05-02,,overdue,high,16.2,18.6,,,,high,review
TASK04326,EMP079,PRJ011,2026-05-17,2026-05-23,2026-05-19,completed,low,18.6,22.6,88.9,false,0,medium,maintenance
TASK04327,EMP079,PRJ011,2026-03-09,2026-03-13,2026-03-10,completed,urgent,16.5,12.6,86.9,false,0,medium,feature
TASK04328,EMP079,PRJ011,2026-05-27,2026-05-30,2026-05-28,completed,medium,6.8,8.9,78.9,false,0,low,testing
TASK04329,EMP079,PRJ011,2026-01-02,2026-01-08,2026-01-13,completed,urgent,9.3,6.8,93.8,false,0,medium,bug_fix
TASK04330,EMP079,PRJ011,2026-02-18,2026-02-21,2026-02-21,completed,medium,6.5,7.8,79.9,false,0,low,deployment
TASK04331,EMP079,PRJ011,2026-02-16,2026-02-26,,in_progress,medium,7.2,7.8,,,,medium,research
TASK04332,EMP079,PRJ011,2026-04-23,2026-04-27,2026-04-24,completed,medium,9.5,13.2,87.0,false,0,medium,testing
TASK04333,EMP079,PRJ011,2026-03-29,2026-04-07,,overdue,high,17.1,18.0,,,,medium,design
TASK04334,EMP079,PRJ011,2026-01-19,2026-01-23,2026-01-22,completed,high,7.3,10.6,71.1,false,0,low,testing
TASK04335,EMP079,PRJ011,2026-03-31,2026-04-07,2026-04-04,completed,high,8.0,11.0,95.0,false,0,medium,design
TASK04336,EMP079,PRJ011,2026-01-28,2026-02-01,2026-01-29,completed,low,7.5,8.1,82.4,false,0,medium,enhancement
TASK04337,EMP079,PRJ011,2026-04-15,2026-04-17,2026-04-16,completed,urgent,2.7,3.9,72.9,false,0,low,bug_fix
TASK04338,EMP080,PRJ011,2026-04-18,2026-04-20,,in_progress,high,3.5,2.7,,,,low,review
TASK04339,EMP080,PRJ011,2026-03-04,2026-03-12,,in_progress,low,12.3,11.3,,,,medium,research
TASK04340,EMP080,PRJ011,2026-03-21,2026-03-31,2026-04-02,completed,low,18.7,22.0,43.8,false,0,medium,feature
TASK04341,EMP080,PRJ011,2026-02-06,2026-02-14,,overdue,high,30.6,23.6,,,,high,maintenance
TASK04342,EMP080,PRJ011,2026-02-16,2026-02-24,,overdue,high,12.1,14.8,,,,medium,feature
TASK04343,EMP080,PRJ011,2026-03-24,2026-04-22,,overdue,medium,59.9,71.4,,,,critical,documentation
TASK04344,EMP080,PRJ011,2026-01-11,2026-01-15,,overdue,medium,2.6,3.4,,,,low,design
TASK04345,EMP080,PRJ011,2026-04-20,2026-04-29,2026-04-23,completed,high,17.5,24.7,38.2,false,0,medium,feature
TASK04346,EMP080,PRJ011,2026-02-09,2026-02-14,2026-02-14,completed,high,2.6,2.1,51.5,false,0,low,review
TASK04347,EMP080,PRJ011,2026-03-26,2026-04-04,,overdue,low,17.9,19.6,,,,medium,bug_fix
TASK04348,EMP080,PRJ011,2026-02-20,2026-02-23,2026-02-23,completed,medium,3.0,4.1,55.2,false,0,low,testing
TASK04349,EMP080,PRJ011,2026-01-14,2026-01-24,2026-01-25,completed,medium,12.9,18.3,48.7,true,2,medium,deployment
TASK04350,EMP080,PRJ011,2026-02-09,2026-02-19,,in_progress,medium,34.2,37.2,,,,high,bug_fix
TASK04351,EMP080,PRJ011,2026-04-11,2026-04-28,,in_progress,high,47.2,60.1,,,,critical,testing
TASK04352,EMP080,PRJ011,2026-04-05,2026-04-15,,in_progress,medium,17.7,16.2,,,,high,bug_fix
TASK04353,EMP080,PRJ011,2026-02-07,2026-02-15,,overdue,medium,37.7,56.5,,,,high,enhancement
TASK04354,EMP080,PRJ011,2026-05-30,2026-06-03,,overdue,low,16.2,22.3,,,,medium,documentation
TASK04355,EMP080,PRJ011,2026-04-21,2026-05-15,,overdue,low,36.5,45.2,,,,critical,design
TASK04356,EMP080,PRJ011,2026-03-26,2026-03-31,2026-04-01,completed,low,7.9,8.5,60.6,false,0,low,maintenance
TASK04357,EMP080,PRJ011,2026-02-14,2026-03-03,,in_progress,urgent,37.4,55.1,,,,critical,research
TASK04358,EMP080,PRJ011,2026-05-16,2026-06-12,,overdue,low,49.2,38.9,,,,critical,documentation
TASK04359,EMP080,PRJ011,2026-04-27,2026-05-15,,in_progress,high,33.4,24.5,,,,critical,documentation
TASK04360,EMP080,PRJ011,2026-01-03,2026-01-10,,overdue,medium,13.2,9.8,,,,medium,bug_fix
TASK04361,EMP080,PRJ011,2026-03-08,2026-03-11,2026-03-18,completed,low,4.4,3.3,48.5,false,0,low,review
TASK04362,EMP080,PRJ011,2026-02-08,2026-02-22,,overdue,low,37.6,50.3,,,,critical,bug_fix
TASK04363,EMP080,PRJ011,2026-03-08,2026-03-25,,overdue,high,23.9,29.2,,,,high,bug_fix
TASK04364,EMP080,PRJ011,2026-02-22,2026-03-05,,in_progress,low,27.5,31.5,,,,high,feature
TASK04365,EMP080,PRJ011,2026-04-06,2026-04-09,2026-04-16,completed,low,3.5,4.3,45.5,true,3,low,research
TASK04366,EMP080,PRJ011,2026-02-21,2026-02-24,,overdue,high,5.4,4.3,,,,low,testing
TASK04367,EMP080,PRJ011,2026-02-21,2026-03-11,,overdue,medium,52.5,37.8,,,,critical,enhancement
TASK04368,EMP080,PRJ011,2026-05-25,2026-06-02,,in_progress,medium,17.1,20.9,,,,medium,deployment
TASK04369,EMP080,PRJ011,2026-05-14,2026-05-16,,in_progress,high,3.7,3.2,,,,low,bug_fix
TASK04370,EMP080,PRJ011,2026-03-03,2026-03-05,,in_progress,low,5.3,7.4,,,,low,documentation
TASK04371,EMP080,PRJ011,2026-05-06,2026-05-11,,overdue,high,6.8,5.1,,,,low,research
TASK04372,EMP080,PRJ011,2026-03-08,2026-03-11,,in_progress,high,6.9,6.4,,,,low,review
TASK04373,EMP080,PRJ011,2026-04-23,2026-05-14,,overdue,low,21.1,21.2,,,,high,research
TASK04374,EMP080,PRJ011,2026-04-06,2026-04-15,,in_progress,low,9.3,12.2,,,,medium,deployment
TASK04375,EMP080,PRJ011,2026-06-18,2026-06-22,,in_progress,high,7.9,11.4,,,,medium,feature
TASK04376,EMP080,PRJ011,2026-06-22,2026-07-01,2026-07-05,completed,low,8.7,11.7,50.2,false,0,medium,testing
TASK04377,EMP080,PRJ011,2026-05-07,2026-05-11,,in_progress,low,18.1,24.3,,,,medium,review
TASK04378,EMP080,PRJ011,2026-02-21,2026-03-01,,overdue,urgent,11.1,12.6,,,,medium,enhancement
TASK04379,EMP080,PRJ011,2026-02-07,2026-02-11,2026-02-09,completed,high,5.8,6.7,51.0,false,0,low,review
TASK04380,EMP080,PRJ011,2026-05-05,2026-05-12,2026-05-18,completed,urgent,20.3,15.3,47.2,false,0,high,research
TASK04381,EMP080,PRJ011,2026-05-19,2026-05-28,2026-05-29,completed,high,39.5,55.9,50.5,false,0,high,review
TASK04382,EMP080,PRJ011,2026-01-17,2026-01-24,,in_progress,urgent,18.4,13.7,,,,medium,design
TASK04383,EMP080,PRJ011,2026-06-06,2026-06-10,2026-06-07,completed,urgent,3.8,4.6,52.0,false,0,low,maintenance
TASK04384,EMP080,PRJ011,2026-04-11,2026-04-16,,overdue,high,7.5,7.7,,,,low,enhancement
TASK04385,EMP080,PRJ011,2026-03-12,2026-03-28,,in_progress,medium,31.4,23.2,,,,high,feature
TASK04386,EMP080,PRJ011,2026-03-08,2026-03-13,2026-03-10,completed,high,5.1,6.1,34.4,false,0,low,design
TASK04387,EMP080,PRJ011,2026-06-10,2026-06-15,,in_progress,medium,15.7,17.0,,,,medium,review
TASK04388,EMP081,PRJ011,2026-03-24,2026-03-30,,in_progress,high,6.5,8.4,,,,medium,design
TASK04389,EMP081,PRJ011,2026-01-01,2026-01-05,,overdue,high,2.6,3.8,,,,low,feature
TASK04390,EMP081,PRJ011,2026-06-20,2026-07-07,,assigned,medium,28.3,34.6,,,,high,maintenance
TASK04391,EMP081,PRJ011,2026-01-06,2026-01-11,,in_progress,urgent,11.1,10.9,,,,medium,review
TASK04392,EMP081,PRJ011,2026-01-24,2026-01-28,,overdue,high,8.2,8.8,,,,medium,design
TASK04393,EMP081,PRJ011,2026-04-15,2026-04-23,,in_progress,urgent,10.8,13.9,,,,medium,review
TASK04394,EMP081,PRJ011,2026-03-04,2026-03-11,,in_progress,medium,9.2,11.3,,,,medium,bug_fix
TASK04395,EMP081,PRJ011,2026-02-10,2026-02-15,,overdue,high,8.9,9.7,,,,medium,deployment
TASK04396,EMP081,PRJ011,2026-03-16,2026-03-30,,in_progress,low,18.7,27.7,,,,high,feature
TASK04397,EMP081,PRJ011,2026-06-20,2026-06-23,2026-06-21,completed,high,4.7,4.1,58.6,false,0,low,feature
TASK04398,EMP081,PRJ011,2026-01-20,2026-02-06,2026-02-04,completed,medium,35.9,41.2,50.8,false,0,high,bug_fix
TASK04399,EMP081,PRJ011,2026-03-05,2026-03-10,2026-03-15,completed,urgent,2.3,2.6,41.3,true,3,low,maintenance
TASK04400,EMP081,PRJ011,2026-03-19,2026-03-29,,overdue,medium,18.9,22.7,,,,medium,bug_fix
TASK04401,EMP081,PRJ011,2026-04-23,2026-05-12,,overdue,high,24.8,28.8,,,,high,review
TASK04402,EMP081,PRJ011,2026-03-20,2026-03-28,,overdue,high,26.4,19.3,,,,high,design
TASK04403,EMP081,PRJ011,2026-04-04,2026-04-09,,in_progress,high,15.2,12.2,,,,medium,review
TASK04404,EMP081,PRJ011,2026-02-06,2026-02-12,2026-02-19,completed,high,13.9,16.6,45.4,false,0,medium,review
TASK04405,EMP081,PRJ011,2026-05-02,2026-05-07,,overdue,high,4.4,6.6,,,,low,testing
TASK04406,EMP081,PRJ011,2026-05-25,2026-05-29,,in_progress,high,3.1,4.0,,,,low,research
TASK04407,EMP081,PRJ011,2026-03-02,2026-03-06,2026-03-10,completed,low,4.5,3.3,48.7,false,0,low,feature
TASK04408,EMP081,PRJ011,2026-04-15,2026-04-20,2026-04-27,completed,medium,6.9,10.0,42.5,false,0,low,design
TASK04409,EMP081,PRJ011,2026-06-19,2026-07-05,,in_progress,medium,16.1,20.7,,,,high,documentation
TASK04410,EMP081,PRJ011,2026-04-09,2026-04-14,,overdue,medium,11.8,15.7,,,,medium,bug_fix
TASK04411,EMP081,PRJ011,2026-04-20,2026-05-01,,overdue,medium,30.2,41.6,,,,high,enhancement
TASK04412,EMP081,PRJ011,2026-04-08,2026-04-13,2026-04-13,completed,high,19.7,28.5,49.3,false,0,medium,enhancement
TASK04413,EMP081,PRJ011,2026-03-20,2026-03-24,,in_progress,medium,4.1,3.1,,,,low,design
TASK04414,EMP081,PRJ011,2026-02-27,2026-03-02,,in_progress,medium,4.0,4.0,,,,low,enhancement
TASK04415,EMP081,PRJ011,2026-04-30,2026-05-03,,overdue,medium,5.1,3.9,,,,low,design
TASK04416,EMP081,PRJ011,2026-02-06,2026-02-10,,in_progress,medium,7.8,6.8,,,,low,feature
TASK04417,EMP081,PRJ011,2026-06-04,2026-06-14,,overdue,medium,10.7,15.4,,,,medium,feature
TASK04418,EMP081,PRJ011,2026-04-05,2026-04-08,2026-04-05,completed,urgent,8.0,6.5,60.5,false,0,low,design
TASK04419,EMP081,PRJ011,2026-01-13,2026-01-22,,in_progress,high,6.1,6.9,,,,medium,feature
TASK04420,EMP081,PRJ011,2026-03-05,2026-03-13,,in_progress,medium,8.4,7.0,,,,medium,review
TASK04421,EMP081,PRJ011,2026-05-30,2026-06-02,,overdue,high,4.8,3.6,,,,low,review
TASK04422,EMP081,PRJ011,2026-02-04,2026-02-13,2026-02-19,completed,medium,11.7,15.4,59.5,false,0,medium,bug_fix
TASK04423,EMP081,PRJ011,2026-02-13,2026-02-25,,overdue,high,32.2,26.2,,,,high,bug_fix
TASK04424,EMP081,PRJ011,2026-04-14,2026-04-20,2026-04-17,completed,low,12.9,14.3,47.4,false,0,medium,review
TASK04425,EMP081,PRJ011,2026-04-09,2026-04-14,2026-04-21,completed,urgent,9.8,9.7,56.2,false,0,medium,research
TASK04426,EMP081,PRJ011,2026-01-18,2026-01-21,,overdue,medium,5.9,5.5,,,,low,research
TASK04427,EMP081,PRJ011,2026-06-03,2026-06-25,2026-06-16,completed,medium,53.3,54.3,55.4,false,0,critical,review
TASK04428,EMP081,PRJ011,2026-05-03,2026-05-20,,in_progress,low,32.2,25.4,,,,critical,deployment
TASK04429,EMP081,PRJ011,2026-06-10,2026-06-17,,overdue,medium,8.2,10.7,,,,medium,research
TASK04430,EMP081,PRJ011,2026-05-20,2026-05-25,,overdue,medium,2.6,1.9,,,,low,design
TASK04431,EMP081,PRJ011,2026-04-29,2026-05-06,,in_progress,medium,14.9,18.9,,,,medium,documentation
TASK04432,EMP081,PRJ011,2026-03-17,2026-03-20,,in_progress,high,3.6,5.1,,,,low,review
TASK04433,EMP081,PRJ011,2026-02-22,2026-03-08,2026-03-02,completed,medium,38.9,50.5,60.7,false,0,high,deployment
TASK04434,EMP081,PRJ011,2026-03-02,2026-03-11,,overdue,medium,12.4,14.7,,,,medium,research
TASK04435,EMP081,PRJ011,2026-02-28,2026-03-03,2026-03-06,completed,medium,6.2,5.4,57.9,false,0,low,maintenance
TASK04436,EMP081,PRJ011,2026-05-14,2026-05-16,,in_progress,low,3.4,4.6,,,,low,enhancement
TASK04437,EMP081,PRJ011,2026-01-08,2026-01-13,,in_progress,medium,11.3,16.3,,,,medium,maintenance
TASK04438,EMP081,PRJ011,2026-05-28,2026-06-06,2026-06-07,completed,medium,11.1,8.5,43.0,true,2,medium,documentation
TASK04439,EMP081,PRJ011,2026-02-07,2026-02-17,,in_progress,low,32.3,25.5,,,,high,deployment
TASK04440,EMP082,PRJ011,2026-03-13,2026-04-09,2026-03-31,completed,medium,57.3,81.3,58.5,false,0,critical,research
TASK04441,EMP082,PRJ011,2026-03-26,2026-03-29,2026-04-02,completed,medium,7.2,5.5,54.1,true,1,low,bug_fix
TASK04442,EMP082,PRJ011,2026-01-14,2026-01-22,2026-01-19,completed,high,10.6,10.0,56.5,false,0,medium,maintenance
TASK04443,EMP082,PRJ011,2026-02-20,2026-02-27,2026-02-23,completed,high,8.6,8.9,58.6,false,0,medium,research
TASK04444,EMP082,PRJ011,2026-06-23,2026-06-28,2026-06-25,completed,urgent,3.2,2.8,54.6,false,0,low,design
TASK04445,EMP082,PRJ011,2026-03-15,2026-03-24,2026-03-17,completed,high,6.7,5.2,60.4,false,0,medium,deployment
TASK04446,EMP082,PRJ011,2026-01-31,2026-02-04,,overdue,high,3.4,3.5,,,,low,testing
TASK04447,EMP082,PRJ011,2026-03-12,2026-03-22,,in_progress,medium,27.5,20.3,,,,high,maintenance
TASK04448,EMP082,PRJ011,2026-06-11,2026-06-24,2026-06-19,completed,medium,38.3,32.2,72.0,false,0,high,deployment
TASK04449,EMP082,PRJ011,2026-01-19,2026-01-23,2026-01-27,completed,high,11.0,10.7,57.1,false,0,medium,review
TASK04450,EMP082,PRJ011,2026-05-07,2026-05-15,2026-05-08,completed,medium,15.9,13.8,63.6,false,0,medium,design
TASK04451,EMP082,PRJ011,2026-03-21,2026-03-25,2026-03-24,completed,low,14.5,14.1,60.6,true,3,medium,feature
TASK04452,EMP082,PRJ011,2026-03-20,2026-03-23,,in_progress,low,2.1,2.8,,,,low,bug_fix
TASK04453,EMP082,PRJ011,2026-06-07,2026-06-26,,in_progress,medium,43.6,41.8,,,,critical,enhancement
TASK04454,EMP082,PRJ011,2026-04-30,2026-05-08,2026-05-07,completed,urgent,11.9,13.0,59.5,true,3,medium,enhancement
TASK04455,EMP082,PRJ011,2026-01-27,2026-02-04,,overdue,medium,18.2,19.5,,,,medium,research
TASK04456,EMP082,PRJ011,2026-03-14,2026-03-16,,in_progress,high,4.7,4.6,,,,low,deployment
TASK04457,EMP082,PRJ011,2026-04-28,2026-05-16,,in_progress,medium,59.6,48.5,,,,critical,testing
TASK04458,EMP082,PRJ011,2026-04-04,2026-04-10,2026-04-11,completed,high,16.3,18.4,56.5,true,1,medium,testing
TASK04459,EMP082,PRJ011,2026-02-11,2026-02-21,,overdue,high,8.1,10.6,,,,medium,maintenance
TASK04460,EMP082,PRJ011,2026-03-22,2026-03-25,,overdue,medium,3.5,3.5,,,,low,documentation
TASK04461,EMP082,PRJ011,2026-04-07,2026-04-11,,in_progress,high,5.9,4.3,,,,low,maintenance
TASK04462,EMP082,PRJ011,2026-04-13,2026-04-17,2026-04-22,completed,medium,7.8,8.7,67.0,false,0,low,documentation
TASK04463,EMP082,PRJ011,2026-05-22,2026-05-29,2026-05-23,completed,medium,10.9,14.3,43.1,false,0,medium,review
TASK04464,EMP082,PRJ011,2026-03-05,2026-03-13,2026-03-08,completed,medium,18.9,20.7,62.8,true,3,medium,deployment
TASK04465,EMP082,PRJ011,2026-04-15,2026-05-04,2026-05-08,completed,medium,32.6,38.2,56.6,false,0,high,deployment
TASK04466,EMP082,PRJ011,2026-06-23,2026-06-30,,assigned,medium,12.9,18.7,,,,medium,bug_fix
TASK04467,EMP082,PRJ011,2026-05-06,2026-05-16,2026-05-19,completed,medium,8.8,12.4,58.2,true,2,medium,feature
TASK04468,EMP082,PRJ011,2026-04-09,2026-04-12,,overdue,high,3.2,2.9,,,,low,documentation
TASK04469,EMP082,PRJ011,2026-05-21,2026-05-23,,overdue,low,4.9,5.7,,,,low,design
TASK04470,EMP082,PRJ011,2026-01-28,2026-02-05,2026-01-31,completed,low,12.3,15.5,52.0,false,0,medium,documentation
TASK04471,EMP082,PRJ011,2026-04-14,2026-04-21,,overdue,low,8.4,10.0,,,,medium,research
TASK04472,EMP082,PRJ011,2026-03-15,2026-03-25,2026-03-24,completed,high,13.1,16.5,59.3,true,3,medium,research
TASK04473,EMP082,PRJ011,2026-04-25,2026-05-03,2026-05-01,completed,urgent,39.7,41.1,59.7,true,3,high,bug_fix
TASK04474,EMP082,PRJ011,2026-06-05,2026-06-15,,overdue,high,16.5,16.6,,,,medium,review
TASK04475,EMP082,PRJ011,2026-01-28,2026-02-07,,overdue,low,19.5,17.9,,,,medium,feature
TASK04476,EMP082,PRJ011,2026-02-04,2026-02-24,2026-02-22,completed,medium,35.7,51.1,68.9,false,0,high,design
TASK04477,EMP082,PRJ011,2026-04-01,2026-04-06,2026-04-08,completed,medium,8.0,10.9,73.7,false,0,low,research
TASK04478,EMP082,PRJ011,2026-05-28,2026-06-22,2026-06-03,completed,urgent,45.6,55.2,49.5,false,0,critical,research
TASK04479,EMP082,PRJ011,2026-05-16,2026-05-25,,in_progress,medium,19.1,14.9,,,,medium,feature
TASK04480,EMP082,PRJ011,2026-02-01,2026-02-04,2026-02-06,completed,medium,4.1,4.5,50.8,false,0,low,enhancement
TASK04481,EMP082,PRJ011,2026-01-12,2026-02-02,,overdue,high,53.1,64.7,,,,critical,testing
TASK04482,EMP082,PRJ011,2026-04-18,2026-05-13,2026-05-18,completed,low,40.3,42.5,51.3,false,0,critical,testing
TASK04483,EMP082,PRJ011,2026-06-10,2026-06-13,2026-06-14,completed,high,2.5,3.2,49.2,true,3,low,review
TASK04484,EMP082,PRJ011,2026-02-22,2026-02-25,,overdue,urgent,5.3,7.5,,,,low,enhancement
TASK04485,EMP082,PRJ011,2026-01-28,2026-02-23,2026-02-26,completed,high,55.8,66.2,60.5,false,0,critical,documentation
TASK04486,EMP082,PRJ011,2026-03-17,2026-03-22,,in_progress,high,8.6,6.4,,,,medium,bug_fix
TASK04487,EMP082,PRJ011,2026-05-01,2026-05-06,,in_progress,low,3.7,2.6,,,,low,review
TASK04488,EMP082,PRJ011,2026-04-08,2026-04-10,,in_progress,medium,4.3,3.9,,,,low,feature
TASK04489,EMP082,PRJ011,2026-05-08,2026-05-15,2026-05-08,completed,high,38.4,35.2,54.4,false,0,high,deployment
TASK04490,EMP082,PRJ011,2026-02-21,2026-02-27,2026-02-27,completed,medium,19.2,28.5,68.2,true,3,medium,documentation
TASK04491,EMP082,PRJ011,2026-04-28,2026-05-04,2026-05-01,completed,high,13.3,10.2,46.3,false,0,medium,feature
TASK04492,EMP082,PRJ011,2026-04-04,2026-04-07,,in_progress,high,7.5,9.7,,,,low,design
TASK04493,EMP082,PRJ011,2026-04-28,2026-05-02,,in_progress,medium,4.2,3.3,,,,low,enhancement
TASK04494,EMP082,PRJ011,2026-04-14,2026-05-04,2026-05-06,completed,low,42.3,61.9,59.5,false,0,critical,maintenance
TASK04495,EMP082,PRJ011,2026-05-17,2026-05-25,,overdue,low,17.5,25.7,,,,medium,deployment
TASK04496,EMP082,PRJ011,2026-04-08,2026-04-28,2026-04-29,completed,low,37.1,53.6,48.8,true,3,critical,deployment
TASK04497,EMP082,PRJ011,2026-05-28,2026-06-07,,overdue,medium,13.1,14.9,,,,medium,review
TASK04498,EMP082,PRJ011,2026-01-03,2026-01-10,,in_progress,high,22.0,32.6,,,,high,documentation
TASK04499,EMP083,PRJ026,2026-04-05,2026-04-10,2026-04-06,completed,medium,14.7,14.4,51.7,false,0,medium,maintenance
TASK04500,EMP083,PRJ026,2026-04-15,2026-04-21,,in_progress,high,19.5,25.3,,,,medium,documentation
TASK04501,EMP083,PRJ026,2026-01-03,2026-01-07,2026-01-11,completed,medium,7.0,6.7,47.4,false,0,low,maintenance
TASK04502,EMP083,PRJ026,2026-04-21,2026-04-29,2026-04-23,completed,high,10.0,11.5,43.7,false,0,medium,maintenance
TASK04503,EMP083,PRJ026,2026-01-07,2026-01-24,,in_progress,low,53.4,54.5,,,,critical,design
TASK04504,EMP083,PRJ026,2026-01-09,2026-02-07,,in_progress,urgent,34.4,32.8,,,,critical,design
TASK04505,EMP083,PRJ026,2026-04-12,2026-04-14,,overdue,medium,7.8,10.4,,,,low,feature
TASK04506,EMP083,PRJ026,2026-04-05,2026-04-07,,overdue,low,7.2,10.8,,,,low,bug_fix
TASK04507,EMP083,PRJ026,2026-05-01,2026-05-05,2026-05-06,completed,medium,19.2,26.1,58.1,false,0,medium,design
TASK04508,EMP083,PRJ026,2026-02-02,2026-02-11,,overdue,high,9.9,8.7,,,,medium,bug_fix
TASK04509,EMP083,PRJ026,2026-04-09,2026-04-13,2026-04-09,completed,medium,19.2,15.6,43.6,false,0,medium,deployment
TASK04510,EMP083,PRJ026,2026-06-14,2026-06-29,,overdue,low,31.0,37.9,,,,high,enhancement
TASK04511,EMP083,PRJ026,2026-02-16,2026-02-26,,in_progress,medium,7.6,8.2,,,,medium,documentation
TASK04512,EMP083,PRJ026,2026-03-19,2026-03-24,,overdue,high,19.2,26.2,,,,medium,feature
TASK04513,EMP083,PRJ026,2026-05-19,2026-05-28,,in_progress,high,10.3,7.4,,,,medium,design
TASK04514,EMP083,PRJ026,2026-01-30,2026-02-04,,in_progress,high,4.0,5.1,,,,low,feature
TASK04515,EMP083,PRJ026,2026-04-01,2026-04-09,,overdue,low,17.0,19.2,,,,medium,feature
TASK04516,EMP083,PRJ026,2026-05-14,2026-05-23,2026-05-19,completed,high,19.8,28.8,37.8,false,0,medium,feature
TASK04517,EMP083,PRJ026,2026-03-01,2026-03-21,2026-03-28,completed,medium,22.4,18.9,44.3,false,0,high,deployment
TASK04518,EMP083,PRJ026,2026-02-25,2026-03-06,,in_progress,medium,19.7,21.4,,,,medium,research
TASK04519,EMP083,PRJ026,2026-04-27,2026-05-01,,in_progress,medium,17.0,21.6,,,,medium,enhancement
TASK04520,EMP083,PRJ026,2026-02-03,2026-02-08,2026-02-11,completed,high,7.3,8.6,45.2,false,0,low,enhancement
TASK04521,EMP083,PRJ026,2026-06-20,2026-06-30,2026-07-01,completed,low,12.3,18.2,41.6,true,3,medium,documentation
TASK04522,EMP083,PRJ026,2026-05-02,2026-05-04,,in_progress,medium,3.5,5.0,,,,low,bug_fix
TASK04523,EMP083,PRJ026,2026-01-03,2026-01-09,,in_progress,medium,12.0,11.4,,,,medium,maintenance
TASK04524,EMP083,PRJ026,2026-01-12,2026-01-21,,in_progress,medium,32.4,47.7,,,,high,feature
TASK04525,EMP083,PRJ026,2026-03-21,2026-03-23,,in_progress,high,6.7,8.3,,,,low,enhancement
TASK04526,EMP083,PRJ026,2026-02-19,2026-02-27,,in_progress,medium,15.9,11.7,,,,medium,feature
TASK04527,EMP083,PRJ026,2026-03-08,2026-03-21,2026-03-11,completed,high,33.6,48.6,54.3,true,3,high,maintenance
TASK04528,EMP083,PRJ026,2026-06-05,2026-06-10,2026-06-05,completed,urgent,3.7,5.0,51.6,false,0,low,bug_fix
TASK04529,EMP083,PRJ026,2026-04-12,2026-04-20,2026-04-13,completed,medium,10.6,9.0,47.7,true,2,medium,testing
TASK04530,EMP083,PRJ026,2026-02-14,2026-02-17,,overdue,high,2.6,2.4,,,,low,documentation
TASK04531,EMP083,PRJ026,2026-03-25,2026-03-28,2026-03-27,completed,high,4.6,6.7,43.8,false,0,low,research
TASK04532,EMP083,PRJ026,2026-01-05,2026-01-09,2026-01-05,completed,low,3.9,5.8,47.9,true,2,low,design
TASK04533,EMP083,PRJ026,2026-04-17,2026-04-24,,overdue,medium,9.9,14.3,,,,medium,design
TASK04534,EMP083,PRJ026,2026-03-07,2026-03-10,2026-03-13,completed,medium,2.4,1.9,62.7,true,1,low,design
TASK04535,EMP083,PRJ026,2026-05-21,2026-05-25,2026-05-27,completed,low,15.0,11.8,36.0,true,3,medium,bug_fix
TASK04536,EMP083,PRJ026,2026-01-30,2026-02-05,,overdue,high,6.2,9.2,,,,medium,maintenance
TASK04537,EMP083,PRJ026,2026-02-01,2026-02-06,2026-02-13,completed,high,7.3,7.5,41.9,false,0,low,enhancement
TASK04538,EMP083,PRJ026,2026-01-12,2026-01-18,,overdue,high,8.9,9.8,,,,medium,research
TASK04539,EMP083,PRJ026,2026-04-13,2026-04-18,2026-04-24,completed,low,14.3,15.8,38.1,false,0,medium,design
TASK04540,EMP083,PRJ026,2026-06-22,2026-07-09,,in_progress,low,19.7,14.1,,,,high,design
TASK04541,EMP083,PRJ026,2026-03-31,2026-04-05,,in_progress,medium,4.4,4.7,,,,low,review
TASK04542,EMP083,PRJ026,2026-04-04,2026-04-08,2026-04-12,completed,medium,3.2,3.4,47.4,false,0,low,documentation
TASK04543,EMP083,PRJ026,2026-06-06,2026-06-10,,overdue,high,7.7,6.7,,,,low,testing
TASK04544,EMP083,PRJ026,2026-02-17,2026-02-21,,overdue,medium,6.8,5.2,,,,low,testing
TASK04545,EMP083,PRJ026,2026-04-21,2026-04-25,,in_progress,medium,7.2,8.2,,,,medium,research
TASK04546,EMP084,PRJ015,2026-05-23,2026-05-25,2026-05-23,completed,high,7.9,6.1,61.1,false,0,low,design
TASK04547,EMP084,PRJ015,2026-01-24,2026-01-27,2026-01-24,completed,medium,5.8,8.5,55.5,false,0,low,deployment
TASK04548,EMP084,PRJ015,2026-04-20,2026-04-23,2026-04-25,completed,urgent,7.3,10.4,57.0,false,0,low,documentation
TASK04549,EMP084,PRJ015,2026-01-25,2026-02-13,2026-02-10,completed,high,24.5,18.0,60.3,false,0,high,maintenance
TASK04550,EMP084,PRJ015,2026-06-03,2026-06-13,2026-06-18,completed,low,13.6,11.2,62.9,false,0,medium,review
TASK04551,EMP084,PRJ015,2026-05-13,2026-05-26,2026-05-18,completed,urgent,30.4,41.0,49.7,false,0,high,enhancement
TASK04552,EMP084,PRJ026,2026-04-26,2026-04-30,2026-05-05,completed,medium,4.3,3.7,55.3,false,0,low,maintenance
TASK04553,EMP084,PRJ026,2026-06-20,2026-06-24,2026-07-01,completed,medium,2.0,2.1,57.5,false,0,low,design
TASK04554,EMP084,PRJ026,2026-05-02,2026-05-09,,overdue,high,36.7,51.4,,,,high,research
TASK04555,EMP084,PRJ026,2026-04-03,2026-04-08,2026-04-05,completed,low,7.3,5.2,52.0,false,0,low,review
TASK04556,EMP084,PRJ015,2026-02-25,2026-03-24,2026-03-20,completed,medium,32.9,31.9,55.1,true,3,critical,bug_fix
TASK04557,EMP084,PRJ026,2026-01-25,2026-02-11,2026-01-31,completed,high,59.9,66.1,51.5,true,2,critical,deployment
TASK04558,EMP084,PRJ026,2026-06-20,2026-07-02,2026-06-27,completed,medium,36.4,33.4,54.1,false,0,high,deployment
TASK04559,EMP084,PRJ026,2026-06-04,2026-06-06,,overdue,medium,3.8,3.7,,,,low,bug_fix
TASK04560,EMP084,PRJ015,2026-02-21,2026-03-02,2026-03-03,completed,low,29.8,26.2,56.4,false,0,high,maintenance
TASK04561,EMP084,PRJ026,2026-03-16,2026-03-19,,overdue,urgent,4.6,6.7,,,,low,deployment
TASK04562,EMP084,PRJ026,2026-02-26,2026-03-05,,in_progress,high,23.8,28.7,,,,high,testing
TASK04563,EMP084,PRJ015,2026-04-21,2026-04-28,,overdue,medium,10.0,14.7,,,,medium,design
TASK04564,EMP084,PRJ015,2026-04-02,2026-04-07,2026-04-02,completed,high,2.1,1.9,58.2,false,0,low,bug_fix
TASK04565,EMP084,PRJ026,2026-02-04,2026-02-14,2026-02-10,completed,medium,8.3,6.9,48.9,true,2,medium,design
TASK04566,EMP084,PRJ026,2026-04-27,2026-05-02,2026-05-06,completed,high,3.9,5.3,71.0,false,0,low,research
TASK04567,EMP084,PRJ015,2026-06-02,2026-06-09,,in_progress,high,13.7,15.8,,,,medium,testing
TASK04568,EMP084,PRJ015,2026-04-29,2026-05-04,,overdue,medium,11.4,11.1,,,,medium,design
TASK04569,EMP084,PRJ026,2026-02-04,2026-02-16,2026-02-18,completed,medium,17.6,25.1,64.4,false,0,high,enhancement
TASK04570,EMP084,PRJ026,2026-06-13,2026-06-15,,overdue,low,2.6,2.2,,,,low,deployment
TASK04571,EMP084,PRJ026,2026-04-04,2026-04-16,,overdue,low,38.9,51.0,,,,high,testing
TASK04572,EMP084,PRJ026,2026-04-18,2026-05-04,2026-04-20,completed,medium,59.0,52.5,63.8,true,3,critical,research
TASK04573,EMP084,PRJ015,2026-05-28,2026-06-17,2026-06-04,completed,high,41.0,55.8,51.4,false,0,critical,testing
TASK04574,EMP084,PRJ015,2026-04-17,2026-04-19,2026-04-22,completed,medium,4.4,6.1,73.1,false,0,low,bug_fix
TASK04575,EMP084,PRJ026,2026-04-21,2026-04-29,2026-04-28,completed,medium,22.0,27.0,69.7,false,0,high,bug_fix
TASK04576,EMP084,PRJ015,2026-04-06,2026-04-13,,overdue,medium,8.2,9.5,,,,medium,review
TASK04577,EMP084,PRJ015,2026-06-05,2026-06-15,2026-06-12,completed,low,16.0,20.8,60.2,false,0,medium,deployment
TASK04578,EMP084,PRJ015,2026-04-25,2026-04-28,,overdue,medium,7.1,10.7,,,,low,bug_fix
TASK04579,EMP084,PRJ015,2026-05-11,2026-05-15,,in_progress,high,15.5,17.5,,,,medium,deployment
TASK04580,EMP084,PRJ015,2026-06-04,2026-06-26,2026-06-09,completed,high,56.6,84.8,63.4,false,0,critical,documentation
TASK04581,EMP084,PRJ015,2026-04-17,2026-04-24,,in_progress,low,26.0,38.8,,,,high,review
TASK04582,EMP084,PRJ026,2026-05-23,2026-06-01,2026-05-24,completed,low,32.4,37.1,65.2,false,0,high,testing
TASK04583,EMP084,PRJ015,2026-05-25,2026-05-30,,overdue,medium,2.2,2.3,,,,low,bug_fix
TASK04584,EMP084,PRJ026,2026-01-10,2026-01-15,,in_progress,low,7.5,10.3,,,,low,bug_fix
TASK04585,EMP084,PRJ015,2026-03-27,2026-04-04,2026-03-29,completed,medium,12.1,13.2,71.2,false,0,medium,feature
TASK04586,EMP084,PRJ015,2026-02-07,2026-02-16,,overdue,medium,18.0,15.3,,,,medium,documentation
TASK04587,EMP084,PRJ026,2026-03-04,2026-03-13,,overdue,medium,16.2,19.8,,,,medium,review
TASK04588,EMP084,PRJ026,2026-06-20,2026-06-23,,in_progress,medium,6.7,5.3,,,,low,testing
TASK04589,EMP084,PRJ015,2026-04-11,2026-05-01,2026-05-05,completed,medium,26.2,31.7,68.9,false,0,high,feature
TASK04590,EMP084,PRJ015,2026-04-25,2026-04-30,2026-04-27,completed,low,2.9,3.4,60.0,false,0,low,documentation
TASK04591,EMP084,PRJ015,2026-03-11,2026-03-19,2026-03-18,completed,medium,19.0,15.9,54.9,false,0,medium,research
TASK04592,EMP084,PRJ015,2026-06-14,2026-07-09,2026-07-08,completed,medium,51.7,43.5,58.0,false,0,critical,design
TASK04593,EMP084,PRJ026,2026-02-06,2026-02-11,2026-02-13,completed,high,2.1,2.3,50.9,true,3,low,review
TASK04594,EMP084,PRJ026,2026-01-16,2026-01-21,2026-01-16,completed,high,8.3,11.4,51.8,true,3,medium,enhancement
TASK04595,EMP084,PRJ015,2026-01-09,2026-01-16,2026-01-12,completed,urgent,19.0,14.6,61.5,true,3,medium,maintenance
TASK04596,EMP084,PRJ026,2026-04-19,2026-04-23,2026-04-23,completed,medium,6.9,5.4,65.7,true,1,low,feature
TASK04597,EMP084,PRJ015,2026-01-14,2026-02-11,2026-01-24,completed,low,31.7,26.1,60.5,false,0,critical,documentation
TASK04598,EMP084,PRJ026,2026-03-10,2026-03-30,,in_progress,urgent,19.1,24.7,,,,high,enhancement
TASK04599,EMP084,PRJ026,2026-05-13,2026-05-29,2026-05-20,completed,high,26.9,29.1,49.4,true,2,high,review
TASK04600,EMP084,PRJ026,2026-01-27,2026-02-15,2026-02-12,completed,high,23.5,26.0,62.3,false,0,high,testing
TASK04601,EMP084,PRJ026,2026-02-21,2026-02-28,,overdue,high,14.0,10.8,,,,medium,deployment
TASK04602,EMP084,PRJ015,2026-03-28,2026-04-04,2026-04-07,completed,high,14.6,13.4,57.9,false,0,medium,research
TASK04603,EMP084,PRJ015,2026-05-24,2026-05-29,2026-05-26,completed,low,7.5,7.8,68.3,false,0,low,enhancement
TASK04604,EMP084,PRJ015,2026-04-25,2026-04-27,2026-05-02,completed,medium,4.5,4.5,62.1,false,0,low,testing
TASK04605,EMP084,PRJ015,2026-06-13,2026-06-18,,overdue,high,4.4,5.0,,,,low,documentation
TASK04606,EMP084,PRJ015,2026-05-19,2026-06-11,,in_progress,medium,39.7,47.2,,,,critical,documentation
TASK04607,EMP084,PRJ026,2026-05-26,2026-06-06,,overdue,urgent,30.4,44.3,,,,high,research
TASK04608,EMP084,PRJ026,2026-05-25,2026-06-02,2026-05-26,completed,high,28.0,36.6,62.3,false,0,high,enhancement
TASK04609,EMP084,PRJ026,2026-05-20,2026-05-29,2026-05-25,completed,medium,19.0,23.3,65.5,false,0,medium,bug_fix
TASK04610,EMP085,PRJ026,2026-03-15,2026-03-25,,in_progress,low,9.0,11.2,,,,medium,research
TASK04611,EMP085,PRJ026,2026-05-03,2026-05-09,2026-05-06,completed,medium,7.5,7.8,89.6,false,0,medium,feature
TASK04612,EMP085,PRJ026,2026-01-16,2026-01-26,2026-01-20,completed,low,11.8,10.2,83.9,true,1,medium,maintenance
TASK04613,EMP085,PRJ026,2026-05-27,2026-05-29,2026-05-28,completed,low,6.1,7.3,90.1,false,0,low,feature
TASK04614,EMP085,PRJ026,2026-01-17,2026-01-23,2026-01-20,completed,low,11.1,14.4,93.3,false,0,medium,research
TASK04615,EMP085,PRJ026,2026-06-11,2026-06-16,,overdue,medium,7.5,8.3,,,,low,research
TASK04616,EMP085,PRJ026,2026-02-18,2026-02-23,2026-02-23,completed,low,5.1,4.5,87.7,false,0,low,enhancement
TASK04617,EMP085,PRJ026,2026-03-31,2026-04-02,2026-04-02,completed,urgent,5.8,8.2,84.2,false,0,low,bug_fix
TASK04618,EMP085,PRJ026,2026-06-10,2026-06-20,2026-06-11,completed,medium,9.0,10.3,85.1,false,0,medium,feature
TASK04619,EMP085,PRJ026,2026-01-07,2026-01-24,2026-01-14,completed,medium,54.6,43.9,89.0,false,0,critical,enhancement
TASK04620,EMP085,PRJ026,2026-01-07,2026-01-17,2026-01-24,completed,medium,20.1,22.5,82.2,false,0,high,bug_fix
TASK04621,EMP085,PRJ026,2026-06-12,2026-06-24,2026-06-20,completed,high,39.4,46.0,80.3,false,0,high,documentation
TASK04622,EMP085,PRJ026,2026-03-06,2026-03-10,2026-03-09,completed,medium,18.4,22.8,88.0,false,0,medium,review
TASK04623,EMP085,PRJ026,2026-06-03,2026-06-16,2026-06-21,completed,medium,35.8,44.4,68.7,false,0,high,design
TASK04624,EMP085,PRJ026,2026-04-28,2026-05-08,,in_progress,low,12.2,16.0,,,,medium,deployment
TASK04625,EMP085,PRJ026,2026-03-04,2026-03-10,,in_progress,high,6.7,9.5,,,,medium,bug_fix
TASK04626,EMP085,PRJ026,2026-01-03,2026-01-08,2026-01-06,completed,low,6.5,8.7,80.5,false,0,low,deployment
TASK04627,EMP085,PRJ026,2026-03-29,2026-04-17,2026-04-09,completed,medium,22.5,20.5,88.7,false,0,high,design
TASK04628,EMP085,PRJ026,2026-02-18,2026-02-25,2026-02-22,completed,high,17.8,22.0,84.1,false,0,high,maintenance
TASK04629,EMP085,PRJ026,2026-03-06,2026-03-12,2026-03-10,completed,medium,15.0,16.0,73.8,true,2,medium,maintenance
TASK04630,EMP085,PRJ026,2026-05-02,2026-05-04,2026-05-02,completed,high,2.0,1.4,94.3,false,0,low,documentation
TASK04631,EMP085,PRJ026,2026-06-13,2026-06-19,2026-06-21,completed,high,8.3,12.5,77.3,false,0,medium,review
TASK04632,EMP085,PRJ026,2026-01-14,2026-01-24,2026-01-19,completed,low,19.9,19.4,85.4,false,0,medium,feature
TASK04633,EMP085,PRJ026,2026-03-18,2026-03-25,2026-03-22,completed,high,12.9,15.0,82.3,true,2,medium,documentation
TASK04634,EMP085,PRJ026,2026-05-19,2026-05-28,2026-05-24,completed,urgent,29.7,35.5,78.4,false,0,high,research
TASK04635,EMP085,PRJ026,2026-04-02,2026-04-07,2026-04-07,completed,medium,11.0,12.8,76.6,false,0,medium,review
TASK04636,EMP085,PRJ026,2026-05-29,2026-06-01,,overdue,high,7.1,7.9,,,,low,deployment
TASK04637,EMP085,PRJ026,2026-04-11,2026-04-27,2026-04-26,completed,high,58.7,87.3,81.1,false,0,critical,maintenance
TASK04638,EMP085,PRJ026,2026-01-18,2026-01-22,,overdue,high,14.9,20.2,,,,medium,enhancement
TASK04639,EMP085,PRJ026,2026-03-30,2026-04-06,2026-03-30,completed,medium,7.3,8.7,82.8,false,0,medium,deployment
TASK04640,EMP085,PRJ026,2026-04-23,2026-04-28,2026-04-24,completed,medium,4.5,6.4,76.2,false,0,low,deployment
TASK04641,EMP085,PRJ026,2026-04-26,2026-05-01,2026-04-27,completed,medium,17.7,23.6,75.5,false,0,medium,maintenance
TASK04642,EMP085,PRJ026,2026-04-26,2026-05-04,2026-04-29,completed,low,16.3,14.3,79.5,false,0,medium,deployment
TASK04643,EMP085,PRJ026,2026-01-21,2026-01-29,2026-01-24,completed,high,38.5,39.5,90.7,false,0,high,maintenance
TASK04644,EMP085,PRJ026,2026-06-14,2026-06-22,2026-06-22,completed,high,14.5,14.3,87.9,false,0,medium,bug_fix
TASK04645,EMP085,PRJ026,2026-04-11,2026-04-15,2026-04-14,completed,low,4.6,5.2,78.8,false,0,low,enhancement
TASK04646,EMP085,PRJ026,2026-03-24,2026-03-26,2026-03-25,completed,medium,6.2,6.1,79.1,false,0,low,design
TASK04647,EMP085,PRJ026,2026-04-12,2026-04-17,2026-04-14,completed,medium,10.3,7.2,78.7,true,3,medium,enhancement
TASK04648,EMP085,PRJ026,2026-03-06,2026-03-10,2026-03-10,completed,medium,7.0,10.1,80.8,false,0,low,maintenance
TASK04649,EMP085,PRJ026,2026-04-27,2026-05-15,,in_progress,medium,35.2,38.1,,,,critical,research
TASK04650,EMP085,PRJ026,2026-04-20,2026-05-07,2026-04-24,completed,high,34.1,30.2,84.7,false,0,high,feature
TASK04651,EMP085,PRJ026,2026-04-21,2026-04-23,2026-04-22,completed,high,5.6,5.9,81.8,false,0,low,feature
TASK04652,EMP085,PRJ026,2026-06-16,2026-06-21,,in_progress,medium,6.9,8.4,,,,low,documentation
TASK04653,EMP085,PRJ026,2026-04-01,2026-04-05,2026-04-03,completed,high,18.5,25.8,72.2,false,0,medium,documentation
TASK04654,EMP085,PRJ026,2026-01-18,2026-01-22,2026-01-19,completed,medium,2.9,3.9,90.6,false,0,low,review
TASK04655,EMP085,PRJ026,2026-03-19,2026-04-15,2026-03-21,completed,high,39.7,36.9,76.6,false,0,critical,documentation
TASK04656,EMP086,PRJ015,2026-01-06,2026-01-10,2026-01-06,completed,medium,14.4,13.9,69.3,false,0,medium,documentation
TASK04657,EMP086,PRJ015,2026-01-17,2026-01-21,,overdue,medium,3.0,3.5,,,,low,testing
TASK04658,EMP086,PRJ015,2026-04-05,2026-04-25,,overdue,medium,47.7,36.5,,,,critical,bug_fix
TASK04659,EMP086,PRJ015,2026-02-07,2026-02-16,2026-02-08,completed,high,12.7,13.1,60.1,true,2,medium,testing
TASK04660,EMP086,PRJ015,2026-04-11,2026-04-25,2026-04-14,completed,medium,28.3,26.0,60.8,true,2,high,documentation
TASK04661,EMP086,PRJ015,2026-03-19,2026-03-21,,overdue,high,7.8,5.9,,,,low,design
TASK04662,EMP086,PRJ015,2026-02-22,2026-03-09,,in_progress,urgent,37.9,35.8,,,,critical,feature
TASK04663,EMP086,PRJ015,2026-01-23,2026-01-29,2026-01-24,completed,medium,7.6,7.7,54.6,false,0,medium,maintenance
TASK04664,EMP086,PRJ015,2026-05-02,2026-05-08,,overdue,low,16.6,17.3,,,,medium,research
TASK04665,EMP086,PRJ015,2026-04-15,2026-04-24,2026-04-20,completed,low,34.6,46.6,63.6,true,3,high,testing
TASK04666,EMP086,PRJ015,2026-05-11,2026-06-03,,overdue,urgent,39.1,30.7,,,,critical,bug_fix
TASK04667,EMP086,PRJ015,2026-05-17,2026-05-25,2026-05-19,completed,medium,19.3,14.6,73.3,true,1,medium,research
TASK04668,EMP086,PRJ015,2026-03-18,2026-03-26,2026-03-24,completed,medium,17.8,13.1,75.0,false,0,medium,design
TASK04669,EMP086,PRJ015,2026-01-26,2026-02-04,2026-02-01,completed,medium,12.2,11.5,53.6,false,0,medium,documentation
TASK04670,EMP086,PRJ015,2026-04-27,2026-05-16,,in_progress,medium,36.2,52.1,,,,critical,bug_fix
TASK04671,EMP086,PRJ015,2026-04-14,2026-04-16,2026-04-15,completed,medium,4.6,5.4,51.8,false,0,low,deployment
TASK04672,EMP086,PRJ015,2026-06-05,2026-06-09,,overdue,low,10.3,9.1,,,,medium,deployment
TASK04673,EMP086,PRJ015,2026-02-22,2026-02-27,,overdue,high,5.0,5.9,,,,low,testing
TASK04674,EMP086,PRJ015,2026-02-26,2026-03-09,2026-03-06,completed,medium,20.5,14.6,65.4,false,0,high,feature
TASK04675,EMP086,PRJ015,2026-04-15,2026-05-06,2026-04-30,completed,medium,22.5,29.4,52.4,false,0,high,documentation
TASK04676,EMP086,PRJ015,2026-04-03,2026-04-18,2026-04-22,completed,low,23.6,30.7,47.9,true,3,high,design
TASK04677,EMP086,PRJ015,2026-01-27,2026-02-11,,overdue,medium,29.7,39.6,,,,high,review
TASK04678,EMP086,PRJ015,2026-04-21,2026-05-05,,in_progress,medium,26.5,18.7,,,,high,maintenance
TASK04679,EMP086,PRJ015,2026-04-16,2026-04-20,,in_progress,medium,6.2,4.8,,,,medium,enhancement
TASK04680,EMP086,PRJ015,2026-02-04,2026-02-09,,overdue,high,11.4,15.7,,,,medium,feature
TASK04681,EMP086,PRJ015,2026-02-23,2026-02-28,2026-03-05,completed,medium,12.6,17.7,56.0,false,0,medium,enhancement
TASK04682,EMP086,PRJ015,2026-03-15,2026-03-20,,in_progress,high,13.6,17.6,,,,medium,testing
TASK04683,EMP086,PRJ015,2026-05-09,2026-05-14,2026-05-16,completed,high,13.9,12.5,46.5,false,0,medium,research
TASK04684,EMP086,PRJ015,2026-06-18,2026-06-22,2026-06-27,completed,high,7.2,7.6,59.3,false,0,low,research
TASK04685,EMP086,PRJ015,2026-01-11,2026-01-21,,in_progress,urgent,17.2,17.0,,,,medium,review
TASK04686,EMP086,PRJ015,2026-05-24,2026-05-28,,overdue,medium,5.3,7.6,,,,low,testing
TASK04687,EMP086,PRJ015,2026-04-14,2026-04-24,2026-04-14,completed,high,14.1,20.4,69.4,false,0,medium,testing
TASK04688,EMP086,PRJ015,2026-04-28,2026-05-08,2026-05-14,completed,high,8.7,8.5,67.1,true,1,medium,research
TASK04689,EMP086,PRJ015,2026-03-17,2026-03-22,2026-03-18,completed,medium,16.4,22.1,57.4,false,0,medium,documentation
TASK04690,EMP086,PRJ015,2026-05-23,2026-05-25,,in_progress,urgent,2.5,2.3,,,,low,feature
TASK04691,EMP086,PRJ015,2026-02-01,2026-02-06,,overdue,medium,5.4,5.8,,,,low,design
TASK04692,EMP086,PRJ015,2026-03-21,2026-04-10,,in_progress,high,56.4,46.2,,,,critical,testing
TASK04693,EMP086,PRJ015,2026-03-16,2026-04-01,2026-04-08,completed,high,22.7,23.9,59.0,false,0,high,feature
TASK04694,EMP086,PRJ015,2026-02-17,2026-02-25,2026-02-26,completed,high,17.5,13.6,73.9,false,0,medium,documentation
TASK04695,EMP086,PRJ015,2026-02-18,2026-02-24,2026-02-25,completed,medium,10.1,8.2,62.5,false,0,medium,maintenance
TASK04696,EMP086,PRJ015,2026-06-04,2026-06-12,2026-06-06,completed,high,8.4,12.3,56.9,false,0,medium,enhancement
TASK04697,EMP086,PRJ015,2026-01-19,2026-02-17,2026-02-09,completed,low,40.3,41.0,76.1,false,0,critical,bug_fix
TASK04698,EMP086,PRJ015,2026-04-02,2026-04-26,,in_progress,medium,43.2,55.8,,,,critical,research
TASK04699,EMP086,PRJ015,2026-05-10,2026-05-15,,overdue,medium,10.0,14.7,,,,medium,research
TASK04700,EMP086,PRJ015,2026-03-13,2026-03-17,2026-03-23,completed,urgent,7.5,8.6,44.2,true,3,medium,maintenance
TASK04701,EMP086,PRJ015,2026-01-16,2026-01-21,,overdue,urgent,7.5,8.4,,,,medium,enhancement
TASK04702,EMP087,PRJ005,2026-03-13,2026-03-22,,in_progress,low,36.6,50.4,,,,high,feature
TASK04703,EMP087,PRJ013,2026-01-05,2026-01-10,2026-01-13,completed,high,6.9,8.6,81.9,false,0,low,maintenance
TASK04704,EMP087,PRJ013,2026-01-29,2026-02-10,2026-02-10,completed,high,39.0,43.8,74.3,false,0,high,research
TASK04705,EMP087,PRJ005,2026-04-12,2026-04-17,2026-04-14,completed,urgent,9.4,6.6,73.1,true,3,medium,testing
TASK04706,EMP087,PRJ005,2026-06-23,2026-07-21,2026-07-15,completed,high,35.5,39.9,78.2,false,0,critical,deployment
TASK04707,EMP087,PRJ005,2026-04-20,2026-04-30,2026-04-23,completed,low,6.5,5.8,78.0,false,0,medium,bug_fix
TASK04708,EMP087,PRJ013,2026-06-07,2026-06-09,2026-06-08,completed,high,2.2,3.0,71.0,false,0,low,research
TASK04709,EMP087,PRJ013,2026-02-23,2026-03-05,2026-03-03,completed,low,13.7,19.0,72.3,false,0,medium,design
TASK04710,EMP087,PRJ013,2026-01-26,2026-02-01,2026-01-31,completed,low,15.9,11.5,68.3,false,0,medium,design
TASK04711,EMP087,PRJ013,2026-01-19,2026-01-24,2026-01-21,completed,medium,19.5,15.5,67.7,false,0,medium,design
TASK04712,EMP087,PRJ005,2026-03-02,2026-03-06,2026-03-05,completed,medium,7.6,7.9,59.9,true,3,medium,deployment
TASK04713,EMP087,PRJ013,2026-05-16,2026-05-25,,overdue,high,10.2,13.6,,,,medium,feature
TASK04714,EMP087,PRJ013,2026-01-20,2026-01-22,2026-01-21,completed,medium,2.9,3.3,66.8,false,0,low,review
TASK04715,EMP087,PRJ024,2026-05-17,2026-05-25,2026-05-31,completed,medium,14.9,15.1,78.0,false,0,medium,maintenance
TASK04716,EMP087,PRJ005,2026-02-23,2026-02-27,2026-02-25,completed,high,7.5,6.8,71.5,false,0,medium,review
TASK04717,EMP087,PRJ013,2026-05-12,2026-05-31,2026-05-18,completed,high,30.7,29.7,78.4,false,0,high,deployment
TASK04718,EMP087,PRJ024,2026-06-04,2026-06-22,2026-06-21,completed,high,31.3,40.1,71.0,false,0,critical,enhancement
TASK04719,EMP087,PRJ024,2026-02-03,2026-02-05,2026-02-03,completed,low,6.7,9.5,76.2,false,0,low,design
TASK04720,EMP087,PRJ013,2026-05-29,2026-06-05,2026-05-29,completed,medium,16.2,18.8,71.6,false,0,medium,documentation
TASK04721,EMP087,PRJ013,2026-04-05,2026-04-24,2026-04-12,completed,medium,26.6,35.6,64.8,false,0,high,research
TASK04722,EMP087,PRJ005,2026-03-10,2026-03-14,,overdue,urgent,7.6,9.2,,,,low,research
TASK04723,EMP087,PRJ013,2026-06-18,2026-06-29,,in_progress,high,36.7,51.6,,,,high,maintenance
TASK04724,EMP087,PRJ013,2026-05-05,2026-05-09,2026-05-07,completed,medium,2.7,3.8,67.3,false,0,low,testing
TASK04725,EMP087,PRJ024,2026-05-17,2026-05-27,2026-05-19,completed,medium,12.5,12.2,73.0,false,0,medium,enhancement
TASK04726,EMP087,PRJ024,2026-05-17,2026-05-24,2026-05-21,completed,high,16.8,24.8,68.6,true,1,medium,bug_fix
TASK04727,EMP087,PRJ024,2026-05-07,2026-05-15,,in_progress,medium,6.6,8.0,,,,medium,research
TASK04728,EMP087,PRJ024,2026-03-22,2026-04-01,,overdue,low,17.5,12.3,,,,high,bug_fix
TASK04729,EMP087,PRJ024,2026-02-04,2026-02-08,,overdue,low,9.5,10.0,,,,medium,enhancement
TASK04730,EMP087,PRJ013,2026-02-03,2026-02-08,,overdue,urgent,7.5,10.0,,,,low,maintenance
TASK04731,EMP087,PRJ024,2026-05-01,2026-05-08,,overdue,low,7.3,9.3,,,,medium,enhancement
TASK04732,EMP087,PRJ013,2026-04-30,2026-05-10,2026-05-02,completed,medium,10.8,14.3,63.4,false,0,medium,bug_fix
TASK04733,EMP087,PRJ024,2026-03-12,2026-03-31,2026-04-05,completed,high,57.8,75.3,66.5,false,0,critical,documentation
TASK04734,EMP087,PRJ013,2026-05-19,2026-05-29,2026-05-29,completed,medium,12.0,13.7,70.4,false,0,medium,maintenance
TASK04735,EMP087,PRJ024,2026-04-15,2026-04-20,2026-04-17,completed,low,6.9,6.4,64.1,true,2,low,review
TASK04736,EMP087,PRJ013,2026-02-15,2026-02-17,2026-02-21,completed,high,3.5,5.2,73.1,false,0,low,bug_fix
TASK04737,EMP087,PRJ024,2026-01-07,2026-01-16,2026-01-14,completed,medium,19.7,17.2,83.2,false,0,medium,testing
TASK04738,EMP087,PRJ013,2026-06-20,2026-07-06,,assigned,low,38.0,46.0,,,,high,feature
TASK04739,EMP087,PRJ013,2026-06-22,2026-06-25,2026-06-23,completed,high,5.6,5.8,77.3,false,0,low,review
TASK04740,EMP087,PRJ024,2026-02-22,2026-03-01,,in_progress,medium,30.8,31.8,,,,high,bug_fix
TASK04741,EMP087,PRJ024,2026-06-08,2026-06-18,2026-06-08,completed,urgent,37.6,46.9,59.8,true,2,high,deployment
TASK04742,EMP087,PRJ005,2026-03-27,2026-04-01,2026-03-28,completed,high,8.8,6.6,73.9,false,0,medium,documentation
TASK04743,EMP087,PRJ013,2026-03-13,2026-04-04,,overdue,high,57.6,86.2,,,,critical,feature
TASK04744,EMP087,PRJ024,2026-01-19,2026-01-27,,overdue,low,23.5,25.8,,,,high,feature
TASK04745,EMP087,PRJ013,2026-06-05,2026-06-08,2026-06-15,completed,high,5.8,5.8,72.9,false,0,low,review
TASK04746,EMP087,PRJ005,2026-05-12,2026-05-17,2026-05-17,completed,medium,4.0,5.8,82.6,false,0,low,feature
TASK04747,EMP087,PRJ013,2026-02-08,2026-03-10,2026-02-08,completed,high,57.3,71.8,69.4,false,0,critical,design
TASK04748,EMP087,PRJ005,2026-04-18,2026-04-21,2026-04-18,completed,high,4.3,5.5,82.6,false,0,low,design
TASK04749,EMP087,PRJ013,2026-02-10,2026-02-26,,in_progress,high,28.6,35.8,,,,high,bug_fix
TASK04750,EMP087,PRJ005,2026-04-13,2026-04-17,2026-04-14,completed,medium,18.2,18.7,69.1,false,0,medium,documentation
TASK04751,EMP088,PRJ005,2026-06-19,2026-06-24,2026-06-23,completed,urgent,17.4,16.3,74.7,false,0,medium,maintenance
TASK04752,EMP088,PRJ024,2026-05-21,2026-05-31,,overdue,low,7.0,6.8,,,,medium,testing
TASK04753,EMP088,PRJ024,2026-04-05,2026-04-14,,in_progress,high,6.8,6.0,,,,medium,research
TASK04754,EMP088,PRJ024,2026-02-04,2026-02-11,2026-02-05,completed,urgent,16.8,18.1,72.9,false,0,medium,documentation
TASK04755,EMP088,PRJ024,2026-04-12,2026-04-18,2026-04-18,completed,medium,17.7,15.2,68.7,false,0,medium,documentation
TASK04756,EMP088,PRJ024,2026-05-18,2026-05-20,2026-05-21,completed,high,5.8,7.7,92.7,false,0,low,testing
TASK04757,EMP088,PRJ005,2026-04-29,2026-05-06,,in_progress,urgent,23.2,29.3,,,,high,testing
TASK04758,EMP088,PRJ024,2026-02-08,2026-02-26,2026-02-19,completed,high,31.7,34.0,77.0,false,0,high,design
TASK04759,EMP088,PRJ024,2026-04-24,2026-05-07,2026-04-29,completed,high,35.8,27.5,79.4,false,0,high,design
TASK04760,EMP088,PRJ005,2026-04-23,2026-05-17,,in_progress,medium,35.4,38.6,,,,critical,maintenance
TASK04761,EMP088,PRJ005,2026-02-04,2026-02-14,2026-02-18,completed,medium,30.4,25.0,83.8,false,0,high,research
TASK04762,EMP088,PRJ024,2026-01-20,2026-02-15,2026-01-24,completed,high,38.7,52.5,71.7,false,0,critical,design
TASK04763,EMP088,PRJ005,2026-06-13,2026-06-18,2026-06-13,completed,urgent,2.5,2.4,87.7,true,2,low,research
TASK04764,EMP088,PRJ024,2026-06-14,2026-06-18,2026-06-18,completed,high,3.5,5.2,85.3,false,0,low,research
TASK04765,EMP088,PRJ005,2026-04-24,2026-04-29,2026-05-05,completed,medium,2.2,2.1,81.5,false,0,low,maintenance
TASK04766,EMP088,PRJ024,2026-02-03,2026-02-11,2026-02-03,completed,high,15.5,14.7,80.3,false,0,medium,research
TASK04767,EMP088,PRJ005,2026-01-06,2026-01-10,2026-01-08,completed,low,4.6,4.5,80.1,false,0,low,research
TASK04768,EMP088,PRJ005,2026-01-19,2026-01-24,2026-01-20,completed,low,7.1,5.3,89.5,false,0,low,bug_fix
TASK04769,EMP088,PRJ024,2026-03-05,2026-03-26,2026-03-19,completed,medium,37.3,48.3,90.1,false,0,high,review
TASK04770,EMP088,PRJ005,2026-03-08,2026-03-21,2026-03-11,completed,low,36.2,31.7,76.8,false,0,high,research
TASK04771,EMP088,PRJ005,2026-04-29,2026-05-06,2026-04-30,completed,low,18.4,25.8,80.6,false,0,medium,maintenance
TASK04772,EMP088,PRJ024,2026-05-16,2026-05-21,,overdue,high,8.1,6.8,,,,medium,feature
TASK04773,EMP088,PRJ005,2026-06-05,2026-06-28,2026-06-24,completed,high,32.4,40.8,77.3,false,0,critical,review
TASK04774,EMP088,PRJ005,2026-02-13,2026-02-23,2026-02-19,completed,high,18.9,25.2,85.2,false,0,medium,documentation
TASK04775,EMP088,PRJ024,2026-01-06,2026-01-10,2026-01-09,completed,high,5.9,5.5,76.3,false,0,low,design
TASK04776,EMP088,PRJ024,2026-03-22,2026-03-26,2026-03-29,completed,medium,2.7,2.5,88.2,false,0,low,testing
TASK04777,EMP088,PRJ005,2026-01-05,2026-01-13,,in_progress,high,11.3,15.2,,,,medium,research
TASK04778,EMP088,PRJ024,2026-03-25,2026-04-01,2026-04-04,completed,medium,6.4,7.5,82.4,false,0,medium,design
TASK04779,EMP088,PRJ005,2026-05-05,2026-05-15,2026-05-08,completed,high,17.1,25.2,73.0,true,3,medium,bug_fix
TASK04780,EMP088,PRJ005,2026-02-15,2026-02-20,,in_progress,high,18.6,13.5,,,,medium,maintenance
TASK04781,EMP088,PRJ005,2026-05-10,2026-05-15,2026-05-12,completed,low,15.0,10.7,73.3,false,0,medium,documentation
TASK04782,EMP088,PRJ024,2026-05-20,2026-06-05,,in_progress,high,28.2,39.2,,,,high,deployment
TASK04783,EMP088,PRJ005,2026-01-21,2026-01-29,2026-01-27,completed,high,27.1,36.8,81.8,false,0,high,review
TASK04784,EMP088,PRJ024,2026-02-04,2026-02-13,2026-02-07,completed,urgent,8.0,11.8,86.5,false,0,medium,feature
TASK04785,EMP088,PRJ005,2026-02-07,2026-02-10,2026-02-07,completed,low,4.1,4.8,80.0,false,0,low,feature
TASK04786,EMP088,PRJ024,2026-02-24,2026-03-14,2026-02-26,completed,high,53.9,53.0,87.5,false,0,critical,research
TASK04787,EMP088,PRJ005,2026-04-09,2026-04-13,2026-04-10,completed,high,17.4,18.6,81.4,false,0,medium,research
TASK04788,EMP088,PRJ024,2026-01-14,2026-02-01,,overdue,medium,20.1,27.6,,,,high,bug_fix
TASK04789,EMP088,PRJ024,2026-01-06,2026-01-11,2026-01-10,completed,high,12.5,14.2,79.9,false,0,medium,documentation
TASK04790,EMP088,PRJ024,2026-01-20,2026-02-13,2026-01-22,completed,urgent,39.4,29.8,80.3,false,0,critical,documentation
TASK04791,EMP088,PRJ024,2026-06-15,2026-06-24,2026-06-26,completed,urgent,9.1,8.4,91.1,false,0,medium,testing
TASK04792,EMP088,PRJ005,2026-01-25,2026-01-29,2026-01-27,completed,urgent,6.0,8.2,73.2,false,0,medium,testing
TASK04793,EMP088,PRJ024,2026-03-26,2026-04-08,,overdue,medium,21.8,18.1,,,,high,deployment
TASK04794,EMP088,PRJ024,2026-03-19,2026-03-26,2026-03-23,completed,medium,13.2,10.4,80.7,false,0,medium,bug_fix
TASK04795,EMP088,PRJ005,2026-02-09,2026-02-11,,in_progress,medium,4.6,4.9,,,,low,design
TASK04796,EMP088,PRJ005,2026-01-12,2026-01-21,2026-01-26,completed,medium,8.2,11.5,86.3,true,2,medium,maintenance
TASK04797,EMP088,PRJ005,2026-03-02,2026-03-07,2026-03-06,completed,medium,4.3,3.9,79.7,true,3,low,design
TASK04798,EMP088,PRJ005,2026-05-26,2026-06-04,2026-06-03,completed,high,18.2,22.0,87.1,false,0,medium,design
TASK04799,EMP088,PRJ005,2026-02-05,2026-02-26,2026-03-02,completed,low,29.7,27.5,84.7,false,0,high,feature
TASK04800,EMP088,PRJ024,2026-03-22,2026-03-27,2026-03-24,completed,medium,11.0,9.4,74.7,false,0,medium,maintenance
TASK04801,EMP088,PRJ024,2026-03-08,2026-03-22,2026-03-22,completed,medium,20.2,29.1,73.0,false,0,high,enhancement
TASK04802,EMP088,PRJ024,2026-03-01,2026-03-09,2026-03-01,completed,high,15.4,22.5,90.8,false,0,medium,bug_fix
TASK04803,EMP088,PRJ024,2026-03-04,2026-03-09,2026-03-04,completed,medium,14.7,11.4,90.1,false,0,medium,testing
TASK04804,EMP088,PRJ024,2026-02-23,2026-03-06,2026-03-03,completed,urgent,33.0,36.7,83.4,false,0,high,maintenance
TASK04805,EMP088,PRJ024,2026-04-24,2026-04-26,2026-04-26,completed,urgent,7.1,9.7,95.3,false,0,low,feature
TASK04806,EMP088,PRJ024,2026-04-21,2026-04-25,2026-04-21,completed,medium,16.1,15.1,82.7,false,0,medium,research
TASK04807,EMP088,PRJ024,2026-02-21,2026-03-06,2026-03-04,completed,medium,21.5,17.9,74.6,false,0,high,review
TASK04808,EMP088,PRJ005,2026-01-24,2026-01-30,2026-01-30,completed,low,12.2,8.6,79.4,false,0,medium,maintenance
TASK04809,EMP088,PRJ005,2026-02-09,2026-02-17,2026-02-16,completed,high,12.6,12.9,77.5,true,1,medium,design
TASK04810,EMP088,PRJ005,2026-04-18,2026-04-25,2026-04-19,completed,urgent,13.2,13.9,91.0,false,0,medium,bug_fix
TASK04811,EMP088,PRJ024,2026-04-23,2026-05-01,2026-05-04,completed,medium,27.5,36.4,84.9,false,0,high,enhancement
TASK04812,EMP089,PRJ013,2026-01-28,2026-02-01,,overdue,high,3.9,3.8,,,,low,deployment
TASK04813,EMP089,PRJ013,2026-05-06,2026-05-27,2026-05-28,completed,low,56.7,76.7,77.2,false,0,critical,testing
TASK04814,EMP089,PRJ005,2026-01-23,2026-01-28,,overdue,medium,4.7,6.2,,,,low,research
TASK04815,EMP089,PRJ005,2026-01-26,2026-01-30,,in_progress,high,2.6,2.2,,,,low,testing
TASK04816,EMP089,PRJ005,2026-04-10,2026-04-17,2026-04-13,completed,high,11.8,8.4,69.1,false,0,medium,review
TASK04817,EMP089,PRJ013,2026-06-10,2026-06-14,2026-06-16,completed,high,7.0,10.1,70.2,false,0,low,feature
TASK04818,EMP089,PRJ005,2026-04-11,2026-05-08,2026-04-30,completed,high,33.1,25.8,75.3,false,0,critical,maintenance
TASK04819,EMP089,PRJ013,2026-02-25,2026-02-27,2026-02-28,completed,medium,6.7,8.6,78.1,false,0,low,research
TASK04820,EMP089,PRJ005,2026-03-06,2026-03-08,2026-03-08,completed,high,3.6,3.4,80.6,false,0,low,documentation
TASK04821,EMP089,PRJ013,2026-03-14,2026-03-27,,overdue,urgent,24.5,33.7,,,,high,research
TASK04822,EMP089,PRJ005,2026-05-13,2026-05-17,2026-05-17,completed,low,7.5,9.3,82.6,false,0,low,deployment
TASK04823,EMP089,PRJ013,2026-06-23,2026-07-10,2026-06-26,completed,urgent,28.2,29.0,66.7,false,0,high,review
TASK04824,EMP089,PRJ013,2026-04-29,2026-05-04,2026-05-09,completed,high,7.2,5.8,66.0,false,0,medium,design
TASK04825,EMP089,PRJ005,2026-01-11,2026-01-30,,overdue,urgent,36.9,28.5,,,,critical,research
TASK04826,EMP089,PRJ013,2026-06-08,2026-06-13,2026-06-11,completed,low,6.4,6.7,76.1,false,0,low,documentation
TASK04827,EMP089,PRJ005,2026-04-26,2026-05-10,,overdue,high,33.5,36.7,,,,high,research
TASK04828,EMP089,PRJ005,2026-01-13,2026-01-31,,overdue,urgent,19.4,21.1,,,,high,review
TASK04829,EMP089,PRJ005,2026-04-13,2026-04-19,2026-04-16,completed,medium,17.9,16.3,71.4,false,0,medium,feature
TASK04830,EMP089,PRJ005,2026-01-06,2026-01-09,2026-01-09,completed,medium,3.1,3.8,83.4,false,0,low,review
TASK04831,EMP089,PRJ005,2026-06-22,2026-06-30,,assigned,high,27.0,37.3,,,,high,review
TASK04832,EMP089,PRJ005,2026-05-30,2026-06-12,2026-06-15,completed,low,28.3,29.0,81.8,false,0,high,feature
TASK04833,EMP089,PRJ005,2026-06-14,2026-06-22,2026-06-17,completed,low,14.1,18.1,79.4,false,0,medium,maintenance
TASK04834,EMP089,PRJ005,2026-01-25,2026-02-08,2026-02-01,completed,high,24.0,23.6,72.0,false,0,high,deployment
TASK04835,EMP089,PRJ013,2026-03-19,2026-03-25,2026-03-20,completed,low,12.3,10.9,64.6,false,0,medium,deployment
TASK04836,EMP089,PRJ005,2026-02-27,2026-03-04,2026-03-01,completed,high,6.5,5.7,74.9,false,0,low,deployment
TASK04837,EMP089,PRJ005,2026-01-20,2026-01-27,2026-01-20,completed,low,14.4,16.1,84.3,false,0,medium,review
TASK04838,EMP089,PRJ013,2026-06-13,2026-06-19,2026-06-22,completed,medium,9.6,13.1,80.7,false,0,medium,bug_fix
TASK04839,EMP089,PRJ005,2026-01-30,2026-02-05,2026-02-03,completed,urgent,19.7,18.7,81.7,false,0,medium,testing
TASK04840,EMP089,PRJ005,2026-02-03,2026-02-09,2026-02-10,completed,urgent,12.1,8.9,83.9,false,0,medium,maintenance
TASK04841,EMP089,PRJ005,2026-02-18,2026-02-27,2026-02-20,completed,low,18.2,18.4,78.2,false,0,medium,research
TASK04842,EMP089,PRJ005,2026-04-12,2026-04-15,,in_progress,medium,7.4,10.9,,,,low,maintenance
TASK04843,EMP089,PRJ013,2026-04-19,2026-04-24,,in_progress,high,15.7,17.8,,,,medium,review
TASK04844,EMP089,PRJ005,2026-04-14,2026-04-21,2026-04-23,completed,medium,17.1,20.0,66.7,false,0,high,bug_fix
TASK04845,EMP089,PRJ005,2026-04-08,2026-04-13,2026-04-10,completed,medium,3.2,4.8,84.6,false,0,low,research
TASK04846,EMP089,PRJ005,2026-03-29,2026-03-31,,overdue,high,6.9,8.4,,,,low,enhancement
TASK04847,EMP089,PRJ013,2026-06-22,2026-06-27,,in_progress,low,3.6,3.0,,,,low,documentation
TASK04848,EMP089,PRJ005,2026-01-22,2026-02-20,2026-02-26,completed,medium,51.3,72.4,63.1,false,0,critical,enhancement
TASK04849,EMP089,PRJ013,2026-03-03,2026-03-06,,in_progress,high,5.2,7.6,,,,low,design
TASK04850,EMP089,PRJ005,2026-01-29,2026-02-10,2026-02-10,completed,high,35.0,43.2,61.5,false,0,high,design
TASK04851,EMP089,PRJ013,2026-03-01,2026-03-25,2026-03-16,completed,medium,49.0,73.1,76.9,true,3,critical,deployment
TASK04852,EMP089,PRJ005,2026-01-13,2026-01-22,2026-01-13,completed,urgent,6.0,6.5,66.8,true,2,medium,design
TASK04853,EMP089,PRJ005,2026-05-03,2026-05-13,2026-05-08,completed,low,17.3,14.5,74.4,false,0,medium,review
TASK04854,EMP089,PRJ005,2026-03-12,2026-03-14,,in_progress,high,7.9,6.1,,,,low,deployment
TASK04855,EMP089,PRJ005,2026-01-25,2026-01-30,2026-01-25,completed,medium,3.9,4.4,63.4,false,0,low,bug_fix
TASK04856,EMP089,PRJ013,2026-06-07,2026-06-12,2026-06-08,completed,high,7.4,5.8,74.6,false,0,medium,maintenance
TASK04857,EMP089,PRJ005,2026-04-20,2026-05-11,2026-05-05,completed,medium,28.7,24.5,68.1,false,0,high,review
TASK04858,EMP089,PRJ013,2026-02-09,2026-02-27,,overdue,high,22.6,24.7,,,,high,documentation
TASK04859,EMP089,PRJ013,2026-05-31,2026-06-02,2026-06-01,completed,high,7.2,6.4,82.7,false,0,low,feature
TASK04860,EMP090,PRJ013,2026-02-16,2026-02-22,,overdue,medium,16.8,21.3,,,,medium,review
TASK04861,EMP090,PRJ024,2026-02-15,2026-02-18,,overdue,medium,5.5,4.9,,,,low,enhancement
TASK04862,EMP090,PRJ013,2026-01-22,2026-02-20,,in_progress,high,38.9,34.2,,,,critical,deployment
TASK04863,EMP090,PRJ013,2026-04-23,2026-04-28,2026-04-25,completed,medium,19.2,18.0,51.2,false,0,medium,feature
TASK04864,EMP090,PRJ013,2026-01-21,2026-01-24,,in_progress,low,2.8,2.1,,,,low,research
TASK04865,EMP090,PRJ013,2026-06-19,2026-06-27,2026-06-24,completed,low,13.0,13.1,50.0,false,0,medium,documentation
TASK04866,EMP090,PRJ013,2026-06-20,2026-06-22,2026-06-21,completed,high,6.5,6.6,65.8,false,0,low,feature
TASK04867,EMP090,PRJ024,2026-01-01,2026-01-06,2026-01-10,completed,low,5.3,7.5,62.2,false,0,low,research
TASK04868,EMP090,PRJ024,2026-03-19,2026-03-24,,overdue,high,4.1,5.0,,,,low,documentation
TASK04869,EMP090,PRJ024,2026-02-18,2026-02-21,,overdue,medium,2.1,1.9,,,,low,design
TASK04870,EMP090,PRJ024,2026-01-12,2026-01-20,2026-01-15,completed,high,8.7,6.4,68.2,false,0,medium,deployment
TASK04871,EMP090,PRJ024,2026-02-19,2026-02-22,2026-02-21,completed,urgent,4.3,5.0,61.9,true,3,low,testing
TASK04872,EMP090,PRJ024,2026-02-19,2026-02-24,2026-02-23,completed,urgent,4.7,5.7,50.0,true,1,low,documentation
TASK04873,EMP090,PRJ024,2026-04-09,2026-04-29,2026-04-23,completed,low,34.1,28.6,68.4,false,0,high,maintenance
TASK04874,EMP090,PRJ013,2026-03-18,2026-03-31,,in_progress,medium,34.9,44.6,,,,high,deployment
TASK04875,EMP090,PRJ024,2026-01-12,2026-01-21,2026-01-21,completed,high,8.7,7.2,53.2,false,0,medium,research
TASK04876,EMP090,PRJ024,2026-06-07,2026-06-13,2026-06-19,completed,high,17.0,20.6,57.8,false,0,medium,design
TASK04877,EMP090,PRJ024,2026-04-11,2026-04-26,2026-04-29,completed,low,39.6,50.6,67.9,false,0,high,maintenance
TASK04878,EMP090,PRJ013,2026-06-21,2026-06-30,2026-06-24,completed,high,34.0,33.9,70.2,false,0,high,testing
TASK04879,EMP090,PRJ013,2026-03-07,2026-03-18,2026-03-24,completed,low,26.3,23.5,53.5,false,0,high,bug_fix
TASK04880,EMP090,PRJ024,2026-02-08,2026-03-02,2026-02-16,completed,high,46.4,65.5,52.2,false,0,critical,review
TASK04881,EMP090,PRJ013,2026-03-01,2026-03-30,2026-04-04,completed,urgent,44.6,60.0,65.9,false,0,critical,feature
TASK04882,EMP090,PRJ013,2026-02-18,2026-02-23,,overdue,medium,15.4,12.5,,,,medium,maintenance
TASK04883,EMP090,PRJ013,2026-03-07,2026-03-11,,overdue,medium,17.6,14.3,,,,medium,research
TASK04884,EMP090,PRJ013,2026-01-13,2026-01-20,2026-01-16,completed,medium,8.7,6.8,58.1,false,0,medium,maintenance
TASK04885,EMP090,PRJ013,2026-02-06,2026-03-03,2026-02-21,completed,urgent,58.4,45.6,64.5,false,0,critical,documentation
TASK04886,EMP090,PRJ024,2026-02-23,2026-03-01,,overdue,medium,12.6,18.0,,,,medium,review
TASK04887,EMP090,PRJ013,2026-06-10,2026-06-20,,in_progress,medium,9.6,12.3,,,,medium,review
TASK04888,EMP090,PRJ013,2026-05-03,2026-05-08,2026-05-05,completed,high,9.7,12.8,48.7,false,0,medium,feature
TASK04889,EMP090,PRJ024,2026-01-29,2026-02-02,2026-02-04,completed,low,19.7,14.1,57.5,false,0,medium,review
TASK04890,EMP090,PRJ024,2026-03-08,2026-03-18,,in_progress,high,8.7,10.5,,,,medium,testing
TASK04891,EMP090,PRJ024,2026-05-08,2026-05-11,,overdue,medium,5.2,7.7,,,,low,enhancement
TASK04892,EMP090,PRJ024,2026-05-05,2026-05-07,,overdue,high,4.9,6.5,,,,low,deployment
TASK04893,EMP090,PRJ013,2026-06-08,2026-06-25,2026-07-02,completed,high,32.4,34.5,75.0,false,0,high,research
TASK04894,EMP090,PRJ024,2026-03-20,2026-03-27,2026-03-22,completed,high,10.2,10.1,68.8,false,0,medium,testing
TASK04895,EMP090,PRJ013,2026-05-11,2026-05-14,2026-05-17,completed,medium,7.4,7.8,64.5,false,0,low,testing
TASK04896,EMP090,PRJ013,2026-03-14,2026-03-19,2026-03-14,completed,medium,4.2,5.6,55.4,false,0,low,documentation
TASK04897,EMP090,PRJ024,2026-03-08,2026-03-11,2026-03-08,completed,low,7.3,8.4,60.2,false,0,low,enhancement
TASK04898,EMP090,PRJ024,2026-06-16,2026-07-14,,assigned,urgent,53.4,38.5,,,,critical,maintenance
TASK04899,EMP090,PRJ024,2026-05-23,2026-05-26,,in_progress,high,2.1,2.1,,,,low,enhancement
TASK04900,EMP090,PRJ024,2026-04-26,2026-04-29,2026-04-29,completed,medium,2.4,2.2,73.3,true,3,low,feature
TASK04901,EMP090,PRJ024,2026-06-03,2026-06-17,2026-06-18,completed,medium,28.1,31.3,63.1,false,0,high,bug_fix
TASK04902,EMP090,PRJ013,2026-06-06,2026-06-13,2026-06-15,completed,high,14.0,16.7,60.6,false,0,medium,design
TASK04903,EMP090,PRJ024,2026-05-13,2026-05-15,,overdue,high,7.9,11.6,,,,low,maintenance
TASK04904,EMP090,PRJ013,2026-03-07,2026-03-15,,in_progress,medium,6.0,5.2,,,,medium,research
TASK04905,EMP091,PRJ024,2026-06-05,2026-06-17,2026-06-13,completed,medium,20.7,24.3,84.3,false,0,high,enhancement
TASK04906,EMP091,PRJ024,2026-05-02,2026-05-07,,in_progress,high,7.0,9.7,,,,low,maintenance
TASK04907,EMP091,PRJ024,2026-01-22,2026-01-27,2026-01-27,completed,low,6.4,4.9,89.8,false,0,low,deployment
TASK04908,EMP091,PRJ024,2026-05-15,2026-05-23,2026-05-17,completed,low,13.5,16.0,82.4,false,0,medium,documentation
TASK04909,EMP091,PRJ024,2026-05-31,2026-06-05,2026-06-05,completed,medium,2.3,3.1,88.2,false,0,low,feature
TASK04910,EMP091,PRJ024,2026-02-26,2026-03-07,2026-03-07,completed,high,14.9,16.3,78.2,false,0,medium,review
TASK04911,EMP091,PRJ024,2026-02-17,2026-02-25,,in_progress,medium,14.9,17.7,,,,medium,enhancement
TASK04912,EMP091,PRJ024,2026-02-02,2026-02-09,,in_progress,medium,8.0,11.4,,,,medium,design
TASK04913,EMP091,PRJ024,2026-05-19,2026-05-29,,in_progress,medium,18.2,19.1,,,,medium,research
TASK04914,EMP091,PRJ024,2026-06-12,2026-06-21,2026-06-16,completed,medium,14.3,10.9,89.2,true,2,medium,design
TASK04915,EMP091,PRJ024,2026-01-02,2026-01-09,2026-01-06,completed,high,11.7,9.8,87.2,false,0,medium,testing
TASK04916,EMP091,PRJ024,2026-05-15,2026-05-29,2026-05-27,completed,high,32.2,24.9,85.8,false,0,high,testing
TASK04917,EMP091,PRJ024,2026-06-21,2026-06-26,2026-06-21,completed,urgent,3.8,2.9,78.5,false,0,low,feature
TASK04918,EMP091,PRJ024,2026-04-18,2026-04-25,2026-04-18,completed,low,17.4,15.4,84.1,false,0,medium,design
TASK04919,EMP091,PRJ024,2026-02-17,2026-02-20,2026-02-18,completed,urgent,6.4,9.0,72.5,false,0,low,enhancement
TASK04920,EMP091,PRJ024,2026-04-28,2026-05-02,2026-04-29,completed,high,6.8,9.5,72.3,false,0,low,documentation
TASK04921,EMP091,PRJ024,2026-01-29,2026-02-01,2026-01-30,completed,high,6.5,5.9,71.3,false,0,low,research
TASK04922,EMP091,PRJ024,2026-03-17,2026-03-30,2026-03-19,completed,high,24.2,21.6,76.5,false,0,high,deployment
TASK04923,EMP091,PRJ024,2026-02-17,2026-02-27,,overdue,medium,19.1,16.6,,,,medium,design
TASK04924,EMP091,PRJ024,2026-03-09,2026-03-25,2026-03-10,completed,low,25.1,36.6,81.7,false,0,high,feature
TASK04925,EMP091,PRJ024,2026-02-17,2026-02-22,2026-02-17,completed,medium,4.6,4.1,84.2,true,1,low,research
TASK04926,EMP091,PRJ024,2026-06-22,2026-07-01,,in_progress,high,13.5,15.6,,,,medium,review
TASK04927,EMP091,PRJ024,2026-01-02,2026-01-09,2026-01-06,completed,high,14.7,20.9,82.7,false,0,medium,design
TASK04928,EMP091,PRJ024,2026-04-04,2026-04-12,2026-04-17,completed,urgent,7.0,5.7,90.9,false,0,medium,design
TASK04929,EMP091,PRJ024,2026-04-29,2026-05-03,2026-04-30,completed,low,3.5,3.3,90.9,false,0,low,testing
TASK04930,EMP091,PRJ024,2026-02-06,2026-02-11,2026-02-10,completed,medium,5.6,5.6,87.3,false,0,low,research
TASK04931,EMP091,PRJ024,2026-03-24,2026-04-01,2026-03-28,completed,high,16.0,19.0,74.6,false,0,medium,enhancement
TASK04932,EMP091,PRJ024,2026-05-06,2026-05-15,2026-05-13,completed,urgent,17.2,16.1,82.2,false,0,medium,documentation
TASK04933,EMP091,PRJ024,2026-01-11,2026-01-19,2026-01-23,completed,high,17.8,15.2,91.8,false,0,medium,research
TASK04934,EMP091,PRJ024,2026-02-17,2026-02-19,2026-02-19,completed,high,6.0,6.5,78.5,false,0,low,enhancement
TASK04935,EMP091,PRJ024,2026-03-31,2026-04-04,,overdue,low,14.1,17.3,,,,medium,deployment
TASK04936,EMP091,PRJ024,2026-01-13,2026-02-05,2026-01-29,completed,low,55.3,52.3,75.6,false,0,critical,deployment
TASK04937,EMP091,PRJ024,2026-01-21,2026-01-25,2026-01-21,completed,high,5.1,6.4,84.8,false,0,low,design
TASK04938,EMP091,PRJ024,2026-03-09,2026-03-19,2026-03-14,completed,medium,16.6,12.7,87.1,false,0,medium,testing
TASK04939,EMP091,PRJ024,2026-05-08,2026-05-11,2026-05-09,completed,high,2.4,3.0,76.3,false,0,low,deployment
TASK04940,EMP091,PRJ024,2026-04-28,2026-05-06,2026-05-05,completed,high,31.4,33.1,78.4,false,0,high,research
TASK04941,EMP091,PRJ024,2026-06-09,2026-06-19,2026-06-23,completed,medium,7.9,6.6,80.0,false,0,medium,research
TASK04942,EMP091,PRJ024,2026-01-27,2026-01-31,2026-01-27,completed,low,3.9,5.2,89.4,false,0,low,review
TASK04943,EMP091,PRJ024,2026-06-10,2026-06-17,,in_progress,high,18.3,14.4,,,,medium,maintenance
TASK04944,EMP091,PRJ024,2026-04-21,2026-05-12,2026-05-01,completed,low,46.3,38.2,88.7,false,0,critical,bug_fix
TASK04945,EMP091,PRJ024,2026-01-04,2026-01-24,2026-01-08,completed,high,48.4,53.1,93.6,false,0,critical,maintenance
TASK04946,EMP091,PRJ024,2026-04-29,2026-05-08,2026-05-08,completed,medium,13.9,15.9,82.0,false,0,medium,design
TASK04947,EMP091,PRJ024,2026-02-11,2026-02-19,2026-02-13,completed,medium,11.2,8.7,81.0,false,0,medium,bug_fix
TASK04948,EMP091,PRJ024,2026-03-16,2026-03-18,2026-03-16,completed,medium,6.0,5.5,83.6,false,0,low,review
TASK04949,EMP091,PRJ024,2026-02-10,2026-02-15,,in_progress,low,13.8,10.7,,,,medium,testing
TASK04950,EMP091,PRJ024,2026-03-19,2026-03-27,,in_progress,urgent,19.2,17.5,,,,medium,maintenance
TASK04951,EMP091,PRJ024,2026-01-29,2026-02-07,2026-02-01,completed,low,13.7,18.2,78.6,false,0,medium,deployment
TASK04952,EMP091,PRJ024,2026-02-27,2026-03-19,2026-03-12,completed,high,32.9,28.5,90.8,true,3,high,design
TASK04953,EMP091,PRJ024,2026-06-19,2026-06-27,2026-06-22,completed,medium,8.6,11.2,79.8,false,0,medium,enhancement
TASK04954,EMP091,PRJ024,2026-02-20,2026-03-03,2026-02-26,completed,low,38.3,39.7,80.6,false,0,high,bug_fix
TASK04955,EMP091,PRJ024,2026-04-15,2026-04-24,,overdue,medium,11.8,17.4,,,,medium,testing
TASK04956,EMP091,PRJ024,2026-06-07,2026-06-17,,overdue,medium,7.8,7.2,,,,medium,testing
TASK04957,EMP091,PRJ024,2026-06-04,2026-06-06,2026-06-04,completed,high,6.8,7.3,83.7,false,0,low,maintenance
TASK04958,EMP092,PRJ024,2026-02-27,2026-03-04,2026-03-07,completed,medium,9.0,6.9,76.2,false,0,medium,deployment
TASK04959,EMP092,PRJ024,2026-03-20,2026-04-06,2026-03-27,completed,medium,55.0,80.8,91.5,false,0,critical,maintenance
TASK04960,EMP092,PRJ013,2026-03-23,2026-03-27,2026-03-25,completed,high,19.5,22.1,76.9,false,0,medium,design
TASK04961,EMP092,PRJ024,2026-01-12,2026-01-20,2026-01-26,completed,medium,32.7,34.5,84.0,false,0,high,deployment
TASK04962,EMP092,PRJ013,2026-04-06,2026-04-10,2026-04-06,completed,medium,6.6,5.0,75.0,false,0,medium,design
TASK04963,EMP092,PRJ024,2026-01-30,2026-02-15,2026-02-14,completed,low,33.3,27.9,86.5,false,0,high,testing
TASK04964,EMP092,PRJ013,2026-02-11,2026-02-13,2026-02-17,completed,high,5.6,5.7,74.2,false,0,low,documentation
TASK04965,EMP092,PRJ013,2026-04-16,2026-04-18,2026-04-18,completed,medium,5.7,7.4,92.3,false,0,low,bug_fix
TASK04966,EMP092,PRJ013,2026-03-16,2026-03-20,2026-03-17,completed,high,19.8,29.3,80.7,false,0,medium,feature
TASK04967,EMP092,PRJ024,2026-03-29,2026-04-03,2026-04-05,completed,high,7.5,6.7,77.6,false,0,medium,maintenance
TASK04968,EMP092,PRJ024,2026-05-26,2026-05-30,2026-05-26,completed,low,13.0,12.5,80.1,false,0,medium,research
TASK04969,EMP092,PRJ013,2026-03-31,2026-04-04,2026-03-31,completed,medium,11.2,16.4,81.0,false,0,medium,deployment
TASK04970,EMP092,PRJ013,2026-06-18,2026-06-25,,overdue,medium,15.0,18.6,,,,medium,enhancement
TASK04971,EMP092,PRJ024,2026-03-14,2026-03-16,2026-03-16,completed,low,7.7,9.3,82.1,false,0,low,review
TASK04972,EMP092,PRJ024,2026-05-07,2026-05-10,2026-05-17,completed,medium,5.9,7.9,80.2,true,3,low,bug_fix
TASK04973,EMP092,PRJ013,2026-06-15,2026-06-30,2026-06-28,completed,low,37.3,38.4,80.1,false,0,high,research
TASK04974,EMP092,PRJ024,2026-02-10,2026-02-20,2026-02-15,completed,high,11.4,10.1,81.7,false,0,medium,maintenance
TASK04975,EMP092,PRJ013,2026-03-09,2026-03-23,2026-03-10,completed,medium,35.6,33.6,75.0,false,0,high,testing
TASK04976,EMP092,PRJ024,2026-04-23,2026-04-27,2026-04-27,completed,low,2.3,2.4,92.6,false,0,low,feature
TASK04977,EMP092,PRJ013,2026-02-11,2026-02-17,2026-02-21,completed,medium,12.1,14.0,84.1,false,0,medium,documentation
TASK04978,EMP092,PRJ024,2026-05-31,2026-06-18,2026-06-02,completed,medium,35.8,48.2,90.3,false,0,high,research
TASK04979,EMP092,PRJ024,2026-05-27,2026-05-29,2026-05-29,completed,high,6.8,7.6,86.3,false,0,low,documentation
TASK04980,EMP092,PRJ013,2026-04-11,2026-04-17,2026-04-19,completed,medium,17.2,23.5,80.1,false,0,medium,enhancement
TASK04981,EMP092,PRJ013,2026-01-27,2026-01-30,2026-01-27,completed,low,7.5,10.3,85.4,false,0,low,testing
TASK04982,EMP092,PRJ024,2026-03-29,2026-04-03,2026-03-30,completed,high,5.4,7.0,89.7,false,0,low,design
TASK04983,EMP092,PRJ024,2026-04-18,2026-04-26,2026-04-25,completed,high,18.7,18.7,75.5,false,0,medium,testing
TASK04984,EMP092,PRJ024,2026-05-15,2026-05-19,2026-05-16,completed,medium,5.0,5.9,80.5,false,0,low,review
TASK04985,EMP092,PRJ024,2026-02-19,2026-02-24,2026-02-23,completed,medium,3.8,3.3,91.1,false,0,low,deployment
TASK04986,EMP092,PRJ024,2026-06-17,2026-07-02,2026-07-06,completed,urgent,37.4,39.2,82.9,false,0,critical,deployment
TASK04987,EMP092,PRJ024,2026-04-30,2026-05-03,2026-05-01,completed,high,7.4,7.0,92.0,false,0,low,deployment
TASK04988,EMP092,PRJ024,2026-02-06,2026-02-24,2026-02-09,completed,high,19.0,15.6,88.7,false,0,high,maintenance
TASK04989,EMP092,PRJ024,2026-01-19,2026-02-09,2026-02-01,completed,medium,26.9,33.0,80.9,false,0,high,deployment
TASK04990,EMP092,PRJ024,2026-02-08,2026-02-12,2026-02-09,completed,urgent,2.2,1.6,90.5,false,0,low,design
TASK04991,EMP092,PRJ024,2026-05-06,2026-06-05,,overdue,medium,40.8,29.9,,,,critical,review
TASK04992,EMP092,PRJ024,2026-02-14,2026-02-23,2026-03-01,completed,high,27.0,21.9,83.4,false,0,high,research
TASK04993,EMP092,PRJ024,2026-03-15,2026-03-20,2026-03-20,completed,low,2.9,3.4,86.4,false,0,low,maintenance
TASK04994,EMP092,PRJ024,2026-02-06,2026-02-24,2026-02-17,completed,medium,19.9,20.6,84.7,false,0,high,review
TASK04995,EMP092,PRJ024,2026-06-08,2026-06-11,2026-06-09,completed,medium,6.5,8.2,94.9,false,0,low,maintenance
TASK04996,EMP092,PRJ013,2026-04-27,2026-05-02,2026-05-07,completed,high,7.2,5.6,89.8,false,0,low,feature
TASK04997,EMP092,PRJ024,2026-06-17,2026-07-16,2026-07-08,completed,urgent,41.6,56.7,78.7,false,0,critical,feature
TASK04998,EMP092,PRJ013,2026-04-15,2026-04-17,2026-04-21,completed,high,4.2,4.1,82.4,false,0,low,feature
TASK04999,EMP092,PRJ013,2026-04-27,2026-05-08,2026-05-06,completed,medium,25.3,25.8,93.2,false,0,high,research
TASK05000,EMP092,PRJ024,2026-04-01,2026-04-09,2026-04-07,completed,medium,10.6,13.8,87.7,false,0,medium,documentation
TASK05001,EMP092,PRJ024,2026-04-25,2026-04-30,2026-04-28,completed,urgent,7.8,7.5,85.3,false,0,low,deployment
TASK05002,EMP092,PRJ024,2026-03-04,2026-03-13,2026-03-10,completed,low,37.6,34.1,82.8,false,0,high,bug_fix
TASK05003,EMP092,PRJ024,2026-04-14,2026-04-23,2026-04-23,completed,high,17.3,16.8,86.9,false,0,medium,bug_fix
TASK05004,EMP092,PRJ024,2026-06-11,2026-06-15,,overdue,medium,5.5,8.0,,,,low,bug_fix
TASK05005,EMP092,PRJ013,2026-01-26,2026-02-15,2026-02-02,completed,low,38.2,49.8,96.7,false,0,high,maintenance
TASK05006,EMP092,PRJ024,2026-04-22,2026-04-30,2026-04-29,completed,low,6.4,4.6,69.5,false,0,medium,deployment
TASK05007,EMP092,PRJ013,2026-01-31,2026-02-10,2026-02-09,completed,medium,18.0,22.7,81.5,false,0,high,deployment
TASK05008,EMP093,PRJ003,2026-02-14,2026-02-16,2026-02-15,completed,medium,5.8,6.4,94.1,false,0,low,documentation
TASK05009,EMP093,PRJ003,2026-05-08,2026-05-23,2026-05-09,completed,high,34.0,38.1,89.9,false,0,high,review
TASK05010,EMP093,PRJ003,2026-04-06,2026-04-18,2026-04-24,completed,low,34.3,33.5,81.2,false,0,high,review
TASK05011,EMP093,PRJ003,2026-05-09,2026-06-06,2026-05-12,completed,low,38.9,35.8,92.0,false,0,critical,design
TASK05012,EMP093,PRJ003,2026-03-05,2026-03-13,2026-03-09,completed,high,10.5,12.9,91.8,false,0,medium,bug_fix
TASK05013,EMP093,PRJ003,2026-01-13,2026-01-21,2026-01-16,completed,medium,27.5,33.9,86.6,false,0,high,review
TASK05014,EMP093,PRJ003,2026-02-14,2026-02-17,2026-02-14,completed,medium,7.8,9.2,88.6,false,0,low,enhancement
TASK05015,EMP093,PRJ003,2026-04-14,2026-04-19,,in_progress,high,18.1,22.5,,,,medium,testing
TASK05016,EMP093,PRJ003,2026-01-18,2026-01-25,2026-01-19,completed,medium,19.7,25.4,79.9,false,0,medium,design
TASK05017,EMP093,PRJ003,2026-06-13,2026-06-19,2026-06-15,completed,urgent,19.3,24.9,86.5,false,0,medium,bug_fix
TASK05018,EMP093,PRJ003,2026-05-09,2026-05-13,2026-05-12,completed,high,5.5,7.9,89.1,false,0,low,testing
TASK05019,EMP093,PRJ003,2026-02-01,2026-02-06,2026-02-03,completed,high,4.4,3.1,93.3,false,0,low,testing
TASK05020,EMP093,PRJ003,2026-05-04,2026-05-22,2026-05-04,completed,high,34.6,24.4,78.7,true,2,high,deployment
TASK05021,EMP093,PRJ003,2026-05-05,2026-05-09,2026-05-05,completed,high,6.8,6.2,99.0,false,0,low,testing
TASK05022,EMP093,PRJ003,2026-02-04,2026-02-09,2026-02-09,completed,high,2.3,2.9,81.6,false,0,low,feature
TASK05023,EMP093,PRJ003,2026-05-18,2026-05-27,2026-05-18,completed,high,16.8,12.4,92.3,false,0,high,maintenance
TASK05024,EMP093,PRJ003,2026-06-21,2026-06-24,2026-06-21,completed,medium,6.7,6.6,97.3,false,0,low,maintenance
TASK05025,EMP093,PRJ003,2026-05-05,2026-05-10,2026-05-10,completed,high,15.5,21.5,90.2,false,0,medium,maintenance
TASK05026,EMP093,PRJ003,2026-03-14,2026-03-20,2026-03-14,completed,high,9.0,11.8,89.7,false,0,medium,feature
TASK05027,EMP093,PRJ003,2026-01-19,2026-01-21,2026-01-19,completed,medium,6.9,7.9,91.7,false,0,low,maintenance
TASK05028,EMP093,PRJ003,2026-04-16,2026-05-01,2026-05-01,completed,high,53.8,57.5,89.8,false,0,critical,testing
TASK05029,EMP093,PRJ003,2026-01-14,2026-01-17,2026-01-14,completed,medium,3.9,3.6,88.9,false,0,low,maintenance
TASK05030,EMP093,PRJ003,2026-06-05,2026-06-09,,in_progress,medium,14.2,21.0,,,,medium,enhancement
TASK05031,EMP093,PRJ003,2026-02-28,2026-03-06,2026-03-01,completed,high,18.6,14.6,85.5,false,0,medium,review
TASK05032,EMP093,PRJ003,2026-03-17,2026-03-21,2026-03-20,completed,high,2.5,3.0,84.4,false,0,low,review
TASK05033,EMP093,PRJ003,2026-02-09,2026-02-27,,overdue,medium,36.2,39.1,,,,high,enhancement
TASK05034,EMP093,PRJ003,2026-06-01,2026-06-05,2026-06-05,completed,medium,7.6,5.7,93.6,false,0,low,feature
TASK05035,EMP093,PRJ003,2026-04-24,2026-05-04,2026-05-01,completed,medium,18.4,22.8,98.5,false,0,medium,research
TASK05036,EMP093,PRJ003,2026-05-10,2026-05-15,2026-05-14,completed,medium,3.8,4.8,89.6,false,0,low,bug_fix
TASK05037,EMP093,PRJ003,2026-05-11,2026-05-30,2026-05-22,completed,medium,26.6,25.6,95.2,false,0,high,review
TASK05038,EMP093,PRJ003,2026-05-26,2026-05-31,2026-05-27,completed,high,18.5,15.4,86.2,false,0,medium,maintenance
TASK05039,EMP093,PRJ003,2026-02-10,2026-02-14,2026-02-21,completed,high,6.8,6.9,86.4,false,0,low,documentation
TASK05040,EMP093,PRJ003,2026-01-22,2026-01-25,2026-01-23,completed,high,7.5,10.2,97.2,false,0,low,testing
TASK05041,EMP093,PRJ003,2026-04-03,2026-04-10,2026-04-07,completed,low,11.2,16.4,92.4,false,0,medium,feature
TASK05042,EMP093,PRJ003,2026-03-25,2026-03-29,,in_progress,high,3.5,2.9,,,,low,review
TASK05043,EMP093,PRJ003,2026-05-20,2026-05-24,2026-05-24,completed,medium,15.7,19.6,94.4,false,0,medium,feature
TASK05044,EMP093,PRJ003,2026-02-25,2026-03-01,2026-02-25,completed,low,13.8,19.4,92.7,true,3,medium,enhancement
TASK05045,EMP093,PRJ003,2026-06-06,2026-06-08,,in_progress,medium,5.1,4.7,,,,low,deployment
TASK05046,EMP093,PRJ003,2026-05-05,2026-06-02,2026-05-19,completed,medium,48.3,67.8,92.8,false,0,critical,enhancement
TASK05047,EMP093,PRJ003,2026-02-06,2026-02-11,2026-02-06,completed,low,7.6,6.8,93.0,false,0,medium,design
TASK05048,EMP093,PRJ003,2026-04-23,2026-05-05,2026-05-01,completed,low,35.4,46.9,95.9,false,0,high,feature
TASK05049,EMP093,PRJ003,2026-02-06,2026-02-11,2026-02-08,completed,medium,8.8,7.8,83.7,false,0,medium,bug_fix
TASK05050,EMP093,PRJ003,2026-04-26,2026-05-06,2026-05-03,completed,urgent,12.4,14.3,91.6,false,0,medium,review
TASK05051,EMP093,PRJ003,2026-02-25,2026-03-03,2026-02-28,completed,medium,11.0,10.0,85.2,false,0,medium,research
TASK05052,EMP093,PRJ003,2026-04-05,2026-04-09,2026-04-09,completed,medium,16.9,11.9,95.2,false,0,medium,research
TASK05053,EMP093,PRJ003,2026-05-21,2026-05-26,2026-05-29,completed,medium,13.4,11.3,87.8,false,0,medium,design
TASK05054,EMP093,PRJ003,2026-05-25,2026-06-13,2026-06-11,completed,urgent,44.9,39.1,96.7,false,0,critical,enhancement
TASK05055,EMP093,PRJ003,2026-03-29,2026-04-03,2026-04-06,completed,low,6.8,7.4,82.3,false,0,low,enhancement
TASK05056,EMP093,PRJ003,2026-03-19,2026-03-29,2026-03-24,completed,high,38.1,57.0,83.4,false,0,high,design
TASK05057,EMP093,PRJ003,2026-04-05,2026-04-10,2026-04-08,completed,medium,3.9,4.9,96.7,false,0,low,maintenance
TASK05058,EMP093,PRJ003,2026-02-10,2026-02-24,2026-02-12,completed,high,35.3,29.6,91.0,false,0,high,feature
TASK05059,EMP093,PRJ003,2026-05-21,2026-05-25,2026-05-23,completed,medium,4.7,4.2,88.3,false,0,low,documentation
TASK05060,EMP093,PRJ003,2026-03-04,2026-04-02,,in_progress,medium,42.7,41.0,,,,critical,documentation
TASK05061,EMP093,PRJ003,2026-03-10,2026-03-30,,in_progress,low,51.9,47.3,,,,critical,research
TASK05062,EMP093,PRJ003,2026-01-23,2026-02-10,2026-02-05,completed,urgent,30.1,25.2,81.9,true,2,high,research
TASK05063,EMP093,PRJ003,2026-02-15,2026-02-19,2026-02-16,completed,urgent,6.8,8.5,82.0,false,0,low,documentation
TASK05064,EMP093,PRJ003,2026-05-20,2026-05-29,,overdue,high,14.6,19.7,,,,medium,documentation
TASK05065,EMP093,PRJ003,2026-01-14,2026-01-21,2026-01-21,completed,urgent,8.1,7.6,90.1,false,0,medium,enhancement
TASK05066,EMP093,PRJ003,2026-02-27,2026-03-26,2026-03-21,completed,medium,38.0,46.1,87.4,false,0,critical,review
TASK05067,EMP094,PRJ016,2026-03-05,2026-03-14,2026-03-08,completed,low,12.4,11.5,95.6,false,0,medium,deployment
TASK05068,EMP094,PRJ016,2026-04-19,2026-04-24,2026-04-20,completed,medium,4.8,6.1,94.7,false,0,low,enhancement
TASK05069,EMP094,PRJ016,2026-03-08,2026-03-16,2026-03-11,completed,urgent,35.0,39.2,88.2,false,0,high,enhancement
TASK05070,EMP094,PRJ016,2026-01-09,2026-01-13,2026-01-09,completed,low,3.1,3.8,80.3,true,3,low,design
TASK05071,EMP094,PRJ016,2026-05-27,2026-06-01,2026-05-29,completed,low,6.3,7.0,94.2,false,0,medium,research
TASK05072,EMP094,PRJ016,2026-06-13,2026-06-22,2026-06-23,completed,medium,18.7,25.2,86.6,false,0,medium,review
TASK05073,EMP094,PRJ016,2026-02-04,2026-02-09,2026-02-06,completed,medium,7.5,9.4,88.5,false,0,low,design
TASK05074,EMP094,PRJ016,2026-04-28,2026-05-12,2026-05-03,completed,high,38.4,54.2,90.2,false,0,critical,testing
TASK05075,EMP094,PRJ016,2026-03-09,2026-03-17,2026-03-15,completed,medium,16.5,23.5,82.0,false,0,medium,review
TASK05076,EMP094,PRJ016,2026-02-08,2026-02-12,2026-02-09,completed,medium,4.9,4.2,80.7,false,0,low,bug_fix
TASK05077,EMP094,PRJ016,2026-05-18,2026-05-21,2026-05-19,completed,high,2.5,2.7,94.1,false,0,low,feature
TASK05078,EMP094,PRJ016,2026-04-12,2026-04-15,2026-04-15,completed,medium,7.1,10.5,99.4,false,0,low,enhancement
TASK05079,EMP094,PRJ016,2026-04-30,2026-05-03,2026-05-02,completed,high,4.9,6.1,96.1,false,0,low,deployment
TASK05080,EMP094,PRJ016,2026-05-02,2026-05-06,2026-05-03,completed,high,6.1,6.0,92.3,false,0,low,feature
TASK05081,EMP094,PRJ016,2026-03-05,2026-03-10,,in_progress,medium,6.3,7.7,,,,low,design
TASK05082,EMP094,PRJ016,2026-01-28,2026-02-01,2026-01-29,completed,low,13.7,11.4,96.7,false,0,medium,bug_fix
TASK05083,EMP094,PRJ016,2026-03-05,2026-03-14,2026-03-13,completed,medium,19.5,18.3,92.1,false,0,medium,maintenance
TASK05084,EMP094,PRJ016,2026-01-01,2026-01-03,2026-01-03,completed,medium,3.7,4.9,91.0,false,0,low,review
TASK05085,EMP094,PRJ016,2026-05-03,2026-05-05,2026-05-04,completed,high,4.2,3.1,84.7,false,0,low,documentation
TASK05086,EMP094,PRJ016,2026-04-05,2026-04-09,2026-04-05,completed,medium,5.8,7.3,87.6,false,0,low,bug_fix
TASK05087,EMP094,PRJ016,2026-06-19,2026-06-25,2026-06-20,completed,medium,10.1,8.9,93.3,false,0,medium,review
TASK05088,EMP094,PRJ016,2026-05-01,2026-05-11,2026-05-03,completed,medium,7.6,8.8,83.7,false,0,medium,research
TASK05089,EMP094,PRJ016,2026-02-11,2026-02-20,2026-02-14,completed,low,12.0,11.8,83.4,false,0,medium,maintenance
TASK05090,EMP094,PRJ016,2026-04-19,2026-04-23,,in_progress,high,6.6,7.5,,,,medium,deployment
TASK05091,EMP094,PRJ016,2026-06-22,2026-06-28,2026-06-25,completed,medium,17.3,25.7,84.3,false,0,medium,review
TASK05092,EMP094,PRJ016,2026-06-15,2026-07-06,2026-06-16,completed,medium,32.1,44.5,90.4,false,0,high,enhancement
TASK05093,EMP094,PRJ016,2026-05-21,2026-05-28,,overdue,high,18.5,23.6,,,,medium,feature
TASK05094,EMP094,PRJ016,2026-04-01,2026-04-05,2026-04-05,completed,medium,9.3,8.2,95.6,false,0,medium,maintenance
TASK05095,EMP094,PRJ016,2026-02-02,2026-02-04,2026-02-03,completed,high,4.8,7.1,82.9,false,0,low,testing
TASK05096,EMP094,PRJ016,2026-05-12,2026-05-14,2026-05-12,completed,medium,7.3,10.7,92.3,false,0,low,testing
TASK05097,EMP094,PRJ016,2026-05-08,2026-05-18,2026-05-13,completed,low,14.2,18.2,90.1,false,0,medium,bug_fix
TASK05098,EMP094,PRJ016,2026-06-07,2026-06-10,2026-06-08,completed,medium,4.4,3.2,89.9,false,0,low,enhancement
TASK05099,EMP094,PRJ016,2026-03-29,2026-04-08,2026-03-29,completed,high,14.6,18.7,87.3,false,0,medium,bug_fix
TASK05100,EMP094,PRJ016,2026-04-25,2026-05-15,2026-05-14,completed,urgent,33.0,24.2,88.7,false,0,high,documentation
TASK05101,EMP094,PRJ016,2026-06-14,2026-06-17,,in_progress,medium,5.0,4.3,,,,low,testing
TASK05102,EMP094,PRJ016,2026-03-12,2026-04-06,2026-03-30,completed,medium,55.4,44.0,93.6,false,0,critical,review
TASK05103,EMP094,PRJ016,2026-01-03,2026-01-07,2026-01-05,completed,medium,2.0,2.5,85.9,false,0,low,design
TASK05104,EMP094,PRJ016,2026-03-15,2026-03-23,2026-03-16,completed,high,17.0,17.4,81.5,false,0,medium,feature
TASK05105,EMP094,PRJ016,2026-04-01,2026-04-06,2026-04-01,completed,medium,14.4,14.6,87.2,false,0,medium,bug_fix
TASK05106,EMP094,PRJ016,2026-03-02,2026-03-09,2026-03-03,completed,medium,17.0,22.9,94.2,false,0,medium,bug_fix
TASK05107,EMP094,PRJ016,2026-03-27,2026-04-03,2026-03-28,completed,medium,15.9,11.8,94.1,false,0,medium,testing
TASK05108,EMP094,PRJ016,2026-05-18,2026-05-26,2026-05-19,completed,high,17.0,16.1,97.5,false,0,medium,maintenance
TASK05109,EMP094,PRJ016,2026-03-22,2026-03-25,2026-03-24,completed,urgent,3.4,2.8,94.4,false,0,low,feature
TASK05110,EMP094,PRJ016,2026-02-02,2026-02-06,2026-02-02,completed,medium,5.5,8.0,85.6,false,0,low,bug_fix
TASK05111,EMP094,PRJ016,2026-04-03,2026-04-07,2026-04-06,completed,high,11.3,11.7,95.3,false,0,medium,maintenance
TASK05112,EMP094,PRJ016,2026-05-15,2026-05-18,2026-05-17,completed,high,7.9,9.6,97.1,false,0,low,design
TASK05113,EMP094,PRJ016,2026-03-30,2026-04-18,2026-04-05,completed,medium,24.7,26.4,82.5,false,0,high,testing
TASK05114,EMP094,PRJ016,2026-04-30,2026-05-07,2026-05-03,completed,medium,19.7,18.6,87.5,false,0,medium,research
TASK05115,EMP094,PRJ016,2026-04-06,2026-04-11,2026-04-11,completed,high,6.5,7.0,90.8,false,0,low,research
TASK05116,EMP094,PRJ016,2026-04-06,2026-04-12,2026-04-08,completed,high,17.3,14.9,93.6,false,0,medium,testing
TASK05117,EMP094,PRJ016,2026-03-05,2026-04-02,2026-03-20,completed,medium,54.8,47.1,95.7,false,0,critical,documentation
TASK05118,EMP094,PRJ016,2026-01-27,2026-02-11,2026-02-03,completed,low,55.5,44.4,91.8,false,0,critical,research
TASK05119,EMP094,PRJ016,2026-04-21,2026-04-24,,overdue,high,4.9,3.5,,,,low,deployment
TASK05120,EMP094,PRJ016,2026-02-09,2026-02-27,2026-02-14,completed,medium,21.1,31.1,85.8,false,0,high,enhancement
TASK05121,EMP094,PRJ016,2026-06-10,2026-06-12,,in_progress,urgent,2.7,3.0,,,,low,feature
TASK05122,EMP094,PRJ016,2026-03-27,2026-04-15,2026-04-10,completed,urgent,20.8,16.3,84.3,false,0,high,documentation
TASK05123,EMP095,PRJ016,2026-06-03,2026-06-12,2026-06-12,completed,low,13.2,14.7,76.6,false,0,medium,testing
TASK05124,EMP095,PRJ003,2026-03-02,2026-03-19,2026-03-02,completed,high,49.6,41.8,73.1,false,0,critical,feature
TASK05125,EMP095,PRJ003,2026-06-21,2026-06-30,2026-06-25,completed,medium,20.7,21.9,82.9,false,0,high,documentation
TASK05126,EMP095,PRJ003,2026-02-02,2026-02-06,2026-02-03,completed,high,7.8,6.8,80.4,true,2,low,deployment
TASK05127,EMP095,PRJ016,2026-06-08,2026-06-18,2026-06-17,completed,medium,10.0,13.2,95.6,false,0,medium,feature
TASK05128,EMP095,PRJ003,2026-04-01,2026-04-04,2026-04-01,completed,low,3.9,5.3,88.8,false,0,low,documentation
TASK05129,EMP095,PRJ016,2026-03-11,2026-03-16,2026-03-12,completed,medium,19.9,18.1,75.1,false,0,medium,maintenance
TASK05130,EMP095,PRJ016,2026-03-19,2026-03-27,2026-03-26,completed,medium,17.3,16.1,73.7,false,0,medium,maintenance
TASK05131,EMP095,PRJ027,2026-02-05,2026-02-22,2026-02-08,completed,medium,57.3,70.2,73.4,false,0,critical,maintenance
TASK05132,EMP095,PRJ016,2026-01-20,2026-01-26,2026-01-20,completed,high,12.6,18.3,86.9,false,0,medium,enhancement
TASK05133,EMP095,PRJ027,2026-05-19,2026-05-31,2026-05-29,completed,urgent,36.9,53.3,87.0,false,0,high,review
TASK05134,EMP095,PRJ027,2026-02-27,2026-03-02,2026-02-28,completed,high,6.3,4.5,94.5,false,0,low,documentation
TASK05135,EMP095,PRJ003,2026-01-19,2026-02-09,2026-02-05,completed,medium,57.2,52.6,81.4,false,0,critical,research
TASK05136,EMP095,PRJ027,2026-03-13,2026-03-17,2026-03-16,completed,high,11.7,11.5,89.8,false,0,medium,research
TASK05137,EMP095,PRJ016,2026-01-17,2026-01-22,2026-01-22,completed,high,18.8,16.0,91.1,false,0,medium,design
TASK05138,EMP095,PRJ016,2026-05-31,2026-06-10,2026-06-04,completed,high,8.1,6.8,80.0,true,3,medium,documentation
TASK05139,EMP095,PRJ016,2026-05-23,2026-06-02,2026-06-01,completed,high,39.7,48.9,89.0,false,0,high,maintenance
TASK05140,EMP095,PRJ016,2026-03-21,2026-03-26,2026-03-22,completed,high,13.3,15.4,73.7,false,0,medium,feature
TASK05141,EMP095,PRJ003,2026-05-28,2026-06-20,2026-06-20,completed,medium,55.5,81.7,82.5,false,0,critical,deployment
TASK05142,EMP095,PRJ003,2026-03-26,2026-04-10,2026-03-31,completed,high,51.4,51.1,75.0,false,0,critical,research
TASK05143,EMP095,PRJ016,2026-02-09,2026-02-13,2026-02-14,completed,medium,5.7,7.5,83.3,false,0,low,research
TASK05144,EMP095,PRJ027,2026-05-18,2026-06-13,2026-05-31,completed,urgent,30.5,26.3,78.6,false,0,critical,documentation
TASK05145,EMP095,PRJ003,2026-03-02,2026-03-10,2026-03-07,completed,high,9.0,7.8,78.7,false,0,medium,feature
TASK05146,EMP095,PRJ003,2026-01-02,2026-01-10,,overdue,medium,10.3,12.6,,,,medium,testing
TASK05147,EMP095,PRJ027,2026-02-17,2026-02-22,2026-02-17,completed,high,6.7,5.7,81.4,false,0,low,review
TASK05148,EMP095,PRJ016,2026-04-14,2026-04-18,2026-04-19,completed,high,7.1,7.9,87.2,true,2,low,feature
TASK05149,EMP095,PRJ027,2026-04-17,2026-04-25,2026-04-23,completed,high,8.5,8.7,86.2,false,0,medium,enhancement
TASK05150,EMP095,PRJ027,2026-01-11,2026-02-01,2026-01-24,completed,medium,34.8,41.3,87.6,false,0,high,enhancement
TASK05151,EMP095,PRJ016,2026-06-05,2026-06-09,2026-06-06,completed,urgent,19.7,14.4,84.8,false,0,medium,research
TASK05152,EMP095,PRJ016,2026-01-14,2026-01-19,2026-01-21,completed,medium,3.2,4.3,82.7,false,0,low,design
TASK05153,EMP095,PRJ003,2026-02-12,2026-02-16,,overdue,high,3.1,4.0,,,,low,maintenance
TASK05154,EMP095,PRJ003,2026-04-03,2026-04-30,2026-05-03,completed,high,39.9,47.1,79.2,false,0,critical,review
TASK05155,EMP095,PRJ027,2026-02-05,2026-02-09,2026-02-16,completed,high,6.4,8.0,85.2,true,3,medium,feature
TASK05156,EMP095,PRJ003,2026-03-21,2026-03-31,2026-03-29,completed,medium,18.9,16.5,86.0,false,0,medium,testing
TASK05157,EMP095,PRJ016,2026-04-23,2026-04-29,2026-04-26,completed,medium,11.8,9.0,83.1,false,0,medium,deployment
TASK05158,EMP095,PRJ003,2026-05-07,2026-05-16,2026-05-11,completed,low,6.5,9.5,80.2,false,0,medium,design
TASK05159,EMP095,PRJ016,2026-01-13,2026-01-19,2026-01-14,completed,high,7.3,10.3,82.0,false,0,medium,documentation
TASK05160,EMP095,PRJ027,2026-01-16,2026-01-20,2026-01-21,completed,low,2.8,2.3,83.8,false,0,low,documentation
TASK05161,EMP095,PRJ027,2026-04-02,2026-04-22,2026-04-19,completed,urgent,20.6,28.1,75.7,false,0,high,design
TASK05162,EMP095,PRJ027,2026-02-14,2026-02-19,,in_progress,high,16.7,14.0,,,,medium,enhancement
TASK05163,EMP095,PRJ027,2026-03-03,2026-03-13,2026-03-13,completed,high,13.7,14.0,96.2,false,0,medium,testing
TASK05164,EMP095,PRJ016,2026-02-04,2026-02-08,,in_progress,high,8.0,8.7,,,,medium,testing
TASK05165,EMP095,PRJ003,2026-05-23,2026-06-09,2026-06-08,completed,high,33.6,23.8,83.0,false,0,high,feature
TASK05166,EMP095,PRJ027,2026-01-31,2026-02-03,2026-02-03,completed,medium,5.9,5.3,86.2,false,0,low,maintenance
TASK05167,EMP095,PRJ016,2026-02-18,2026-02-21,2026-02-21,completed,medium,3.3,4.3,82.5,false,0,low,review
TASK05168,EMP095,PRJ016,2026-04-02,2026-04-04,2026-04-03,completed,low,2.3,1.9,77.9,false,0,low,review
TASK05169,EMP095,PRJ016,2026-05-25,2026-06-01,2026-06-01,completed,medium,8.2,9.3,85.1,false,0,medium,design
TASK05170,EMP095,PRJ003,2026-02-11,2026-02-16,2026-02-16,completed,high,14.1,15.1,84.7,false,0,medium,design
TASK05171,EMP095,PRJ016,2026-02-19,2026-03-01,2026-02-27,completed,low,20.5,30.4,88.9,false,0,high,feature
TASK05172,EMP095,PRJ027,2026-04-21,2026-04-30,2026-04-25,completed,medium,11.4,10.0,78.9,false,0,medium,enhancement
TASK05173,EMP095,PRJ003,2026-04-10,2026-04-15,2026-04-11,completed,high,4.8,4.8,93.5,false,0,low,deployment
TASK05174,EMP095,PRJ016,2026-02-16,2026-03-03,2026-02-21,completed,high,37.8,27.9,94.3,false,0,critical,bug_fix
TASK05175,EMP095,PRJ016,2026-03-24,2026-03-28,2026-03-26,completed,medium,8.9,7.6,84.7,false,0,medium,documentation
TASK05176,EMP095,PRJ003,2026-05-15,2026-05-18,,overdue,medium,6.3,8.0,,,,low,design
TASK05177,EMP095,PRJ016,2026-03-01,2026-03-11,2026-03-17,completed,medium,18.0,15.3,85.5,false,0,medium,documentation
TASK05178,EMP095,PRJ016,2026-03-24,2026-04-02,2026-04-01,completed,high,13.9,13.5,79.3,false,0,medium,enhancement
TASK05179,EMP095,PRJ016,2026-05-04,2026-05-20,2026-05-06,completed,high,52.8,72.1,84.0,false,0,critical,testing
TASK05180,EMP095,PRJ027,2026-05-31,2026-06-04,2026-06-01,completed,high,5.5,7.1,88.4,false,0,low,design
TASK05181,EMP095,PRJ016,2026-01-02,2026-01-04,2026-01-02,completed,medium,4.4,6.0,80.8,false,0,low,design
TASK05182,EMP095,PRJ027,2026-02-16,2026-02-26,2026-02-21,completed,low,12.7,11.4,74.1,true,1,medium,design
TASK05183,EMP095,PRJ016,2026-01-24,2026-02-03,2026-01-28,completed,high,16.7,21.5,86.6,false,0,medium,deployment
TASK05184,EMP095,PRJ016,2026-03-05,2026-03-26,2026-03-14,completed,urgent,54.7,55.5,75.6,false,0,critical,enhancement
TASK05185,EMP096,PRJ003,2026-02-02,2026-02-07,,overdue,low,17.6,17.0,,,,medium,bug_fix
TASK05186,EMP096,PRJ003,2026-03-25,2026-03-28,,overdue,medium,5.1,5.7,,,,low,maintenance
TASK05187,EMP096,PRJ003,2026-03-21,2026-03-28,2026-03-30,completed,low,7.2,5.7,75.8,false,0,medium,research
TASK05188,EMP096,PRJ003,2026-01-19,2026-01-31,,in_progress,medium,16.2,16.8,,,,high,research
TASK05189,EMP096,PRJ003,2026-05-09,2026-05-14,2026-05-12,completed,medium,3.5,2.7,68.5,false,0,low,research
TASK05190,EMP096,PRJ003,2026-03-19,2026-03-21,,overdue,medium,4.1,5.7,,,,low,documentation
TASK05191,EMP096,PRJ027,2026-01-22,2026-02-16,2026-02-15,completed,high,33.1,40.4,52.1,false,0,critical,enhancement
TASK05192,EMP096,PRJ003,2026-01-25,2026-01-27,2026-01-27,completed,high,6.9,6.2,66.8,false,0,low,feature
TASK05193,EMP096,PRJ027,2026-01-11,2026-01-22,2026-01-11,completed,medium,24.2,19.3,72.9,false,0,high,review
TASK05194,EMP096,PRJ003,2026-01-15,2026-01-27,,in_progress,low,24.2,18.5,,,,high,maintenance
TASK05195,EMP096,PRJ003,2026-06-16,2026-06-22,2026-06-23,completed,high,10.6,8.7,53.0,true,3,medium,feature
TASK05196,EMP096,PRJ027,2026-06-05,2026-06-16,,overdue,low,38.9,55.2,,,,high,research
TASK05197,EMP096,PRJ003,2026-05-29,2026-06-05,2026-06-09,completed,medium,11.7,17.4,59.9,false,0,medium,feature
TASK05198,EMP096,PRJ027,2026-05-05,2026-05-11,2026-05-07,completed,medium,17.3,24.6,60.3,false,0,medium,bug_fix
TASK05199,EMP096,PRJ027,2026-04-23,2026-04-27,2026-04-27,completed,medium,8.5,11.5,65.1,false,0,medium,documentation
TASK05200,EMP096,PRJ027,2026-01-08,2026-01-20,,overdue,high,17.5,21.8,,,,high,deployment
TASK05201,EMP096,PRJ027,2026-02-26,2026-03-02,,overdue,medium,4.6,5.8,,,,low,review
TASK05202,EMP096,PRJ003,2026-04-03,2026-04-20,,in_progress,low,23.3,18.5,,,,high,design
TASK05203,EMP096,PRJ027,2026-04-04,2026-04-14,,overdue,low,16.1,14.1,,,,medium,bug_fix
TASK05204,EMP096,PRJ003,2026-05-04,2026-05-08,2026-05-09,completed,low,18.0,16.7,62.4,false,0,medium,maintenance
TASK05205,EMP096,PRJ003,2026-05-17,2026-05-22,2026-05-21,completed,medium,7.5,9.7,48.6,true,2,low,bug_fix
TASK05206,EMP096,PRJ003,2026-02-16,2026-03-11,2026-03-07,completed,low,49.8,37.5,64.1,false,0,critical,design
TASK05207,EMP096,PRJ003,2026-03-10,2026-03-15,,in_progress,urgent,7.2,6.8,,,,medium,design
TASK05208,EMP096,PRJ003,2026-04-23,2026-05-03,,overdue,medium,16.7,12.1,,,,high,bug_fix
TASK05209,EMP096,PRJ027,2026-01-04,2026-01-09,,in_progress,low,11.6,11.2,,,,medium,deployment
TASK05210,EMP096,PRJ027,2026-06-11,2026-07-02,2026-07-06,completed,low,24.5,26.5,58.8,false,0,high,testing
TASK05211,EMP096,PRJ003,2026-03-04,2026-03-14,,in_progress,urgent,20.6,18.1,,,,high,documentation
TASK05212,EMP096,PRJ027,2026-05-27,2026-05-31,,overdue,low,3.7,4.3,,,,low,maintenance
TASK05213,EMP096,PRJ003,2026-04-07,2026-04-17,,in_progress,low,20.4,26.3,,,,high,research
TASK05214,EMP096,PRJ003,2026-02-17,2026-03-08,2026-02-26,completed,medium,19.6,28.2,50.4,false,0,high,review
TASK05215,EMP096,PRJ027,2026-01-01,2026-01-04,2026-01-01,completed,high,7.3,8.8,53.1,false,0,low,bug_fix
TASK05216,EMP096,PRJ027,2026-04-20,2026-04-28,2026-04-24,completed,medium,21.6,24.4,49.4,false,0,high,review
TASK05217,EMP096,PRJ003,2026-03-11,2026-04-09,2026-04-13,completed,low,48.4,45.4,61.3,false,0,critical,feature
TASK05218,EMP096,PRJ003,2026-04-07,2026-05-04,,overdue,medium,47.1,67.3,,,,critical,documentation
TASK05219,EMP096,PRJ027,2026-04-05,2026-04-12,2026-04-07,completed,high,8.0,8.7,62.1,false,0,medium,design
TASK05220,EMP096,PRJ027,2026-03-25,2026-03-29,,overdue,medium,5.4,6.3,,,,low,research
TASK05221,EMP096,PRJ027,2026-03-30,2026-04-07,2026-03-31,completed,medium,7.3,8.2,52.6,false,0,medium,review
TASK05222,EMP096,PRJ003,2026-05-26,2026-05-30,2026-06-03,completed,low,14.1,16.6,60.9,true,2,medium,feature
TASK05223,EMP096,PRJ003,2026-01-08,2026-01-13,,in_progress,medium,6.9,5.0,,,,medium,maintenance
TASK05224,EMP096,PRJ027,2026-04-25,2026-04-29,,in_progress,low,2.8,3.5,,,,low,research
TASK05225,EMP096,PRJ003,2026-04-13,2026-04-16,2026-04-14,completed,medium,6.0,4.7,70.8,false,0,low,enhancement
TASK05226,EMP096,PRJ027,2026-02-22,2026-02-28,,overdue,medium,18.0,13.2,,,,medium,enhancement
TASK05227,EMP096,PRJ003,2026-03-15,2026-04-04,2026-03-19,completed,medium,38.4,31.4,55.6,false,0,high,feature
TASK05228,EMP096,PRJ027,2026-05-18,2026-05-20,2026-05-18,completed,high,7.6,7.6,48.4,false,0,low,review
TASK05229,EMP096,PRJ027,2026-01-10,2026-01-18,,overdue,urgent,14.5,14.1,,,,medium,maintenance
TASK05230,EMP096,PRJ003,2026-06-04,2026-06-20,2026-06-09,completed,urgent,58.5,54.6,52.2,false,0,critical,feature
TASK05231,EMP096,PRJ003,2026-01-20,2026-01-23,2026-01-22,completed,low,2.6,2.0,60.0,true,1,low,design
TASK05232,EMP096,PRJ027,2026-01-18,2026-02-01,2026-01-19,completed,medium,59.4,55.8,73.1,false,0,critical,enhancement
TASK05233,EMP096,PRJ027,2026-04-24,2026-04-30,,overdue,low,14.3,16.4,,,,medium,deployment
TASK05234,EMP096,PRJ027,2026-05-28,2026-06-02,2026-05-30,completed,low,3.9,4.7,67.0,true,3,low,review
TASK05235,EMP096,PRJ003,2026-01-02,2026-01-11,,overdue,urgent,15.0,12.6,,,,medium,maintenance
TASK05236,EMP096,PRJ027,2026-02-18,2026-03-05,,overdue,medium,16.8,24.8,,,,high,testing
TASK05237,EMP096,PRJ027,2026-06-05,2026-06-11,,in_progress,medium,17.6,17.2,,,,medium,documentation
TASK05238,EMP096,PRJ027,2026-05-24,2026-06-01,,in_progress,medium,12.7,11.4,,,,medium,documentation
TASK05239,EMP096,PRJ003,2026-05-21,2026-05-31,,in_progress,urgent,19.5,22.2,,,,medium,maintenance
TASK05240,EMP096,PRJ027,2026-03-25,2026-03-27,,overdue,low,4.1,4.3,,,,low,testing
TASK05241,EMP096,PRJ003,2026-04-24,2026-04-26,2026-05-01,completed,low,6.1,7.3,67.6,true,2,low,design
TASK05242,EMP097,PRJ003,2026-03-08,2026-03-12,2026-03-09,completed,low,8.0,9.9,85.3,false,0,medium,research
TASK05243,EMP097,PRJ003,2026-05-13,2026-05-21,2026-05-20,completed,low,12.2,10.5,87.9,false,0,medium,design
TASK05244,EMP097,PRJ003,2026-02-20,2026-02-24,2026-02-23,completed,high,5.4,7.9,91.9,false,0,low,review
TASK05245,EMP097,PRJ003,2026-03-12,2026-03-23,2026-03-22,completed,low,33.9,36.6,100.0,false,0,high,deployment
TASK05246,EMP097,PRJ003,2026-04-11,2026-04-29,2026-04-17,completed,medium,54.5,49.8,91.0,false,0,critical,documentation
TASK05247,EMP097,PRJ003,2026-04-09,2026-04-21,2026-04-21,completed,high,35.5,51.7,96.0,false,0,high,bug_fix
TASK05248,EMP097,PRJ003,2026-04-17,2026-04-25,2026-04-17,completed,high,9.8,9.0,91.8,false,0,medium,design
TASK05249,EMP097,PRJ003,2026-05-16,2026-05-22,2026-05-19,completed,low,17.8,16.1,98.1,false,0,medium,maintenance
TASK05250,EMP097,PRJ003,2026-03-19,2026-03-28,2026-03-25,completed,medium,14.8,17.3,94.1,false,0,medium,deployment
TASK05251,EMP097,PRJ003,2026-04-13,2026-04-30,2026-04-14,completed,high,22.3,16.2,81.4,false,0,high,research
TASK05252,EMP097,PRJ003,2026-05-22,2026-06-13,2026-06-18,completed,urgent,56.2,79.2,94.6,false,0,critical,feature
TASK05253,EMP097,PRJ003,2026-03-23,2026-03-25,2026-03-23,completed,medium,3.8,5.4,91.0,false,0,low,maintenance
TASK05254,EMP097,PRJ003,2026-01-15,2026-01-17,2026-01-16,completed,high,3.4,4.3,84.4,false,0,low,design
TASK05255,EMP097,PRJ003,2026-05-17,2026-05-24,2026-05-18,completed,urgent,8.9,11.6,83.3,false,0,medium,documentation
TASK05256,EMP097,PRJ003,2026-03-26,2026-04-06,2026-04-02,completed,medium,17.6,23.8,93.1,false,0,high,feature
TASK05257,EMP097,PRJ003,2026-04-20,2026-04-25,2026-04-24,completed,high,18.3,26.3,90.5,false,0,medium,research
TASK05258,EMP097,PRJ003,2026-01-12,2026-01-15,2026-01-15,completed,medium,7.2,6.1,95.5,false,0,low,documentation
TASK05259,EMP097,PRJ003,2026-04-07,2026-04-10,2026-04-10,completed,medium,5.6,5.0,94.5,false,0,low,enhancement
TASK05260,EMP097,PRJ003,2026-05-18,2026-06-04,2026-06-04,completed,high,19.6,23.6,94.3,false,0,high,review
TASK05261,EMP097,PRJ003,2026-01-30,2026-02-13,2026-02-13,completed,medium,36.2,31.4,81.8,false,0,high,research
TASK05262,EMP097,PRJ003,2026-03-03,2026-03-07,,in_progress,low,2.3,3.4,,,,low,enhancement
TASK05263,EMP097,PRJ003,2026-05-27,2026-06-03,2026-06-02,completed,urgent,18.0,24.3,82.6,false,0,medium,feature
TASK05264,EMP097,PRJ003,2026-02-09,2026-02-16,2026-02-13,completed,urgent,19.4,19.7,95.4,false,0,high,review
TASK05265,EMP097,PRJ003,2026-06-12,2026-07-03,2026-06-14,completed,urgent,31.1,29.9,90.1,false,0,high,feature
TASK05266,EMP097,PRJ003,2026-04-03,2026-04-06,2026-04-05,completed,medium,3.7,2.7,86.4,false,0,low,documentation
TASK05267,EMP097,PRJ003,2026-01-08,2026-01-11,2026-01-09,completed,low,4.4,4.4,83.6,false,0,low,bug_fix
TASK05268,EMP097,PRJ003,2026-03-13,2026-03-20,2026-03-18,completed,medium,18.2,21.8,98.6,false,0,medium,bug_fix
TASK05269,EMP097,PRJ003,2026-03-05,2026-03-10,2026-03-08,completed,high,7.1,10.3,92.6,false,0,low,documentation
TASK05270,EMP097,PRJ003,2026-02-07,2026-02-12,2026-02-08,completed,high,6.3,8.3,87.3,true,3,low,maintenance
TASK05271,EMP097,PRJ003,2026-03-14,2026-03-19,2026-03-17,completed,urgent,5.1,7.3,90.6,false,0,low,research
TASK05272,EMP097,PRJ003,2026-02-24,2026-02-27,2026-02-27,completed,low,4.9,6.7,82.6,false,0,low,documentation
TASK05273,EMP097,PRJ003,2026-06-21,2026-07-01,2026-06-27,completed,urgent,13.0,18.2,89.3,true,2,medium,feature
TASK05274,EMP097,PRJ003,2026-02-21,2026-03-07,,in_progress,high,54.2,77.2,,,,critical,maintenance
TASK05275,EMP097,PRJ003,2026-06-08,2026-06-11,2026-06-10,completed,medium,6.6,5.6,100,false,0,low,design
TASK05276,EMP097,PRJ003,2026-06-18,2026-06-24,2026-06-24,completed,medium,13.3,18.5,95.8,false,0,medium,documentation
TASK05277,EMP097,PRJ003,2026-06-09,2026-06-19,2026-06-12,completed,medium,13.5,19.8,87.8,false,0,medium,maintenance
TASK05278,EMP097,PRJ003,2026-06-06,2026-06-12,2026-06-09,completed,medium,16.8,24.2,98.7,false,0,medium,bug_fix
TASK05279,EMP097,PRJ003,2026-02-15,2026-02-23,2026-02-17,completed,medium,19.1,16.3,88.4,false,0,medium,documentation
TASK05280,EMP097,PRJ003,2026-02-14,2026-02-19,2026-02-14,completed,high,17.0,18.0,96.0,false,0,medium,review
TASK05281,EMP097,PRJ003,2026-03-18,2026-03-22,2026-03-20,completed,high,7.9,11.6,96.5,false,0,low,review
TASK05282,EMP097,PRJ003,2026-04-13,2026-04-23,2026-04-15,completed,low,17.6,22.9,84.7,false,0,medium,design
TASK05283,EMP097,PRJ003,2026-02-27,2026-03-04,2026-03-03,completed,medium,2.2,1.6,86.5,false,0,low,testing
TASK05284,EMP097,PRJ003,2026-01-11,2026-02-04,2026-01-22,completed,high,37.6,50.2,97.1,false,0,critical,testing
TASK05285,EMP097,PRJ003,2026-01-27,2026-02-13,2026-01-27,completed,high,26.2,18.8,93.1,false,0,high,deployment
TASK05286,EMP097,PRJ003,2026-04-07,2026-04-13,2026-04-09,completed,medium,17.6,21.5,86.0,false,0,medium,documentation
TASK05287,EMP097,PRJ003,2026-06-21,2026-06-28,2026-06-27,completed,high,7.6,6.4,92.0,false,0,medium,review
TASK05288,EMP097,PRJ003,2026-05-18,2026-05-31,2026-05-30,completed,medium,23.5,25.7,89.8,false,0,high,review
TASK05289,EMP097,PRJ003,2026-05-19,2026-05-26,2026-05-24,completed,medium,10.1,7.4,81.0,false,0,medium,deployment
TASK05290,EMP097,PRJ003,2026-04-16,2026-05-07,2026-05-07,completed,medium,37.7,52.8,91.2,false,0,critical,review
TASK05291,EMP097,PRJ003,2026-06-16,2026-06-24,,overdue,medium,17.6,19.8,,,,medium,enhancement
TASK05292,EMP097,PRJ003,2026-05-10,2026-05-12,2026-05-12,completed,high,7.4,8.1,80.1,false,0,low,design
TASK05293,EMP097,PRJ003,2026-03-03,2026-03-13,2026-03-11,completed,high,16.8,14.6,86.7,false,0,medium,feature
TASK05294,EMP097,PRJ003,2026-04-14,2026-04-17,2026-04-16,completed,high,4.3,5.1,97.1,false,0,low,testing
TASK05295,EMP097,PRJ003,2026-02-06,2026-02-20,2026-02-08,completed,medium,40.0,54.9,81.6,false,0,high,enhancement
TASK05296,EMP097,PRJ003,2026-01-12,2026-01-16,2026-01-15,completed,high,4.7,5.8,83.5,false,0,low,research
TASK05297,EMP097,PRJ003,2026-05-29,2026-05-31,2026-05-30,completed,medium,7.3,5.7,78.7,false,0,low,research
TASK05298,EMP097,PRJ003,2026-03-20,2026-03-29,2026-03-26,completed,urgent,11.4,10.7,91.2,false,0,medium,research
TASK05299,EMP097,PRJ003,2026-04-16,2026-04-21,2026-04-17,completed,high,6.5,6.4,85.5,false,0,low,enhancement
TASK05300,EMP097,PRJ003,2026-02-25,2026-03-18,2026-03-08,completed,medium,37.5,42.7,80.0,false,0,critical,maintenance
TASK05301,EMP097,PRJ003,2026-02-04,2026-02-17,2026-02-08,completed,medium,25.2,23.0,89.7,false,0,high,enhancement
TASK05302,EMP098,PRJ003,2026-06-21,2026-06-29,2026-06-25,completed,medium,22.3,30.0,42.4,false,0,high,deployment
TASK05303,EMP098,PRJ027,2026-02-16,2026-03-17,2026-03-23,completed,urgent,35.6,38.0,42.8,false,0,critical,documentation
TASK05304,EMP098,PRJ027,2026-06-04,2026-06-08,,in_progress,medium,13.8,16.2,,,,medium,maintenance
TASK05305,EMP098,PRJ003,2026-06-16,2026-06-28,2026-06-18,completed,high,30.6,40.0,40.2,false,0,high,testing
TASK05306,EMP098,PRJ003,2026-03-13,2026-03-21,,in_progress,medium,17.2,21.3,,,,medium,enhancement
TASK05307,EMP098,PRJ003,2026-01-18,2026-01-20,,in_progress,high,7.2,7.9,,,,low,bug_fix
TASK05308,EMP098,PRJ003,2026-02-26,2026-02-28,2026-03-05,completed,high,7.8,11.5,53.9,false,0,low,maintenance
TASK05309,EMP098,PRJ016,2026-03-24,2026-04-02,,overdue,urgent,16.2,16.8,,,,medium,design
TASK05310,EMP098,PRJ003,2026-05-14,2026-05-20,,overdue,medium,14.2,13.6,,,,medium,documentation
TASK05311,EMP098,PRJ027,2026-02-25,2026-03-24,,overdue,medium,46.7,54.3,,,,critical,maintenance
TASK05312,EMP098,PRJ003,2026-01-23,2026-02-10,2026-02-10,completed,medium,33.2,23.6,43.0,false,0,high,design
TASK05313,EMP098,PRJ027,2026-01-29,2026-02-02,2026-02-07,completed,high,7.4,7.7,57.6,false,0,low,deployment
TASK05314,EMP098,PRJ027,2026-06-12,2026-06-20,2026-06-23,completed,high,7.4,7.4,43.7,false,0,medium,design
TASK05315,EMP098,PRJ027,2026-04-21,2026-04-29,2026-04-25,completed,medium,14.7,18.8,44.6,true,3,medium,design
TASK05316,EMP098,PRJ027,2026-03-03,2026-03-12,2026-03-04,completed,low,31.6,29.7,58.7,false,0,high,maintenance
TASK05317,EMP098,PRJ003,2026-06-18,2026-06-24,,overdue,high,13.4,16.5,,,,medium,bug_fix
TASK05318,EMP098,PRJ003,2026-01-14,2026-01-19,2026-01-23,completed,high,19.4,26.7,44.6,false,0,medium,maintenance
TASK05319,EMP098,PRJ027,2026-02-24,2026-03-05,,overdue,urgent,13.7,12.8,,,,medium,enhancement
TASK05320,EMP098,PRJ016,2026-04-13,2026-04-17,,overdue,medium,7.9,7.7,,,,medium,enhancement
TASK05321,EMP098,PRJ027,2026-01-22,2026-01-27,,overdue,high,7.6,6.0,,,,low,review
TASK05322,EMP098,PRJ003,2026-01-21,2026-01-30,,in_progress,medium,18.1,20.3,,,,medium,feature
TASK05323,EMP098,PRJ027,2026-06-20,2026-06-24,2026-06-22,completed,high,2.5,1.8,49.7,false,0,low,testing
TASK05324,EMP098,PRJ003,2026-06-11,2026-06-16,2026-06-14,completed,medium,19.8,22.9,44.2,false,0,medium,research
TASK05325,EMP098,PRJ027,2026-03-14,2026-03-19,,in_progress,low,2.6,3.0,,,,low,bug_fix
TASK05326,EMP098,PRJ003,2026-03-29,2026-04-03,2026-03-31,completed,high,3.6,5.3,48.5,true,1,low,documentation
TASK05327,EMP098,PRJ016,2026-02-03,2026-02-17,,in_progress,low,17.6,12.4,,,,high,documentation
TASK05328,EMP098,PRJ027,2026-04-17,2026-04-19,,overdue,high,5.4,4.3,,,,low,documentation
TASK05329,EMP098,PRJ027,2026-01-24,2026-01-26,,in_progress,medium,7.3,9.9,,,,low,feature
TASK05330,EMP098,PRJ016,2026-04-23,2026-04-28,2026-04-24,completed,low,9.6,7.2,51.0,false,0,medium,design
TASK05331,EMP098,PRJ003,2026-04-27,2026-05-01,,overdue,high,14.1,18.5,,,,medium,review
TASK05332,EMP098,PRJ016,2026-01-06,2026-01-15,,in_progress,medium,14.1,16.0,,,,medium,feature
TASK05333,EMP098,PRJ003,2026-01-29,2026-02-28,2026-03-04,completed,high,55.7,82.3,51.6,true,3,critical,enhancement
TASK05334,EMP098,PRJ003,2026-01-11,2026-01-19,,in_progress,medium,33.1,35.6,,,,high,maintenance
TASK05335,EMP098,PRJ027,2026-01-31,2026-02-15,2026-02-21,completed,high,38.6,27.6,47.7,false,0,high,design
TASK05336,EMP098,PRJ003,2026-05-29,2026-06-01,,overdue,medium,7.1,6.4,,,,low,bug_fix
TASK05337,EMP098,PRJ027,2026-06-17,2026-07-08,2026-06-24,completed,medium,23.1,22.9,60.3,false,0,high,enhancement
TASK05338,EMP098,PRJ016,2026-03-27,2026-04-03,,overdue,low,6.2,8.7,,,,medium,documentation
TASK05339,EMP098,PRJ003,2026-05-10,2026-05-15,2026-05-15,completed,high,2.4,1.7,35.4,false,0,low,bug_fix
TASK05340,EMP098,PRJ003,2026-01-09,2026-01-16,,in_progress,medium,16.7,20.5,,,,high,design
TASK05341,EMP098,PRJ016,2026-02-05,2026-02-10,,overdue,medium,2.8,3.1,,,,low,documentation
TASK05342,EMP098,PRJ016,2026-03-19,2026-03-28,,overdue,medium,18.4,14.0,,,,medium,research
TASK05343,EMP098,PRJ027,2026-01-19,2026-01-21,,in_progress,medium,6.6,8.8,,,,low,research
TASK05344,EMP098,PRJ003,2026-04-15,2026-04-20,,overdue,medium,2.2,2.5,,,,low,review
TASK05345,EMP098,PRJ027,2026-01-18,2026-01-22,,overdue,low,2.6,2.2,,,,low,design
TASK05346,EMP098,PRJ027,2026-01-30,2026-02-09,2026-02-16,completed,medium,11.4,13.2,48.7,false,0,medium,deployment
TASK05347,EMP099,PRJ003,2026-02-28,2026-03-05,2026-03-02,completed,medium,10.6,12.8,86.7,false,0,medium,enhancement
TASK05348,EMP099,PRJ016,2026-05-28,2026-06-05,2026-06-04,completed,low,6.8,5.8,88.6,false,0,medium,enhancement
TASK05349,EMP099,PRJ003,2026-02-16,2026-02-19,,in_progress,urgent,6.3,4.7,,,,low,deployment
TASK05350,EMP099,PRJ016,2026-03-18,2026-04-05,2026-03-22,completed,medium,55.6,66.4,84.6,false,0,critical,design
TASK05351,EMP099,PRJ016,2026-04-12,2026-04-19,2026-04-16,completed,low,9.8,13.5,75.6,false,0,medium,review
TASK05352,EMP099,PRJ016,2026-02-15,2026-03-08,2026-02-17,completed,high,58.4,79.1,87.4,false,0,critical,research
TASK05353,EMP099,PRJ003,2026-02-07,2026-02-16,2026-02-16,completed,medium,10.7,10.8,91.4,false,0,medium,research
TASK05354,EMP099,PRJ016,2026-03-18,2026-03-22,2026-03-26,completed,low,7.9,9.4,89.4,false,0,low,maintenance
TASK05355,EMP099,PRJ016,2026-02-25,2026-03-02,2026-03-03,completed,medium,7.0,5.5,80.9,true,2,medium,enhancement
TASK05356,EMP099,PRJ003,2026-05-23,2026-06-13,2026-06-11,completed,low,35.9,53.2,75.2,false,0,critical,research
TASK05357,EMP099,PRJ003,2026-05-24,2026-05-28,2026-05-28,completed,low,7.4,11.0,86.3,false,0,medium,deployment
TASK05358,EMP099,PRJ027,2026-03-21,2026-03-23,2026-03-21,completed,high,7.7,8.8,81.0,false,0,low,design
TASK05359,EMP099,PRJ016,2026-05-24,2026-05-28,2026-05-24,completed,medium,7.5,9.9,82.5,false,0,low,review
TASK05360,EMP099,PRJ003,2026-06-04,2026-06-17,2026-06-08,completed,medium,19.1,18.5,71.3,false,0,high,research
TASK05361,EMP099,PRJ003,2026-02-26,2026-03-03,2026-03-01,completed,urgent,3.7,4.5,89.9,false,0,low,research
TASK05362,EMP099,PRJ027,2026-06-12,2026-06-20,2026-06-14,completed,medium,14.4,20.1,95.2,false,0,medium,feature
TASK05363,EMP099,PRJ016,2026-05-20,2026-05-28,2026-05-22,completed,high,20.7,15.3,95.5,false,0,high,documentation
TASK05364,EMP099,PRJ027,2026-04-14,2026-04-18,2026-04-17,completed,medium,2.6,2.2,77.9,true,1,low,deployment
TASK05365,EMP099,PRJ027,2026-05-02,2026-05-05,2026-05-02,completed,high,3.7,2.9,77.2,false,0,low,feature
TASK05366,EMP099,PRJ003,2026-02-20,2026-02-28,2026-02-24,completed,urgent,12.4,12.2,83.1,false,0,medium,research
TASK05367,EMP099,PRJ003,2026-06-15,2026-06-22,2026-06-22,completed,low,11.7,16.3,83.8,false,0,medium,maintenance
TASK05368,EMP099,PRJ003,2026-02-26,2026-03-05,2026-02-27,completed,low,9.6,13.9,88.1,false,0,medium,documentation
TASK05369,EMP099,PRJ003,2026-02-23,2026-02-27,2026-02-25,completed,urgent,7.6,7.9,85.6,false,0,low,design
TASK05370,EMP099,PRJ003,2026-05-27,2026-06-01,2026-06-05,completed,low,2.7,2.7,81.7,false,0,low,deployment
TASK05371,EMP099,PRJ016,2026-05-24,2026-05-27,2026-05-24,completed,medium,3.2,2.5,87.3,false,0,low,maintenance
TASK05372,EMP099,PRJ027,2026-01-13,2026-01-17,2026-01-16,completed,high,16.4,23.2,90.0,false,0,medium,research
TASK05373,EMP099,PRJ027,2026-05-22,2026-05-28,2026-05-22,completed,high,16.0,21.0,79.8,false,0,medium,documentation
TASK05374,EMP099,PRJ016,2026-06-03,2026-06-17,2026-06-03,completed,high,41.8,53.7,90.3,false,0,critical,review
TASK05375,EMP099,PRJ003,2026-05-12,2026-05-21,2026-05-25,completed,medium,24.6,33.0,85.1,false,0,high,documentation
TASK05376,EMP099,PRJ016,2026-01-01,2026-01-05,2026-01-02,completed,low,18.3,19.7,92.5,false,0,medium,feature
TASK05377,EMP099,PRJ016,2026-04-24,2026-04-27,,in_progress,high,7.3,6.3,,,,low,maintenance
TASK05378,EMP099,PRJ016,2026-01-04,2026-01-19,2026-01-08,completed,low,49.7,35.2,85.7,false,0,critical,feature
TASK05379,EMP099,PRJ016,2026-01-15,2026-01-25,2026-01-17,completed,medium,10.3,8.6,73.1,false,0,medium,research
TASK05380,EMP099,PRJ003,2026-02-13,2026-02-21,2026-02-17,completed,medium,11.4,14.0,73.6,true,1,medium,bug_fix
TASK05381,EMP099,PRJ027,2026-03-19,2026-03-25,2026-03-22,completed,high,13.8,20.5,87.7,false,0,medium,testing
TASK05382,EMP099,PRJ027,2026-01-15,2026-02-01,2026-01-23,completed,low,32.1,45.2,89.7,false,0,high,review
TASK05383,EMP099,PRJ016,2026-04-21,2026-04-30,2026-04-30,completed,urgent,17.8,15.1,88.9,false,0,medium,deployment
TASK05384,EMP099,PRJ003,2026-04-06,2026-04-20,2026-04-09,completed,low,35.4,35.3,85.4,false,0,high,enhancement
TASK05385,EMP099,PRJ016,2026-04-18,2026-04-25,2026-04-21,completed,medium,11.7,16.3,85.4,false,0,medium,bug_fix
TASK05386,EMP099,PRJ003,2026-01-09,2026-01-14,2026-01-11,completed,urgent,3.0,3.0,80.1,false,0,low,research
TASK05387,EMP099,PRJ003,2026-01-01,2026-01-09,2026-01-05,completed,medium,11.9,17.6,81.3,false,0,medium,deployment
TASK05388,EMP099,PRJ003,2026-03-31,2026-04-03,2026-04-03,completed,medium,6.6,5.3,90.6,false,0,low,maintenance
TASK05389,EMP099,PRJ027,2026-04-18,2026-04-26,2026-04-22,completed,high,29.9,28.0,75.0,false,0,high,documentation
TASK05390,EMP099,PRJ027,2026-06-12,2026-06-16,2026-06-12,completed,medium,5.7,7.6,94.8,false,0,low,review
TASK05391,EMP099,PRJ003,2026-04-23,2026-05-02,2026-05-01,completed,medium,6.2,7.9,74.3,false,0,medium,feature
TASK05392,EMP099,PRJ027,2026-04-23,2026-05-09,2026-04-29,completed,low,19.9,27.3,84.7,false,0,high,review
TASK05393,EMP099,PRJ003,2026-04-13,2026-05-13,2026-04-18,completed,medium,30.3,40.6,73.2,false,0,critical,feature
TASK05394,EMP099,PRJ003,2026-01-21,2026-01-23,2026-01-23,completed,medium,6.9,6.5,90.9,false,0,low,feature
TASK05395,EMP099,PRJ016,2026-03-27,2026-04-07,,overdue,medium,21.4,26.9,,,,high,deployment
TASK05396,EMP099,PRJ003,2026-05-01,2026-05-06,2026-05-03,completed,medium,8.3,6.1,79.6,true,2,medium,feature
TASK05397,EMP099,PRJ027,2026-05-13,2026-05-29,2026-05-20,completed,medium,24.2,25.5,81.9,true,2,high,testing
TASK05398,EMP099,PRJ016,2026-05-04,2026-05-09,2026-05-04,completed,medium,5.8,7.9,94.7,false,0,low,documentation
TASK05399,EMP099,PRJ027,2026-03-07,2026-04-06,2026-03-19,completed,low,34.3,39.6,77.3,false,0,critical,testing
TASK05400,EMP099,PRJ027,2026-01-20,2026-01-28,2026-01-31,completed,medium,13.2,17.9,83.8,false,0,medium,feature
TASK05401,EMP099,PRJ003,2026-04-15,2026-04-20,,overdue,low,8.2,9.2,,,,medium,review
TASK05402,EMP099,PRJ016,2026-05-18,2026-05-25,,overdue,medium,25.5,22.7,,,,high,feature
TASK05403,EMP099,PRJ027,2026-03-03,2026-03-12,2026-03-17,completed,high,19.6,23.7,89.5,false,0,high,feature
TASK05404,EMP099,PRJ016,2026-04-01,2026-04-27,2026-04-10,completed,low,34.3,44.8,82.7,false,0,critical,enhancement
TASK05405,EMP099,PRJ003,2026-05-29,2026-06-03,2026-05-31,completed,medium,6.5,7.6,85.4,false,0,low,deployment
TASK05406,EMP099,PRJ027,2026-01-04,2026-01-09,2026-01-05,completed,low,13.7,10.9,70.4,false,0,medium,bug_fix
TASK05407,EMP100,PRJ003,2026-01-22,2026-01-25,2026-01-25,completed,high,7.9,6.7,59.9,false,0,low,testing
TASK05408,EMP100,PRJ003,2026-06-13,2026-06-15,2026-06-22,completed,medium,2.1,1.7,62.4,false,0,low,review
TASK05409,EMP100,PRJ003,2026-05-28,2026-06-06,,overdue,low,19.0,14.2,,,,medium,enhancement
TASK05410,EMP100,PRJ003,2026-05-25,2026-06-01,,overdue,medium,6.5,6.3,,,,medium,testing
TASK05411,EMP100,PRJ003,2026-04-08,2026-04-16,,in_progress,medium,8.2,7.6,,,,medium,design
TASK05412,EMP100,PRJ003,2026-01-22,2026-01-26,,in_progress,high,2.6,2.0,,,,low,testing
TASK05413,EMP100,PRJ003,2026-03-19,2026-04-09,,overdue,medium,53.5,51.4,,,,critical,research
TASK05414,EMP100,PRJ003,2026-06-09,2026-06-21,2026-06-17,completed,high,28.0,29.6,60.3,false,0,high,documentation
TASK05415,EMP100,PRJ003,2026-04-11,2026-04-16,2026-04-23,completed,medium,2.9,2.1,59.3,false,0,low,maintenance
TASK05416,EMP100,PRJ003,2026-03-21,2026-04-08,2026-03-23,completed,medium,34.2,33.3,60.6,false,0,high,deployment
TASK05417,EMP100,PRJ003,2026-05-13,2026-05-18,,in_progress,medium,7.8,10.0,,,,medium,testing
TASK05418,EMP100,PRJ003,2026-05-18,2026-05-27,,overdue,low,13.5,17.7,,,,medium,enhancement
TASK05419,EMP100,PRJ003,2026-03-23,2026-03-26,,in_progress,high,6.7,9.2,,,,low,enhancement
TASK05420,EMP100,PRJ003,2026-02-23,2026-03-24,2026-03-16,completed,medium,52.7,46.6,65.2,false,0,critical,research
TASK05421,EMP100,PRJ003,2026-02-09,2026-02-25,,in_progress,low,29.5,28.7,,,,high,bug_fix
TASK05422,EMP100,PRJ003,2026-03-06,2026-03-09,,in_progress,low,3.4,3.2,,,,low,maintenance
TASK05423,EMP100,PRJ003,2026-02-06,2026-02-15,2026-02-08,completed,high,17.4,19.0,57.1,false,0,medium,enhancement
TASK05424,EMP100,PRJ003,2026-06-02,2026-06-04,,in_progress,high,3.0,3.2,,,,low,testing
TASK05425,EMP100,PRJ003,2026-01-13,2026-01-21,2026-01-14,completed,medium,16.8,24.2,66.0,false,0,medium,maintenance
TASK05426,EMP100,PRJ003,2026-03-07,2026-03-27,,overdue,high,56.5,64.2,,,,critical,review
TASK05427,EMP100,PRJ003,2026-01-19,2026-01-24,,in_progress,medium,19.8,28.5,,,,medium,feature
TASK05428,EMP100,PRJ003,2026-05-01,2026-05-15,,in_progress,low,22.3,29.5,,,,high,bug_fix
TASK05429,EMP100,PRJ003,2026-05-15,2026-05-21,,in_progress,medium,16.4,22.9,,,,medium,documentation
TASK05430,EMP100,PRJ003,2026-04-26,2026-05-06,2026-05-11,completed,low,16.4,19.2,52.7,false,0,medium,maintenance
TASK05431,EMP100,PRJ003,2026-05-16,2026-05-20,,overdue,high,11.6,12.5,,,,medium,design
TASK05432,EMP100,PRJ003,2026-03-29,2026-04-14,,in_progress,low,35.5,48.7,,,,high,review
TASK05433,EMP100,PRJ003,2026-02-19,2026-02-25,2026-03-03,completed,medium,9.5,7.0,59.7,false,0,medium,testing
TASK05434,EMP100,PRJ003,2026-02-20,2026-02-22,2026-02-25,completed,urgent,6.6,5.4,56.8,false,0,low,feature
TASK05435,EMP100,PRJ003,2026-03-10,2026-03-21,,in_progress,high,31.1,35.9,,,,high,testing
TASK05436,EMP100,PRJ003,2026-01-19,2026-01-29,,in_progress,low,18.5,23.6,,,,medium,enhancement
TASK05437,EMP100,PRJ003,2026-01-31,2026-02-27,2026-02-04,completed,low,58.2,67.3,59.8,false,0,critical,bug_fix
TASK05438,EMP100,PRJ003,2026-04-21,2026-04-26,2026-04-30,completed,medium,6.1,9.0,59.0,true,1,low,design
TASK05439,EMP100,PRJ003,2026-02-04,2026-02-09,,overdue,medium,3.0,3.3,,,,low,enhancement
TASK05440,EMP100,PRJ003,2026-01-18,2026-01-21,2026-01-26,completed,medium,4.5,3.9,66.8,true,3,low,enhancement
TASK05441,EMP100,PRJ003,2026-01-15,2026-01-19,2026-01-16,completed,high,18.5,15.1,42.8,false,0,medium,enhancement
TASK05442,EMP100,PRJ003,2026-03-21,2026-03-27,,overdue,high,16.3,20.7,,,,medium,feature
TASK05443,EMP100,PRJ003,2026-01-15,2026-01-23,,in_progress,low,6.1,8.6,,,,medium,enhancement
TASK05444,EMP100,PRJ003,2026-03-08,2026-03-25,,overdue,medium,50.6,39.8,,,,critical,research
TASK05445,EMP100,PRJ003,2026-06-11,2026-06-26,,in_progress,medium,34.6,34.2,,,,high,design
TASK05446,EMP100,PRJ003,2026-01-22,2026-01-27,,in_progress,low,6.9,6.5,,,,medium,design
TASK05447,EMP100,PRJ003,2026-04-06,2026-04-23,2026-04-19,completed,medium,56.5,60.5,52.8,true,2,critical,research
TASK05448,EMP100,PRJ003,2026-03-28,2026-04-05,2026-04-06,completed,medium,6.9,9.3,64.3,false,0,medium,feature
TASK05449,EMP100,PRJ003,2026-03-31,2026-04-14,2026-04-02,completed,medium,39.0,32.2,69.0,false,0,high,enhancement
TASK05450,EMP100,PRJ003,2026-01-14,2026-01-23,2026-01-29,completed,medium,6.6,5.0,67.3,false,0,medium,testing
TASK05451,EMP100,PRJ003,2026-05-13,2026-05-16,,in_progress,urgent,3.3,2.8,,,,low,feature
TASK05452,EMP100,PRJ003,2026-05-11,2026-05-16,2026-05-14,completed,high,15.6,13.4,63.5,false,0,medium,maintenance
TASK05453,EMP100,PRJ003,2026-01-21,2026-01-31,,overdue,medium,20.9,18.3,,,,high,research
TASK05454,EMP100,PRJ003,2026-03-01,2026-03-09,2026-03-01,completed,high,12.3,15.3,50.3,false,0,medium,feature
TASK05455,EMP100,PRJ003,2026-02-09,2026-02-27,,in_progress,medium,34.7,43.2,,,,high,deployment
TASK05456,EMP100,PRJ003,2026-04-21,2026-04-25,,in_progress,medium,7.5,8.9,,,,medium,research
TASK05457,EMP100,PRJ003,2026-03-14,2026-03-17,,in_progress,medium,3.8,4.2,,,,low,review
TASK05458,EMP100,PRJ003,2026-01-08,2026-01-13,,in_progress,low,7.9,9.2,,,,medium,testing
TASK05459,EMP100,PRJ003,2026-04-27,2026-05-18,,in_progress,urgent,51.4,48.0,,,,critical,documentation
TASK05460,EMP100,PRJ003,2026-04-29,2026-05-28,2026-05-06,completed,urgent,45.5,46.4,61.8,false,0,critical,testing
TASK05461,EMP100,PRJ003,2026-04-16,2026-04-20,2026-04-20,completed,medium,7.5,7.1,61.7,false,0,low,deployment
TASK05462,EMP100,PRJ003,2026-01-10,2026-01-20,2026-01-13,completed,high,18.6,20.9,76.2,true,3,medium,deployment
TASK05463,EMP100,PRJ003,2026-04-06,2026-04-19,2026-04-22,completed,medium,34.2,46.5,60.0,false,0,high,bug_fix
TASK05464,EMP100,PRJ003,2026-02-09,2026-02-15,2026-02-13,completed,medium,16.8,22.5,54.1,false,0,medium,research
TASK05465,EMP100,PRJ003,2026-01-06,2026-01-11,,overdue,low,5.7,7.1,,,,low,review
TASK05466,EMP100,PRJ003,2026-03-01,2026-03-03,2026-03-08,completed,medium,2.6,2.0,61.8,true,1,low,testing
TASK05467,EMP100,PRJ003,2026-02-16,2026-02-19,2026-02-22,completed,low,7.5,6.5,61.4,false,0,low,maintenance
