attendance_id,employee_id,date,status,scheduled_hours,worked_hours,leave_type,late_minutes,overtime_hours
ATT000001,EMP001,2026-01-01,present,8,8.4,,0,0.4
ATT000002,EMP001,2026-01-02,half_day,8,4.0,,0,0
ATT000003,EMP001,2026-01-05,remote,8,8.7,,0,0.7
ATT000004,EMP001,2026-01-06,present,8,9.0,,0,1.0
ATT000005,EMP001,2026-01-07,present,8,7.4,,5,0
ATT000006,EMP001,2026-01-08,remote,8,8.2,,0,0.2
ATT000007,EMP001,2026-01-09,present,8,7.7,,0,0
ATT000008,EMP001,2026-01-12,remote,8,9.4,,0,1.4
ATT000009,EMP001,2026-01-13,leave,8,0,casual,0,0
ATT000010,EMP001,2026-01-14,present,8,8.9,,0,0.9
ATT000011,EMP001,2026-01-15,absent,8,0,,0,0
ATT000012,EMP001,2026-01-16,present,8,7.9,,0,0
ATT000013,EMP001,2026-01-19,present,8,7.1,,0,0
ATT000014,EMP001,2026-01-20,present,8,8.1,,0,0.1
ATT000015,EMP001,2026-01-21,remote,8,7.1,,20,0
ATT000016,EMP001,2026-01-22,present,8,7.3,,0,0
ATT000017,EMP001,2026-01-23,present,8,7.0,,0,0
ATT000018,EMP001,2026-01-26,holiday,8,0,,0,0
ATT000019,EMP001,2026-01-27,remote,8,8.2,,0,0.2
ATT000020,EMP001,2026-01-28,present,8,7.5,,0,0
ATT000021,EMP001,2026-01-29,present,8,8.4,,0,0.4
ATT000022,EMP001,2026-01-30,present,8,7.2,,0,0
ATT000023,EMP001,2026-02-02,present,8,7.4,,0,0
ATT000024,EMP001,2026-02-03,present,8,7.6,,0,0
ATT000025,EMP001,2026-02-04,present,8,9.2,,0,1.2
ATT000026,EMP001,2026-02-05,present,8,8.4,,0,0.4
ATT000027,EMP001,2026-02-06,present,8,7.8,,0,0
ATT000028,EMP001,2026-02-09,present,8,7.2,,0,0
ATT000029,EMP001,2026-02-10,present,8,8.2,,0,0.2
ATT000030,EMP001,2026-02-11,present,8,9.4,,0,1.4
ATT000031,EMP001,2026-02-12,present,8,7.1,,5,0
ATT000032,EMP001,2026-02-13,present,8,8.6,,0,0.6
ATT000033,EMP001,2026-02-16,absent,8,0,,0,0
ATT000034,EMP001,2026-02-17,present,8,9.3,,0,1.3
ATT000035,EMP001,2026-02-18,remote,8,7.7,,0,0
ATT000036,EMP001,2026-02-19,present,8,8.2,,15,0.2
ATT000037,EMP001,2026-02-20,present,8,7.1,,0,0
ATT000038,EMP001,2026-02-23,present,8,7.7,,0,0
ATT000039,EMP001,2026-02-24,present,8,8.4,,0,0.4
ATT000040,EMP001,2026-02-25,half_day,8,3.8,,0,0
ATT000041,EMP001,2026-02-26,remote,8,7.8,,0,0
ATT000042,EMP001,2026-02-27,present,8,8.6,,0,0.6
ATT000043,EMP001,2026-03-02,present,8,9.4,,0,1.4
ATT000044,EMP001,2026-03-03,remote,8,7.5,,0,0
ATT000045,EMP001,2026-03-04,present,8,7.8,,0,0
ATT000046,EMP001,2026-03-05,leave,8,0,sick,0,0
ATT000047,EMP001,2026-03-06,present,8,8.3,,0,0.3
ATT000048,EMP001,2026-03-09,absent,8,0,,0,0
ATT000049,EMP001,2026-03-10,holiday,8,0,,0,0
ATT000050,EMP001,2026-03-11,present,8,7.5,,0,0
ATT000051,EMP001,2026-03-12,remote,8,7.8,,0,0
ATT000052,EMP001,2026-03-13,absent,8,0,,0,0
ATT000053,EMP001,2026-03-16,remote,8,7.0,,0,0
ATT000054,EMP001,2026-03-17,remote,8,7.2,,0,0
ATT000055,EMP001,2026-03-18,present,8,7.6,,0,0
ATT000056,EMP001,2026-03-19,remote,8,8.6,,0,0.6
ATT000057,EMP001,2026-03-20,present,8,7.6,,0,0
ATT000058,EMP001,2026-03-23,remote,8,9.4,,0,1.4
ATT000059,EMP001,2026-03-24,present,8,8.8,,0,0.8
ATT000060,EMP001,2026-03-25,present,8,8.7,,0,0.7
ATT000061,EMP001,2026-03-26,present,8,7.6,,0,0
ATT000062,EMP001,2026-03-27,present,8,8.1,,0,0.1
ATT000063,EMP001,2026-03-30,holiday,8,0,,0,0
ATT000064,EMP001,2026-03-31,present,8,9.5,,0,1.5
ATT000065,EMP001,2026-04-01,remote,8,8.9,,0,0.9
ATT000066,EMP001,2026-04-02,present,8,8.2,,0,0.2
ATT000067,EMP001,2026-04-03,remote,8,7.6,,0,0
ATT000068,EMP001,2026-04-06,present,8,8.9,,0,0.9
ATT000069,EMP001,2026-04-07,remote,8,7.9,,0,0
ATT000070,EMP001,2026-04-08,present,8,7.7,,0,0
ATT000071,EMP001,2026-04-09,present,8,7.3,,0,0
ATT000072,EMP001,2026-04-10,remote,8,8.0,,0,0
ATT000073,EMP001,2026-04-13,present,8,8.5,,0,0.5
ATT000074,EMP001,2026-04-14,holiday,8,0,,0,0
ATT000075,EMP001,2026-04-15,remote,8,7.2,,0,0
ATT000076,EMP001,2026-04-16,present,8,8.3,,0,0.3
ATT000077,EMP001,2026-04-17,present,8,9.2,,0,1.2
ATT000078,EMP001,2026-04-20,present,8,8.3,,0,0.3
ATT000079,EMP001,2026-04-21,present,8,8.2,,0,0.2
ATT000080,EMP001,2026-04-22,remote,8,8.4,,0,0.4
ATT000081,EMP001,2026-04-23,remote,8,9.5,,0,1.5
ATT000082,EMP001,2026-04-24,present,8,9.2,,0,1.2
ATT000083,EMP001,2026-04-27,present,8,9.4,,0,1.4
ATT000084,EMP001,2026-04-28,present,8,9.5,,0,1.5
ATT000085,EMP001,2026-04-29,present,8,9.1,,0,1.1
ATT000086,EMP001,2026-04-30,present,8,8.7,,0,0.7
ATT000087,EMP001,2026-05-01,holiday,8,0,,0,0
ATT000088,EMP001,2026-05-04,present,8,7.9,,0,0
ATT000089,EMP001,2026-05-05,remote,8,9.3,,0,1.3
ATT000090,EMP001,2026-05-06,present,8,8.6,,0,0.6
ATT000091,EMP001,2026-05-07,present,8,8.8,,0,0.8
ATT000092,EMP001,2026-05-08,present,8,7.9,,0,0
ATT000093,EMP001,2026-05-11,present,8,8.5,,0,0.5
ATT000094,EMP001,2026-05-12,present,8,8.8,,0,0.8
ATT000095,EMP001,2026-05-13,present,8,9.3,,0,1.3
ATT000096,EMP001,2026-05-14,present,8,8.5,,0,0.5
ATT000097,EMP001,2026-05-15,present,8,9.5,,0,1.5
ATT000098,EMP001,2026-05-18,present,8,8.7,,5,0.7
ATT000099,EMP001,2026-05-19,remote,8,9.3,,0,1.3
ATT000100,EMP001,2026-05-20,remote,8,7.8,,15,0
ATT000101,EMP001,2026-05-21,present,8,9.1,,20,1.1
ATT000102,EMP001,2026-05-22,present,8,8.2,,0,0.2
ATT000103,EMP001,2026-05-25,present,8,9.1,,0,1.1
ATT000104,EMP001,2026-05-26,present,8,7.7,,0,0
ATT000105,EMP001,2026-05-27,present,8,8.1,,10,0.1
ATT000106,EMP001,2026-05-28,present,8,7.5,,0,0
ATT000107,EMP001,2026-05-29,present,8,7.4,,0,0
ATT000108,EMP001,2026-06-01,present,8,7.2,,30,0
ATT000109,EMP001,2026-06-02,present,8,7.5,,0,0
ATT000110,EMP001,2026-06-03,present,8,7.9,,0,0
ATT000111,EMP001,2026-06-04,half_day,8,4.1,,0,0
ATT000112,EMP001,2026-06-05,present,8,7.4,,0,0
ATT000113,EMP001,2026-06-08,present,8,8.8,,15,0.8
ATT000114,EMP001,2026-06-09,present,8,8.3,,0,0.3
ATT000115,EMP001,2026-06-10,present,8,7.8,,0,0
ATT000116,EMP001,2026-06-11,present,8,9.0,,0,1.0
ATT000117,EMP001,2026-06-12,present,8,7.4,,0,0
ATT000118,EMP001,2026-06-15,present,8,7.9,,0,0
ATT000119,EMP001,2026-06-16,leave,8,0,casual,0,0
ATT000120,EMP001,2026-06-17,holiday,8,0,,0,0
ATT000121,EMP001,2026-06-18,present,8,7.3,,0,0
ATT000122,EMP001,2026-06-19,remote,8,8.0,,0,0
ATT000123,EMP001,2026-06-22,present,8,7.6,,0,0
ATT000124,EMP001,2026-06-23,remote,8,9.4,,0,1.4
ATT000125,EMP001,2026-06-24,remote,8,7.9,,0,0
ATT000126,EMP001,2026-06-25,present,8,7.6,,0,0
ATT000127,EMP001,2026-06-26,remote,8,7.5,,20,0
ATT000128,EMP001,2026-06-29,remote,8,8.0,,0,0
ATT000129,EMP001,2026-06-30,remote,8,9.0,,0,1.0
ATT000130,EMP002,2026-01-01,present,8,7.2,,0,0
ATT000131,EMP002,2026-01-02,leave,8,0,personal,0,0
ATT000132,EMP002,2026-01-05,remote,8,7.5,,0,0
ATT000133,EMP002,2026-01-06,remote,8,8.6,,0,0.6
ATT000134,EMP002,2026-01-07,present,8,8.1,,0,0.1
ATT000135,EMP002,2026-01-08,present,8,7.3,,0,0
ATT000136,EMP002,2026-01-09,remote,8,8.7,,0,0.7
ATT000137,EMP002,2026-01-12,present,8,8.6,,0,0.6
ATT000138,EMP002,2026-01-13,present,8,7.1,,0,0
ATT000139,EMP002,2026-01-14,leave,8,0,casual,0,0
ATT000140,EMP002,2026-01-15,present,8,9.2,,0,1.2
ATT000141,EMP002,2026-01-16,present,8,7.5,,0,0
ATT000142,EMP002,2026-01-19,present,8,8.7,,0,0.7
ATT000143,EMP002,2026-01-20,present,8,8.1,,0,0.1
ATT000144,EMP002,2026-01-21,present,8,7.9,,0,0
ATT000145,EMP002,2026-01-22,leave,8,0,emergency,0,0
ATT000146,EMP002,2026-01-23,remote,8,9.1,,0,1.1
ATT000147,EMP002,2026-01-26,holiday,8,0,,0,0
ATT000148,EMP002,2026-01-27,present,8,8.9,,0,0.9
ATT000149,EMP002,2026-01-28,present,8,7.6,,0,0
ATT000150,EMP002,2026-01-29,remote,8,9.0,,0,1.0
ATT000151,EMP002,2026-01-30,remote,8,8.2,,0,0.2
ATT000152,EMP002,2026-02-02,present,8,8.8,,0,0.8
ATT000153,EMP002,2026-02-03,remote,8,7.9,,0,0
ATT000154,EMP002,2026-02-04,remote,8,7.6,,0,0
ATT000155,EMP002,2026-02-05,remote,8,8.8,,0,0.8
ATT000156,EMP002,2026-02-06,remote,8,8.8,,0,0.8
ATT000157,EMP002,2026-02-09,remote,8,8.1,,0,0.1
ATT000158,EMP002,2026-02-10,present,8,8.3,,0,0.3
ATT000159,EMP002,2026-02-11,present,8,7.2,,0,0
ATT000160,EMP002,2026-02-12,remote,8,7.1,,0,0
ATT000161,EMP002,2026-02-13,present,8,8.3,,0,0.3
ATT000162,EMP002,2026-02-16,present,8,8.5,,0,0.5
ATT000163,EMP002,2026-02-17,present,8,8.0,,0,0
ATT000164,EMP002,2026-02-18,present,8,9.0,,0,1.0
ATT000165,EMP002,2026-02-19,present,8,7.9,,0,0
ATT000166,EMP002,2026-02-20,present,8,7.5,,0,0
ATT000167,EMP002,2026-02-23,present,8,9.0,,0,1.0
ATT000168,EMP002,2026-02-24,remote,8,8.4,,0,0.4
ATT000169,EMP002,2026-02-25,present,8,8.6,,0,0.6
ATT000170,EMP002,2026-02-26,present,8,7.9,,0,0
ATT000171,EMP002,2026-02-27,remote,8,7.6,,0,0
ATT000172,EMP002,2026-03-02,present,8,7.0,,0,0
ATT000173,EMP002,2026-03-03,remote,8,7.7,,0,0
ATT000174,EMP002,2026-03-04,present,8,8.7,,0,0.7
ATT000175,EMP002,2026-03-05,remote,8,8.1,,30,0.1
ATT000176,EMP002,2026-03-06,present,8,8.4,,15,0.4
ATT000177,EMP002,2026-03-09,present,8,7.5,,0,0
ATT000178,EMP002,2026-03-10,holiday,8,0,,0,0
ATT000179,EMP002,2026-03-11,half_day,8,3.8,,0,0
ATT000180,EMP002,2026-03-12,present,8,7.7,,0,0
ATT000181,EMP002,2026-03-13,half_day,8,3.6,,0,0
ATT000182,EMP002,2026-03-16,present,8,9.4,,0,1.4
ATT000183,EMP002,2026-03-17,present,8,8.1,,0,0.1
ATT000184,EMP002,2026-03-18,present,8,9.2,,0,1.2
ATT000185,EMP002,2026-03-19,present,8,9.0,,0,1.0
ATT000186,EMP002,2026-03-20,present,8,8.9,,0,0.9
ATT000187,EMP002,2026-03-23,present,8,9.5,,0,1.5
ATT000188,EMP002,2026-03-24,remote,8,9.4,,0,1.4
ATT000189,EMP002,2026-03-25,present,8,8.6,,0,0.6
ATT000190,EMP002,2026-03-26,present,8,8.1,,0,0.1
ATT000191,EMP002,2026-03-27,present,8,8.1,,0,0.1
ATT000192,EMP002,2026-03-30,holiday,8,0,,0,0
ATT000193,EMP002,2026-03-31,remote,8,7.6,,0,0
ATT000194,EMP002,2026-04-01,remote,8,8.3,,0,0.3
ATT000195,EMP002,2026-04-02,present,8,7.3,,0,0
ATT000196,EMP002,2026-04-03,half_day,8,3.7,,0,0
ATT000197,EMP002,2026-04-06,present,8,7.6,,0,0
ATT000198,EMP002,2026-04-07,present,8,9.2,,0,1.2
ATT000199,EMP002,2026-04-08,present,8,9.1,,0,1.1
ATT000200,EMP002,2026-04-09,leave,8,0,emergency,0,0
ATT000201,EMP002,2026-04-10,present,8,9.4,,0,1.4
ATT000202,EMP002,2026-04-13,present,8,8.6,,0,0.6
ATT000203,EMP002,2026-04-14,holiday,8,0,,0,0
ATT000204,EMP002,2026-04-15,remote,8,8.0,,0,0
ATT000205,EMP002,2026-04-16,present,8,7.3,,0,0
ATT000206,EMP002,2026-04-17,present,8,7.4,,0,0
ATT000207,EMP002,2026-04-20,absent,8,0,,0,0
ATT000208,EMP002,2026-04-21,leave,8,0,sick,0,0
ATT000209,EMP002,2026-04-22,remote,8,9.4,,0,1.4
ATT000210,EMP002,2026-04-23,remote,8,9.0,,0,1.0
ATT000211,EMP002,2026-04-24,remote,8,7.3,,0,0
ATT000212,EMP002,2026-04-27,remote,8,7.5,,0,0
ATT000213,EMP002,2026-04-28,present,8,7.0,,0,0
ATT000214,EMP002,2026-04-29,leave,8,0,emergency,0,0
ATT000215,EMP002,2026-04-30,present,8,8.4,,0,0.4
ATT000216,EMP002,2026-05-01,holiday,8,0,,0,0
ATT000217,EMP002,2026-05-04,absent,8,0,,0,0
ATT000218,EMP002,2026-05-05,present,8,8.9,,10,0.9
ATT000219,EMP002,2026-05-06,present,8,7.2,,0,0
ATT000220,EMP002,2026-05-07,remote,8,9.3,,0,1.3
ATT000221,EMP002,2026-05-08,present,8,8.7,,0,0.7
ATT000222,EMP002,2026-05-11,half_day,8,3.8,,30,0
ATT000223,EMP002,2026-05-12,present,8,9.3,,0,1.3
ATT000224,EMP002,2026-05-13,present,8,7.7,,0,0
ATT000225,EMP002,2026-05-14,present,8,9.5,,0,1.5
ATT000226,EMP002,2026-05-15,leave,8,0,sick,0,0
ATT000227,EMP002,2026-05-18,remote,8,7.6,,0,0
ATT000228,EMP002,2026-05-19,present,8,7.6,,0,0
ATT000229,EMP002,2026-05-20,leave,8,0,emergency,0,0
ATT000230,EMP002,2026-05-21,present,8,8.9,,0,0.9
ATT000231,EMP002,2026-05-22,leave,8,0,personal,0,0
ATT000232,EMP002,2026-05-25,remote,8,7.5,,0,0
ATT000233,EMP002,2026-05-26,remote,8,9.1,,0,1.1
ATT000234,EMP002,2026-05-27,present,8,8.4,,0,0.4
ATT000235,EMP002,2026-05-28,present,8,8.8,,0,0.8
ATT000236,EMP002,2026-05-29,leave,8,0,emergency,0,0
ATT000237,EMP002,2026-06-01,leave,8,0,casual,0,0
ATT000238,EMP002,2026-06-02,present,8,7.4,,0,0
ATT000239,EMP002,2026-06-03,leave,8,0,sick,0,0
ATT000240,EMP002,2026-06-04,remote,8,8.6,,0,0.6
ATT000241,EMP002,2026-06-05,present,8,9.3,,15,1.3
ATT000242,EMP002,2026-06-08,present,8,8.7,,0,0.7
ATT000243,EMP002,2026-06-09,present,8,7.0,,0,0
ATT000244,EMP002,2026-06-10,present,8,8.3,,0,0.3
ATT000245,EMP002,2026-06-11,remote,8,7.0,,0,0
ATT000246,EMP002,2026-06-12,remote,8,7.6,,0,0
ATT000247,EMP002,2026-06-15,remote,8,9.2,,15,1.2
ATT000248,EMP002,2026-06-16,present,8,7.5,,0,0
ATT000249,EMP002,2026-06-17,holiday,8,0,,0,0
ATT000250,EMP002,2026-06-18,present,8,8.8,,0,0.8
ATT000251,EMP002,2026-06-19,remote,8,7.8,,0,0
ATT000252,EMP002,2026-06-22,present,8,7.4,,0,0
ATT000253,EMP002,2026-06-23,present,8,9.1,,0,1.1
ATT000254,EMP002,2026-06-24,present,8,7.5,,0,0
ATT000255,EMP002,2026-06-25,present,8,7.7,,0,0
ATT000256,EMP002,2026-06-26,present,8,8.8,,0,0.8
ATT000257,EMP002,2026-06-29,present,8,8.4,,0,0.4
ATT000258,EMP002,2026-06-30,present,8,7.4,,0,0
ATT000259,EMP003,2026-01-01,present,8,7.1,,0,0
ATT000260,EMP003,2026-01-02,remote,8,8.0,,0,0
ATT000261,EMP003,2026-01-05,present,8,8.0,,0,0
ATT000262,EMP003,2026-01-06,present,8,9.2,,0,1.2
ATT000263,EMP003,2026-01-07,present,8,7.2,,0,0
ATT000264,EMP003,2026-01-08,remote,8,8.8,,0,0.8
ATT000265,EMP003,2026-01-09,remote,8,9.0,,0,1.0
ATT000266,EMP003,2026-01-12,remote,8,7.1,,0,0
ATT000267,EMP003,2026-01-13,present,8,8.7,,0,0.7
ATT000268,EMP003,2026-01-14,remote,8,7.3,,0,0
ATT000269,EMP003,2026-01-15,present,8,7.5,,0,0
ATT000270,EMP003,2026-01-16,present,8,7.7,,0,0
ATT000271,EMP003,2026-01-19,remote,8,9.0,,0,1.0
ATT000272,EMP003,2026-01-20,present,8,7.8,,0,0
ATT000273,EMP003,2026-01-21,present,8,8.7,,0,0.7
ATT000274,EMP003,2026-01-22,remote,8,7.5,,0,0
ATT000275,EMP003,2026-01-23,remote,8,8.7,,0,0.7
ATT000276,EMP003,2026-01-26,holiday,8,0,,0,0
ATT000277,EMP003,2026-01-27,remote,8,9.5,,0,1.5
ATT000278,EMP003,2026-01-28,present,8,8.2,,0,0.2
ATT000279,EMP003,2026-01-29,present,8,8.8,,0,0.8
ATT000280,EMP003,2026-01-30,present,8,7.9,,0,0
ATT000281,EMP003,2026-02-02,present,8,8.3,,0,0.3
ATT000282,EMP003,2026-02-03,present,8,7.6,,0,0
ATT000283,EMP003,2026-02-04,present,8,8.2,,0,0.2
ATT000284,EMP003,2026-02-05,present,8,8.6,,0,0.6
ATT000285,EMP003,2026-02-06,present,8,8.3,,0,0.3
ATT000286,EMP003,2026-02-09,remote,8,7.8,,0,0
ATT000287,EMP003,2026-02-10,present,8,7.1,,0,0
ATT000288,EMP003,2026-02-11,present,8,7.1,,0,0
ATT000289,EMP003,2026-02-12,present,8,8.8,,0,0.8
ATT000290,EMP003,2026-02-13,remote,8,8.6,,0,0.6
ATT000291,EMP003,2026-02-16,present,8,9.3,,0,1.3
ATT000292,EMP003,2026-02-17,remote,8,7.7,,0,0
ATT000293,EMP003,2026-02-18,present,8,9.1,,0,1.1
ATT000294,EMP003,2026-02-19,present,8,7.0,,0,0
ATT000295,EMP003,2026-02-20,present,8,8.7,,0,0.7
ATT000296,EMP003,2026-02-23,remote,8,7.2,,0,0
ATT000297,EMP003,2026-02-24,present,8,7.7,,0,0
ATT000298,EMP003,2026-02-25,present,8,8.9,,0,0.9
ATT000299,EMP003,2026-02-26,present,8,9.3,,0,1.3
ATT000300,EMP003,2026-02-27,remote,8,9.2,,0,1.2
ATT000301,EMP003,2026-03-02,present,8,7.7,,0,0
ATT000302,EMP003,2026-03-03,present,8,7.9,,0,0
ATT000303,EMP003,2026-03-04,remote,8,7.9,,0,0
ATT000304,EMP003,2026-03-05,present,8,7.5,,0,0
ATT000305,EMP003,2026-03-06,present,8,7.5,,0,0
ATT000306,EMP003,2026-03-09,remote,8,7.9,,0,0
ATT000307,EMP003,2026-03-10,holiday,8,0,,0,0
ATT000308,EMP003,2026-03-11,present,8,9.3,,0,1.3
ATT000309,EMP003,2026-03-12,present,8,9.5,,0,1.5
ATT000310,EMP003,2026-03-13,present,8,8.0,,0,0
ATT000311,EMP003,2026-03-16,present,8,7.2,,0,0
ATT000312,EMP003,2026-03-17,present,8,9.4,,0,1.4
ATT000313,EMP003,2026-03-18,present,8,9.4,,0,1.4
ATT000314,EMP003,2026-03-19,present,8,9.4,,0,1.4
ATT000315,EMP003,2026-03-20,present,8,9.0,,0,1.0
ATT000316,EMP003,2026-03-23,present,8,9.2,,0,1.2
ATT000317,EMP003,2026-03-24,present,8,8.5,,0,0.5
ATT000318,EMP003,2026-03-25,present,8,8.9,,20,0.9
ATT000319,EMP003,2026-03-26,present,8,8.4,,0,0.4
ATT000320,EMP003,2026-03-27,absent,8,0,,0,0
ATT000321,EMP003,2026-03-30,holiday,8,0,,0,0
ATT000322,EMP003,2026-03-31,present,8,7.6,,0,0
ATT000323,EMP003,2026-04-01,remote,8,8.4,,20,0.4
ATT000324,EMP003,2026-04-02,present,8,8.4,,0,0.4
ATT000325,EMP003,2026-04-03,present,8,7.2,,0,0
ATT000326,EMP003,2026-04-06,remote,8,7.2,,0,0
ATT000327,EMP003,2026-04-07,present,8,8.0,,0,0
ATT000328,EMP003,2026-04-08,remote,8,7.2,,0,0
ATT000329,EMP003,2026-04-09,remote,8,7.9,,0,0
ATT000330,EMP003,2026-04-10,present,8,8.4,,0,0.4
ATT000331,EMP003,2026-04-13,present,8,8.6,,0,0.6
ATT000332,EMP003,2026-04-14,holiday,8,0,,0,0
ATT000333,EMP003,2026-04-15,remote,8,7.9,,0,0
ATT000334,EMP003,2026-04-16,present,8,9.3,,0,1.3
ATT000335,EMP003,2026-04-17,remote,8,7.8,,0,0
ATT000336,EMP003,2026-04-20,present,8,8.8,,0,0.8
ATT000337,EMP003,2026-04-21,present,8,8.4,,0,0.4
ATT000338,EMP003,2026-04-22,half_day,8,3.9,,0,0
ATT000339,EMP003,2026-04-23,present,8,8.0,,0,0
ATT000340,EMP003,2026-04-24,present,8,8.1,,0,0.1
ATT000341,EMP003,2026-04-27,present,8,9.4,,5,1.4
ATT000342,EMP003,2026-04-28,remote,8,7.4,,0,0
ATT000343,EMP003,2026-04-29,present,8,7.8,,0,0
ATT000344,EMP003,2026-04-30,present,8,7.5,,0,0
ATT000345,EMP003,2026-05-01,holiday,8,0,,0,0
ATT000346,EMP003,2026-05-04,present,8,7.4,,0,0
ATT000347,EMP003,2026-05-05,present,8,7.2,,0,0
ATT000348,EMP003,2026-05-06,present,8,8.7,,0,0.7
ATT000349,EMP003,2026-05-07,remote,8,9.2,,0,1.2
ATT000350,EMP003,2026-05-08,leave,8,0,earned,0,0
ATT000351,EMP003,2026-05-11,present,8,9.0,,0,1.0
ATT000352,EMP003,2026-05-12,present,8,8.4,,0,0.4
ATT000353,EMP003,2026-05-13,present,8,8.9,,0,0.9
ATT000354,EMP003,2026-05-14,remote,8,8.0,,10,0
ATT000355,EMP003,2026-05-15,present,8,7.8,,0,0
ATT000356,EMP003,2026-05-18,present,8,7.7,,0,0
ATT000357,EMP003,2026-05-19,present,8,7.5,,0,0
ATT000358,EMP003,2026-05-20,present,8,9.4,,0,1.4
ATT000359,EMP003,2026-05-21,present,8,9.3,,0,1.3
ATT000360,EMP003,2026-05-22,present,8,8.3,,10,0.3
ATT000361,EMP003,2026-05-25,present,8,8.2,,0,0.2
ATT000362,EMP003,2026-05-26,present,8,9.4,,5,1.4
ATT000363,EMP003,2026-05-27,present,8,8.9,,0,0.9
ATT000364,EMP003,2026-05-28,present,8,8.2,,0,0.2
ATT000365,EMP003,2026-05-29,present,8,7.4,,0,0
ATT000366,EMP003,2026-06-01,present,8,8.8,,0,0.8
ATT000367,EMP003,2026-06-02,present,8,7.7,,0,0
ATT000368,EMP003,2026-06-03,leave,8,0,earned,0,0
ATT000369,EMP003,2026-06-04,remote,8,7.2,,0,0
ATT000370,EMP003,2026-06-05,leave,8,0,casual,0,0
ATT000371,EMP003,2026-06-08,remote,8,9.3,,0,1.3
ATT000372,EMP003,2026-06-09,leave,8,0,sick,0,0
ATT000373,EMP003,2026-06-10,remote,8,9.5,,30,1.5
ATT000374,EMP003,2026-06-11,leave,8,0,sick,0,0
ATT000375,EMP003,2026-06-12,present,8,8.6,,0,0.6
ATT000376,EMP003,2026-06-15,present,8,8.3,,5,0.3
ATT000377,EMP003,2026-06-16,present,8,7.5,,0,0
ATT000378,EMP003,2026-06-17,holiday,8,0,,0,0
ATT000379,EMP003,2026-06-18,half_day,8,3.9,,0,0
ATT000380,EMP003,2026-06-19,remote,8,9.2,,0,1.2
ATT000381,EMP003,2026-06-22,present,8,8.8,,0,0.8
ATT000382,EMP003,2026-06-23,remote,8,9.4,,0,1.4
ATT000383,EMP003,2026-06-24,present,8,9.3,,0,1.3
ATT000384,EMP003,2026-06-25,present,8,7.7,,0,0
ATT000385,EMP003,2026-06-26,remote,8,7.7,,15,0
ATT000386,EMP003,2026-06-29,remote,8,8.5,,0,0.5
ATT000387,EMP003,2026-06-30,present,8,7.4,,0,0
ATT000388,EMP004,2026-01-01,present,8,8.9,,0,0.9
ATT000389,EMP004,2026-01-02,leave,8,0,casual,0,0
ATT000390,EMP004,2026-01-05,present,8,7.9,,0,0
ATT000391,EMP004,2026-01-06,present,8,8.2,,0,0.2
ATT000392,EMP004,2026-01-07,present,8,7.9,,0,0
ATT000393,EMP004,2026-01-08,present,8,8.2,,0,0.2
ATT000394,EMP004,2026-01-09,remote,8,8.1,,0,0.1
ATT000395,EMP004,2026-01-12,present,8,8.7,,0,0.7
ATT000396,EMP004,2026-01-13,present,8,7.2,,0,0
ATT000397,EMP004,2026-01-14,leave,8,0,casual,0,0
ATT000398,EMP004,2026-01-15,present,8,9.2,,0,1.2
ATT000399,EMP004,2026-01-16,present,8,7.3,,0,0
ATT000400,EMP004,2026-01-19,remote,8,7.4,,20,0
ATT000401,EMP004,2026-01-20,present,8,7.4,,0,0
ATT000402,EMP004,2026-01-21,present,8,8.3,,0,0.3
ATT000403,EMP004,2026-01-22,present,8,8.1,,30,0.1
ATT000404,EMP004,2026-01-23,present,8,8.3,,0,0.3
ATT000405,EMP004,2026-01-26,holiday,8,0,,0,0
ATT000406,EMP004,2026-01-27,remote,8,8.1,,0,0.1
ATT000407,EMP004,2026-01-28,present,8,7.6,,0,0
ATT000408,EMP004,2026-01-29,present,8,8.7,,0,0.7
ATT000409,EMP004,2026-01-30,remote,8,8.6,,0,0.6
ATT000410,EMP004,2026-02-02,present,8,8.8,,0,0.8
ATT000411,EMP004,2026-02-03,present,8,7.9,,0,0
ATT000412,EMP004,2026-02-04,present,8,8.1,,0,0.1
ATT000413,EMP004,2026-02-05,remote,8,7.4,,0,0
ATT000414,EMP004,2026-02-06,remote,8,7.3,,5,0
ATT000415,EMP004,2026-02-09,present,8,8.5,,0,0.5
ATT000416,EMP004,2026-02-10,present,8,9.2,,0,1.2
ATT000417,EMP004,2026-02-11,remote,8,7.9,,0,0
ATT000418,EMP004,2026-02-12,present,8,7.2,,0,0
ATT000419,EMP004,2026-02-13,present,8,8.2,,0,0.2
ATT000420,EMP004,2026-02-16,present,8,7.1,,0,0
ATT000421,EMP004,2026-02-17,remote,8,8.3,,0,0.3
ATT000422,EMP004,2026-02-18,remote,8,9.0,,0,1.0
ATT000423,EMP004,2026-02-19,remote,8,8.7,,0,0.7
ATT000424,EMP004,2026-02-20,remote,8,9.0,,0,1.0
ATT000425,EMP004,2026-02-23,present,8,9.2,,0,1.2
ATT000426,EMP004,2026-02-24,present,8,7.6,,0,0
ATT000427,EMP004,2026-02-25,remote,8,7.2,,0,0
ATT000428,EMP004,2026-02-26,present,8,7.1,,0,0
ATT000429,EMP004,2026-02-27,present,8,7.8,,0,0
ATT000430,EMP004,2026-03-02,absent,8,0,,0,0
ATT000431,EMP004,2026-03-03,absent,8,0,,0,0
ATT000432,EMP004,2026-03-04,remote,8,7.7,,0,0
ATT000433,EMP004,2026-03-05,absent,8,0,,0,0
ATT000434,EMP004,2026-03-06,remote,8,8.6,,0,0.6
ATT000435,EMP004,2026-03-09,leave,8,0,earned,0,0
ATT000436,EMP004,2026-03-10,holiday,8,0,,0,0
ATT000437,EMP004,2026-03-11,remote,8,7.1,,0,0
ATT000438,EMP004,2026-03-12,present,8,9.0,,0,1.0
ATT000439,EMP004,2026-03-13,present,8,9.4,,0,1.4
ATT000440,EMP004,2026-03-16,present,8,8.2,,0,0.2
ATT000441,EMP004,2026-03-17,remote,8,7.3,,0,0
ATT000442,EMP004,2026-03-18,half_day,8,4.4,,0,0
ATT000443,EMP004,2026-03-19,present,8,7.6,,15,0
ATT000444,EMP004,2026-03-20,remote,8,8.8,,0,0.8
ATT000445,EMP004,2026-03-23,present,8,7.5,,0,0
ATT000446,EMP004,2026-03-24,present,8,9.0,,15,1.0
ATT000447,EMP004,2026-03-25,leave,8,0,personal,0,0
ATT000448,EMP004,2026-03-26,remote,8,7.7,,0,0
ATT000449,EMP004,2026-03-27,present,8,8.4,,0,0.4
ATT000450,EMP004,2026-03-30,holiday,8,0,,0,0
ATT000451,EMP004,2026-03-31,remote,8,7.6,,0,0
ATT000452,EMP004,2026-04-01,leave,8,0,sick,0,0
ATT000453,EMP004,2026-04-02,remote,8,8.4,,0,0.4
ATT000454,EMP004,2026-04-03,present,8,7.2,,0,0
ATT000455,EMP004,2026-04-06,remote,8,8.6,,0,0.6
ATT000456,EMP004,2026-04-07,present,8,7.5,,0,0
ATT000457,EMP004,2026-04-08,present,8,9.5,,0,1.5
ATT000458,EMP004,2026-04-09,present,8,8.3,,0,0.3
ATT000459,EMP004,2026-04-10,present,8,7.8,,0,0
ATT000460,EMP004,2026-04-13,leave,8,0,emergency,0,0
ATT000461,EMP004,2026-04-14,holiday,8,0,,0,0
ATT000462,EMP004,2026-04-15,present,8,8.8,,0,0.8
ATT000463,EMP004,2026-04-16,present,8,8.5,,0,0.5
ATT000464,EMP004,2026-04-17,present,8,7.4,,0,0
ATT000465,EMP004,2026-04-20,present,8,8.2,,0,0.2
ATT000466,EMP004,2026-04-21,present,8,8.0,,0,0
ATT000467,EMP004,2026-04-22,present,8,9.4,,0,1.4
ATT000468,EMP004,2026-04-23,present,8,9.3,,0,1.3
ATT000469,EMP004,2026-04-24,remote,8,7.6,,0,0
ATT000470,EMP004,2026-04-27,present,8,8.0,,0,0
ATT000471,EMP004,2026-04-28,leave,8,0,earned,0,0
ATT000472,EMP004,2026-04-29,remote,8,7.1,,5,0
ATT000473,EMP004,2026-04-30,present,8,8.2,,0,0.2
ATT000474,EMP004,2026-05-01,holiday,8,0,,0,0
ATT000475,EMP004,2026-05-04,present,8,7.9,,0,0
ATT000476,EMP004,2026-05-05,present,8,9.1,,0,1.1
ATT000477,EMP004,2026-05-06,absent,8,0,,0,0
ATT000478,EMP004,2026-05-07,remote,8,9.1,,0,1.1
ATT000479,EMP004,2026-05-08,present,8,7.4,,10,0
ATT000480,EMP004,2026-05-11,remote,8,8.8,,0,0.8
ATT000481,EMP004,2026-05-12,present,8,8.0,,0,0
ATT000482,EMP004,2026-05-13,present,8,8.8,,0,0.8
ATT000483,EMP004,2026-05-14,present,8,8.6,,0,0.6
ATT000484,EMP004,2026-05-15,present,8,8.5,,0,0.5
ATT000485,EMP004,2026-05-18,present,8,7.4,,0,0
ATT000486,EMP004,2026-05-19,present,8,8.9,,0,0.9
ATT000487,EMP004,2026-05-20,absent,8,0,,0,0
ATT000488,EMP004,2026-05-21,remote,8,8.3,,0,0.3
ATT000489,EMP004,2026-05-22,present,8,8.7,,0,0.7
ATT000490,EMP004,2026-05-25,remote,8,7.1,,0,0
ATT000491,EMP004,2026-05-26,present,8,7.5,,0,0
ATT000492,EMP004,2026-05-27,absent,8,0,,0,0
ATT000493,EMP004,2026-05-28,remote,8,8.1,,0,0.1
ATT000494,EMP004,2026-05-29,remote,8,8.2,,0,0.2
ATT000495,EMP004,2026-06-01,remote,8,8.8,,0,0.8
ATT000496,EMP004,2026-06-02,present,8,7.4,,0,0
ATT000497,EMP004,2026-06-03,remote,8,8.9,,0,0.9
ATT000498,EMP004,2026-06-04,remote,8,9.0,,0,1.0
ATT000499,EMP004,2026-06-05,present,8,8.4,,15,0.4
ATT000500,EMP004,2026-06-08,present,8,8.1,,0,0.1
ATT000501,EMP004,2026-06-09,present,8,9.3,,0,1.3
ATT000502,EMP004,2026-06-10,present,8,8.8,,0,0.8
ATT000503,EMP004,2026-06-11,present,8,8.7,,0,0.7
ATT000504,EMP004,2026-06-12,present,8,8.5,,0,0.5
ATT000505,EMP004,2026-06-15,present,8,7.6,,0,0
ATT000506,EMP004,2026-06-16,present,8,7.7,,0,0
ATT000507,EMP004,2026-06-17,holiday,8,0,,0,0
ATT000508,EMP004,2026-06-18,present,8,9.0,,0,1.0
ATT000509,EMP004,2026-06-19,remote,8,7.6,,0,0
ATT000510,EMP004,2026-06-22,absent,8,0,,0,0
ATT000511,EMP004,2026-06-23,present,8,7.7,,20,0
ATT000512,EMP004,2026-06-24,present,8,8.1,,0,0.1
ATT000513,EMP004,2026-06-25,remote,8,8.2,,0,0.2
ATT000514,EMP004,2026-06-26,remote,8,7.7,,0,0
ATT000515,EMP004,2026-06-29,present,8,7.4,,0,0
ATT000516,EMP004,2026-06-30,half_day,8,4.3,,0,0
ATT000517,EMP005,2026-01-01,present,8,7.3,,0,0
ATT000518,EMP005,2026-01-02,present,8,9.4,,0,1.4
ATT000519,EMP005,2026-01-05,present,8,9.1,,0,1.1
ATT000520,EMP005,2026-01-06,present,8,7.2,,0,0
ATT000521,EMP005,2026-01-07,leave,8,0,emergency,0,0
ATT000522,EMP005,2026-01-08,present,8,9.1,,0,1.1
ATT000523,EMP005,2026-01-09,present,8,8.3,,0,0.3
ATT000524,EMP005,2026-01-12,present,8,8.1,,0,0.1
ATT000525,EMP005,2026-01-13,present,8,8.6,,0,0.6
ATT000526,EMP005,2026-01-14,present,8,8.6,,0,0.6
ATT000527,EMP005,2026-01-15,remote,8,8.4,,0,0.4
ATT000528,EMP005,2026-01-16,present,8,7.0,,0,0
ATT000529,EMP005,2026-01-19,present,8,9.2,,0,1.2
ATT000530,EMP005,2026-01-20,leave,8,0,earned,0,0
ATT000531,EMP005,2026-01-21,present,8,7.6,,0,0
ATT000532,EMP005,2026-01-22,absent,8,0,,0,0
ATT000533,EMP005,2026-01-23,remote,8,7.1,,0,0
ATT000534,EMP005,2026-01-26,holiday,8,0,,0,0
ATT000535,EMP005,2026-01-27,leave,8,0,casual,0,0
ATT000536,EMP005,2026-01-28,half_day,8,4.0,,0,0
ATT000537,EMP005,2026-01-29,present,8,8.2,,0,0.2
ATT000538,EMP005,2026-01-30,present,8,8.8,,0,0.8
ATT000539,EMP005,2026-02-02,leave,8,0,earned,0,0
ATT000540,EMP005,2026-02-03,present,8,8.0,,0,0
ATT000541,EMP005,2026-02-04,half_day,8,4.3,,0,0
ATT000542,EMP005,2026-02-05,absent,8,0,,0,0
ATT000543,EMP005,2026-02-06,leave,8,0,personal,0,0
ATT000544,EMP005,2026-02-09,present,8,9.1,,0,1.1
ATT000545,EMP005,2026-02-10,present,8,8.6,,0,0.6
ATT000546,EMP005,2026-02-11,remote,8,8.0,,0,0
ATT000547,EMP005,2026-02-12,remote,8,7.6,,0,0
ATT000548,EMP005,2026-02-13,leave,8,0,casual,0,0
ATT000549,EMP005,2026-02-16,present,8,7.0,,0,0
ATT000550,EMP005,2026-02-17,present,8,8.3,,0,0.3
ATT000551,EMP005,2026-02-18,present,8,8.3,,0,0.3
ATT000552,EMP005,2026-02-19,half_day,8,4.2,,0,0
ATT000553,EMP005,2026-02-20,leave,8,0,earned,0,0
ATT000554,EMP005,2026-02-23,present,8,8.1,,0,0.1
ATT000555,EMP005,2026-02-24,present,8,7.5,,0,0
ATT000556,EMP005,2026-02-25,remote,8,8.9,,0,0.9
ATT000557,EMP005,2026-02-26,present,8,8.1,,0,0.1
ATT000558,EMP005,2026-02-27,present,8,7.0,,30,0
ATT000559,EMP005,2026-03-02,present,8,7.4,,0,0
ATT000560,EMP005,2026-03-03,remote,8,7.4,,0,0
ATT000561,EMP005,2026-03-04,present,8,7.7,,0,0
ATT000562,EMP005,2026-03-05,present,8,9.1,,0,1.1
ATT000563,EMP005,2026-03-06,half_day,8,3.7,,0,0
ATT000564,EMP005,2026-03-09,leave,8,0,earned,0,0
ATT000565,EMP005,2026-03-10,holiday,8,0,,0,0
ATT000566,EMP005,2026-03-11,absent,8,0,,0,0
ATT000567,EMP005,2026-03-12,present,8,7.6,,0,0
ATT000568,EMP005,2026-03-13,present,8,7.8,,0,0
ATT000569,EMP005,2026-03-16,present,8,8.6,,0,0.6
ATT000570,EMP005,2026-03-17,present,8,7.3,,0,0
ATT000571,EMP005,2026-03-18,present,8,8.7,,0,0.7
ATT000572,EMP005,2026-03-19,leave,8,0,personal,0,0
ATT000573,EMP005,2026-03-20,present,8,8.6,,0,0.6
ATT000574,EMP005,2026-03-23,present,8,8.9,,0,0.9
ATT000575,EMP005,2026-03-24,present,8,8.6,,0,0.6
ATT000576,EMP005,2026-03-25,absent,8,0,,0,0
ATT000577,EMP005,2026-03-26,remote,8,7.6,,0,0
ATT000578,EMP005,2026-03-27,remote,8,9.2,,0,1.2
ATT000579,EMP005,2026-03-30,holiday,8,0,,0,0
ATT000580,EMP005,2026-03-31,remote,8,8.0,,10,0
ATT000581,EMP005,2026-04-01,remote,8,9.4,,0,1.4
ATT000582,EMP005,2026-04-02,present,8,8.4,,0,0.4
ATT000583,EMP005,2026-04-03,present,8,7.1,,0,0
ATT000584,EMP005,2026-04-06,leave,8,0,personal,0,0
ATT000585,EMP005,2026-04-07,present,8,8.3,,0,0.3
ATT000586,EMP005,2026-04-08,remote,8,9.4,,0,1.4
ATT000587,EMP005,2026-04-09,remote,8,9.5,,0,1.5
ATT000588,EMP005,2026-04-10,present,8,7.9,,0,0
ATT000589,EMP005,2026-04-13,present,8,7.8,,0,0
ATT000590,EMP005,2026-04-14,holiday,8,0,,0,0
ATT000591,EMP005,2026-04-15,remote,8,8.2,,0,0.2
ATT000592,EMP005,2026-04-16,remote,8,8.0,,0,0
ATT000593,EMP005,2026-04-17,present,8,8.2,,0,0.2
ATT000594,EMP005,2026-04-20,present,8,8.5,,15,0.5
ATT000595,EMP005,2026-04-21,present,8,9.2,,0,1.2
ATT000596,EMP005,2026-04-22,present,8,8.5,,0,0.5
ATT000597,EMP005,2026-04-23,leave,8,0,personal,0,0
ATT000598,EMP005,2026-04-24,present,8,9.3,,0,1.3
ATT000599,EMP005,2026-04-27,remote,8,9.1,,0,1.1
ATT000600,EMP005,2026-04-28,present,8,8.4,,0,0.4
ATT000601,EMP005,2026-04-29,present,8,8.5,,0,0.5
ATT000602,EMP005,2026-04-30,remote,8,7.5,,0,0
ATT000603,EMP005,2026-05-01,holiday,8,0,,0,0
ATT000604,EMP005,2026-05-04,present,8,8.6,,0,0.6
ATT000605,EMP005,2026-05-05,present,8,9.0,,0,1.0
ATT000606,EMP005,2026-05-06,present,8,8.9,,0,0.9
ATT000607,EMP005,2026-05-07,remote,8,7.9,,0,0
ATT000608,EMP005,2026-05-08,remote,8,7.5,,0,0
ATT000609,EMP005,2026-05-11,half_day,8,3.5,,0,0
ATT000610,EMP005,2026-05-12,present,8,7.3,,0,0
ATT000611,EMP005,2026-05-13,present,8,7.7,,0,0
ATT000612,EMP005,2026-05-14,present,8,7.9,,0,0
ATT000613,EMP005,2026-05-15,present,8,9.3,,0,1.3
ATT000614,EMP005,2026-05-18,present,8,7.8,,0,0
ATT000615,EMP005,2026-05-19,remote,8,7.0,,0,0
ATT000616,EMP005,2026-05-20,present,8,9.2,,0,1.2
ATT000617,EMP005,2026-05-21,remote,8,7.8,,0,0
ATT000618,EMP005,2026-05-22,present,8,8.0,,0,0
ATT000619,EMP005,2026-05-25,present,8,8.0,,0,0
ATT000620,EMP005,2026-05-26,present,8,7.4,,0,0
ATT000621,EMP005,2026-05-27,leave,8,0,sick,0,0
ATT000622,EMP005,2026-05-28,present,8,8.2,,0,0.2
ATT000623,EMP005,2026-05-29,present,8,8.5,,0,0.5
ATT000624,EMP005,2026-06-01,remote,8,8.9,,0,0.9
ATT000625,EMP005,2026-06-02,absent,8,0,,0,0
ATT000626,EMP005,2026-06-03,leave,8,0,sick,0,0
ATT000627,EMP005,2026-06-04,present,8,8.3,,0,0.3
ATT000628,EMP005,2026-06-05,remote,8,8.9,,0,0.9
ATT000629,EMP005,2026-06-08,absent,8,0,,0,0
ATT000630,EMP005,2026-06-09,leave,8,0,emergency,0,0
ATT000631,EMP005,2026-06-10,leave,8,0,personal,0,0
ATT000632,EMP005,2026-06-11,remote,8,9.2,,10,1.2
ATT000633,EMP005,2026-06-12,leave,8,0,personal,0,0
ATT000634,EMP005,2026-06-15,present,8,7.3,,0,0
ATT000635,EMP005,2026-06-16,remote,8,7.6,,0,0
ATT000636,EMP005,2026-06-17,holiday,8,0,,0,0
ATT000637,EMP005,2026-06-18,remote,8,9.4,,0,1.4
ATT000638,EMP005,2026-06-19,remote,8,8.7,,0,0.7
ATT000639,EMP005,2026-06-22,remote,8,7.5,,5,0
ATT000640,EMP005,2026-06-23,present,8,7.6,,0,0
ATT000641,EMP005,2026-06-24,remote,8,7.2,,0,0
ATT000642,EMP005,2026-06-25,remote,8,7.8,,0,0
ATT000643,EMP005,2026-06-26,remote,8,8.6,,0,0.6
ATT000644,EMP005,2026-06-29,present,8,7.1,,0,0
ATT000645,EMP005,2026-06-30,present,8,9.3,,0,1.3
ATT000646,EMP006,2026-01-01,present,8,7.3,,0,0
ATT000647,EMP006,2026-01-02,remote,8,8.5,,0,0.5
ATT000648,EMP006,2026-01-05,leave,8,0,earned,0,0
ATT000649,EMP006,2026-01-06,present,8,9.3,,0,1.3
ATT000650,EMP006,2026-01-07,present,8,8.3,,0,0.3
ATT000651,EMP006,2026-01-08,present,8,7.1,,0,0
ATT000652,EMP006,2026-01-09,remote,8,7.6,,0,0
ATT000653,EMP006,2026-01-12,absent,8,0,,0,0
ATT000654,EMP006,2026-01-13,leave,8,0,casual,0,0
ATT000655,EMP006,2026-01-14,present,8,7.8,,0,0
ATT000656,EMP006,2026-01-15,remote,8,8.3,,30,0.3
ATT000657,EMP006,2026-01-16,present,8,9.2,,0,1.2
ATT000658,EMP006,2026-01-19,present,8,8.5,,0,0.5
ATT000659,EMP006,2026-01-20,present,8,9.1,,0,1.1
ATT000660,EMP006,2026-01-21,present,8,7.0,,10,0
ATT000661,EMP006,2026-01-22,present,8,8.5,,0,0.5
ATT000662,EMP006,2026-01-23,remote,8,7.4,,0,0
ATT000663,EMP006,2026-01-26,holiday,8,0,,0,0
ATT000664,EMP006,2026-01-27,remote,8,9.3,,0,1.3
ATT000665,EMP006,2026-01-28,present,8,8.5,,10,0.5
ATT000666,EMP006,2026-01-29,remote,8,8.1,,0,0.1
ATT000667,EMP006,2026-01-30,present,8,9.2,,0,1.2
ATT000668,EMP006,2026-02-02,present,8,7.9,,0,0
ATT000669,EMP006,2026-02-03,remote,8,8.1,,0,0.1
ATT000670,EMP006,2026-02-04,present,8,7.1,,0,0
ATT000671,EMP006,2026-02-05,absent,8,0,,0,0
ATT000672,EMP006,2026-02-06,remote,8,8.4,,0,0.4
ATT000673,EMP006,2026-02-09,remote,8,8.4,,0,0.4
ATT000674,EMP006,2026-02-10,remote,8,7.2,,0,0
ATT000675,EMP006,2026-02-11,remote,8,8.4,,0,0.4
ATT000676,EMP006,2026-02-12,present,8,8.3,,0,0.3
ATT000677,EMP006,2026-02-13,remote,8,9.0,,0,1.0
ATT000678,EMP006,2026-02-16,present,8,9.0,,0,1.0
ATT000679,EMP006,2026-02-17,remote,8,8.5,,0,0.5
ATT000680,EMP006,2026-02-18,present,8,8.8,,10,0.8
ATT000681,EMP006,2026-02-19,present,8,7.1,,0,0
ATT000682,EMP006,2026-02-20,present,8,7.8,,0,0
ATT000683,EMP006,2026-02-23,present,8,8.1,,0,0.1
ATT000684,EMP006,2026-02-24,present,8,7.3,,0,0
ATT000685,EMP006,2026-02-25,leave,8,0,casual,0,0
ATT000686,EMP006,2026-02-26,present,8,8.1,,0,0.1
ATT000687,EMP006,2026-02-27,present,8,7.8,,0,0
ATT000688,EMP006,2026-03-02,present,8,9.0,,0,1.0
ATT000689,EMP006,2026-03-03,present,8,8.9,,0,0.9
ATT000690,EMP006,2026-03-04,present,8,9.2,,0,1.2
ATT000691,EMP006,2026-03-05,leave,8,0,casual,0,0
ATT000692,EMP006,2026-03-06,leave,8,0,emergency,0,0
ATT000693,EMP006,2026-03-09,present,8,8.3,,0,0.3
ATT000694,EMP006,2026-03-10,holiday,8,0,,0,0
ATT000695,EMP006,2026-03-11,present,8,8.2,,0,0.2
ATT000696,EMP006,2026-03-12,present,8,9.4,,0,1.4
ATT000697,EMP006,2026-03-13,remote,8,9.2,,0,1.2
ATT000698,EMP006,2026-03-16,half_day,8,4.1,,0,0
ATT000699,EMP006,2026-03-17,present,8,8.9,,0,0.9
ATT000700,EMP006,2026-03-18,remote,8,8.3,,0,0.3
ATT000701,EMP006,2026-03-19,present,8,8.9,,0,0.9
ATT000702,EMP006,2026-03-20,present,8,7.7,,0,0
ATT000703,EMP006,2026-03-23,present,8,8.6,,0,0.6
ATT000704,EMP006,2026-03-24,remote,8,8.2,,0,0.2
ATT000705,EMP006,2026-03-25,present,8,7.4,,0,0
ATT000706,EMP006,2026-03-26,leave,8,0,earned,0,0
ATT000707,EMP006,2026-03-27,remote,8,8.1,,0,0.1
ATT000708,EMP006,2026-03-30,holiday,8,0,,0,0
ATT000709,EMP006,2026-03-31,present,8,7.9,,0,0
ATT000710,EMP006,2026-04-01,present,8,8.3,,0,0.3
ATT000711,EMP006,2026-04-02,present,8,9.5,,0,1.5
ATT000712,EMP006,2026-04-03,leave,8,0,personal,0,0
ATT000713,EMP006,2026-04-06,present,8,8.0,,0,0
ATT000714,EMP006,2026-04-07,present,8,7.9,,10,0
ATT000715,EMP006,2026-04-08,present,8,7.1,,0,0
ATT000716,EMP006,2026-04-09,present,8,8.2,,0,0.2
ATT000717,EMP006,2026-04-10,present,8,8.9,,0,0.9
ATT000718,EMP006,2026-04-13,remote,8,9.4,,0,1.4
ATT000719,EMP006,2026-04-14,holiday,8,0,,0,0
ATT000720,EMP006,2026-04-15,present,8,7.6,,0,0
ATT000721,EMP006,2026-04-16,present,8,8.2,,0,0.2
ATT000722,EMP006,2026-04-17,remote,8,8.1,,0,0.1
ATT000723,EMP006,2026-04-20,remote,8,7.1,,0,0
ATT000724,EMP006,2026-04-21,remote,8,7.2,,0,0
ATT000725,EMP006,2026-04-22,present,8,9.0,,0,1.0
ATT000726,EMP006,2026-04-23,remote,8,7.1,,5,0
ATT000727,EMP006,2026-04-24,remote,8,8.3,,0,0.3
ATT000728,EMP006,2026-04-27,leave,8,0,sick,0,0
ATT000729,EMP006,2026-04-28,present,8,7.5,,0,0
ATT000730,EMP006,2026-04-29,present,8,7.9,,0,0
ATT000731,EMP006,2026-04-30,present,8,8.9,,0,0.9
ATT000732,EMP006,2026-05-01,holiday,8,0,,0,0
ATT000733,EMP006,2026-05-04,present,8,7.2,,0,0
ATT000734,EMP006,2026-05-05,remote,8,7.9,,0,0
ATT000735,EMP006,2026-05-06,leave,8,0,earned,0,0
ATT000736,EMP006,2026-05-07,present,8,7.6,,0,0
ATT000737,EMP006,2026-05-08,present,8,9.2,,0,1.2
ATT000738,EMP006,2026-05-11,present,8,8.2,,0,0.2
ATT000739,EMP006,2026-05-12,half_day,8,4.2,,0,0
ATT000740,EMP006,2026-05-13,present,8,7.2,,0,0
ATT000741,EMP006,2026-05-14,remote,8,7.1,,0,0
ATT000742,EMP006,2026-05-15,leave,8,0,sick,0,0
ATT000743,EMP006,2026-05-18,present,8,8.3,,0,0.3
ATT000744,EMP006,2026-05-19,present,8,7.5,,0,0
ATT000745,EMP006,2026-05-20,present,8,8.2,,0,0.2
ATT000746,EMP006,2026-05-21,present,8,8.8,,0,0.8
ATT000747,EMP006,2026-05-22,leave,8,0,earned,0,0
ATT000748,EMP006,2026-05-25,present,8,9.2,,0,1.2
ATT000749,EMP006,2026-05-26,present,8,7.1,,0,0
ATT000750,EMP006,2026-05-27,absent,8,0,,0,0
ATT000751,EMP006,2026-05-28,present,8,8.5,,0,0.5
ATT000752,EMP006,2026-05-29,remote,8,8.0,,0,0
ATT000753,EMP006,2026-06-01,half_day,8,4.1,,0,0
ATT000754,EMP006,2026-06-02,remote,8,8.6,,0,0.6
ATT000755,EMP006,2026-06-03,remote,8,8.3,,0,0.3
ATT000756,EMP006,2026-06-04,present,8,8.7,,0,0.7
ATT000757,EMP006,2026-06-05,leave,8,0,personal,0,0
ATT000758,EMP006,2026-06-08,remote,8,7.1,,0,0
ATT000759,EMP006,2026-06-09,present,8,9.0,,0,1.0
ATT000760,EMP006,2026-06-10,leave,8,0,sick,0,0
ATT000761,EMP006,2026-06-11,absent,8,0,,0,0
ATT000762,EMP006,2026-06-12,present,8,7.7,,0,0
ATT000763,EMP006,2026-06-15,remote,8,9.5,,0,1.5
ATT000764,EMP006,2026-06-16,present,8,9.4,,10,1.4
ATT000765,EMP006,2026-06-17,holiday,8,0,,0,0
ATT000766,EMP006,2026-06-18,present,8,7.6,,0,0
ATT000767,EMP006,2026-06-19,remote,8,8.2,,0,0.2
ATT000768,EMP006,2026-06-22,present,8,8.9,,0,0.9
ATT000769,EMP006,2026-06-23,half_day,8,3.6,,0,0
ATT000770,EMP006,2026-06-24,present,8,7.0,,0,0
ATT000771,EMP006,2026-06-25,present,8,9.4,,0,1.4
ATT000772,EMP006,2026-06-26,leave,8,0,emergency,0,0
ATT000773,EMP006,2026-06-29,present,8,7.9,,0,0
ATT000774,EMP006,2026-06-30,absent,8,0,,0,0
ATT000775,EMP007,2026-01-01,remote,8,8.3,,30,0.3
ATT000776,EMP007,2026-01-02,present,8,8.1,,0,0.1
ATT000777,EMP007,2026-01-05,remote,8,7.3,,10,0
ATT000778,EMP007,2026-01-06,remote,8,7.5,,0,0
ATT000779,EMP007,2026-01-07,remote,8,7.4,,0,0
ATT000780,EMP007,2026-01-08,present,8,8.5,,0,0.5
ATT000781,EMP007,2026-01-09,present,8,8.7,,0,0.7
ATT000782,EMP007,2026-01-12,present,8,7.1,,0,0
ATT000783,EMP007,2026-01-13,present,8,8.8,,0,0.8
ATT000784,EMP007,2026-01-14,present,8,8.7,,0,0.7
ATT000785,EMP007,2026-01-15,present,8,7.4,,0,0
ATT000786,EMP007,2026-01-16,present,8,8.8,,0,0.8
ATT000787,EMP007,2026-01-19,present,8,7.4,,5,0
ATT000788,EMP007,2026-01-20,remote,8,7.1,,0,0
ATT000789,EMP007,2026-01-21,remote,8,9.3,,0,1.3
ATT000790,EMP007,2026-01-22,present,8,7.9,,0,0
ATT000791,EMP007,2026-01-23,present,8,7.3,,0,0
ATT000792,EMP007,2026-01-26,holiday,8,0,,0,0
ATT000793,EMP007,2026-01-27,remote,8,9.3,,15,1.3
ATT000794,EMP007,2026-01-28,present,8,7.2,,0,0
ATT000795,EMP007,2026-01-29,remote,8,9.3,,0,1.3
ATT000796,EMP007,2026-01-30,present,8,7.2,,0,0
ATT000797,EMP007,2026-02-02,remote,8,7.4,,0,0
ATT000798,EMP007,2026-02-03,remote,8,8.8,,0,0.8
ATT000799,EMP007,2026-02-04,present,8,9.5,,0,1.5
ATT000800,EMP007,2026-02-05,remote,8,9.4,,0,1.4
ATT000801,EMP007,2026-02-06,present,8,8.1,,0,0.1
ATT000802,EMP007,2026-02-09,present,8,9.1,,0,1.1
ATT000803,EMP007,2026-02-10,present,8,8.7,,0,0.7
ATT000804,EMP007,2026-02-11,present,8,9.0,,0,1.0
ATT000805,EMP007,2026-02-12,leave,8,0,casual,0,0
ATT000806,EMP007,2026-02-13,present,8,8.2,,0,0.2
ATT000807,EMP007,2026-02-16,present,8,8.8,,0,0.8
ATT000808,EMP007,2026-02-17,present,8,9.3,,0,1.3
ATT000809,EMP007,2026-02-18,present,8,8.0,,0,0
ATT000810,EMP007,2026-02-19,leave,8,0,earned,0,0
ATT000811,EMP007,2026-02-20,remote,8,7.0,,0,0
ATT000812,EMP007,2026-02-23,present,8,7.9,,0,0
ATT000813,EMP007,2026-02-24,present,8,8.9,,0,0.9
ATT000814,EMP007,2026-02-25,remote,8,8.6,,30,0.6
ATT000815,EMP007,2026-02-26,remote,8,9.0,,0,1.0
ATT000816,EMP007,2026-02-27,leave,8,0,casual,0,0
ATT000817,EMP007,2026-03-02,present,8,7.1,,0,0
ATT000818,EMP007,2026-03-03,remote,8,8.9,,0,0.9
ATT000819,EMP007,2026-03-04,present,8,8.7,,0,0.7
ATT000820,EMP007,2026-03-05,remote,8,7.3,,0,0
ATT000821,EMP007,2026-03-06,leave,8,0,earned,0,0
ATT000822,EMP007,2026-03-09,remote,8,8.7,,0,0.7
ATT000823,EMP007,2026-03-10,holiday,8,0,,0,0
ATT000824,EMP007,2026-03-11,present,8,7.5,,30,0
ATT000825,EMP007,2026-03-12,present,8,7.9,,15,0
ATT000826,EMP007,2026-03-13,present,8,7.4,,0,0
ATT000827,EMP007,2026-03-16,remote,8,8.0,,0,0
ATT000828,EMP007,2026-03-17,present,8,8.9,,0,0.9
ATT000829,EMP007,2026-03-18,remote,8,7.8,,0,0
ATT000830,EMP007,2026-03-19,present,8,7.9,,20,0
ATT000831,EMP007,2026-03-20,present,8,8.6,,0,0.6
ATT000832,EMP007,2026-03-23,present,8,7.2,,0,0
ATT000833,EMP007,2026-03-24,leave,8,0,personal,0,0
ATT000834,EMP007,2026-03-25,present,8,8.3,,0,0.3
ATT000835,EMP007,2026-03-26,present,8,9.1,,0,1.1
ATT000836,EMP007,2026-03-27,remote,8,7.5,,20,0
ATT000837,EMP007,2026-03-30,holiday,8,0,,0,0
ATT000838,EMP007,2026-03-31,remote,8,7.5,,0,0
ATT000839,EMP007,2026-04-01,present,8,8.1,,0,0.1
ATT000840,EMP007,2026-04-02,present,8,8.7,,0,0.7
ATT000841,EMP007,2026-04-03,remote,8,8.2,,0,0.2
ATT000842,EMP007,2026-04-06,present,8,8.5,,0,0.5
ATT000843,EMP007,2026-04-07,present,8,8.5,,0,0.5
ATT000844,EMP007,2026-04-08,present,8,8.0,,0,0
ATT000845,EMP007,2026-04-09,present,8,7.5,,0,0
ATT000846,EMP007,2026-04-10,present,8,8.8,,0,0.8
ATT000847,EMP007,2026-04-13,present,8,7.9,,0,0
ATT000848,EMP007,2026-04-14,holiday,8,0,,0,0
ATT000849,EMP007,2026-04-15,present,8,9.1,,0,1.1
ATT000850,EMP007,2026-04-16,present,8,8.0,,0,0
ATT000851,EMP007,2026-04-17,present,8,8.0,,0,0
ATT000852,EMP007,2026-04-20,present,8,7.1,,0,0
ATT000853,EMP007,2026-04-21,present,8,9.0,,0,1.0
ATT000854,EMP007,2026-04-22,remote,8,7.7,,0,0
ATT000855,EMP007,2026-04-23,present,8,8.3,,0,0.3
ATT000856,EMP007,2026-04-24,present,8,8.8,,0,0.8
ATT000857,EMP007,2026-04-27,present,8,7.7,,0,0
ATT000858,EMP007,2026-04-28,present,8,8.0,,0,0
ATT000859,EMP007,2026-04-29,leave,8,0,earned,0,0
ATT000860,EMP007,2026-04-30,remote,8,9.1,,0,1.1
ATT000861,EMP007,2026-05-01,holiday,8,0,,0,0
ATT000862,EMP007,2026-05-04,present,8,7.7,,0,0
ATT000863,EMP007,2026-05-05,remote,8,7.7,,0,0
ATT000864,EMP007,2026-05-06,present,8,8.3,,0,0.3
ATT000865,EMP007,2026-05-07,remote,8,8.5,,10,0.5
ATT000866,EMP007,2026-05-08,remote,8,9.1,,0,1.1
ATT000867,EMP007,2026-05-11,present,8,8.2,,0,0.2
ATT000868,EMP007,2026-05-12,present,8,8.7,,0,0.7
ATT000869,EMP007,2026-05-13,present,8,9.1,,0,1.1
ATT000870,EMP007,2026-05-14,present,8,8.9,,5,0.9
ATT000871,EMP007,2026-05-15,remote,8,8.5,,0,0.5
ATT000872,EMP007,2026-05-18,half_day,8,4.0,,0,0
ATT000873,EMP007,2026-05-19,remote,8,7.6,,0,0
ATT000874,EMP007,2026-05-20,present,8,8.3,,0,0.3
ATT000875,EMP007,2026-05-21,present,8,8.7,,0,0.7
ATT000876,EMP007,2026-05-22,present,8,8.9,,0,0.9
ATT000877,EMP007,2026-05-25,present,8,8.5,,0,0.5
ATT000878,EMP007,2026-05-26,remote,8,9.1,,0,1.1
ATT000879,EMP007,2026-05-27,present,8,7.7,,0,0
ATT000880,EMP007,2026-05-28,half_day,8,3.9,,0,0
ATT000881,EMP007,2026-05-29,present,8,7.2,,0,0
ATT000882,EMP007,2026-06-01,present,8,8.4,,0,0.4
ATT000883,EMP007,2026-06-02,present,8,7.6,,0,0
ATT000884,EMP007,2026-06-03,leave,8,0,personal,0,0
ATT000885,EMP007,2026-06-04,remote,8,7.5,,0,0
ATT000886,EMP007,2026-06-05,present,8,9.4,,0,1.4
ATT000887,EMP007,2026-06-08,remote,8,7.8,,0,0
ATT000888,EMP007,2026-06-09,remote,8,9.5,,0,1.5
ATT000889,EMP007,2026-06-10,leave,8,0,earned,0,0
ATT000890,EMP007,2026-06-11,remote,8,8.3,,0,0.3
ATT000891,EMP007,2026-06-12,remote,8,8.5,,0,0.5
ATT000892,EMP007,2026-06-15,present,8,7.2,,15,0
ATT000893,EMP007,2026-06-16,present,8,7.8,,20,0
ATT000894,EMP007,2026-06-17,holiday,8,0,,0,0
ATT000895,EMP007,2026-06-18,remote,8,9.0,,0,1.0
ATT000896,EMP007,2026-06-19,present,8,7.8,,0,0
ATT000897,EMP007,2026-06-22,present,8,8.7,,0,0.7
ATT000898,EMP007,2026-06-23,present,8,9.0,,20,1.0
ATT000899,EMP007,2026-06-24,remote,8,8.0,,0,0
ATT000900,EMP007,2026-06-25,present,8,7.2,,0,0
ATT000901,EMP007,2026-06-26,leave,8,0,casual,0,0
ATT000902,EMP007,2026-06-29,present,8,7.3,,0,0
ATT000903,EMP007,2026-06-30,remote,8,7.0,,0,0
ATT000904,EMP008,2026-01-01,remote,8,7.5,,0,0
ATT000905,EMP008,2026-01-02,present,8,8.4,,0,0.4
ATT000906,EMP008,2026-01-05,present,8,8.3,,0,0.3
ATT000907,EMP008,2026-01-06,half_day,8,3.7,,0,0
ATT000908,EMP008,2026-01-07,remote,8,8.1,,0,0.1
ATT000909,EMP008,2026-01-08,present,8,7.6,,0,0
ATT000910,EMP008,2026-01-09,present,8,7.7,,0,0
ATT000911,EMP008,2026-01-12,present,8,8.7,,5,0.7
ATT000912,EMP008,2026-01-13,present,8,7.7,,0,0
ATT000913,EMP008,2026-01-14,present,8,8.8,,0,0.8
ATT000914,EMP008,2026-01-15,present,8,8.0,,0,0
ATT000915,EMP008,2026-01-16,present,8,9.2,,0,1.2
ATT000916,EMP008,2026-01-19,present,8,9.0,,0,1.0
ATT000917,EMP008,2026-01-20,present,8,7.4,,20,0
ATT000918,EMP008,2026-01-21,present,8,7.3,,0,0
ATT000919,EMP008,2026-01-22,present,8,8.1,,0,0.1
ATT000920,EMP008,2026-01-23,present,8,7.2,,0,0
ATT000921,EMP008,2026-01-26,holiday,8,0,,0,0
ATT000922,EMP008,2026-01-27,half_day,8,4.3,,0,0
ATT000923,EMP008,2026-01-28,present,8,9.0,,0,1.0
ATT000924,EMP008,2026-01-29,present,8,8.2,,0,0.2
ATT000925,EMP008,2026-01-30,present,8,9.1,,0,1.1
ATT000926,EMP008,2026-02-02,remote,8,9.4,,0,1.4
ATT000927,EMP008,2026-02-03,present,8,8.2,,0,0.2
ATT000928,EMP008,2026-02-04,remote,8,7.1,,0,0
ATT000929,EMP008,2026-02-05,present,8,8.4,,0,0.4
ATT000930,EMP008,2026-02-06,present,8,9.1,,0,1.1
ATT000931,EMP008,2026-02-09,remote,8,7.5,,0,0
ATT000932,EMP008,2026-02-10,present,8,8.8,,0,0.8
ATT000933,EMP008,2026-02-11,remote,8,7.4,,0,0
ATT000934,EMP008,2026-02-12,present,8,9.3,,0,1.3
ATT000935,EMP008,2026-02-13,remote,8,8.3,,0,0.3
ATT000936,EMP008,2026-02-16,absent,8,0,,0,0
ATT000937,EMP008,2026-02-17,leave,8,0,personal,0,0
ATT000938,EMP008,2026-02-18,present,8,8.3,,15,0.3
ATT000939,EMP008,2026-02-19,present,8,7.2,,0,0
ATT000940,EMP008,2026-02-20,present,8,7.3,,0,0
ATT000941,EMP008,2026-02-23,present,8,8.5,,0,0.5
ATT000942,EMP008,2026-02-24,present,8,7.9,,0,0
ATT000943,EMP008,2026-02-25,remote,8,8.7,,0,0.7
ATT000944,EMP008,2026-02-26,present,8,8.6,,0,0.6
ATT000945,EMP008,2026-02-27,present,8,7.6,,0,0
ATT000946,EMP008,2026-03-02,present,8,7.8,,0,0
ATT000947,EMP008,2026-03-03,half_day,8,4.1,,0,0
ATT000948,EMP008,2026-03-04,remote,8,8.4,,0,0.4
ATT000949,EMP008,2026-03-05,present,8,7.7,,0,0
ATT000950,EMP008,2026-03-06,present,8,8.6,,0,0.6
ATT000951,EMP008,2026-03-09,present,8,9.1,,0,1.1
ATT000952,EMP008,2026-03-10,holiday,8,0,,0,0
ATT000953,EMP008,2026-03-11,leave,8,0,personal,0,0
ATT000954,EMP008,2026-03-12,remote,8,9.2,,0,1.2
ATT000955,EMP008,2026-03-13,absent,8,0,,0,0
ATT000956,EMP008,2026-03-16,remote,8,9.0,,0,1.0
ATT000957,EMP008,2026-03-17,present,8,9.4,,0,1.4
ATT000958,EMP008,2026-03-18,present,8,7.5,,0,0
ATT000959,EMP008,2026-03-19,present,8,8.7,,0,0.7
ATT000960,EMP008,2026-03-20,present,8,8.7,,0,0.7
ATT000961,EMP008,2026-03-23,present,8,7.2,,0,0
ATT000962,EMP008,2026-03-24,present,8,9.3,,0,1.3
ATT000963,EMP008,2026-03-25,present,8,7.2,,0,0
ATT000964,EMP008,2026-03-26,remote,8,8.3,,20,0.3
ATT000965,EMP008,2026-03-27,present,8,8.1,,0,0.1
ATT000966,EMP008,2026-03-30,holiday,8,0,,0,0
ATT000967,EMP008,2026-03-31,remote,8,7.8,,0,0
ATT000968,EMP008,2026-04-01,remote,8,8.1,,0,0.1
ATT000969,EMP008,2026-04-02,present,8,8.4,,0,0.4
ATT000970,EMP008,2026-04-03,present,8,7.4,,0,0
ATT000971,EMP008,2026-04-06,present,8,9.4,,0,1.4
ATT000972,EMP008,2026-04-07,remote,8,8.6,,0,0.6
ATT000973,EMP008,2026-04-08,present,8,8.6,,0,0.6
ATT000974,EMP008,2026-04-09,present,8,7.1,,0,0
ATT000975,EMP008,2026-04-10,present,8,9.1,,0,1.1
ATT000976,EMP008,2026-04-13,remote,8,8.8,,0,0.8
ATT000977,EMP008,2026-04-14,holiday,8,0,,0,0
ATT000978,EMP008,2026-04-15,present,8,9.1,,0,1.1
ATT000979,EMP008,2026-04-16,remote,8,9.4,,0,1.4
ATT000980,EMP008,2026-04-17,leave,8,0,emergency,0,0
ATT000981,EMP008,2026-04-20,present,8,8.2,,0,0.2
ATT000982,EMP008,2026-04-21,present,8,9.1,,0,1.1
ATT000983,EMP008,2026-04-22,present,8,7.5,,0,0
ATT000984,EMP008,2026-04-23,present,8,9.2,,0,1.2
ATT000985,EMP008,2026-04-24,leave,8,0,earned,0,0
ATT000986,EMP008,2026-04-27,absent,8,0,,0,0
ATT000987,EMP008,2026-04-28,remote,8,7.6,,0,0
ATT000988,EMP008,2026-04-29,present,8,7.7,,0,0
ATT000989,EMP008,2026-04-30,remote,8,8.6,,0,0.6
ATT000990,EMP008,2026-05-01,holiday,8,0,,0,0
ATT000991,EMP008,2026-05-04,present,8,8.4,,0,0.4
ATT000992,EMP008,2026-05-05,remote,8,7.9,,0,0
ATT000993,EMP008,2026-05-06,present,8,9.3,,0,1.3
ATT000994,EMP008,2026-05-07,present,8,9.0,,0,1.0
ATT000995,EMP008,2026-05-08,remote,8,7.9,,0,0
ATT000996,EMP008,2026-05-11,remote,8,8.2,,0,0.2
ATT000997,EMP008,2026-05-12,leave,8,0,earned,0,0
ATT000998,EMP008,2026-05-13,present,8,9.1,,0,1.1
ATT000999,EMP008,2026-05-14,remote,8,8.1,,0,0.1
ATT001000,EMP008,2026-05-15,present,8,9.1,,0,1.1
ATT001001,EMP008,2026-05-18,remote,8,7.4,,0,0
ATT001002,EMP008,2026-05-19,half_day,8,4.2,,0,0
ATT001003,EMP008,2026-05-20,present,8,8.1,,0,0.1
ATT001004,EMP008,2026-05-21,present,8,9.1,,0,1.1
ATT001005,EMP008,2026-05-22,present,8,8.3,,0,0.3
ATT001006,EMP008,2026-05-25,half_day,8,3.6,,0,0
ATT001007,EMP008,2026-05-26,present,8,7.9,,0,0
ATT001008,EMP008,2026-05-27,present,8,9.1,,0,1.1
ATT001009,EMP008,2026-05-28,present,8,8.3,,0,0.3
ATT001010,EMP008,2026-05-29,leave,8,0,personal,0,0
ATT001011,EMP008,2026-06-01,present,8,8.8,,0,0.8
ATT001012,EMP008,2026-06-02,absent,8,0,,0,0
ATT001013,EMP008,2026-06-03,remote,8,9.3,,0,1.3
ATT001014,EMP008,2026-06-04,present,8,8.8,,0,0.8
ATT001015,EMP008,2026-06-05,remote,8,8.9,,5,0.9
ATT001016,EMP008,2026-06-08,remote,8,8.3,,0,0.3
ATT001017,EMP008,2026-06-09,present,8,9.2,,10,1.2
ATT001018,EMP008,2026-06-10,present,8,8.2,,0,0.2
ATT001019,EMP008,2026-06-11,remote,8,8.1,,0,0.1
ATT001020,EMP008,2026-06-12,leave,8,0,emergency,0,0
ATT001021,EMP008,2026-06-15,present,8,8.1,,0,0.1
ATT001022,EMP008,2026-06-16,present,8,7.9,,0,0
ATT001023,EMP008,2026-06-17,holiday,8,0,,0,0
ATT001024,EMP008,2026-06-18,present,8,9.1,,0,1.1
ATT001025,EMP008,2026-06-19,remote,8,7.6,,15,0
ATT001026,EMP008,2026-06-22,present,8,8.2,,0,0.2
ATT001027,EMP008,2026-06-23,present,8,9.1,,0,1.1
ATT001028,EMP008,2026-06-24,remote,8,7.8,,0,0
ATT001029,EMP008,2026-06-25,present,8,8.2,,0,0.2
ATT001030,EMP008,2026-06-26,present,8,7.3,,0,0
ATT001031,EMP008,2026-06-29,present,8,7.7,,0,0
ATT001032,EMP008,2026-06-30,absent,8,0,,0,0
ATT001033,EMP009,2026-01-01,present,8,7.4,,0,0
ATT001034,EMP009,2026-01-02,present,8,7.5,,0,0
ATT001035,EMP009,2026-01-05,remote,8,8.3,,0,0.3
ATT001036,EMP009,2026-01-06,present,8,9.0,,0,1.0
ATT001037,EMP009,2026-01-07,present,8,8.7,,0,0.7
ATT001038,EMP009,2026-01-08,present,8,8.2,,0,0.2
ATT001039,EMP009,2026-01-09,remote,8,9.4,,10,1.4
ATT001040,EMP009,2026-01-12,present,8,8.5,,0,0.5
ATT001041,EMP009,2026-01-13,leave,8,0,personal,0,0
ATT001042,EMP009,2026-01-14,present,8,9.3,,5,1.3
ATT001043,EMP009,2026-01-15,present,8,7.4,,0,0
ATT001044,EMP009,2026-01-16,present,8,9.5,,0,1.5
ATT001045,EMP009,2026-01-19,remote,8,8.4,,0,0.4
ATT001046,EMP009,2026-01-20,present,8,8.5,,0,0.5
ATT001047,EMP009,2026-01-21,present,8,8.6,,0,0.6
ATT001048,EMP009,2026-01-22,remote,8,7.2,,0,0
ATT001049,EMP009,2026-01-23,present,8,9.1,,0,1.1
ATT001050,EMP009,2026-01-26,holiday,8,0,,0,0
ATT001051,EMP009,2026-01-27,present,8,7.7,,0,0
ATT001052,EMP009,2026-01-28,present,8,8.9,,0,0.9
ATT001053,EMP009,2026-01-29,present,8,7.6,,0,0
ATT001054,EMP009,2026-01-30,present,8,7.6,,0,0
ATT001055,EMP009,2026-02-02,remote,8,7.8,,0,0
ATT001056,EMP009,2026-02-03,present,8,8.9,,0,0.9
ATT001057,EMP009,2026-02-04,present,8,7.3,,0,0
ATT001058,EMP009,2026-02-05,half_day,8,3.6,,0,0
ATT001059,EMP009,2026-02-06,remote,8,7.5,,0,0
ATT001060,EMP009,2026-02-09,present,8,9.0,,0,1.0
ATT001061,EMP009,2026-02-10,remote,8,8.6,,0,0.6
ATT001062,EMP009,2026-02-11,remote,8,7.6,,5,0
ATT001063,EMP009,2026-02-12,half_day,8,3.7,,0,0
ATT001064,EMP009,2026-02-13,present,8,9.3,,0,1.3
ATT001065,EMP009,2026-02-16,remote,8,7.4,,0,0
ATT001066,EMP009,2026-02-17,leave,8,0,emergency,0,0
ATT001067,EMP009,2026-02-18,present,8,7.0,,0,0
ATT001068,EMP009,2026-02-19,present,8,9.1,,0,1.1
ATT001069,EMP009,2026-02-20,present,8,8.9,,0,0.9
ATT001070,EMP009,2026-02-23,present,8,8.7,,0,0.7
ATT001071,EMP009,2026-02-24,present,8,9.1,,0,1.1
ATT001072,EMP009,2026-02-25,present,8,7.5,,0,0
ATT001073,EMP009,2026-02-26,present,8,9.1,,0,1.1
ATT001074,EMP009,2026-02-27,present,8,8.4,,0,0.4
ATT001075,EMP009,2026-03-02,leave,8,0,earned,0,0
ATT001076,EMP009,2026-03-03,present,8,8.4,,0,0.4
ATT001077,EMP009,2026-03-04,remote,8,8.9,,0,0.9
ATT001078,EMP009,2026-03-05,remote,8,9.2,,0,1.2
ATT001079,EMP009,2026-03-06,present,8,7.2,,0,0
ATT001080,EMP009,2026-03-09,present,8,8.1,,0,0.1
ATT001081,EMP009,2026-03-10,holiday,8,0,,0,0
ATT001082,EMP009,2026-03-11,present,8,8.7,,0,0.7
ATT001083,EMP009,2026-03-12,remote,8,8.6,,0,0.6
ATT001084,EMP009,2026-03-13,remote,8,7.1,,0,0
ATT001085,EMP009,2026-03-16,present,8,8.7,,0,0.7
ATT001086,EMP009,2026-03-17,remote,8,9.1,,0,1.1
ATT001087,EMP009,2026-03-18,remote,8,7.1,,0,0
ATT001088,EMP009,2026-03-19,remote,8,8.5,,0,0.5
ATT001089,EMP009,2026-03-20,present,8,7.8,,0,0
ATT001090,EMP009,2026-03-23,present,8,9.2,,0,1.2
ATT001091,EMP009,2026-03-24,leave,8,0,emergency,0,0
ATT001092,EMP009,2026-03-25,present,8,8.0,,0,0
ATT001093,EMP009,2026-03-26,leave,8,0,casual,0,0
ATT001094,EMP009,2026-03-27,present,8,8.7,,0,0.7
ATT001095,EMP009,2026-03-30,holiday,8,0,,0,0
ATT001096,EMP009,2026-03-31,present,8,8.9,,0,0.9
ATT001097,EMP009,2026-04-01,leave,8,0,casual,0,0
ATT001098,EMP009,2026-04-02,present,8,7.8,,0,0
ATT001099,EMP009,2026-04-03,present,8,7.7,,0,0
ATT001100,EMP009,2026-04-06,present,8,7.8,,0,0
ATT001101,EMP009,2026-04-07,present,8,7.1,,0,0
ATT001102,EMP009,2026-04-08,remote,8,8.3,,0,0.3
ATT001103,EMP009,2026-04-09,remote,8,8.4,,0,0.4
ATT001104,EMP009,2026-04-10,present,8,8.5,,0,0.5
ATT001105,EMP009,2026-04-13,present,8,8.5,,0,0.5
ATT001106,EMP009,2026-04-14,holiday,8,0,,0,0
ATT001107,EMP009,2026-04-15,present,8,9.1,,0,1.1
ATT001108,EMP009,2026-04-16,remote,8,7.2,,5,0
ATT001109,EMP009,2026-04-17,leave,8,0,casual,0,0
ATT001110,EMP009,2026-04-20,present,8,8.3,,0,0.3
ATT001111,EMP009,2026-04-21,remote,8,8.7,,0,0.7
ATT001112,EMP009,2026-04-22,remote,8,7.1,,0,0
ATT001113,EMP009,2026-04-23,present,8,8.7,,0,0.7
ATT001114,EMP009,2026-04-24,present,8,7.3,,0,0
ATT001115,EMP009,2026-04-27,remote,8,8.6,,0,0.6
ATT001116,EMP009,2026-04-28,present,8,8.2,,0,0.2
ATT001117,EMP009,2026-04-29,remote,8,8.4,,0,0.4
ATT001118,EMP009,2026-04-30,present,8,8.8,,0,0.8
ATT001119,EMP009,2026-05-01,holiday,8,0,,0,0
ATT001120,EMP009,2026-05-04,present,8,7.6,,0,0
ATT001121,EMP009,2026-05-05,present,8,7.3,,0,0
ATT001122,EMP009,2026-05-06,present,8,8.5,,0,0.5
ATT001123,EMP009,2026-05-07,present,8,8.3,,0,0.3
ATT001124,EMP009,2026-05-08,present,8,7.5,,5,0
ATT001125,EMP009,2026-05-11,present,8,7.5,,0,0
ATT001126,EMP009,2026-05-12,present,8,9.2,,0,1.2
ATT001127,EMP009,2026-05-13,present,8,9.2,,0,1.2
ATT001128,EMP009,2026-05-14,remote,8,8.0,,0,0
ATT001129,EMP009,2026-05-15,present,8,7.5,,0,0
ATT001130,EMP009,2026-05-18,present,8,8.3,,0,0.3
ATT001131,EMP009,2026-05-19,present,8,7.5,,0,0
ATT001132,EMP009,2026-05-20,present,8,8.9,,0,0.9
ATT001133,EMP009,2026-05-21,present,8,7.3,,15,0
ATT001134,EMP009,2026-05-22,present,8,7.4,,0,0
ATT001135,EMP009,2026-05-25,present,8,7.1,,0,0
ATT001136,EMP009,2026-05-26,present,8,8.1,,0,0.1
ATT001137,EMP009,2026-05-27,present,8,8.4,,0,0.4
ATT001138,EMP009,2026-05-28,absent,8,0,,0,0
ATT001139,EMP009,2026-05-29,absent,8,0,,0,0
ATT001140,EMP009,2026-06-01,present,8,7.1,,0,0
ATT001141,EMP009,2026-06-02,remote,8,9.3,,0,1.3
ATT001142,EMP009,2026-06-03,present,8,9.4,,0,1.4
ATT001143,EMP009,2026-06-04,present,8,7.2,,0,0
ATT001144,EMP009,2026-06-05,remote,8,7.9,,0,0
ATT001145,EMP009,2026-06-08,present,8,9.3,,0,1.3
ATT001146,EMP009,2026-06-09,leave,8,0,sick,0,0
ATT001147,EMP009,2026-06-10,present,8,9.4,,0,1.4
ATT001148,EMP009,2026-06-11,present,8,8.2,,0,0.2
ATT001149,EMP009,2026-06-12,present,8,7.3,,0,0
ATT001150,EMP009,2026-06-15,present,8,8.1,,0,0.1
ATT001151,EMP009,2026-06-16,present,8,8.3,,0,0.3
ATT001152,EMP009,2026-06-17,holiday,8,0,,0,0
ATT001153,EMP009,2026-06-18,remote,8,7.3,,0,0
ATT001154,EMP009,2026-06-19,remote,8,7.4,,0,0
ATT001155,EMP009,2026-06-22,present,8,8.4,,0,0.4
ATT001156,EMP009,2026-06-23,present,8,9.1,,0,1.1
ATT001157,EMP009,2026-06-24,remote,8,7.9,,0,0
ATT001158,EMP009,2026-06-25,leave,8,0,casual,0,0
ATT001159,EMP009,2026-06-26,present,8,8.2,,0,0.2
ATT001160,EMP009,2026-06-29,remote,8,7.7,,0,0
ATT001161,EMP009,2026-06-30,present,8,8.1,,0,0.1
ATT001162,EMP010,2026-01-01,present,8,7.0,,0,0
ATT001163,EMP010,2026-01-02,present,8,8.6,,0,0.6
ATT001164,EMP010,2026-01-05,present,8,7.1,,0,0
ATT001165,EMP010,2026-01-06,present,8,7.7,,0,0
ATT001166,EMP010,2026-01-07,remote,8,7.8,,0,0
ATT001167,EMP010,2026-01-08,present,8,7.4,,0,0
ATT001168,EMP010,2026-01-09,present,8,8.2,,0,0.2
ATT001169,EMP010,2026-01-12,present,8,7.8,,0,0
ATT001170,EMP010,2026-01-13,remote,8,8.9,,0,0.9
ATT001171,EMP010,2026-01-14,remote,8,8.0,,0,0
ATT001172,EMP010,2026-01-15,present,8,9.0,,0,1.0
ATT001173,EMP010,2026-01-16,present,8,7.9,,0,0
ATT001174,EMP010,2026-01-19,present,8,8.5,,0,0.5
ATT001175,EMP010,2026-01-20,half_day,8,4.2,,0,0
ATT001176,EMP010,2026-01-21,present,8,7.4,,0,0
ATT001177,EMP010,2026-01-22,present,8,7.4,,0,0
ATT001178,EMP010,2026-01-23,present,8,8.2,,0,0.2
ATT001179,EMP010,2026-01-26,holiday,8,0,,0,0
ATT001180,EMP010,2026-01-27,remote,8,9.4,,0,1.4
ATT001181,EMP010,2026-01-28,half_day,8,3.6,,0,0
ATT001182,EMP010,2026-01-29,present,8,7.6,,0,0
ATT001183,EMP010,2026-01-30,present,8,7.2,,0,0
ATT001184,EMP010,2026-02-02,present,8,9.2,,0,1.2
ATT001185,EMP010,2026-02-03,present,8,7.4,,0,0
ATT001186,EMP010,2026-02-04,absent,8,0,,0,0
ATT001187,EMP010,2026-02-05,present,8,9.1,,0,1.1
ATT001188,EMP010,2026-02-06,remote,8,8.4,,0,0.4
ATT001189,EMP010,2026-02-09,present,8,8.7,,0,0.7
ATT001190,EMP010,2026-02-10,present,8,7.6,,0,0
ATT001191,EMP010,2026-02-11,remote,8,9.1,,0,1.1
ATT001192,EMP010,2026-02-12,present,8,8.1,,0,0.1
ATT001193,EMP010,2026-02-13,present,8,8.2,,0,0.2
ATT001194,EMP010,2026-02-16,remote,8,9.1,,0,1.1
ATT001195,EMP010,2026-02-17,present,8,8.3,,0,0.3
ATT001196,EMP010,2026-02-18,present,8,8.6,,0,0.6
ATT001197,EMP010,2026-02-19,remote,8,7.3,,0,0
ATT001198,EMP010,2026-02-20,present,8,8.0,,0,0
ATT001199,EMP010,2026-02-23,present,8,8.6,,0,0.6
ATT001200,EMP010,2026-02-24,present,8,8.2,,0,0.2
ATT001201,EMP010,2026-02-25,present,8,9.2,,0,1.2
ATT001202,EMP010,2026-02-26,remote,8,7.7,,0,0
ATT001203,EMP010,2026-02-27,remote,8,9.0,,0,1.0
ATT001204,EMP010,2026-03-02,present,8,8.2,,0,0.2
ATT001205,EMP010,2026-03-03,remote,8,7.3,,0,0
ATT001206,EMP010,2026-03-04,present,8,7.2,,10,0
ATT001207,EMP010,2026-03-05,present,8,7.1,,0,0
ATT001208,EMP010,2026-03-06,present,8,7.4,,0,0
ATT001209,EMP010,2026-03-09,remote,8,8.7,,0,0.7
ATT001210,EMP010,2026-03-10,holiday,8,0,,0,0
ATT001211,EMP010,2026-03-11,present,8,8.5,,0,0.5
ATT001212,EMP010,2026-03-12,remote,8,7.3,,0,0
ATT001213,EMP010,2026-03-13,present,8,8.7,,0,0.7
ATT001214,EMP010,2026-03-16,leave,8,0,sick,0,0
ATT001215,EMP010,2026-03-17,leave,8,0,sick,0,0
ATT001216,EMP010,2026-03-18,present,8,8.3,,0,0.3
ATT001217,EMP010,2026-03-19,present,8,7.3,,0,0
ATT001218,EMP010,2026-03-20,half_day,8,3.5,,0,0
ATT001219,EMP010,2026-03-23,present,8,7.1,,0,0
ATT001220,EMP010,2026-03-24,remote,8,8.2,,0,0.2
ATT001221,EMP010,2026-03-25,remote,8,8.3,,0,0.3
ATT001222,EMP010,2026-03-26,remote,8,8.6,,0,0.6
ATT001223,EMP010,2026-03-27,present,8,8.2,,0,0.2
ATT001224,EMP010,2026-03-30,holiday,8,0,,0,0
ATT001225,EMP010,2026-03-31,half_day,8,4.2,,0,0
ATT001226,EMP010,2026-04-01,present,8,8.2,,0,0.2
ATT001227,EMP010,2026-04-02,remote,8,9.2,,0,1.2
ATT001228,EMP010,2026-04-03,present,8,7.5,,0,0
ATT001229,EMP010,2026-04-06,present,8,9.4,,0,1.4
ATT001230,EMP010,2026-04-07,remote,8,8.3,,0,0.3
ATT001231,EMP010,2026-04-08,present,8,9.1,,0,1.1
ATT001232,EMP010,2026-04-09,present,8,7.0,,0,0
ATT001233,EMP010,2026-04-10,remote,8,7.2,,0,0
ATT001234,EMP010,2026-04-13,present,8,8.9,,0,0.9
ATT001235,EMP010,2026-04-14,holiday,8,0,,0,0
ATT001236,EMP010,2026-04-15,remote,8,7.6,,0,0
ATT001237,EMP010,2026-04-16,present,8,7.3,,0,0
ATT001238,EMP010,2026-04-17,present,8,8.0,,0,0
ATT001239,EMP010,2026-04-20,present,8,7.7,,0,0
ATT001240,EMP010,2026-04-21,present,8,7.8,,0,0
ATT001241,EMP010,2026-04-22,leave,8,0,sick,0,0
ATT001242,EMP010,2026-04-23,present,8,8.9,,0,0.9
ATT001243,EMP010,2026-04-24,present,8,7.7,,5,0
ATT001244,EMP010,2026-04-27,present,8,7.9,,0,0
ATT001245,EMP010,2026-04-28,absent,8,0,,0,0
ATT001246,EMP010,2026-04-29,present,8,7.6,,0,0
ATT001247,EMP010,2026-04-30,present,8,9.4,,5,1.4
ATT001248,EMP010,2026-05-01,holiday,8,0,,0,0
ATT001249,EMP010,2026-05-04,present,8,8.2,,0,0.2
ATT001250,EMP010,2026-05-05,leave,8,0,casual,0,0
ATT001251,EMP010,2026-05-06,present,8,8.1,,0,0.1
ATT001252,EMP010,2026-05-07,remote,8,8.2,,0,0.2
ATT001253,EMP010,2026-05-08,present,8,8.1,,0,0.1
ATT001254,EMP010,2026-05-11,remote,8,7.8,,0,0
ATT001255,EMP010,2026-05-12,present,8,7.6,,0,0
ATT001256,EMP010,2026-05-13,present,8,8.6,,0,0.6
ATT001257,EMP010,2026-05-14,present,8,7.3,,0,0
ATT001258,EMP010,2026-05-15,present,8,7.4,,0,0
ATT001259,EMP010,2026-05-18,remote,8,8.7,,0,0.7
ATT001260,EMP010,2026-05-19,present,8,7.8,,0,0
ATT001261,EMP010,2026-05-20,remote,8,8.5,,0,0.5
ATT001262,EMP010,2026-05-21,present,8,8.0,,0,0
ATT001263,EMP010,2026-05-22,present,8,7.5,,0,0
ATT001264,EMP010,2026-05-25,remote,8,8.8,,5,0.8
ATT001265,EMP010,2026-05-26,present,8,8.3,,0,0.3
ATT001266,EMP010,2026-05-27,half_day,8,4.4,,0,0
ATT001267,EMP010,2026-05-28,present,8,7.9,,0,0
ATT001268,EMP010,2026-05-29,remote,8,8.4,,0,0.4
ATT001269,EMP010,2026-06-01,present,8,8.1,,0,0.1
ATT001270,EMP010,2026-06-02,present,8,7.9,,0,0
ATT001271,EMP010,2026-06-03,present,8,8.5,,0,0.5
ATT001272,EMP010,2026-06-04,leave,8,0,earned,0,0
ATT001273,EMP010,2026-06-05,present,8,9.1,,0,1.1
ATT001274,EMP010,2026-06-08,absent,8,0,,0,0
ATT001275,EMP010,2026-06-09,leave,8,0,sick,0,0
ATT001276,EMP010,2026-06-10,present,8,7.8,,0,0
ATT001277,EMP010,2026-06-11,remote,8,8.5,,0,0.5
ATT001278,EMP010,2026-06-12,remote,8,7.3,,0,0
ATT001279,EMP010,2026-06-15,remote,8,8.3,,0,0.3
ATT001280,EMP010,2026-06-16,absent,8,0,,0,0
ATT001281,EMP010,2026-06-17,holiday,8,0,,0,0
ATT001282,EMP010,2026-06-18,present,8,7.1,,0,0
ATT001283,EMP010,2026-06-19,present,8,9.4,,20,1.4
ATT001284,EMP010,2026-06-22,absent,8,0,,0,0
ATT001285,EMP010,2026-06-23,present,8,7.3,,0,0
ATT001286,EMP010,2026-06-24,remote,8,7.7,,0,0
ATT001287,EMP010,2026-06-25,present,8,8.4,,0,0.4
ATT001288,EMP010,2026-06-26,present,8,9.4,,0,1.4
ATT001289,EMP010,2026-06-29,present,8,7.4,,5,0
ATT001290,EMP010,2026-06-30,present,8,7.3,,0,0
ATT001291,EMP011,2026-01-01,present,8,8.5,,0,0.5
ATT001292,EMP011,2026-01-02,present,8,9.2,,0,1.2
ATT001293,EMP011,2026-01-05,leave,8,0,earned,0,0
ATT001294,EMP011,2026-01-06,remote,8,8.6,,0,0.6
ATT001295,EMP011,2026-01-07,present,8,8.3,,0,0.3
ATT001296,EMP011,2026-01-08,present,8,7.0,,0,0
ATT001297,EMP011,2026-01-09,remote,8,7.4,,0,0
ATT001298,EMP011,2026-01-12,present,8,8.4,,0,0.4
ATT001299,EMP011,2026-01-13,present,8,8.9,,0,0.9
ATT001300,EMP011,2026-01-14,present,8,8.6,,0,0.6
ATT001301,EMP011,2026-01-15,present,8,9.4,,0,1.4
ATT001302,EMP011,2026-01-16,absent,8,0,,0,0
ATT001303,EMP011,2026-01-19,present,8,7.6,,0,0
ATT001304,EMP011,2026-01-20,present,8,9.1,,0,1.1
ATT001305,EMP011,2026-01-21,present,8,7.2,,0,0
ATT001306,EMP011,2026-01-22,present,8,9.0,,0,1.0
ATT001307,EMP011,2026-01-23,present,8,7.5,,0,0
ATT001308,EMP011,2026-01-26,holiday,8,0,,0,0
ATT001309,EMP011,2026-01-27,remote,8,7.7,,30,0
ATT001310,EMP011,2026-01-28,leave,8,0,sick,0,0
ATT001311,EMP011,2026-01-29,present,8,8.9,,0,0.9
ATT001312,EMP011,2026-01-30,present,8,8.7,,0,0.7
ATT001313,EMP011,2026-02-02,present,8,9.4,,0,1.4
ATT001314,EMP011,2026-02-03,present,8,8.1,,0,0.1
ATT001315,EMP011,2026-02-04,present,8,9.1,,0,1.1
ATT001316,EMP011,2026-02-05,present,8,7.6,,0,0
ATT001317,EMP011,2026-02-06,present,8,8.3,,0,0.3
ATT001318,EMP011,2026-02-09,present,8,7.8,,0,0
ATT001319,EMP011,2026-02-10,present,8,7.9,,0,0
ATT001320,EMP011,2026-02-11,present,8,7.8,,0,0
ATT001321,EMP011,2026-02-12,present,8,7.2,,0,0
ATT001322,EMP011,2026-02-13,present,8,9.4,,30,1.4
ATT001323,EMP011,2026-02-16,remote,8,8.6,,0,0.6
ATT001324,EMP011,2026-02-17,present,8,7.5,,0,0
ATT001325,EMP011,2026-02-18,remote,8,7.8,,0,0
ATT001326,EMP011,2026-02-19,remote,8,8.5,,0,0.5
ATT001327,EMP011,2026-02-20,remote,8,7.6,,20,0
ATT001328,EMP011,2026-02-23,present,8,8.9,,0,0.9
ATT001329,EMP011,2026-02-24,absent,8,0,,0,0
ATT001330,EMP011,2026-02-25,present,8,9.3,,0,1.3
ATT001331,EMP011,2026-02-26,present,8,8.7,,0,0.7
ATT001332,EMP011,2026-02-27,present,8,7.3,,0,0
ATT001333,EMP011,2026-03-02,present,8,8.4,,0,0.4
ATT001334,EMP011,2026-03-03,remote,8,7.4,,0,0
ATT001335,EMP011,2026-03-04,remote,8,7.2,,5,0
ATT001336,EMP011,2026-03-05,present,8,7.3,,0,0
ATT001337,EMP011,2026-03-06,half_day,8,4.5,,0,0
ATT001338,EMP011,2026-03-09,remote,8,7.3,,0,0
ATT001339,EMP011,2026-03-10,holiday,8,0,,0,0
ATT001340,EMP011,2026-03-11,remote,8,8.4,,0,0.4
ATT001341,EMP011,2026-03-12,present,8,9.3,,0,1.3
ATT001342,EMP011,2026-03-13,leave,8,0,sick,0,0
ATT001343,EMP011,2026-03-16,present,8,9.4,,0,1.4
ATT001344,EMP011,2026-03-17,present,8,8.5,,0,0.5
ATT001345,EMP011,2026-03-18,present,8,7.8,,0,0
ATT001346,EMP011,2026-03-19,remote,8,7.9,,0,0
ATT001347,EMP011,2026-03-20,present,8,8.2,,0,0.2
ATT001348,EMP011,2026-03-23,absent,8,0,,0,0
ATT001349,EMP011,2026-03-24,present,8,7.5,,5,0
ATT001350,EMP011,2026-03-25,present,8,9.5,,0,1.5
ATT001351,EMP011,2026-03-26,present,8,9.1,,0,1.1
ATT001352,EMP011,2026-03-27,present,8,8.7,,0,0.7
ATT001353,EMP011,2026-03-30,holiday,8,0,,0,0
ATT001354,EMP011,2026-03-31,remote,8,7.7,,10,0
ATT001355,EMP011,2026-04-01,leave,8,0,sick,0,0
ATT001356,EMP011,2026-04-02,present,8,7.8,,0,0
ATT001357,EMP011,2026-04-03,present,8,7.7,,0,0
ATT001358,EMP011,2026-04-06,present,8,7.6,,5,0
ATT001359,EMP011,2026-04-07,present,8,9.0,,30,1.0
ATT001360,EMP011,2026-04-08,present,8,8.2,,0,0.2
ATT001361,EMP011,2026-04-09,remote,8,9.3,,0,1.3
ATT001362,EMP011,2026-04-10,present,8,9.1,,0,1.1
ATT001363,EMP011,2026-04-13,remote,8,8.9,,0,0.9
ATT001364,EMP011,2026-04-14,holiday,8,0,,0,0
ATT001365,EMP011,2026-04-15,present,8,7.7,,0,0
ATT001366,EMP011,2026-04-16,remote,8,9.0,,0,1.0
ATT001367,EMP011,2026-04-17,present,8,7.1,,0,0
ATT001368,EMP011,2026-04-20,present,8,9.4,,0,1.4
ATT001369,EMP011,2026-04-21,present,8,7.9,,0,0
ATT001370,EMP011,2026-04-22,present,8,9.4,,0,1.4
ATT001371,EMP011,2026-04-23,remote,8,7.6,,0,0
ATT001372,EMP011,2026-04-24,leave,8,0,earned,0,0
ATT001373,EMP011,2026-04-27,present,8,7.2,,0,0
ATT001374,EMP011,2026-04-28,remote,8,8.5,,0,0.5
ATT001375,EMP011,2026-04-29,half_day,8,3.7,,0,0
ATT001376,EMP011,2026-04-30,leave,8,0,earned,0,0
ATT001377,EMP011,2026-05-01,holiday,8,0,,0,0
ATT001378,EMP011,2026-05-04,present,8,9.2,,0,1.2
ATT001379,EMP011,2026-05-05,present,8,9.5,,5,1.5
ATT001380,EMP011,2026-05-06,remote,8,7.1,,0,0
ATT001381,EMP011,2026-05-07,remote,8,8.5,,0,0.5
ATT001382,EMP011,2026-05-08,remote,8,9.1,,0,1.1
ATT001383,EMP011,2026-05-11,present,8,7.7,,0,0
ATT001384,EMP011,2026-05-12,present,8,8.0,,0,0
ATT001385,EMP011,2026-05-13,present,8,9.3,,0,1.3
ATT001386,EMP011,2026-05-14,remote,8,8.0,,0,0
ATT001387,EMP011,2026-05-15,half_day,8,3.8,,0,0
ATT001388,EMP011,2026-05-18,present,8,8.2,,0,0.2
ATT001389,EMP011,2026-05-19,remote,8,7.4,,0,0
ATT001390,EMP011,2026-05-20,leave,8,0,emergency,0,0
ATT001391,EMP011,2026-05-21,present,8,7.6,,0,0
ATT001392,EMP011,2026-05-22,present,8,7.5,,0,0
ATT001393,EMP011,2026-05-25,present,8,8.6,,0,0.6
ATT001394,EMP011,2026-05-26,present,8,9.0,,0,1.0
ATT001395,EMP011,2026-05-27,remote,8,8.7,,0,0.7
ATT001396,EMP011,2026-05-28,present,8,8.8,,0,0.8
ATT001397,EMP011,2026-05-29,leave,8,0,casual,0,0
ATT001398,EMP011,2026-06-01,half_day,8,4.3,,0,0
ATT001399,EMP011,2026-06-02,present,8,7.4,,0,0
ATT001400,EMP011,2026-06-03,present,8,8.9,,0,0.9
ATT001401,EMP011,2026-06-04,present,8,8.2,,0,0.2
ATT001402,EMP011,2026-06-05,present,8,8.4,,0,0.4
ATT001403,EMP011,2026-06-08,absent,8,0,,0,0
ATT001404,EMP011,2026-06-09,leave,8,0,personal,0,0
ATT001405,EMP011,2026-06-10,present,8,7.1,,0,0
ATT001406,EMP011,2026-06-11,leave,8,0,emergency,0,0
ATT001407,EMP011,2026-06-12,remote,8,8.3,,0,0.3
ATT001408,EMP011,2026-06-15,present,8,8.3,,0,0.3
ATT001409,EMP011,2026-06-16,present,8,7.2,,15,0
ATT001410,EMP011,2026-06-17,holiday,8,0,,0,0
ATT001411,EMP011,2026-06-18,remote,8,8.9,,0,0.9
ATT001412,EMP011,2026-06-19,remote,8,8.4,,0,0.4
ATT001413,EMP011,2026-06-22,remote,8,9.2,,0,1.2
ATT001414,EMP011,2026-06-23,leave,8,0,casual,0,0
ATT001415,EMP011,2026-06-24,absent,8,0,,0,0
ATT001416,EMP011,2026-06-25,remote,8,8.6,,0,0.6
ATT001417,EMP011,2026-06-26,present,8,8.5,,0,0.5
ATT001418,EMP011,2026-06-29,remote,8,8.4,,0,0.4
ATT001419,EMP011,2026-06-30,present,8,9.4,,0,1.4
ATT001420,EMP012,2026-01-01,present,8,9.5,,0,1.5
ATT001421,EMP012,2026-01-02,present,8,8.2,,0,0.2
ATT001422,EMP012,2026-01-05,present,8,9.3,,0,1.3
ATT001423,EMP012,2026-01-06,remote,8,7.2,,0,0
ATT001424,EMP012,2026-01-07,present,8,8.2,,0,0.2
ATT001425,EMP012,2026-01-08,present,8,7.4,,0,0
ATT001426,EMP012,2026-01-09,present,8,9.3,,0,1.3
ATT001427,EMP012,2026-01-12,remote,8,7.1,,0,0
ATT001428,EMP012,2026-01-13,remote,8,7.4,,0,0
ATT001429,EMP012,2026-01-14,present,8,8.3,,0,0.3
ATT001430,EMP012,2026-01-15,present,8,8.9,,0,0.9
ATT001431,EMP012,2026-01-16,present,8,7.5,,0,0
ATT001432,EMP012,2026-01-19,present,8,7.3,,0,0
ATT001433,EMP012,2026-01-20,remote,8,7.2,,0,0
ATT001434,EMP012,2026-01-21,half_day,8,3.6,,0,0
ATT001435,EMP012,2026-01-22,present,8,7.4,,0,0
ATT001436,EMP012,2026-01-23,present,8,9.2,,0,1.2
ATT001437,EMP012,2026-01-26,holiday,8,0,,0,0
ATT001438,EMP012,2026-01-27,present,8,8.9,,0,0.9
ATT001439,EMP012,2026-01-28,remote,8,8.2,,0,0.2
ATT001440,EMP012,2026-01-29,present,8,9.3,,0,1.3
ATT001441,EMP012,2026-01-30,remote,8,7.8,,0,0
ATT001442,EMP012,2026-02-02,present,8,9.3,,0,1.3
ATT001443,EMP012,2026-02-03,remote,8,8.0,,0,0
ATT001444,EMP012,2026-02-04,remote,8,8.5,,0,0.5
ATT001445,EMP012,2026-02-05,remote,8,8.8,,0,0.8
ATT001446,EMP012,2026-02-06,remote,8,9.0,,0,1.0
ATT001447,EMP012,2026-02-09,remote,8,8.7,,30,0.7
ATT001448,EMP012,2026-02-10,present,8,9.2,,0,1.2
ATT001449,EMP012,2026-02-11,remote,8,7.2,,0,0
ATT001450,EMP012,2026-02-12,leave,8,0,personal,0,0
ATT001451,EMP012,2026-02-13,remote,8,8.1,,10,0.1
ATT001452,EMP012,2026-02-16,leave,8,0,emergency,0,0
ATT001453,EMP012,2026-02-17,present,8,8.6,,0,0.6
ATT001454,EMP012,2026-02-18,leave,8,0,casual,0,0
ATT001455,EMP012,2026-02-19,present,8,7.3,,0,0
ATT001456,EMP012,2026-02-20,present,8,8.1,,0,0.1
ATT001457,EMP012,2026-02-23,present,8,7.9,,0,0
ATT001458,EMP012,2026-02-24,remote,8,8.6,,0,0.6
ATT001459,EMP012,2026-02-25,absent,8,0,,0,0
ATT001460,EMP012,2026-02-26,present,8,7.2,,5,0
ATT001461,EMP012,2026-02-27,present,8,8.5,,0,0.5
ATT001462,EMP012,2026-03-02,remote,8,7.9,,0,0
ATT001463,EMP012,2026-03-03,present,8,7.5,,0,0
ATT001464,EMP012,2026-03-04,remote,8,7.4,,0,0
ATT001465,EMP012,2026-03-05,present,8,7.1,,0,0
ATT001466,EMP012,2026-03-06,remote,8,9.4,,0,1.4
ATT001467,EMP012,2026-03-09,present,8,8.7,,0,0.7
ATT001468,EMP012,2026-03-10,holiday,8,0,,0,0
ATT001469,EMP012,2026-03-11,present,8,9.0,,0,1.0
ATT001470,EMP012,2026-03-12,present,8,8.5,,0,0.5
ATT001471,EMP012,2026-03-13,present,8,9.2,,0,1.2
ATT001472,EMP012,2026-03-16,present,8,9.2,,0,1.2
ATT001473,EMP012,2026-03-17,present,8,9.3,,0,1.3
ATT001474,EMP012,2026-03-18,remote,8,7.1,,0,0
ATT001475,EMP012,2026-03-19,remote,8,9.0,,0,1.0
ATT001476,EMP012,2026-03-20,present,8,8.9,,0,0.9
ATT001477,EMP012,2026-03-23,remote,8,7.1,,0,0
ATT001478,EMP012,2026-03-24,remote,8,7.3,,0,0
ATT001479,EMP012,2026-03-25,present,8,9.1,,0,1.1
ATT001480,EMP012,2026-03-26,remote,8,9.3,,0,1.3
ATT001481,EMP012,2026-03-27,present,8,7.9,,0,0
ATT001482,EMP012,2026-03-30,holiday,8,0,,0,0
ATT001483,EMP012,2026-03-31,present,8,9.4,,0,1.4
ATT001484,EMP012,2026-04-01,half_day,8,3.5,,0,0
ATT001485,EMP012,2026-04-02,present,8,9.5,,0,1.5
ATT001486,EMP012,2026-04-03,half_day,8,4.3,,0,0
ATT001487,EMP012,2026-04-06,present,8,8.6,,0,0.6
ATT001488,EMP012,2026-04-07,present,8,8.2,,0,0.2
ATT001489,EMP012,2026-04-08,leave,8,0,personal,0,0
ATT001490,EMP012,2026-04-09,present,8,7.9,,0,0
ATT001491,EMP012,2026-04-10,present,8,8.8,,0,0.8
ATT001492,EMP012,2026-04-13,remote,8,9.3,,0,1.3
ATT001493,EMP012,2026-04-14,holiday,8,0,,0,0
ATT001494,EMP012,2026-04-15,present,8,7.2,,0,0
ATT001495,EMP012,2026-04-16,present,8,8.5,,0,0.5
ATT001496,EMP012,2026-04-17,present,8,9.3,,0,1.3
ATT001497,EMP012,2026-04-20,present,8,9.2,,0,1.2
ATT001498,EMP012,2026-04-21,present,8,7.9,,0,0
ATT001499,EMP012,2026-04-22,present,8,8.3,,0,0.3
ATT001500,EMP012,2026-04-23,remote,8,7.0,,0,0
ATT001501,EMP012,2026-04-24,remote,8,9.4,,0,1.4
ATT001502,EMP012,2026-04-27,present,8,8.2,,0,0.2
ATT001503,EMP012,2026-04-28,remote,8,9.4,,0,1.4
ATT001504,EMP012,2026-04-29,present,8,9.3,,0,1.3
ATT001505,EMP012,2026-04-30,present,8,7.6,,15,0
ATT001506,EMP012,2026-05-01,holiday,8,0,,0,0
ATT001507,EMP012,2026-05-04,present,8,8.8,,0,0.8
ATT001508,EMP012,2026-05-05,remote,8,8.8,,0,0.8
ATT001509,EMP012,2026-05-06,present,8,9.5,,0,1.5
ATT001510,EMP012,2026-05-07,remote,8,7.1,,0,0
ATT001511,EMP012,2026-05-08,present,8,8.2,,0,0.2
ATT001512,EMP012,2026-05-11,present,8,7.4,,0,0
ATT001513,EMP012,2026-05-12,remote,8,7.6,,0,0
ATT001514,EMP012,2026-05-13,present,8,7.2,,0,0
ATT001515,EMP012,2026-05-14,remote,8,7.1,,0,0
ATT001516,EMP012,2026-05-15,present,8,7.6,,0,0
ATT001517,EMP012,2026-05-18,present,8,7.3,,0,0
ATT001518,EMP012,2026-05-19,remote,8,7.8,,0,0
ATT001519,EMP012,2026-05-20,remote,8,8.1,,20,0.1
ATT001520,EMP012,2026-05-21,present,8,9.0,,0,1.0
ATT001521,EMP012,2026-05-22,remote,8,9.1,,15,1.1
ATT001522,EMP012,2026-05-25,present,8,9.2,,0,1.2
ATT001523,EMP012,2026-05-26,present,8,7.8,,0,0
ATT001524,EMP012,2026-05-27,present,8,8.0,,0,0
ATT001525,EMP012,2026-05-28,present,8,8.6,,0,0.6
ATT001526,EMP012,2026-05-29,present,8,8.4,,0,0.4
ATT001527,EMP012,2026-06-01,remote,8,8.7,,0,0.7
ATT001528,EMP012,2026-06-02,present,8,9.3,,0,1.3
ATT001529,EMP012,2026-06-03,absent,8,0,,0,0
ATT001530,EMP012,2026-06-04,remote,8,7.1,,0,0
ATT001531,EMP012,2026-06-05,remote,8,8.4,,0,0.4
ATT001532,EMP012,2026-06-08,remote,8,9.3,,20,1.3
ATT001533,EMP012,2026-06-09,present,8,9.5,,0,1.5
ATT001534,EMP012,2026-06-10,remote,8,8.8,,0,0.8
ATT001535,EMP012,2026-06-11,remote,8,7.1,,0,0
ATT001536,EMP012,2026-06-12,leave,8,0,emergency,0,0
ATT001537,EMP012,2026-06-15,present,8,7.6,,0,0
ATT001538,EMP012,2026-06-16,present,8,7.1,,0,0
ATT001539,EMP012,2026-06-17,holiday,8,0,,0,0
ATT001540,EMP012,2026-06-18,half_day,8,4.2,,0,0
ATT001541,EMP012,2026-06-19,present,8,7.9,,15,0
ATT001542,EMP012,2026-06-22,remote,8,7.5,,0,0
ATT001543,EMP012,2026-06-23,present,8,8.1,,0,0.1
ATT001544,EMP012,2026-06-24,remote,8,7.5,,0,0
ATT001545,EMP012,2026-06-25,remote,8,7.1,,0,0
ATT001546,EMP012,2026-06-26,remote,8,9.0,,0,1.0
ATT001547,EMP012,2026-06-29,present,8,8.6,,0,0.6
ATT001548,EMP012,2026-06-30,leave,8,0,sick,0,0
ATT001549,EMP013,2026-01-01,present,8,8.1,,0,0.1
ATT001550,EMP013,2026-01-02,absent,8,0,,0,0
ATT001551,EMP013,2026-01-05,remote,8,7.8,,0,0
ATT001552,EMP013,2026-01-06,remote,8,7.6,,0,0
ATT001553,EMP013,2026-01-07,present,8,8.7,,0,0.7
ATT001554,EMP013,2026-01-08,present,8,8.2,,0,0.2
ATT001555,EMP013,2026-01-09,remote,8,8.8,,0,0.8
ATT001556,EMP013,2026-01-12,present,8,8.2,,0,0.2
ATT001557,EMP013,2026-01-13,present,8,8.9,,20,0.9
ATT001558,EMP013,2026-01-14,half_day,8,4.4,,0,0
ATT001559,EMP013,2026-01-15,remote,8,9.4,,0,1.4
ATT001560,EMP013,2026-01-16,present,8,9.5,,0,1.5
ATT001561,EMP013,2026-01-19,remote,8,7.4,,0,0
ATT001562,EMP013,2026-01-20,present,8,7.8,,0,0
ATT001563,EMP013,2026-01-21,remote,8,9.4,,0,1.4
ATT001564,EMP013,2026-01-22,present,8,7.7,,0,0
ATT001565,EMP013,2026-01-23,remote,8,9.0,,10,1.0
ATT001566,EMP013,2026-01-26,holiday,8,0,,0,0
ATT001567,EMP013,2026-01-27,present,8,8.1,,0,0.1
ATT001568,EMP013,2026-01-28,present,8,8.3,,0,0.3
ATT001569,EMP013,2026-01-29,half_day,8,3.9,,0,0
ATT001570,EMP013,2026-01-30,remote,8,8.9,,0,0.9
ATT001571,EMP013,2026-02-02,remote,8,8.1,,0,0.1
ATT001572,EMP013,2026-02-03,leave,8,0,earned,0,0
ATT001573,EMP013,2026-02-04,leave,8,0,sick,0,0
ATT001574,EMP013,2026-02-05,remote,8,8.6,,0,0.6
ATT001575,EMP013,2026-02-06,present,8,8.3,,0,0.3
ATT001576,EMP013,2026-02-09,present,8,7.9,,0,0
ATT001577,EMP013,2026-02-10,present,8,7.9,,0,0
ATT001578,EMP013,2026-02-11,remote,8,9.0,,0,1.0
ATT001579,EMP013,2026-02-12,half_day,8,4.2,,0,0
ATT001580,EMP013,2026-02-13,remote,8,8.6,,0,0.6
ATT001581,EMP013,2026-02-16,present,8,9.2,,0,1.2
ATT001582,EMP013,2026-02-17,present,8,9.1,,30,1.1
ATT001583,EMP013,2026-02-18,present,8,8.7,,0,0.7
ATT001584,EMP013,2026-02-19,present,8,8.9,,0,0.9
ATT001585,EMP013,2026-02-20,present,8,8.6,,15,0.6
ATT001586,EMP013,2026-02-23,half_day,8,4.3,,0,0
ATT001587,EMP013,2026-02-24,present,8,7.1,,0,0
ATT001588,EMP013,2026-02-25,present,8,8.5,,0,0.5
ATT001589,EMP013,2026-02-26,present,8,9.2,,0,1.2
ATT001590,EMP013,2026-02-27,present,8,8.7,,0,0.7
ATT001591,EMP013,2026-03-02,remote,8,8.6,,0,0.6
ATT001592,EMP013,2026-03-03,remote,8,7.3,,30,0
ATT001593,EMP013,2026-03-04,present,8,7.8,,0,0
ATT001594,EMP013,2026-03-05,present,8,8.2,,0,0.2
ATT001595,EMP013,2026-03-06,present,8,9.0,,0,1.0
ATT001596,EMP013,2026-03-09,present,8,8.7,,0,0.7
ATT001597,EMP013,2026-03-10,holiday,8,0,,0,0
ATT001598,EMP013,2026-03-11,leave,8,0,casual,0,0
ATT001599,EMP013,2026-03-12,remote,8,8.2,,0,0.2
ATT001600,EMP013,2026-03-13,remote,8,7.3,,0,0
ATT001601,EMP013,2026-03-16,present,8,7.9,,0,0
ATT001602,EMP013,2026-03-17,present,8,7.7,,0,0
ATT001603,EMP013,2026-03-18,absent,8,0,,0,0
ATT001604,EMP013,2026-03-19,leave,8,0,emergency,0,0
ATT001605,EMP013,2026-03-20,remote,8,7.7,,0,0
ATT001606,EMP013,2026-03-23,present,8,9.4,,0,1.4
ATT001607,EMP013,2026-03-24,half_day,8,4.1,,0,0
ATT001608,EMP013,2026-03-25,remote,8,7.6,,0,0
ATT001609,EMP013,2026-03-26,present,8,9.4,,0,1.4
ATT001610,EMP013,2026-03-27,present,8,9.1,,0,1.1
ATT001611,EMP013,2026-03-30,holiday,8,0,,0,0
ATT001612,EMP013,2026-03-31,present,8,8.8,,0,0.8
ATT001613,EMP013,2026-04-01,present,8,8.0,,0,0
ATT001614,EMP013,2026-04-02,present,8,7.8,,0,0
ATT001615,EMP013,2026-04-03,leave,8,0,emergency,0,0
ATT001616,EMP013,2026-04-06,remote,8,7.2,,0,0
ATT001617,EMP013,2026-04-07,present,8,9.0,,0,1.0
ATT001618,EMP013,2026-04-08,present,8,8.4,,0,0.4
ATT001619,EMP013,2026-04-09,present,8,9.0,,0,1.0
ATT001620,EMP013,2026-04-10,present,8,9.0,,0,1.0
ATT001621,EMP013,2026-04-13,remote,8,7.9,,0,0
ATT001622,EMP013,2026-04-14,holiday,8,0,,0,0
ATT001623,EMP013,2026-04-15,present,8,8.2,,0,0.2
ATT001624,EMP013,2026-04-16,remote,8,7.3,,5,0
ATT001625,EMP013,2026-04-17,present,8,9.0,,0,1.0
ATT001626,EMP013,2026-04-20,present,8,8.6,,0,0.6
ATT001627,EMP013,2026-04-21,present,8,7.1,,0,0
ATT001628,EMP013,2026-04-22,present,8,8.0,,0,0
ATT001629,EMP013,2026-04-23,present,8,7.1,,0,0
ATT001630,EMP013,2026-04-24,present,8,7.5,,0,0
ATT001631,EMP013,2026-04-27,present,8,8.2,,0,0.2
ATT001632,EMP013,2026-04-28,present,8,8.8,,0,0.8
ATT001633,EMP013,2026-04-29,remote,8,8.7,,0,0.7
ATT001634,EMP013,2026-04-30,half_day,8,3.9,,30,0
ATT001635,EMP013,2026-05-01,holiday,8,0,,0,0
ATT001636,EMP013,2026-05-04,present,8,9.0,,0,1.0
ATT001637,EMP013,2026-05-05,present,8,7.3,,0,0
ATT001638,EMP013,2026-05-06,remote,8,9.1,,0,1.1
ATT001639,EMP013,2026-05-07,present,8,7.0,,0,0
ATT001640,EMP013,2026-05-08,present,8,8.7,,0,0.7
ATT001641,EMP013,2026-05-11,present,8,7.2,,0,0
ATT001642,EMP013,2026-05-12,leave,8,0,earned,0,0
ATT001643,EMP013,2026-05-13,present,8,7.8,,0,0
ATT001644,EMP013,2026-05-14,present,8,7.0,,0,0
ATT001645,EMP013,2026-05-15,present,8,7.3,,0,0
ATT001646,EMP013,2026-05-18,present,8,7.9,,5,0
ATT001647,EMP013,2026-05-19,remote,8,8.3,,0,0.3
ATT001648,EMP013,2026-05-20,present,8,7.8,,0,0
ATT001649,EMP013,2026-05-21,present,8,7.3,,0,0
ATT001650,EMP013,2026-05-22,remote,8,7.8,,0,0
ATT001651,EMP013,2026-05-25,present,8,9.4,,30,1.4
ATT001652,EMP013,2026-05-26,remote,8,9.1,,0,1.1
ATT001653,EMP013,2026-05-27,present,8,7.4,,0,0
ATT001654,EMP013,2026-05-28,present,8,9.2,,0,1.2
ATT001655,EMP013,2026-05-29,remote,8,8.5,,0,0.5
ATT001656,EMP013,2026-06-01,present,8,7.1,,0,0
ATT001657,EMP013,2026-06-02,present,8,9.2,,0,1.2
ATT001658,EMP013,2026-06-03,present,8,7.2,,0,0
ATT001659,EMP013,2026-06-04,remote,8,7.4,,20,0
ATT001660,EMP013,2026-06-05,remote,8,7.7,,0,0
ATT001661,EMP013,2026-06-08,present,8,8.3,,0,0.3
ATT001662,EMP013,2026-06-09,remote,8,8.6,,0,0.6
ATT001663,EMP013,2026-06-10,remote,8,9.3,,0,1.3
ATT001664,EMP013,2026-06-11,remote,8,8.7,,0,0.7
ATT001665,EMP013,2026-06-12,present,8,8.2,,0,0.2
ATT001666,EMP013,2026-06-15,remote,8,8.9,,0,0.9
ATT001667,EMP013,2026-06-16,present,8,8.2,,0,0.2
ATT001668,EMP013,2026-06-17,holiday,8,0,,0,0
ATT001669,EMP013,2026-06-18,present,8,9.0,,0,1.0
ATT001670,EMP013,2026-06-19,remote,8,7.2,,0,0
ATT001671,EMP013,2026-06-22,present,8,8.7,,0,0.7
ATT001672,EMP013,2026-06-23,half_day,8,4.0,,0,0
ATT001673,EMP013,2026-06-24,present,8,9.3,,0,1.3
ATT001674,EMP013,2026-06-25,remote,8,9.1,,0,1.1
ATT001675,EMP013,2026-06-26,present,8,9.5,,0,1.5
ATT001676,EMP013,2026-06-29,remote,8,8.4,,15,0.4
ATT001677,EMP013,2026-06-30,remote,8,9.2,,0,1.2
ATT001678,EMP014,2026-01-01,leave,8,0,casual,0,0
ATT001679,EMP014,2026-01-02,leave,8,0,casual,0,0
ATT001680,EMP014,2026-01-05,absent,8,0,,0,0
ATT001681,EMP014,2026-01-06,leave,8,0,casual,0,0
ATT001682,EMP014,2026-01-07,remote,8,7.1,,0,0
ATT001683,EMP014,2026-01-08,present,8,7.9,,0,0
ATT001684,EMP014,2026-01-09,leave,8,0,personal,0,0
ATT001685,EMP014,2026-01-12,present,8,8.8,,0,0.8
ATT001686,EMP014,2026-01-13,remote,8,7.7,,0,0
ATT001687,EMP014,2026-01-14,present,8,8.1,,10,0.1
ATT001688,EMP014,2026-01-15,remote,8,8.0,,20,0
ATT001689,EMP014,2026-01-16,leave,8,0,emergency,0,0
ATT001690,EMP014,2026-01-19,present,8,8.9,,0,0.9
ATT001691,EMP014,2026-01-20,remote,8,8.5,,0,0.5
ATT001692,EMP014,2026-01-21,remote,8,9.1,,0,1.1
ATT001693,EMP014,2026-01-22,present,8,7.2,,0,0
ATT001694,EMP014,2026-01-23,present,8,7.2,,0,0
ATT001695,EMP014,2026-01-26,holiday,8,0,,0,0
ATT001696,EMP014,2026-01-27,present,8,8.1,,0,0.1
ATT001697,EMP014,2026-01-28,present,8,7.2,,0,0
ATT001698,EMP014,2026-01-29,present,8,8.4,,0,0.4
ATT001699,EMP014,2026-01-30,remote,8,9.0,,0,1.0
ATT001700,EMP014,2026-02-02,present,8,8.8,,0,0.8
ATT001701,EMP014,2026-02-03,present,8,8.0,,0,0
ATT001702,EMP014,2026-02-04,remote,8,8.3,,0,0.3
ATT001703,EMP014,2026-02-05,remote,8,7.2,,0,0
ATT001704,EMP014,2026-02-06,leave,8,0,casual,0,0
ATT001705,EMP014,2026-02-09,remote,8,8.2,,0,0.2
ATT001706,EMP014,2026-02-10,present,8,8.3,,0,0.3
ATT001707,EMP014,2026-02-11,present,8,9.3,,0,1.3
ATT001708,EMP014,2026-02-12,remote,8,7.6,,0,0
ATT001709,EMP014,2026-02-13,remote,8,8.0,,0,0
ATT001710,EMP014,2026-02-16,present,8,7.0,,0,0
ATT001711,EMP014,2026-02-17,present,8,9.1,,0,1.1
ATT001712,EMP014,2026-02-18,present,8,8.8,,0,0.8
ATT001713,EMP014,2026-02-19,remote,8,8.2,,0,0.2
ATT001714,EMP014,2026-02-20,leave,8,0,personal,0,0
ATT001715,EMP014,2026-02-23,leave,8,0,casual,0,0
ATT001716,EMP014,2026-02-24,present,8,8.5,,0,0.5
ATT001717,EMP014,2026-02-25,half_day,8,4.1,,0,0
ATT001718,EMP014,2026-02-26,remote,8,7.6,,0,0
ATT001719,EMP014,2026-02-27,remote,8,8.5,,0,0.5
ATT001720,EMP014,2026-03-02,present,8,7.5,,0,0
ATT001721,EMP014,2026-03-03,present,8,7.4,,0,0
ATT001722,EMP014,2026-03-04,present,8,9.0,,0,1.0
ATT001723,EMP014,2026-03-05,present,8,7.3,,0,0
ATT001724,EMP014,2026-03-06,leave,8,0,personal,0,0
ATT001725,EMP014,2026-03-09,remote,8,8.6,,0,0.6
ATT001726,EMP014,2026-03-10,holiday,8,0,,0,0
ATT001727,EMP014,2026-03-11,present,8,9.1,,0,1.1
ATT001728,EMP014,2026-03-12,leave,8,0,earned,0,0
ATT001729,EMP014,2026-03-13,present,8,7.8,,0,0
ATT001730,EMP014,2026-03-16,half_day,8,3.9,,0,0
ATT001731,EMP014,2026-03-17,remote,8,9.0,,0,1.0
ATT001732,EMP014,2026-03-18,remote,8,9.1,,0,1.1
ATT001733,EMP014,2026-03-19,remote,8,8.5,,0,0.5
ATT001734,EMP014,2026-03-20,absent,8,0,,0,0
ATT001735,EMP014,2026-03-23,leave,8,0,personal,0,0
ATT001736,EMP014,2026-03-24,present,8,9.3,,0,1.3
ATT001737,EMP014,2026-03-25,present,8,8.1,,0,0.1
ATT001738,EMP014,2026-03-26,present,8,7.7,,0,0
ATT001739,EMP014,2026-03-27,present,8,9.5,,0,1.5
ATT001740,EMP014,2026-03-30,holiday,8,0,,0,0
ATT001741,EMP014,2026-03-31,remote,8,7.6,,0,0
ATT001742,EMP014,2026-04-01,present,8,7.6,,0,0
ATT001743,EMP014,2026-04-02,remote,8,7.1,,0,0
ATT001744,EMP014,2026-04-03,present,8,7.9,,0,0
ATT001745,EMP014,2026-04-06,absent,8,0,,0,0
ATT001746,EMP014,2026-04-07,remote,8,8.5,,0,0.5
ATT001747,EMP014,2026-04-08,present,8,9.2,,0,1.2
ATT001748,EMP014,2026-04-09,remote,8,7.3,,0,0
ATT001749,EMP014,2026-04-10,present,8,8.6,,0,0.6
ATT001750,EMP014,2026-04-13,remote,8,8.9,,0,0.9
ATT001751,EMP014,2026-04-14,holiday,8,0,,0,0
ATT001752,EMP014,2026-04-15,present,8,8.1,,0,0.1
ATT001753,EMP014,2026-04-16,present,8,7.8,,0,0
ATT001754,EMP014,2026-04-17,present,8,8.9,,0,0.9
ATT001755,EMP014,2026-04-20,present,8,7.3,,0,0
ATT001756,EMP014,2026-04-21,present,8,7.1,,0,0
ATT001757,EMP014,2026-04-22,remote,8,7.0,,0,0
ATT001758,EMP014,2026-04-23,present,8,8.7,,0,0.7
ATT001759,EMP014,2026-04-24,leave,8,0,sick,0,0
ATT001760,EMP014,2026-04-27,present,8,7.6,,0,0
ATT001761,EMP014,2026-04-28,leave,8,0,personal,0,0
ATT001762,EMP014,2026-04-29,present,8,9.5,,0,1.5
ATT001763,EMP014,2026-04-30,present,8,7.1,,5,0
ATT001764,EMP014,2026-05-01,holiday,8,0,,0,0
ATT001765,EMP014,2026-05-04,present,8,7.1,,0,0
ATT001766,EMP014,2026-05-05,present,8,8.4,,0,0.4
ATT001767,EMP014,2026-05-06,absent,8,0,,0,0
ATT001768,EMP014,2026-05-07,leave,8,0,personal,0,0
ATT001769,EMP014,2026-05-08,remote,8,7.1,,0,0
ATT001770,EMP014,2026-05-11,absent,8,0,,0,0
ATT001771,EMP014,2026-05-12,absent,8,0,,0,0
ATT001772,EMP014,2026-05-13,leave,8,0,personal,0,0
ATT001773,EMP014,2026-05-14,remote,8,8.0,,0,0
ATT001774,EMP014,2026-05-15,leave,8,0,personal,0,0
ATT001775,EMP014,2026-05-18,present,8,7.2,,0,0
ATT001776,EMP014,2026-05-19,present,8,8.7,,0,0.7
ATT001777,EMP014,2026-05-20,leave,8,0,emergency,0,0
ATT001778,EMP014,2026-05-21,leave,8,0,sick,0,0
ATT001779,EMP014,2026-05-22,present,8,7.4,,0,0
ATT001780,EMP014,2026-05-25,present,8,8.3,,0,0.3
ATT001781,EMP014,2026-05-26,remote,8,7.9,,0,0
ATT001782,EMP014,2026-05-27,present,8,7.6,,0,0
ATT001783,EMP014,2026-05-28,present,8,8.9,,0,0.9
ATT001784,EMP014,2026-05-29,remote,8,8.3,,0,0.3
ATT001785,EMP014,2026-06-01,leave,8,0,sick,0,0
ATT001786,EMP014,2026-06-02,present,8,8.9,,0,0.9
ATT001787,EMP014,2026-06-03,present,8,7.1,,0,0
ATT001788,EMP014,2026-06-04,present,8,8.3,,0,0.3
ATT001789,EMP014,2026-06-05,present,8,8.4,,0,0.4
ATT001790,EMP014,2026-06-08,remote,8,8.1,,0,0.1
ATT001791,EMP014,2026-06-09,present,8,7.8,,0,0
ATT001792,EMP014,2026-06-10,leave,8,0,personal,0,0
ATT001793,EMP014,2026-06-11,present,8,8.8,,0,0.8
ATT001794,EMP014,2026-06-12,present,8,8.3,,10,0.3
ATT001795,EMP014,2026-06-15,present,8,8.9,,0,0.9
ATT001796,EMP014,2026-06-16,absent,8,0,,0,0
ATT001797,EMP014,2026-06-17,holiday,8,0,,0,0
ATT001798,EMP014,2026-06-18,leave,8,0,earned,0,0
ATT001799,EMP014,2026-06-19,leave,8,0,earned,0,0
ATT001800,EMP014,2026-06-22,leave,8,0,sick,0,0
ATT001801,EMP014,2026-06-23,leave,8,0,personal,0,0
ATT001802,EMP014,2026-06-24,leave,8,0,personal,0,0
ATT001803,EMP014,2026-06-25,present,8,7.4,,0,0
ATT001804,EMP014,2026-06-26,present,8,8.3,,0,0.3
ATT001805,EMP014,2026-06-29,present,8,8.0,,0,0
ATT001806,EMP014,2026-06-30,remote,8,8.7,,0,0.7
ATT001807,EMP015,2026-01-01,present,8,9.2,,0,1.2
ATT001808,EMP015,2026-01-02,remote,8,7.9,,0,0
ATT001809,EMP015,2026-01-05,present,8,8.6,,0,0.6
ATT001810,EMP015,2026-01-06,present,8,8.2,,0,0.2
ATT001811,EMP015,2026-01-07,remote,8,7.7,,0,0
ATT001812,EMP015,2026-01-08,present,8,8.8,,0,0.8
ATT001813,EMP015,2026-01-09,present,8,9.3,,0,1.3
ATT001814,EMP015,2026-01-12,remote,8,7.2,,0,0
ATT001815,EMP015,2026-01-13,remote,8,7.3,,0,0
ATT001816,EMP015,2026-01-14,present,8,8.2,,0,0.2
ATT001817,EMP015,2026-01-15,present,8,8.7,,0,0.7
ATT001818,EMP015,2026-01-16,present,8,9.1,,0,1.1
ATT001819,EMP015,2026-01-19,remote,8,9.5,,0,1.5
ATT001820,EMP015,2026-01-20,present,8,9.2,,0,1.2
ATT001821,EMP015,2026-01-21,present,8,7.9,,0,0
ATT001822,EMP015,2026-01-22,present,8,8.5,,0,0.5
ATT001823,EMP015,2026-01-23,present,8,7.9,,0,0
ATT001824,EMP015,2026-01-26,holiday,8,0,,0,0
ATT001825,EMP015,2026-01-27,half_day,8,3.7,,20,0
ATT001826,EMP015,2026-01-28,present,8,9.5,,0,1.5
ATT001827,EMP015,2026-01-29,present,8,9.1,,0,1.1
ATT001828,EMP015,2026-01-30,remote,8,9.2,,0,1.2
ATT001829,EMP015,2026-02-02,present,8,7.5,,0,0
ATT001830,EMP015,2026-02-03,remote,8,7.3,,0,0
ATT001831,EMP015,2026-02-04,present,8,8.7,,0,0.7
ATT001832,EMP015,2026-02-05,remote,8,8.7,,0,0.7
ATT001833,EMP015,2026-02-06,present,8,7.9,,0,0
ATT001834,EMP015,2026-02-09,present,8,9.0,,0,1.0
ATT001835,EMP015,2026-02-10,present,8,8.0,,0,0
ATT001836,EMP015,2026-02-11,present,8,9.4,,0,1.4
ATT001837,EMP015,2026-02-12,present,8,9.4,,0,1.4
ATT001838,EMP015,2026-02-13,remote,8,8.5,,0,0.5
ATT001839,EMP015,2026-02-16,remote,8,7.9,,0,0
ATT001840,EMP015,2026-02-17,present,8,7.5,,0,0
ATT001841,EMP015,2026-02-18,remote,8,9.4,,0,1.4
ATT001842,EMP015,2026-02-19,remote,8,7.3,,0,0
ATT001843,EMP015,2026-02-20,present,8,7.9,,0,0
ATT001844,EMP015,2026-02-23,present,8,9.3,,0,1.3
ATT001845,EMP015,2026-02-24,remote,8,8.6,,0,0.6
ATT001846,EMP015,2026-02-25,remote,8,7.2,,0,0
ATT001847,EMP015,2026-02-26,present,8,7.9,,0,0
ATT001848,EMP015,2026-02-27,remote,8,9.1,,0,1.1
ATT001849,EMP015,2026-03-02,present,8,9.2,,0,1.2
ATT001850,EMP015,2026-03-03,remote,8,7.9,,0,0
ATT001851,EMP015,2026-03-04,present,8,7.1,,0,0
ATT001852,EMP015,2026-03-05,present,8,7.5,,0,0
ATT001853,EMP015,2026-03-06,present,8,7.6,,0,0
ATT001854,EMP015,2026-03-09,present,8,7.5,,0,0
ATT001855,EMP015,2026-03-10,holiday,8,0,,0,0
ATT001856,EMP015,2026-03-11,remote,8,8.6,,0,0.6
ATT001857,EMP015,2026-03-12,present,8,7.7,,0,0
ATT001858,EMP015,2026-03-13,remote,8,7.3,,0,0
ATT001859,EMP015,2026-03-16,present,8,8.9,,0,0.9
ATT001860,EMP015,2026-03-17,remote,8,8.4,,0,0.4
ATT001861,EMP015,2026-03-18,present,8,7.1,,0,0
ATT001862,EMP015,2026-03-19,present,8,9.2,,0,1.2
ATT001863,EMP015,2026-03-20,present,8,7.5,,0,0
ATT001864,EMP015,2026-03-23,present,8,7.1,,0,0
ATT001865,EMP015,2026-03-24,absent,8,0,,0,0
ATT001866,EMP015,2026-03-25,present,8,7.2,,0,0
ATT001867,EMP015,2026-03-26,present,8,8.5,,0,0.5
ATT001868,EMP015,2026-03-27,present,8,7.5,,0,0
ATT001869,EMP015,2026-03-30,holiday,8,0,,0,0
ATT001870,EMP015,2026-03-31,present,8,9.4,,0,1.4
ATT001871,EMP015,2026-04-01,present,8,9.1,,0,1.1
ATT001872,EMP015,2026-04-02,present,8,8.8,,0,0.8
ATT001873,EMP015,2026-04-03,present,8,7.8,,0,0
ATT001874,EMP015,2026-04-06,present,8,7.9,,0,0
ATT001875,EMP015,2026-04-07,present,8,8.1,,0,0.1
ATT001876,EMP015,2026-04-08,present,8,9.0,,0,1.0
ATT001877,EMP015,2026-04-09,present,8,8.2,,0,0.2
ATT001878,EMP015,2026-04-10,present,8,8.1,,0,0.1
ATT001879,EMP015,2026-04-13,present,8,9.2,,0,1.2
ATT001880,EMP015,2026-04-14,holiday,8,0,,0,0
ATT001881,EMP015,2026-04-15,remote,8,7.2,,0,0
ATT001882,EMP015,2026-04-16,present,8,7.8,,0,0
ATT001883,EMP015,2026-04-17,present,8,8.5,,0,0.5
ATT001884,EMP015,2026-04-20,present,8,7.9,,0,0
ATT001885,EMP015,2026-04-21,present,8,7.2,,0,0
ATT001886,EMP015,2026-04-22,remote,8,7.8,,0,0
ATT001887,EMP015,2026-04-23,present,8,8.0,,0,0
ATT001888,EMP015,2026-04-24,present,8,9.1,,5,1.1
ATT001889,EMP015,2026-04-27,present,8,8.9,,0,0.9
ATT001890,EMP015,2026-04-28,present,8,8.6,,0,0.6
ATT001891,EMP015,2026-04-29,present,8,8.2,,0,0.2
ATT001892,EMP015,2026-04-30,present,8,8.7,,0,0.7
ATT001893,EMP015,2026-05-01,holiday,8,0,,0,0
ATT001894,EMP015,2026-05-04,remote,8,9.0,,0,1.0
ATT001895,EMP015,2026-05-05,remote,8,9.3,,0,1.3
ATT001896,EMP015,2026-05-06,present,8,8.2,,0,0.2
ATT001897,EMP015,2026-05-07,remote,8,9.1,,0,1.1
ATT001898,EMP015,2026-05-08,present,8,8.4,,0,0.4
ATT001899,EMP015,2026-05-11,remote,8,7.0,,0,0
ATT001900,EMP015,2026-05-12,present,8,8.6,,0,0.6
ATT001901,EMP015,2026-05-13,present,8,8.3,,0,0.3
ATT001902,EMP015,2026-05-14,present,8,7.9,,0,0
ATT001903,EMP015,2026-05-15,present,8,7.7,,0,0
ATT001904,EMP015,2026-05-18,present,8,7.1,,0,0
ATT001905,EMP015,2026-05-19,present,8,9.2,,0,1.2
ATT001906,EMP015,2026-05-20,present,8,8.5,,0,0.5
ATT001907,EMP015,2026-05-21,present,8,8.4,,0,0.4
ATT001908,EMP015,2026-05-22,remote,8,8.1,,0,0.1
ATT001909,EMP015,2026-05-25,present,8,8.0,,0,0
ATT001910,EMP015,2026-05-26,remote,8,7.7,,0,0
ATT001911,EMP015,2026-05-27,present,8,7.6,,0,0
ATT001912,EMP015,2026-05-28,present,8,7.5,,0,0
ATT001913,EMP015,2026-05-29,present,8,8.0,,0,0
ATT001914,EMP015,2026-06-01,present,8,8.9,,0,0.9
ATT001915,EMP015,2026-06-02,remote,8,7.6,,0,0
ATT001916,EMP015,2026-06-03,present,8,9.5,,0,1.5
ATT001917,EMP015,2026-06-04,present,8,8.5,,0,0.5
ATT001918,EMP015,2026-06-05,present,8,8.7,,0,0.7
ATT001919,EMP015,2026-06-08,present,8,7.2,,0,0
ATT001920,EMP015,2026-06-09,present,8,9.0,,0,1.0
ATT001921,EMP015,2026-06-10,remote,8,7.3,,0,0
ATT001922,EMP015,2026-06-11,present,8,7.2,,0,0
ATT001923,EMP015,2026-06-12,present,8,7.5,,0,0
ATT001924,EMP015,2026-06-15,remote,8,9.0,,0,1.0
ATT001925,EMP015,2026-06-16,present,8,7.2,,0,0
ATT001926,EMP015,2026-06-17,holiday,8,0,,0,0
ATT001927,EMP015,2026-06-18,present,8,7.2,,0,0
ATT001928,EMP015,2026-06-19,remote,8,7.5,,0,0
ATT001929,EMP015,2026-06-22,present,8,8.5,,0,0.5
ATT001930,EMP015,2026-06-23,remote,8,7.1,,0,0
ATT001931,EMP015,2026-06-24,remote,8,8.7,,0,0.7
ATT001932,EMP015,2026-06-25,remote,8,9.1,,0,1.1
ATT001933,EMP015,2026-06-26,present,8,9.0,,0,1.0
ATT001934,EMP015,2026-06-29,present,8,8.3,,0,0.3
ATT001935,EMP015,2026-06-30,half_day,8,4.4,,0,0
ATT001936,EMP016,2026-01-01,remote,8,9.0,,0,1.0
ATT001937,EMP016,2026-01-02,remote,8,7.3,,0,0
ATT001938,EMP016,2026-01-05,present,8,8.8,,0,0.8
ATT001939,EMP016,2026-01-06,leave,8,0,sick,0,0
ATT001940,EMP016,2026-01-07,present,8,8.7,,0,0.7
ATT001941,EMP016,2026-01-08,present,8,9.3,,0,1.3
ATT001942,EMP016,2026-01-09,remote,8,7.0,,0,0
ATT001943,EMP016,2026-01-12,remote,8,9.1,,0,1.1
ATT001944,EMP016,2026-01-13,present,8,8.4,,0,0.4
ATT001945,EMP016,2026-01-14,remote,8,7.4,,0,0
ATT001946,EMP016,2026-01-15,present,8,7.9,,0,0
ATT001947,EMP016,2026-01-16,remote,8,8.0,,0,0
ATT001948,EMP016,2026-01-19,present,8,7.8,,0,0
ATT001949,EMP016,2026-01-20,remote,8,9.3,,15,1.3
ATT001950,EMP016,2026-01-21,leave,8,0,emergency,0,0
ATT001951,EMP016,2026-01-22,present,8,7.9,,0,0
ATT001952,EMP016,2026-01-23,remote,8,8.3,,0,0.3
ATT001953,EMP016,2026-01-26,holiday,8,0,,0,0
ATT001954,EMP016,2026-01-27,present,8,7.4,,0,0
ATT001955,EMP016,2026-01-28,present,8,7.2,,0,0
ATT001956,EMP016,2026-01-29,present,8,9.4,,0,1.4
ATT001957,EMP016,2026-01-30,present,8,8.6,,5,0.6
ATT001958,EMP016,2026-02-02,present,8,8.9,,0,0.9
ATT001959,EMP016,2026-02-03,present,8,7.4,,0,0
ATT001960,EMP016,2026-02-04,remote,8,8.5,,0,0.5
ATT001961,EMP016,2026-02-05,remote,8,8.1,,0,0.1
ATT001962,EMP016,2026-02-06,remote,8,9.1,,0,1.1
ATT001963,EMP016,2026-02-09,remote,8,7.4,,0,0
ATT001964,EMP016,2026-02-10,remote,8,7.9,,0,0
ATT001965,EMP016,2026-02-11,present,8,7.1,,0,0
ATT001966,EMP016,2026-02-12,present,8,7.6,,0,0
ATT001967,EMP016,2026-02-13,remote,8,8.1,,0,0.1
ATT001968,EMP016,2026-02-16,present,8,8.4,,0,0.4
ATT001969,EMP016,2026-02-17,remote,8,7.8,,0,0
ATT001970,EMP016,2026-02-18,present,8,8.8,,0,0.8
ATT001971,EMP016,2026-02-19,present,8,7.8,,0,0
ATT001972,EMP016,2026-02-20,present,8,7.5,,0,0
ATT001973,EMP016,2026-02-23,present,8,7.2,,0,0
ATT001974,EMP016,2026-02-24,remote,8,7.4,,0,0
ATT001975,EMP016,2026-02-25,present,8,9.5,,0,1.5
ATT001976,EMP016,2026-02-26,remote,8,7.8,,0,0
ATT001977,EMP016,2026-02-27,leave,8,0,personal,0,0
ATT001978,EMP016,2026-03-02,present,8,9.1,,0,1.1
ATT001979,EMP016,2026-03-03,present,8,8.0,,0,0
ATT001980,EMP016,2026-03-04,present,8,8.3,,0,0.3
ATT001981,EMP016,2026-03-05,present,8,9.4,,0,1.4
ATT001982,EMP016,2026-03-06,present,8,9.3,,0,1.3
ATT001983,EMP016,2026-03-09,present,8,7.2,,0,0
ATT001984,EMP016,2026-03-10,holiday,8,0,,0,0
ATT001985,EMP016,2026-03-11,present,8,8.7,,0,0.7
ATT001986,EMP016,2026-03-12,present,8,7.2,,0,0
ATT001987,EMP016,2026-03-13,present,8,7.5,,0,0
ATT001988,EMP016,2026-03-16,present,8,9.1,,0,1.1
ATT001989,EMP016,2026-03-17,present,8,8.5,,0,0.5
ATT001990,EMP016,2026-03-18,present,8,8.5,,0,0.5
ATT001991,EMP016,2026-03-19,present,8,8.8,,0,0.8
ATT001992,EMP016,2026-03-20,present,8,7.6,,0,0
ATT001993,EMP016,2026-03-23,present,8,7.3,,0,0
ATT001994,EMP016,2026-03-24,remote,8,8.7,,0,0.7
ATT001995,EMP016,2026-03-25,present,8,7.7,,0,0
ATT001996,EMP016,2026-03-26,absent,8,0,,0,0
ATT001997,EMP016,2026-03-27,present,8,8.4,,0,0.4
ATT001998,EMP016,2026-03-30,holiday,8,0,,0,0
ATT001999,EMP016,2026-03-31,remote,8,8.7,,5,0.7
ATT002000,EMP016,2026-04-01,present,8,8.6,,0,0.6
ATT002001,EMP016,2026-04-02,present,8,8.6,,0,0.6
ATT002002,EMP016,2026-04-03,present,8,7.4,,0,0
ATT002003,EMP016,2026-04-06,present,8,8.1,,0,0.1
ATT002004,EMP016,2026-04-07,present,8,7.5,,0,0
ATT002005,EMP016,2026-04-08,remote,8,9.0,,0,1.0
ATT002006,EMP016,2026-04-09,present,8,7.5,,0,0
ATT002007,EMP016,2026-04-10,remote,8,8.3,,0,0.3
ATT002008,EMP016,2026-04-13,present,8,7.5,,0,0
ATT002009,EMP016,2026-04-14,holiday,8,0,,0,0
ATT002010,EMP016,2026-04-15,remote,8,7.4,,0,0
ATT002011,EMP016,2026-04-16,present,8,8.3,,0,0.3
ATT002012,EMP016,2026-04-17,remote,8,7.8,,10,0
ATT002013,EMP016,2026-04-20,present,8,8.2,,0,0.2
ATT002014,EMP016,2026-04-21,half_day,8,4.0,,0,0
ATT002015,EMP016,2026-04-22,present,8,8.4,,0,0.4
ATT002016,EMP016,2026-04-23,remote,8,7.8,,0,0
ATT002017,EMP016,2026-04-24,remote,8,8.5,,0,0.5
ATT002018,EMP016,2026-04-27,remote,8,7.2,,15,0
ATT002019,EMP016,2026-04-28,present,8,8.9,,0,0.9
ATT002020,EMP016,2026-04-29,present,8,9.4,,0,1.4
ATT002021,EMP016,2026-04-30,remote,8,7.2,,0,0
ATT002022,EMP016,2026-05-01,holiday,8,0,,0,0
ATT002023,EMP016,2026-05-04,remote,8,7.5,,0,0
ATT002024,EMP016,2026-05-05,present,8,7.1,,0,0
ATT002025,EMP016,2026-05-06,present,8,7.3,,0,0
ATT002026,EMP016,2026-05-07,half_day,8,4.4,,0,0
ATT002027,EMP016,2026-05-08,present,8,9.1,,0,1.1
ATT002028,EMP016,2026-05-11,remote,8,7.6,,0,0
ATT002029,EMP016,2026-05-12,present,8,9.3,,0,1.3
ATT002030,EMP016,2026-05-13,remote,8,9.3,,5,1.3
ATT002031,EMP016,2026-05-14,present,8,7.9,,0,0
ATT002032,EMP016,2026-05-15,remote,8,7.4,,0,0
ATT002033,EMP016,2026-05-18,present,8,8.4,,0,0.4
ATT002034,EMP016,2026-05-19,present,8,9.0,,0,1.0
ATT002035,EMP016,2026-05-20,present,8,9.1,,0,1.1
ATT002036,EMP016,2026-05-21,present,8,7.8,,15,0
ATT002037,EMP016,2026-05-22,remote,8,8.5,,0,0.5
ATT002038,EMP016,2026-05-25,present,8,7.9,,0,0
ATT002039,EMP016,2026-05-26,remote,8,8.7,,0,0.7
ATT002040,EMP016,2026-05-27,remote,8,8.3,,0,0.3
ATT002041,EMP016,2026-05-28,present,8,7.9,,0,0
ATT002042,EMP016,2026-05-29,present,8,9.2,,0,1.2
ATT002043,EMP016,2026-06-01,remote,8,7.4,,0,0
ATT002044,EMP016,2026-06-02,present,8,7.3,,0,0
ATT002045,EMP016,2026-06-03,present,8,7.2,,0,0
ATT002046,EMP016,2026-06-04,half_day,8,4.1,,0,0
ATT002047,EMP016,2026-06-05,half_day,8,4.3,,0,0
ATT002048,EMP016,2026-06-08,remote,8,8.9,,0,0.9
ATT002049,EMP016,2026-06-09,present,8,8.1,,0,0.1
ATT002050,EMP016,2026-06-10,remote,8,9.0,,0,1.0
ATT002051,EMP016,2026-06-11,remote,8,7.1,,0,0
ATT002052,EMP016,2026-06-12,present,8,8.4,,0,0.4
ATT002053,EMP016,2026-06-15,present,8,7.3,,0,0
ATT002054,EMP016,2026-06-16,remote,8,8.1,,0,0.1
ATT002055,EMP016,2026-06-17,holiday,8,0,,0,0
ATT002056,EMP016,2026-06-18,leave,8,0,casual,0,0
ATT002057,EMP016,2026-06-19,present,8,7.2,,0,0
ATT002058,EMP016,2026-06-22,present,8,8.0,,0,0
ATT002059,EMP016,2026-06-23,present,8,7.6,,0,0
ATT002060,EMP016,2026-06-24,present,8,8.3,,0,0.3
ATT002061,EMP016,2026-06-25,present,8,7.1,,0,0
ATT002062,EMP016,2026-06-26,remote,8,8.8,,0,0.8
ATT002063,EMP016,2026-06-29,present,8,7.6,,0,0
ATT002064,EMP016,2026-06-30,remote,8,9.0,,0,1.0
ATT002065,EMP017,2026-01-01,present,8,9.3,,0,1.3
ATT002066,EMP017,2026-01-02,present,8,7.4,,0,0
ATT002067,EMP017,2026-01-05,present,8,7.6,,0,0
ATT002068,EMP017,2026-01-06,present,8,8.3,,0,0.3
ATT002069,EMP017,2026-01-07,remote,8,7.6,,0,0
ATT002070,EMP017,2026-01-08,present,8,8.8,,0,0.8
ATT002071,EMP017,2026-01-09,remote,8,8.8,,10,0.8
ATT002072,EMP017,2026-01-12,leave,8,0,emergency,0,0
ATT002073,EMP017,2026-01-13,present,8,8.9,,0,0.9
ATT002074,EMP017,2026-01-14,present,8,7.5,,0,0
ATT002075,EMP017,2026-01-15,half_day,8,3.8,,0,0
ATT002076,EMP017,2026-01-16,present,8,8.6,,0,0.6
ATT002077,EMP017,2026-01-19,remote,8,8.0,,0,0
ATT002078,EMP017,2026-01-20,present,8,7.9,,0,0
ATT002079,EMP017,2026-01-21,remote,8,8.2,,0,0.2
ATT002080,EMP017,2026-01-22,present,8,9.2,,0,1.2
ATT002081,EMP017,2026-01-23,present,8,7.5,,0,0
ATT002082,EMP017,2026-01-26,holiday,8,0,,0,0
ATT002083,EMP017,2026-01-27,present,8,8.6,,0,0.6
ATT002084,EMP017,2026-01-28,present,8,7.3,,0,0
ATT002085,EMP017,2026-01-29,remote,8,7.1,,10,0
ATT002086,EMP017,2026-01-30,remote,8,9.0,,0,1.0
ATT002087,EMP017,2026-02-02,present,8,8.9,,0,0.9
ATT002088,EMP017,2026-02-03,remote,8,7.3,,0,0
ATT002089,EMP017,2026-02-04,present,8,8.2,,5,0.2
ATT002090,EMP017,2026-02-05,present,8,7.7,,0,0
ATT002091,EMP017,2026-02-06,present,8,7.8,,0,0
ATT002092,EMP017,2026-02-09,present,8,8.4,,0,0.4
ATT002093,EMP017,2026-02-10,present,8,7.9,,0,0
ATT002094,EMP017,2026-02-11,present,8,7.5,,5,0
ATT002095,EMP017,2026-02-12,present,8,7.6,,0,0
ATT002096,EMP017,2026-02-13,leave,8,0,sick,0,0
ATT002097,EMP017,2026-02-16,present,8,7.3,,30,0
ATT002098,EMP017,2026-02-17,present,8,9.1,,0,1.1
ATT002099,EMP017,2026-02-18,remote,8,7.2,,0,0
ATT002100,EMP017,2026-02-19,remote,8,8.5,,0,0.5
ATT002101,EMP017,2026-02-20,present,8,8.4,,0,0.4
ATT002102,EMP017,2026-02-23,present,8,8.0,,0,0
ATT002103,EMP017,2026-02-24,present,8,7.3,,0,0
ATT002104,EMP017,2026-02-25,half_day,8,4.1,,0,0
ATT002105,EMP017,2026-02-26,remote,8,8.7,,0,0.7
ATT002106,EMP017,2026-02-27,present,8,7.7,,0,0
ATT002107,EMP017,2026-03-02,present,8,8.4,,0,0.4
ATT002108,EMP017,2026-03-03,present,8,8.6,,0,0.6
ATT002109,EMP017,2026-03-04,present,8,9.3,,0,1.3
ATT002110,EMP017,2026-03-05,present,8,7.8,,0,0
ATT002111,EMP017,2026-03-06,remote,8,9.4,,0,1.4
ATT002112,EMP017,2026-03-09,present,8,8.2,,0,0.2
ATT002113,EMP017,2026-03-10,holiday,8,0,,0,0
ATT002114,EMP017,2026-03-11,leave,8,0,personal,0,0
ATT002115,EMP017,2026-03-12,present,8,8.3,,0,0.3
ATT002116,EMP017,2026-03-13,half_day,8,4.0,,0,0
ATT002117,EMP017,2026-03-16,remote,8,9.4,,0,1.4
ATT002118,EMP017,2026-03-17,present,8,7.3,,0,0
ATT002119,EMP017,2026-03-18,present,8,9.1,,0,1.1
ATT002120,EMP017,2026-03-19,present,8,8.1,,0,0.1
ATT002121,EMP017,2026-03-20,absent,8,0,,0,0
ATT002122,EMP017,2026-03-23,present,8,8.8,,0,0.8
ATT002123,EMP017,2026-03-24,present,8,7.5,,0,0
ATT002124,EMP017,2026-03-25,present,8,7.6,,0,0
ATT002125,EMP017,2026-03-26,present,8,8.7,,0,0.7
ATT002126,EMP017,2026-03-27,absent,8,0,,0,0
ATT002127,EMP017,2026-03-30,holiday,8,0,,0,0
ATT002128,EMP017,2026-03-31,present,8,8.8,,20,0.8
ATT002129,EMP017,2026-04-01,leave,8,0,earned,0,0
ATT002130,EMP017,2026-04-02,present,8,8.2,,0,0.2
ATT002131,EMP017,2026-04-03,present,8,9.0,,0,1.0
ATT002132,EMP017,2026-04-06,present,8,7.7,,0,0
ATT002133,EMP017,2026-04-07,present,8,7.7,,0,0
ATT002134,EMP017,2026-04-08,present,8,9.2,,0,1.2
ATT002135,EMP017,2026-04-09,present,8,7.5,,0,0
ATT002136,EMP017,2026-04-10,remote,8,7.5,,0,0
ATT002137,EMP017,2026-04-13,remote,8,8.1,,0,0.1
ATT002138,EMP017,2026-04-14,holiday,8,0,,0,0
ATT002139,EMP017,2026-04-15,absent,8,0,,0,0
ATT002140,EMP017,2026-04-16,present,8,7.1,,0,0
ATT002141,EMP017,2026-04-17,present,8,8.6,,0,0.6
ATT002142,EMP017,2026-04-20,remote,8,8.6,,0,0.6
ATT002143,EMP017,2026-04-21,present,8,8.8,,0,0.8
ATT002144,EMP017,2026-04-22,remote,8,8.1,,0,0.1
ATT002145,EMP017,2026-04-23,remote,8,7.9,,0,0
ATT002146,EMP017,2026-04-24,present,8,9.4,,0,1.4
ATT002147,EMP017,2026-04-27,present,8,8.3,,0,0.3
ATT002148,EMP017,2026-04-28,absent,8,0,,0,0
ATT002149,EMP017,2026-04-29,present,8,9.2,,0,1.2
ATT002150,EMP017,2026-04-30,remote,8,8.8,,0,0.8
ATT002151,EMP017,2026-05-01,holiday,8,0,,0,0
ATT002152,EMP017,2026-05-04,remote,8,8.7,,0,0.7
ATT002153,EMP017,2026-05-05,present,8,8.8,,0,0.8
ATT002154,EMP017,2026-05-06,present,8,7.8,,0,0
ATT002155,EMP017,2026-05-07,present,8,7.1,,0,0
ATT002156,EMP017,2026-05-08,remote,8,8.2,,0,0.2
ATT002157,EMP017,2026-05-11,present,8,7.6,,0,0
ATT002158,EMP017,2026-05-12,present,8,7.7,,0,0
ATT002159,EMP017,2026-05-13,present,8,7.5,,0,0
ATT002160,EMP017,2026-05-14,present,8,8.3,,0,0.3
ATT002161,EMP017,2026-05-15,half_day,8,4.1,,20,0
ATT002162,EMP017,2026-05-18,present,8,7.7,,0,0
ATT002163,EMP017,2026-05-19,leave,8,0,casual,0,0
ATT002164,EMP017,2026-05-20,remote,8,8.1,,0,0.1
ATT002165,EMP017,2026-05-21,remote,8,9.4,,0,1.4
ATT002166,EMP017,2026-05-22,present,8,7.6,,0,0
ATT002167,EMP017,2026-05-25,present,8,7.2,,0,0
ATT002168,EMP017,2026-05-26,present,8,7.6,,0,0
ATT002169,EMP017,2026-05-27,present,8,8.0,,0,0
ATT002170,EMP017,2026-05-28,remote,8,7.3,,0,0
ATT002171,EMP017,2026-05-29,remote,8,8.4,,0,0.4
ATT002172,EMP017,2026-06-01,present,8,8.3,,0,0.3
ATT002173,EMP017,2026-06-02,present,8,8.9,,0,0.9
ATT002174,EMP017,2026-06-03,present,8,7.5,,0,0
ATT002175,EMP017,2026-06-04,present,8,8.2,,0,0.2
ATT002176,EMP017,2026-06-05,present,8,8.8,,0,0.8
ATT002177,EMP017,2026-06-08,present,8,7.4,,0,0
ATT002178,EMP017,2026-06-09,present,8,8.3,,0,0.3
ATT002179,EMP017,2026-06-10,present,8,8.4,,0,0.4
ATT002180,EMP017,2026-06-11,remote,8,7.2,,0,0
ATT002181,EMP017,2026-06-12,leave,8,0,personal,0,0
ATT002182,EMP017,2026-06-15,present,8,8.3,,0,0.3
ATT002183,EMP017,2026-06-16,present,8,7.8,,10,0
ATT002184,EMP017,2026-06-17,holiday,8,0,,0,0
ATT002185,EMP017,2026-06-18,remote,8,7.5,,0,0
ATT002186,EMP017,2026-06-19,half_day,8,4.0,,0,0
ATT002187,EMP017,2026-06-22,leave,8,0,earned,0,0
ATT002188,EMP017,2026-06-23,half_day,8,4.1,,20,0
ATT002189,EMP017,2026-06-24,remote,8,7.2,,0,0
ATT002190,EMP017,2026-06-25,present,8,8.2,,0,0.2
ATT002191,EMP017,2026-06-26,present,8,8.4,,0,0.4
ATT002192,EMP017,2026-06-29,present,8,8.8,,0,0.8
ATT002193,EMP017,2026-06-30,present,8,9.0,,0,1.0
ATT002194,EMP018,2026-01-01,present,8,9.2,,0,1.2
ATT002195,EMP018,2026-01-02,remote,8,9.3,,0,1.3
ATT002196,EMP018,2026-01-05,present,8,8.0,,0,0
ATT002197,EMP018,2026-01-06,remote,8,9.1,,0,1.1
ATT002198,EMP018,2026-01-07,present,8,8.7,,0,0.7
ATT002199,EMP018,2026-01-08,remote,8,8.2,,0,0.2
ATT002200,EMP018,2026-01-09,present,8,8.9,,0,0.9
ATT002201,EMP018,2026-01-12,present,8,7.1,,0,0
ATT002202,EMP018,2026-01-13,present,8,8.6,,0,0.6
ATT002203,EMP018,2026-01-14,remote,8,7.3,,0,0
ATT002204,EMP018,2026-01-15,present,8,7.2,,0,0
ATT002205,EMP018,2026-01-16,present,8,8.0,,0,0
ATT002206,EMP018,2026-01-19,present,8,9.1,,0,1.1
ATT002207,EMP018,2026-01-20,present,8,8.5,,0,0.5
ATT002208,EMP018,2026-01-21,remote,8,8.9,,0,0.9
ATT002209,EMP018,2026-01-22,present,8,7.2,,0,0
ATT002210,EMP018,2026-01-23,present,8,9.3,,0,1.3
ATT002211,EMP018,2026-01-26,holiday,8,0,,0,0
ATT002212,EMP018,2026-01-27,present,8,9.5,,0,1.5
ATT002213,EMP018,2026-01-28,absent,8,0,,0,0
ATT002214,EMP018,2026-01-29,present,8,8.4,,0,0.4
ATT002215,EMP018,2026-01-30,present,8,7.5,,0,0
ATT002216,EMP018,2026-02-02,present,8,8.3,,0,0.3
ATT002217,EMP018,2026-02-03,remote,8,9.5,,0,1.5
ATT002218,EMP018,2026-02-04,remote,8,8.9,,0,0.9
ATT002219,EMP018,2026-02-05,present,8,7.1,,0,0
ATT002220,EMP018,2026-02-06,present,8,7.1,,0,0
ATT002221,EMP018,2026-02-09,remote,8,9.4,,15,1.4
ATT002222,EMP018,2026-02-10,present,8,9.0,,0,1.0
ATT002223,EMP018,2026-02-11,present,8,9.0,,0,1.0
ATT002224,EMP018,2026-02-12,remote,8,8.7,,0,0.7
ATT002225,EMP018,2026-02-13,remote,8,8.7,,0,0.7
ATT002226,EMP018,2026-02-16,present,8,8.0,,5,0
ATT002227,EMP018,2026-02-17,present,8,9.3,,0,1.3
ATT002228,EMP018,2026-02-18,remote,8,9.3,,0,1.3
ATT002229,EMP018,2026-02-19,remote,8,8.8,,0,0.8
ATT002230,EMP018,2026-02-20,present,8,8.4,,0,0.4
ATT002231,EMP018,2026-02-23,present,8,9.1,,0,1.1
ATT002232,EMP018,2026-02-24,leave,8,0,sick,0,0
ATT002233,EMP018,2026-02-25,present,8,7.3,,0,0
ATT002234,EMP018,2026-02-26,remote,8,7.6,,0,0
ATT002235,EMP018,2026-02-27,leave,8,0,emergency,0,0
ATT002236,EMP018,2026-03-02,present,8,7.2,,0,0
ATT002237,EMP018,2026-03-03,present,8,7.1,,0,0
ATT002238,EMP018,2026-03-04,present,8,8.6,,0,0.6
ATT002239,EMP018,2026-03-05,present,8,8.2,,0,0.2
ATT002240,EMP018,2026-03-06,remote,8,8.3,,0,0.3
ATT002241,EMP018,2026-03-09,remote,8,7.4,,0,0
ATT002242,EMP018,2026-03-10,holiday,8,0,,0,0
ATT002243,EMP018,2026-03-11,present,8,7.4,,0,0
ATT002244,EMP018,2026-03-12,present,8,7.1,,0,0
ATT002245,EMP018,2026-03-13,present,8,7.5,,0,0
ATT002246,EMP018,2026-03-16,present,8,7.2,,0,0
ATT002247,EMP018,2026-03-17,remote,8,8.5,,0,0.5
ATT002248,EMP018,2026-03-18,remote,8,9.2,,0,1.2
ATT002249,EMP018,2026-03-19,present,8,7.5,,0,0
ATT002250,EMP018,2026-03-20,present,8,7.8,,0,0
ATT002251,EMP018,2026-03-23,present,8,9.3,,0,1.3
ATT002252,EMP018,2026-03-24,half_day,8,4.4,,30,0
ATT002253,EMP018,2026-03-25,present,8,7.4,,0,0
ATT002254,EMP018,2026-03-26,present,8,8.0,,0,0
ATT002255,EMP018,2026-03-27,present,8,7.4,,0,0
ATT002256,EMP018,2026-03-30,holiday,8,0,,0,0
ATT002257,EMP018,2026-03-31,present,8,8.4,,0,0.4
ATT002258,EMP018,2026-04-01,present,8,8.8,,0,0.8
ATT002259,EMP018,2026-04-02,present,8,8.4,,0,0.4
ATT002260,EMP018,2026-04-03,remote,8,8.2,,0,0.2
ATT002261,EMP018,2026-04-06,present,8,8.7,,0,0.7
ATT002262,EMP018,2026-04-07,present,8,8.0,,0,0
ATT002263,EMP018,2026-04-08,present,8,9.5,,0,1.5
ATT002264,EMP018,2026-04-09,present,8,7.6,,0,0
ATT002265,EMP018,2026-04-10,present,8,8.6,,0,0.6
ATT002266,EMP018,2026-04-13,present,8,7.8,,0,0
ATT002267,EMP018,2026-04-14,holiday,8,0,,0,0
ATT002268,EMP018,2026-04-15,remote,8,8.0,,0,0
ATT002269,EMP018,2026-04-16,present,8,8.1,,0,0.1
ATT002270,EMP018,2026-04-17,remote,8,8.3,,0,0.3
ATT002271,EMP018,2026-04-20,present,8,7.0,,0,0
ATT002272,EMP018,2026-04-21,present,8,7.9,,0,0
ATT002273,EMP018,2026-04-22,half_day,8,3.9,,0,0
ATT002274,EMP018,2026-04-23,present,8,9.3,,5,1.3
ATT002275,EMP018,2026-04-24,present,8,9.0,,0,1.0
ATT002276,EMP018,2026-04-27,present,8,7.7,,0,0
ATT002277,EMP018,2026-04-28,present,8,7.5,,0,0
ATT002278,EMP018,2026-04-29,present,8,7.0,,0,0
ATT002279,EMP018,2026-04-30,absent,8,0,,0,0
ATT002280,EMP018,2026-05-01,holiday,8,0,,0,0
ATT002281,EMP018,2026-05-04,present,8,9.5,,0,1.5
ATT002282,EMP018,2026-05-05,present,8,7.9,,0,0
ATT002283,EMP018,2026-05-06,present,8,8.6,,0,0.6
ATT002284,EMP018,2026-05-07,present,8,7.5,,0,0
ATT002285,EMP018,2026-05-08,remote,8,8.0,,0,0
ATT002286,EMP018,2026-05-11,present,8,9.0,,0,1.0
ATT002287,EMP018,2026-05-12,remote,8,7.3,,0,0
ATT002288,EMP018,2026-05-13,present,8,8.8,,0,0.8
ATT002289,EMP018,2026-05-14,present,8,7.2,,0,0
ATT002290,EMP018,2026-05-15,remote,8,8.0,,0,0
ATT002291,EMP018,2026-05-18,half_day,8,4.2,,0,0
ATT002292,EMP018,2026-05-19,half_day,8,4.1,,0,0
ATT002293,EMP018,2026-05-20,absent,8,0,,0,0
ATT002294,EMP018,2026-05-21,remote,8,8.7,,0,0.7
ATT002295,EMP018,2026-05-22,remote,8,9.0,,0,1.0
ATT002296,EMP018,2026-05-25,present,8,7.1,,0,0
ATT002297,EMP018,2026-05-26,half_day,8,4.5,,30,0
ATT002298,EMP018,2026-05-27,remote,8,8.2,,0,0.2
ATT002299,EMP018,2026-05-28,remote,8,7.9,,0,0
ATT002300,EMP018,2026-05-29,present,8,8.4,,0,0.4
ATT002301,EMP018,2026-06-01,remote,8,7.7,,0,0
ATT002302,EMP018,2026-06-02,present,8,7.0,,0,0
ATT002303,EMP018,2026-06-03,present,8,8.0,,0,0
ATT002304,EMP018,2026-06-04,present,8,8.7,,0,0.7
ATT002305,EMP018,2026-06-05,remote,8,7.6,,0,0
ATT002306,EMP018,2026-06-08,present,8,7.9,,0,0
ATT002307,EMP018,2026-06-09,present,8,7.7,,0,0
ATT002308,EMP018,2026-06-10,present,8,8.2,,0,0.2
ATT002309,EMP018,2026-06-11,leave,8,0,emergency,0,0
ATT002310,EMP018,2026-06-12,present,8,7.6,,0,0
ATT002311,EMP018,2026-06-15,remote,8,9.3,,0,1.3
ATT002312,EMP018,2026-06-16,present,8,7.5,,0,0
ATT002313,EMP018,2026-06-17,holiday,8,0,,0,0
ATT002314,EMP018,2026-06-18,present,8,9.2,,0,1.2
ATT002315,EMP018,2026-06-19,present,8,8.9,,0,0.9
ATT002316,EMP018,2026-06-22,present,8,9.3,,0,1.3
ATT002317,EMP018,2026-06-23,present,8,9.2,,0,1.2
ATT002318,EMP018,2026-06-24,absent,8,0,,0,0
ATT002319,EMP018,2026-06-25,present,8,7.0,,0,0
ATT002320,EMP018,2026-06-26,present,8,8.9,,0,0.9
ATT002321,EMP018,2026-06-29,remote,8,7.4,,0,0
ATT002322,EMP018,2026-06-30,present,8,7.4,,0,0
ATT002323,EMP019,2026-01-01,remote,8,7.0,,0,0
ATT002324,EMP019,2026-01-02,present,8,9.0,,0,1.0
ATT002325,EMP019,2026-01-05,present,8,8.8,,0,0.8
ATT002326,EMP019,2026-01-06,present,8,7.6,,0,0
ATT002327,EMP019,2026-01-07,remote,8,8.5,,0,0.5
ATT002328,EMP019,2026-01-08,present,8,9.1,,0,1.1
ATT002329,EMP019,2026-01-09,present,8,9.2,,0,1.2
ATT002330,EMP019,2026-01-12,present,8,8.8,,0,0.8
ATT002331,EMP019,2026-01-13,remote,8,7.8,,0,0
ATT002332,EMP019,2026-01-14,leave,8,0,earned,0,0
ATT002333,EMP019,2026-01-15,present,8,9.1,,0,1.1
ATT002334,EMP019,2026-01-16,present,8,8.8,,30,0.8
ATT002335,EMP019,2026-01-19,leave,8,0,casual,0,0
ATT002336,EMP019,2026-01-20,present,8,8.8,,0,0.8
ATT002337,EMP019,2026-01-21,present,8,7.4,,0,0
ATT002338,EMP019,2026-01-22,present,8,7.6,,0,0
ATT002339,EMP019,2026-01-23,remote,8,7.7,,15,0
ATT002340,EMP019,2026-01-26,holiday,8,0,,0,0
ATT002341,EMP019,2026-01-27,present,8,7.1,,0,0
ATT002342,EMP019,2026-01-28,present,8,8.1,,0,0.1
ATT002343,EMP019,2026-01-29,present,8,8.0,,5,0
ATT002344,EMP019,2026-01-30,remote,8,7.8,,0,0
ATT002345,EMP019,2026-02-02,leave,8,0,personal,0,0
ATT002346,EMP019,2026-02-03,present,8,8.6,,0,0.6
ATT002347,EMP019,2026-02-04,remote,8,8.2,,0,0.2
ATT002348,EMP019,2026-02-05,remote,8,9.3,,0,1.3
ATT002349,EMP019,2026-02-06,present,8,7.8,,0,0
ATT002350,EMP019,2026-02-09,remote,8,8.6,,0,0.6
ATT002351,EMP019,2026-02-10,remote,8,7.1,,0,0
ATT002352,EMP019,2026-02-11,remote,8,9.1,,0,1.1
ATT002353,EMP019,2026-02-12,remote,8,8.6,,0,0.6
ATT002354,EMP019,2026-02-13,leave,8,0,emergency,0,0
ATT002355,EMP019,2026-02-16,present,8,8.7,,0,0.7
ATT002356,EMP019,2026-02-17,leave,8,0,personal,0,0
ATT002357,EMP019,2026-02-18,half_day,8,4.3,,0,0
ATT002358,EMP019,2026-02-19,remote,8,7.2,,0,0
ATT002359,EMP019,2026-02-20,remote,8,7.3,,0,0
ATT002360,EMP019,2026-02-23,present,8,9.1,,0,1.1
ATT002361,EMP019,2026-02-24,present,8,9.2,,0,1.2
ATT002362,EMP019,2026-02-25,present,8,7.3,,0,0
ATT002363,EMP019,2026-02-26,present,8,7.1,,0,0
ATT002364,EMP019,2026-02-27,present,8,9.5,,0,1.5
ATT002365,EMP019,2026-03-02,present,8,7.3,,15,0
ATT002366,EMP019,2026-03-03,absent,8,0,,0,0
ATT002367,EMP019,2026-03-04,remote,8,7.7,,0,0
ATT002368,EMP019,2026-03-05,present,8,7.9,,0,0
ATT002369,EMP019,2026-03-06,present,8,8.6,,10,0.6
ATT002370,EMP019,2026-03-09,remote,8,9.1,,0,1.1
ATT002371,EMP019,2026-03-10,holiday,8,0,,0,0
ATT002372,EMP019,2026-03-11,present,8,7.9,,0,0
ATT002373,EMP019,2026-03-12,leave,8,0,emergency,0,0
ATT002374,EMP019,2026-03-13,remote,8,8.7,,0,0.7
ATT002375,EMP019,2026-03-16,present,8,9.4,,0,1.4
ATT002376,EMP019,2026-03-17,present,8,7.5,,0,0
ATT002377,EMP019,2026-03-18,remote,8,9.3,,0,1.3
ATT002378,EMP019,2026-03-19,present,8,8.8,,0,0.8
ATT002379,EMP019,2026-03-20,present,8,9.3,,0,1.3
ATT002380,EMP019,2026-03-23,present,8,7.4,,0,0
ATT002381,EMP019,2026-03-24,present,8,9.3,,0,1.3
ATT002382,EMP019,2026-03-25,present,8,7.3,,0,0
ATT002383,EMP019,2026-03-26,remote,8,7.6,,0,0
ATT002384,EMP019,2026-03-27,present,8,8.8,,0,0.8
ATT002385,EMP019,2026-03-30,holiday,8,0,,0,0
ATT002386,EMP019,2026-03-31,present,8,8.4,,0,0.4
ATT002387,EMP019,2026-04-01,present,8,8.2,,0,0.2
ATT002388,EMP019,2026-04-02,remote,8,8.6,,0,0.6
ATT002389,EMP019,2026-04-03,remote,8,8.3,,0,0.3
ATT002390,EMP019,2026-04-06,remote,8,7.3,,0,0
ATT002391,EMP019,2026-04-07,present,8,9.3,,0,1.3
ATT002392,EMP019,2026-04-08,present,8,7.6,,0,0
ATT002393,EMP019,2026-04-09,present,8,8.4,,0,0.4
ATT002394,EMP019,2026-04-10,present,8,9.4,,0,1.4
ATT002395,EMP019,2026-04-13,remote,8,7.4,,0,0
ATT002396,EMP019,2026-04-14,holiday,8,0,,0,0
ATT002397,EMP019,2026-04-15,present,8,9.1,,0,1.1
ATT002398,EMP019,2026-04-16,present,8,7.3,,30,0
ATT002399,EMP019,2026-04-17,present,8,7.7,,0,0
ATT002400,EMP019,2026-04-20,present,8,7.3,,0,0
ATT002401,EMP019,2026-04-21,remote,8,9.0,,0,1.0
ATT002402,EMP019,2026-04-22,remote,8,7.1,,0,0
ATT002403,EMP019,2026-04-23,present,8,8.2,,0,0.2
ATT002404,EMP019,2026-04-24,present,8,8.2,,0,0.2
ATT002405,EMP019,2026-04-27,absent,8,0,,0,0
ATT002406,EMP019,2026-04-28,remote,8,7.8,,0,0
ATT002407,EMP019,2026-04-29,remote,8,9.0,,0,1.0
ATT002408,EMP019,2026-04-30,present,8,8.2,,0,0.2
ATT002409,EMP019,2026-05-01,holiday,8,0,,0,0
ATT002410,EMP019,2026-05-04,present,8,7.7,,0,0
ATT002411,EMP019,2026-05-05,present,8,7.9,,15,0
ATT002412,EMP019,2026-05-06,present,8,7.7,,0,0
ATT002413,EMP019,2026-05-07,absent,8,0,,0,0
ATT002414,EMP019,2026-05-08,present,8,8.6,,0,0.6
ATT002415,EMP019,2026-05-11,present,8,8.8,,0,0.8
ATT002416,EMP019,2026-05-12,present,8,7.5,,0,0
ATT002417,EMP019,2026-05-13,remote,8,8.2,,0,0.2
ATT002418,EMP019,2026-05-14,present,8,7.7,,0,0
ATT002419,EMP019,2026-05-15,present,8,8.1,,10,0.1
ATT002420,EMP019,2026-05-18,half_day,8,4.3,,0,0
ATT002421,EMP019,2026-05-19,half_day,8,3.7,,0,0
ATT002422,EMP019,2026-05-20,leave,8,0,casual,0,0
ATT002423,EMP019,2026-05-21,present,8,7.3,,0,0
ATT002424,EMP019,2026-05-22,present,8,7.4,,0,0
ATT002425,EMP019,2026-05-25,present,8,7.4,,0,0
ATT002426,EMP019,2026-05-26,present,8,9.3,,0,1.3
ATT002427,EMP019,2026-05-27,half_day,8,4.4,,0,0
ATT002428,EMP019,2026-05-28,remote,8,9.3,,0,1.3
ATT002429,EMP019,2026-05-29,present,8,9.2,,0,1.2
ATT002430,EMP019,2026-06-01,present,8,8.7,,0,0.7
ATT002431,EMP019,2026-06-02,present,8,7.8,,0,0
ATT002432,EMP019,2026-06-03,present,8,7.2,,0,0
ATT002433,EMP019,2026-06-04,present,8,7.4,,0,0
ATT002434,EMP019,2026-06-05,absent,8,0,,0,0
ATT002435,EMP019,2026-06-08,present,8,7.0,,0,0
ATT002436,EMP019,2026-06-09,present,8,7.9,,0,0
ATT002437,EMP019,2026-06-10,present,8,8.7,,0,0.7
ATT002438,EMP019,2026-06-11,remote,8,7.5,,0,0
ATT002439,EMP019,2026-06-12,present,8,8.0,,0,0
ATT002440,EMP019,2026-06-15,present,8,8.8,,0,0.8
ATT002441,EMP019,2026-06-16,present,8,7.6,,0,0
ATT002442,EMP019,2026-06-17,holiday,8,0,,0,0
ATT002443,EMP019,2026-06-18,remote,8,7.0,,0,0
ATT002444,EMP019,2026-06-19,present,8,7.7,,0,0
ATT002445,EMP019,2026-06-22,present,8,8.9,,0,0.9
ATT002446,EMP019,2026-06-23,leave,8,0,sick,0,0
ATT002447,EMP019,2026-06-24,present,8,7.5,,0,0
ATT002448,EMP019,2026-06-25,remote,8,9.5,,0,1.5
ATT002449,EMP019,2026-06-26,remote,8,8.2,,0,0.2
ATT002450,EMP019,2026-06-29,present,8,8.2,,20,0.2
ATT002451,EMP019,2026-06-30,remote,8,8.4,,0,0.4
ATT002452,EMP020,2026-01-01,remote,8,8.6,,0,0.6
ATT002453,EMP020,2026-01-02,remote,8,8.9,,0,0.9
ATT002454,EMP020,2026-01-05,present,8,8.0,,0,0
ATT002455,EMP020,2026-01-06,present,8,7.4,,0,0
ATT002456,EMP020,2026-01-07,present,8,9.2,,0,1.2
ATT002457,EMP020,2026-01-08,present,8,9.4,,0,1.4
ATT002458,EMP020,2026-01-09,present,8,8.7,,0,0.7
ATT002459,EMP020,2026-01-12,remote,8,7.5,,0,0
ATT002460,EMP020,2026-01-13,present,8,7.8,,0,0
ATT002461,EMP020,2026-01-14,half_day,8,4.4,,0,0
ATT002462,EMP020,2026-01-15,present,8,7.3,,0,0
ATT002463,EMP020,2026-01-16,remote,8,7.9,,0,0
ATT002464,EMP020,2026-01-19,remote,8,7.7,,0,0
ATT002465,EMP020,2026-01-20,leave,8,0,earned,0,0
ATT002466,EMP020,2026-01-21,present,8,7.7,,0,0
ATT002467,EMP020,2026-01-22,remote,8,8.2,,0,0.2
ATT002468,EMP020,2026-01-23,present,8,8.2,,0,0.2
ATT002469,EMP020,2026-01-26,holiday,8,0,,0,0
ATT002470,EMP020,2026-01-27,present,8,8.5,,0,0.5
ATT002471,EMP020,2026-01-28,remote,8,7.5,,0,0
ATT002472,EMP020,2026-01-29,remote,8,8.8,,0,0.8
ATT002473,EMP020,2026-01-30,remote,8,8.7,,0,0.7
ATT002474,EMP020,2026-02-02,remote,8,7.7,,0,0
ATT002475,EMP020,2026-02-03,present,8,8.7,,0,0.7
ATT002476,EMP020,2026-02-04,present,8,9.3,,0,1.3
ATT002477,EMP020,2026-02-05,absent,8,0,,0,0
ATT002478,EMP020,2026-02-06,present,8,9.4,,0,1.4
ATT002479,EMP020,2026-02-09,present,8,8.9,,0,0.9
ATT002480,EMP020,2026-02-10,remote,8,7.2,,0,0
ATT002481,EMP020,2026-02-11,remote,8,9.0,,0,1.0
ATT002482,EMP020,2026-02-12,leave,8,0,earned,0,0
ATT002483,EMP020,2026-02-13,present,8,9.1,,0,1.1
ATT002484,EMP020,2026-02-16,absent,8,0,,0,0
ATT002485,EMP020,2026-02-17,remote,8,8.8,,0,0.8
ATT002486,EMP020,2026-02-18,remote,8,8.5,,0,0.5
ATT002487,EMP020,2026-02-19,present,8,7.2,,0,0
ATT002488,EMP020,2026-02-20,present,8,7.9,,0,0
ATT002489,EMP020,2026-02-23,present,8,9.0,,0,1.0
ATT002490,EMP020,2026-02-24,present,8,8.9,,0,0.9
ATT002491,EMP020,2026-02-25,present,8,7.7,,0,0
ATT002492,EMP020,2026-02-26,present,8,8.4,,0,0.4
ATT002493,EMP020,2026-02-27,present,8,7.5,,0,0
ATT002494,EMP020,2026-03-02,present,8,7.4,,0,0
ATT002495,EMP020,2026-03-03,present,8,7.5,,0,0
ATT002496,EMP020,2026-03-04,present,8,7.3,,0,0
ATT002497,EMP020,2026-03-05,half_day,8,4.4,,0,0
ATT002498,EMP020,2026-03-06,present,8,7.5,,0,0
ATT002499,EMP020,2026-03-09,remote,8,9.4,,0,1.4
ATT002500,EMP020,2026-03-10,holiday,8,0,,0,0
ATT002501,EMP020,2026-03-11,present,8,8.6,,20,0.6
ATT002502,EMP020,2026-03-12,present,8,8.5,,0,0.5
ATT002503,EMP020,2026-03-13,remote,8,7.6,,0,0
ATT002504,EMP020,2026-03-16,remote,8,8.5,,0,0.5
ATT002505,EMP020,2026-03-17,present,8,7.9,,0,0
ATT002506,EMP020,2026-03-18,remote,8,8.9,,0,0.9
ATT002507,EMP020,2026-03-19,absent,8,0,,0,0
ATT002508,EMP020,2026-03-20,remote,8,9.4,,0,1.4
ATT002509,EMP020,2026-03-23,present,8,7.7,,0,0
ATT002510,EMP020,2026-03-24,remote,8,9.1,,0,1.1
ATT002511,EMP020,2026-03-25,present,8,8.9,,0,0.9
ATT002512,EMP020,2026-03-26,present,8,7.8,,0,0
ATT002513,EMP020,2026-03-27,present,8,7.3,,0,0
ATT002514,EMP020,2026-03-30,holiday,8,0,,0,0
ATT002515,EMP020,2026-03-31,present,8,7.0,,0,0
ATT002516,EMP020,2026-04-01,present,8,7.0,,0,0
ATT002517,EMP020,2026-04-02,remote,8,9.2,,30,1.2
ATT002518,EMP020,2026-04-03,present,8,7.7,,0,0
ATT002519,EMP020,2026-04-06,present,8,7.9,,0,0
ATT002520,EMP020,2026-04-07,present,8,7.3,,0,0
ATT002521,EMP020,2026-04-08,remote,8,8.9,,0,0.9
ATT002522,EMP020,2026-04-09,present,8,7.2,,0,0
ATT002523,EMP020,2026-04-10,present,8,8.3,,0,0.3
ATT002524,EMP020,2026-04-13,present,8,7.5,,0,0
ATT002525,EMP020,2026-04-14,holiday,8,0,,0,0
ATT002526,EMP020,2026-04-15,present,8,8.5,,0,0.5
ATT002527,EMP020,2026-04-16,present,8,7.1,,0,0
ATT002528,EMP020,2026-04-17,present,8,7.6,,0,0
ATT002529,EMP020,2026-04-20,present,8,9.1,,0,1.1
ATT002530,EMP020,2026-04-21,present,8,8.0,,20,0
ATT002531,EMP020,2026-04-22,present,8,9.2,,0,1.2
ATT002532,EMP020,2026-04-23,present,8,8.6,,0,0.6
ATT002533,EMP020,2026-04-24,present,8,7.7,,0,0
ATT002534,EMP020,2026-04-27,present,8,9.4,,0,1.4
ATT002535,EMP020,2026-04-28,remote,8,8.4,,0,0.4
ATT002536,EMP020,2026-04-29,absent,8,0,,0,0
ATT002537,EMP020,2026-04-30,remote,8,7.3,,0,0
ATT002538,EMP020,2026-05-01,holiday,8,0,,0,0
ATT002539,EMP020,2026-05-04,present,8,8.6,,0,0.6
ATT002540,EMP020,2026-05-05,present,8,9.0,,0,1.0
ATT002541,EMP020,2026-05-06,present,8,8.3,,0,0.3
ATT002542,EMP020,2026-05-07,present,8,8.3,,0,0.3
ATT002543,EMP020,2026-05-08,present,8,8.5,,0,0.5
ATT002544,EMP020,2026-05-11,leave,8,0,sick,0,0
ATT002545,EMP020,2026-05-12,present,8,8.0,,0,0
ATT002546,EMP020,2026-05-13,leave,8,0,sick,0,0
ATT002547,EMP020,2026-05-14,present,8,7.3,,0,0
ATT002548,EMP020,2026-05-15,remote,8,8.0,,0,0
ATT002549,EMP020,2026-05-18,present,8,9.4,,0,1.4
ATT002550,EMP020,2026-05-19,remote,8,7.2,,0,0
ATT002551,EMP020,2026-05-20,present,8,7.9,,0,0
ATT002552,EMP020,2026-05-21,remote,8,7.3,,0,0
ATT002553,EMP020,2026-05-22,present,8,8.6,,0,0.6
ATT002554,EMP020,2026-05-25,present,8,8.3,,0,0.3
ATT002555,EMP020,2026-05-26,present,8,9.2,,0,1.2
ATT002556,EMP020,2026-05-27,present,8,8.1,,0,0.1
ATT002557,EMP020,2026-05-28,present,8,8.2,,0,0.2
ATT002558,EMP020,2026-05-29,present,8,8.1,,0,0.1
ATT002559,EMP020,2026-06-01,remote,8,8.7,,0,0.7
ATT002560,EMP020,2026-06-02,present,8,9.4,,0,1.4
ATT002561,EMP020,2026-06-03,present,8,9.2,,0,1.2
ATT002562,EMP020,2026-06-04,remote,8,8.7,,0,0.7
ATT002563,EMP020,2026-06-05,remote,8,9.1,,0,1.1
ATT002564,EMP020,2026-06-08,present,8,9.3,,0,1.3
ATT002565,EMP020,2026-06-09,present,8,9.1,,0,1.1
ATT002566,EMP020,2026-06-10,remote,8,8.2,,0,0.2
ATT002567,EMP020,2026-06-11,present,8,7.8,,0,0
ATT002568,EMP020,2026-06-12,present,8,8.3,,0,0.3
ATT002569,EMP020,2026-06-15,present,8,7.3,,0,0
ATT002570,EMP020,2026-06-16,present,8,9.2,,0,1.2
ATT002571,EMP020,2026-06-17,holiday,8,0,,0,0
ATT002572,EMP020,2026-06-18,remote,8,8.3,,0,0.3
ATT002573,EMP020,2026-06-19,remote,8,7.1,,0,0
ATT002574,EMP020,2026-06-22,present,8,8.9,,0,0.9
ATT002575,EMP020,2026-06-23,remote,8,7.4,,0,0
ATT002576,EMP020,2026-06-24,present,8,9.2,,0,1.2
ATT002577,EMP020,2026-06-25,present,8,8.8,,0,0.8
ATT002578,EMP020,2026-06-26,leave,8,0,sick,0,0
ATT002579,EMP020,2026-06-29,leave,8,0,sick,0,0
ATT002580,EMP020,2026-06-30,remote,8,8.8,,0,0.8
ATT002581,EMP021,2026-01-01,leave,8,0,emergency,0,0
ATT002582,EMP021,2026-01-02,present,8,9.3,,0,1.3
ATT002583,EMP021,2026-01-05,remote,8,8.4,,0,0.4
ATT002584,EMP021,2026-01-06,remote,8,9.4,,0,1.4
ATT002585,EMP021,2026-01-07,leave,8,0,emergency,0,0
ATT002586,EMP021,2026-01-08,present,8,7.8,,0,0
ATT002587,EMP021,2026-01-09,remote,8,9.1,,0,1.1
ATT002588,EMP021,2026-01-12,remote,8,9.2,,0,1.2
ATT002589,EMP021,2026-01-13,present,8,7.7,,0,0
ATT002590,EMP021,2026-01-14,remote,8,7.6,,0,0
ATT002591,EMP021,2026-01-15,present,8,7.4,,0,0
ATT002592,EMP021,2026-01-16,present,8,8.9,,0,0.9
ATT002593,EMP021,2026-01-19,remote,8,8.2,,5,0.2
ATT002594,EMP021,2026-01-20,present,8,7.9,,0,0
ATT002595,EMP021,2026-01-21,present,8,8.7,,0,0.7
ATT002596,EMP021,2026-01-22,present,8,8.0,,0,0
ATT002597,EMP021,2026-01-23,present,8,8.2,,0,0.2
ATT002598,EMP021,2026-01-26,holiday,8,0,,0,0
ATT002599,EMP021,2026-01-27,present,8,8.3,,0,0.3
ATT002600,EMP021,2026-01-28,remote,8,7.6,,0,0
ATT002601,EMP021,2026-01-29,remote,8,8.5,,5,0.5
ATT002602,EMP021,2026-01-30,present,8,7.7,,0,0
ATT002603,EMP021,2026-02-02,present,8,9.4,,5,1.4
ATT002604,EMP021,2026-02-03,present,8,7.4,,0,0
ATT002605,EMP021,2026-02-04,present,8,9.3,,0,1.3
ATT002606,EMP021,2026-02-05,remote,8,8.8,,0,0.8
ATT002607,EMP021,2026-02-06,present,8,9.2,,0,1.2
ATT002608,EMP021,2026-02-09,leave,8,0,sick,0,0
ATT002609,EMP021,2026-02-10,present,8,7.7,,0,0
ATT002610,EMP021,2026-02-11,present,8,8.4,,0,0.4
ATT002611,EMP021,2026-02-12,leave,8,0,personal,0,0
ATT002612,EMP021,2026-02-13,present,8,9.0,,0,1.0
ATT002613,EMP021,2026-02-16,present,8,7.6,,0,0
ATT002614,EMP021,2026-02-17,remote,8,8.3,,0,0.3
ATT002615,EMP021,2026-02-18,present,8,9.3,,0,1.3
ATT002616,EMP021,2026-02-19,remote,8,7.4,,0,0
ATT002617,EMP021,2026-02-20,present,8,7.2,,0,0
ATT002618,EMP021,2026-02-23,remote,8,8.3,,0,0.3
ATT002619,EMP021,2026-02-24,present,8,8.6,,10,0.6
ATT002620,EMP021,2026-02-25,present,8,7.3,,0,0
ATT002621,EMP021,2026-02-26,remote,8,7.1,,0,0
ATT002622,EMP021,2026-02-27,present,8,7.8,,0,0
ATT002623,EMP021,2026-03-02,present,8,8.0,,0,0
ATT002624,EMP021,2026-03-03,remote,8,7.2,,0,0
ATT002625,EMP021,2026-03-04,remote,8,8.3,,0,0.3
ATT002626,EMP021,2026-03-05,present,8,9.3,,0,1.3
ATT002627,EMP021,2026-03-06,present,8,8.1,,0,0.1
ATT002628,EMP021,2026-03-09,present,8,8.6,,0,0.6
ATT002629,EMP021,2026-03-10,holiday,8,0,,0,0
ATT002630,EMP021,2026-03-11,present,8,8.9,,0,0.9
ATT002631,EMP021,2026-03-12,present,8,7.8,,15,0
ATT002632,EMP021,2026-03-13,present,8,9.3,,0,1.3
ATT002633,EMP021,2026-03-16,present,8,8.5,,15,0.5
ATT002634,EMP021,2026-03-17,present,8,7.5,,0,0
ATT002635,EMP021,2026-03-18,present,8,8.0,,20,0
ATT002636,EMP021,2026-03-19,present,8,8.5,,0,0.5
ATT002637,EMP021,2026-03-20,present,8,9.4,,0,1.4
ATT002638,EMP021,2026-03-23,remote,8,8.1,,0,0.1
ATT002639,EMP021,2026-03-24,present,8,7.7,,0,0
ATT002640,EMP021,2026-03-25,leave,8,0,casual,0,0
ATT002641,EMP021,2026-03-26,remote,8,8.0,,0,0
ATT002642,EMP021,2026-03-27,half_day,8,4.2,,0,0
ATT002643,EMP021,2026-03-30,holiday,8,0,,0,0
ATT002644,EMP021,2026-03-31,present,8,7.6,,0,0
ATT002645,EMP021,2026-04-01,present,8,8.2,,0,0.2
ATT002646,EMP021,2026-04-02,half_day,8,4.0,,0,0
ATT002647,EMP021,2026-04-03,remote,8,9.3,,0,1.3
ATT002648,EMP021,2026-04-06,present,8,9.4,,0,1.4
ATT002649,EMP021,2026-04-07,present,8,9.2,,0,1.2
ATT002650,EMP021,2026-04-08,present,8,8.9,,0,0.9
ATT002651,EMP021,2026-04-09,present,8,8.3,,0,0.3
ATT002652,EMP021,2026-04-10,leave,8,0,earned,0,0
ATT002653,EMP021,2026-04-13,present,8,8.7,,0,0.7
ATT002654,EMP021,2026-04-14,holiday,8,0,,0,0
ATT002655,EMP021,2026-04-15,present,8,7.4,,15,0
ATT002656,EMP021,2026-04-16,half_day,8,4.0,,0,0
ATT002657,EMP021,2026-04-17,remote,8,8.1,,0,0.1
ATT002658,EMP021,2026-04-20,present,8,8.4,,0,0.4
ATT002659,EMP021,2026-04-21,present,8,8.2,,0,0.2
ATT002660,EMP021,2026-04-22,present,8,7.3,,0,0
ATT002661,EMP021,2026-04-23,remote,8,9.0,,0,1.0
ATT002662,EMP021,2026-04-24,remote,8,8.9,,0,0.9
ATT002663,EMP021,2026-04-27,present,8,8.1,,0,0.1
ATT002664,EMP021,2026-04-28,present,8,8.2,,0,0.2
ATT002665,EMP021,2026-04-29,half_day,8,3.6,,0,0
ATT002666,EMP021,2026-04-30,present,8,7.6,,15,0
ATT002667,EMP021,2026-05-01,holiday,8,0,,0,0
ATT002668,EMP021,2026-05-04,present,8,8.8,,0,0.8
ATT002669,EMP021,2026-05-05,present,8,8.0,,0,0
ATT002670,EMP021,2026-05-06,leave,8,0,casual,0,0
ATT002671,EMP021,2026-05-07,remote,8,7.9,,0,0
ATT002672,EMP021,2026-05-08,present,8,8.6,,0,0.6
ATT002673,EMP021,2026-05-11,present,8,7.3,,0,0
ATT002674,EMP021,2026-05-12,remote,8,8.9,,0,0.9
ATT002675,EMP021,2026-05-13,leave,8,0,sick,0,0
ATT002676,EMP021,2026-05-14,present,8,7.6,,0,0
ATT002677,EMP021,2026-05-15,remote,8,7.1,,0,0
ATT002678,EMP021,2026-05-18,remote,8,9.0,,0,1.0
ATT002679,EMP021,2026-05-19,present,8,8.1,,0,0.1
ATT002680,EMP021,2026-05-20,present,8,7.1,,0,0
ATT002681,EMP021,2026-05-21,present,8,8.5,,10,0.5
ATT002682,EMP021,2026-05-22,remote,8,9.2,,0,1.2
ATT002683,EMP021,2026-05-25,remote,8,8.7,,0,0.7
ATT002684,EMP021,2026-05-26,present,8,7.2,,0,0
ATT002685,EMP021,2026-05-27,present,8,8.4,,0,0.4
ATT002686,EMP021,2026-05-28,remote,8,8.8,,0,0.8
ATT002687,EMP021,2026-05-29,remote,8,7.7,,0,0
ATT002688,EMP021,2026-06-01,present,8,8.6,,0,0.6
ATT002689,EMP021,2026-06-02,present,8,7.6,,0,0
ATT002690,EMP021,2026-06-03,present,8,8.9,,0,0.9
ATT002691,EMP021,2026-06-04,present,8,9.0,,0,1.0
ATT002692,EMP021,2026-06-05,half_day,8,4.4,,0,0
ATT002693,EMP021,2026-06-08,present,8,8.1,,0,0.1
ATT002694,EMP021,2026-06-09,leave,8,0,emergency,0,0
ATT002695,EMP021,2026-06-10,remote,8,9.2,,0,1.2
ATT002696,EMP021,2026-06-11,present,8,7.7,,0,0
ATT002697,EMP021,2026-06-12,present,8,7.0,,0,0
ATT002698,EMP021,2026-06-15,present,8,8.1,,0,0.1
ATT002699,EMP021,2026-06-16,present,8,9.5,,0,1.5
ATT002700,EMP021,2026-06-17,holiday,8,0,,0,0
ATT002701,EMP021,2026-06-18,present,8,8.1,,0,0.1
ATT002702,EMP021,2026-06-19,present,8,8.2,,0,0.2
ATT002703,EMP021,2026-06-22,present,8,7.6,,0,0
ATT002704,EMP021,2026-06-23,leave,8,0,emergency,0,0
ATT002705,EMP021,2026-06-24,remote,8,8.9,,0,0.9
ATT002706,EMP021,2026-06-25,present,8,7.2,,0,0
ATT002707,EMP021,2026-06-26,remote,8,8.8,,0,0.8
ATT002708,EMP021,2026-06-29,present,8,7.9,,0,0
ATT002709,EMP021,2026-06-30,absent,8,0,,0,0
ATT002710,EMP022,2026-01-01,present,8,7.8,,0,0
ATT002711,EMP022,2026-01-02,present,8,8.3,,0,0.3
ATT002712,EMP022,2026-01-05,remote,8,8.4,,0,0.4
ATT002713,EMP022,2026-01-06,present,8,7.7,,0,0
ATT002714,EMP022,2026-01-07,present,8,8.1,,0,0.1
ATT002715,EMP022,2026-01-08,half_day,8,4.2,,0,0
ATT002716,EMP022,2026-01-09,present,8,9.1,,5,1.1
ATT002717,EMP022,2026-01-12,present,8,7.8,,0,0
ATT002718,EMP022,2026-01-13,present,8,7.8,,0,0
ATT002719,EMP022,2026-01-14,present,8,7.8,,0,0
ATT002720,EMP022,2026-01-15,present,8,7.5,,0,0
ATT002721,EMP022,2026-01-16,present,8,8.4,,0,0.4
ATT002722,EMP022,2026-01-19,present,8,7.6,,0,0
ATT002723,EMP022,2026-01-20,remote,8,7.6,,0,0
ATT002724,EMP022,2026-01-21,remote,8,7.6,,0,0
ATT002725,EMP022,2026-01-22,remote,8,7.8,,0,0
ATT002726,EMP022,2026-01-23,present,8,8.6,,0,0.6
ATT002727,EMP022,2026-01-26,holiday,8,0,,0,0
ATT002728,EMP022,2026-01-27,present,8,7.6,,0,0
ATT002729,EMP022,2026-01-28,remote,8,7.4,,0,0
ATT002730,EMP022,2026-01-29,present,8,8.4,,0,0.4
ATT002731,EMP022,2026-01-30,present,8,8.2,,0,0.2
ATT002732,EMP022,2026-02-02,present,8,8.2,,0,0.2
ATT002733,EMP022,2026-02-03,present,8,9.0,,30,1.0
ATT002734,EMP022,2026-02-04,present,8,7.9,,0,0
ATT002735,EMP022,2026-02-05,present,8,8.3,,0,0.3
ATT002736,EMP022,2026-02-06,present,8,7.0,,0,0
ATT002737,EMP022,2026-02-09,present,8,8.0,,0,0
ATT002738,EMP022,2026-02-10,present,8,8.7,,0,0.7
ATT002739,EMP022,2026-02-11,remote,8,9.3,,0,1.3
ATT002740,EMP022,2026-02-12,leave,8,0,earned,0,0
ATT002741,EMP022,2026-02-13,present,8,7.9,,30,0
ATT002742,EMP022,2026-02-16,present,8,7.3,,0,0
ATT002743,EMP022,2026-02-17,remote,8,7.5,,0,0
ATT002744,EMP022,2026-02-18,present,8,8.5,,0,0.5
ATT002745,EMP022,2026-02-19,present,8,7.0,,0,0
ATT002746,EMP022,2026-02-20,present,8,7.8,,0,0
ATT002747,EMP022,2026-02-23,remote,8,8.4,,0,0.4
ATT002748,EMP022,2026-02-24,present,8,9.1,,0,1.1
ATT002749,EMP022,2026-02-25,present,8,7.4,,0,0
ATT002750,EMP022,2026-02-26,present,8,7.1,,0,0
ATT002751,EMP022,2026-02-27,present,8,8.7,,0,0.7
ATT002752,EMP022,2026-03-02,present,8,9.4,,0,1.4
ATT002753,EMP022,2026-03-03,present,8,7.4,,0,0
ATT002754,EMP022,2026-03-04,present,8,8.1,,0,0.1
ATT002755,EMP022,2026-03-05,half_day,8,4.2,,0,0
ATT002756,EMP022,2026-03-06,remote,8,9.2,,0,1.2
ATT002757,EMP022,2026-03-09,present,8,8.0,,0,0
ATT002758,EMP022,2026-03-10,holiday,8,0,,0,0
ATT002759,EMP022,2026-03-11,present,8,7.7,,0,0
ATT002760,EMP022,2026-03-12,present,8,7.4,,0,0
ATT002761,EMP022,2026-03-13,absent,8,0,,0,0
ATT002762,EMP022,2026-03-16,half_day,8,4.5,,0,0
ATT002763,EMP022,2026-03-17,present,8,8.2,,0,0.2
ATT002764,EMP022,2026-03-18,remote,8,7.1,,0,0
ATT002765,EMP022,2026-03-19,present,8,7.9,,0,0
ATT002766,EMP022,2026-03-20,present,8,8.5,,0,0.5
ATT002767,EMP022,2026-03-23,remote,8,7.4,,0,0
ATT002768,EMP022,2026-03-24,present,8,8.7,,0,0.7
ATT002769,EMP022,2026-03-25,present,8,7.6,,0,0
ATT002770,EMP022,2026-03-26,remote,8,7.7,,5,0
ATT002771,EMP022,2026-03-27,present,8,8.4,,0,0.4
ATT002772,EMP022,2026-03-30,holiday,8,0,,0,0
ATT002773,EMP022,2026-03-31,present,8,8.0,,0,0
ATT002774,EMP022,2026-04-01,remote,8,8.9,,0,0.9
ATT002775,EMP022,2026-04-02,present,8,7.6,,0,0
ATT002776,EMP022,2026-04-03,remote,8,8.3,,0,0.3
ATT002777,EMP022,2026-04-06,present,8,8.2,,0,0.2
ATT002778,EMP022,2026-04-07,present,8,8.7,,0,0.7
ATT002779,EMP022,2026-04-08,present,8,7.1,,0,0
ATT002780,EMP022,2026-04-09,present,8,8.8,,0,0.8
ATT002781,EMP022,2026-04-10,present,8,9.5,,0,1.5
ATT002782,EMP022,2026-04-13,present,8,7.4,,0,0
ATT002783,EMP022,2026-04-14,holiday,8,0,,0,0
ATT002784,EMP022,2026-04-15,remote,8,8.6,,0,0.6
ATT002785,EMP022,2026-04-16,present,8,7.6,,0,0
ATT002786,EMP022,2026-04-17,present,8,9.2,,0,1.2
ATT002787,EMP022,2026-04-20,present,8,7.6,,0,0
ATT002788,EMP022,2026-04-21,present,8,7.4,,0,0
ATT002789,EMP022,2026-04-22,present,8,9.2,,0,1.2
ATT002790,EMP022,2026-04-23,present,8,8.5,,0,0.5
ATT002791,EMP022,2026-04-24,present,8,7.7,,10,0
ATT002792,EMP022,2026-04-27,leave,8,0,emergency,0,0
ATT002793,EMP022,2026-04-28,remote,8,8.2,,0,0.2
ATT002794,EMP022,2026-04-29,present,8,7.0,,0,0
ATT002795,EMP022,2026-04-30,present,8,8.0,,0,0
ATT002796,EMP022,2026-05-01,holiday,8,0,,0,0
ATT002797,EMP022,2026-05-04,present,8,8.9,,15,0.9
ATT002798,EMP022,2026-05-05,remote,8,9.3,,0,1.3
ATT002799,EMP022,2026-05-06,present,8,7.4,,0,0
ATT002800,EMP022,2026-05-07,remote,8,9.3,,0,1.3
ATT002801,EMP022,2026-05-08,present,8,7.4,,0,0
ATT002802,EMP022,2026-05-11,present,8,8.5,,0,0.5
ATT002803,EMP022,2026-05-12,present,8,8.6,,0,0.6
ATT002804,EMP022,2026-05-13,present,8,9.1,,0,1.1
ATT002805,EMP022,2026-05-14,present,8,9.4,,0,1.4
ATT002806,EMP022,2026-05-15,present,8,7.9,,0,0
ATT002807,EMP022,2026-05-18,remote,8,7.5,,0,0
ATT002808,EMP022,2026-05-19,present,8,7.4,,0,0
ATT002809,EMP022,2026-05-20,present,8,9.3,,0,1.3
ATT002810,EMP022,2026-05-21,remote,8,7.8,,15,0
ATT002811,EMP022,2026-05-22,present,8,8.4,,0,0.4
ATT002812,EMP022,2026-05-25,present,8,9.1,,0,1.1
ATT002813,EMP022,2026-05-26,present,8,8.8,,0,0.8
ATT002814,EMP022,2026-05-27,present,8,9.2,,0,1.2
ATT002815,EMP022,2026-05-28,present,8,8.9,,0,0.9
ATT002816,EMP022,2026-05-29,present,8,8.9,,0,0.9
ATT002817,EMP022,2026-06-01,half_day,8,3.9,,0,0
ATT002818,EMP022,2026-06-02,remote,8,7.7,,0,0
ATT002819,EMP022,2026-06-03,leave,8,0,sick,0,0
ATT002820,EMP022,2026-06-04,present,8,7.9,,5,0
ATT002821,EMP022,2026-06-05,remote,8,7.5,,0,0
ATT002822,EMP022,2026-06-08,present,8,8.8,,0,0.8
ATT002823,EMP022,2026-06-09,remote,8,7.0,,5,0
ATT002824,EMP022,2026-06-10,present,8,7.7,,0,0
ATT002825,EMP022,2026-06-11,present,8,8.9,,0,0.9
ATT002826,EMP022,2026-06-12,present,8,9.1,,0,1.1
ATT002827,EMP022,2026-06-15,present,8,7.5,,0,0
ATT002828,EMP022,2026-06-16,present,8,8.6,,0,0.6
ATT002829,EMP022,2026-06-17,holiday,8,0,,0,0
ATT002830,EMP022,2026-06-18,present,8,7.1,,0,0
ATT002831,EMP022,2026-06-19,present,8,7.1,,0,0
ATT002832,EMP022,2026-06-22,present,8,7.4,,0,0
ATT002833,EMP022,2026-06-23,present,8,7.6,,0,0
ATT002834,EMP022,2026-06-24,present,8,9.4,,0,1.4
ATT002835,EMP022,2026-06-25,remote,8,8.0,,0,0
ATT002836,EMP022,2026-06-26,present,8,7.0,,10,0
ATT002837,EMP022,2026-06-29,remote,8,7.5,,0,0
ATT002838,EMP022,2026-06-30,present,8,7.8,,0,0
ATT002839,EMP023,2026-01-01,present,8,7.3,,0,0
ATT002840,EMP023,2026-01-02,remote,8,7.8,,0,0
ATT002841,EMP023,2026-01-05,present,8,8.3,,0,0.3
ATT002842,EMP023,2026-01-06,present,8,7.6,,0,0
ATT002843,EMP023,2026-01-07,present,8,8.5,,0,0.5
ATT002844,EMP023,2026-01-08,present,8,9.3,,30,1.3
ATT002845,EMP023,2026-01-09,present,8,8.2,,0,0.2
ATT002846,EMP023,2026-01-12,present,8,8.6,,5,0.6
ATT002847,EMP023,2026-01-13,present,8,9.1,,0,1.1
ATT002848,EMP023,2026-01-14,present,8,9.3,,0,1.3
ATT002849,EMP023,2026-01-15,remote,8,8.8,,0,0.8
ATT002850,EMP023,2026-01-16,remote,8,7.6,,0,0
ATT002851,EMP023,2026-01-19,present,8,8.8,,0,0.8
ATT002852,EMP023,2026-01-20,present,8,8.5,,0,0.5
ATT002853,EMP023,2026-01-21,present,8,7.5,,20,0
ATT002854,EMP023,2026-01-22,remote,8,7.7,,0,0
ATT002855,EMP023,2026-01-23,remote,8,8.5,,0,0.5
ATT002856,EMP023,2026-01-26,holiday,8,0,,0,0
ATT002857,EMP023,2026-01-27,remote,8,9.5,,0,1.5
ATT002858,EMP023,2026-01-28,present,8,7.8,,0,0
ATT002859,EMP023,2026-01-29,present,8,8.1,,0,0.1
ATT002860,EMP023,2026-01-30,remote,8,9.2,,0,1.2
ATT002861,EMP023,2026-02-02,present,8,9.1,,0,1.1
ATT002862,EMP023,2026-02-03,present,8,9.2,,0,1.2
ATT002863,EMP023,2026-02-04,present,8,9.5,,0,1.5
ATT002864,EMP023,2026-02-05,remote,8,7.8,,0,0
ATT002865,EMP023,2026-02-06,remote,8,7.1,,0,0
ATT002866,EMP023,2026-02-09,remote,8,7.0,,0,0
ATT002867,EMP023,2026-02-10,present,8,7.8,,0,0
ATT002868,EMP023,2026-02-11,present,8,7.0,,0,0
ATT002869,EMP023,2026-02-12,remote,8,7.3,,0,0
ATT002870,EMP023,2026-02-13,present,8,7.1,,0,0
ATT002871,EMP023,2026-02-16,present,8,9.1,,0,1.1
ATT002872,EMP023,2026-02-17,remote,8,8.1,,0,0.1
ATT002873,EMP023,2026-02-18,present,8,9.3,,0,1.3
ATT002874,EMP023,2026-02-19,remote,8,7.2,,0,0
ATT002875,EMP023,2026-02-20,present,8,8.0,,15,0
ATT002876,EMP023,2026-02-23,present,8,8.1,,0,0.1
ATT002877,EMP023,2026-02-24,half_day,8,3.7,,0,0
ATT002878,EMP023,2026-02-25,present,8,9.1,,0,1.1
ATT002879,EMP023,2026-02-26,present,8,8.7,,15,0.7
ATT002880,EMP023,2026-02-27,remote,8,7.1,,0,0
ATT002881,EMP023,2026-03-02,remote,8,8.2,,10,0.2
ATT002882,EMP023,2026-03-03,present,8,9.5,,0,1.5
ATT002883,EMP023,2026-03-04,present,8,8.1,,0,0.1
ATT002884,EMP023,2026-03-05,present,8,9.1,,0,1.1
ATT002885,EMP023,2026-03-06,present,8,7.7,,0,0
ATT002886,EMP023,2026-03-09,present,8,7.6,,0,0
ATT002887,EMP023,2026-03-10,holiday,8,0,,0,0
ATT002888,EMP023,2026-03-11,present,8,8.2,,0,0.2
ATT002889,EMP023,2026-03-12,present,8,8.2,,0,0.2
ATT002890,EMP023,2026-03-13,present,8,8.7,,0,0.7
ATT002891,EMP023,2026-03-16,remote,8,7.5,,0,0
ATT002892,EMP023,2026-03-17,present,8,8.0,,0,0
ATT002893,EMP023,2026-03-18,present,8,7.7,,0,0
ATT002894,EMP023,2026-03-19,present,8,7.9,,0,0
ATT002895,EMP023,2026-03-20,present,8,8.5,,0,0.5
ATT002896,EMP023,2026-03-23,remote,8,9.0,,0,1.0
ATT002897,EMP023,2026-03-24,present,8,8.4,,0,0.4
ATT002898,EMP023,2026-03-25,remote,8,7.6,,0,0
ATT002899,EMP023,2026-03-26,present,8,7.1,,0,0
ATT002900,EMP023,2026-03-27,half_day,8,4.1,,0,0
ATT002901,EMP023,2026-03-30,holiday,8,0,,0,0
ATT002902,EMP023,2026-03-31,present,8,9.5,,0,1.5
ATT002903,EMP023,2026-04-01,remote,8,9.1,,0,1.1
ATT002904,EMP023,2026-04-02,present,8,8.6,,0,0.6
ATT002905,EMP023,2026-04-03,present,8,7.5,,0,0
ATT002906,EMP023,2026-04-06,remote,8,7.5,,0,0
ATT002907,EMP023,2026-04-07,present,8,8.2,,0,0.2
ATT002908,EMP023,2026-04-08,present,8,7.6,,0,0
ATT002909,EMP023,2026-04-09,present,8,9.4,,0,1.4
ATT002910,EMP023,2026-04-10,remote,8,7.8,,20,0
ATT002911,EMP023,2026-04-13,present,8,9.4,,0,1.4
ATT002912,EMP023,2026-04-14,holiday,8,0,,0,0
ATT002913,EMP023,2026-04-15,present,8,8.0,,0,0
ATT002914,EMP023,2026-04-16,present,8,9.4,,5,1.4
ATT002915,EMP023,2026-04-17,present,8,9.3,,30,1.3
ATT002916,EMP023,2026-04-20,present,8,7.6,,0,0
ATT002917,EMP023,2026-04-21,present,8,7.5,,0,0
ATT002918,EMP023,2026-04-22,present,8,7.8,,0,0
ATT002919,EMP023,2026-04-23,present,8,8.0,,0,0
ATT002920,EMP023,2026-04-24,present,8,8.4,,0,0.4
ATT002921,EMP023,2026-04-27,present,8,7.1,,0,0
ATT002922,EMP023,2026-04-28,present,8,9.5,,0,1.5
ATT002923,EMP023,2026-04-29,present,8,9.4,,0,1.4
ATT002924,EMP023,2026-04-30,remote,8,8.5,,0,0.5
ATT002925,EMP023,2026-05-01,holiday,8,0,,0,0
ATT002926,EMP023,2026-05-04,remote,8,7.5,,0,0
ATT002927,EMP023,2026-05-05,remote,8,8.0,,0,0
ATT002928,EMP023,2026-05-06,present,8,8.7,,0,0.7
ATT002929,EMP023,2026-05-07,present,8,8.9,,0,0.9
ATT002930,EMP023,2026-05-08,present,8,9.4,,0,1.4
ATT002931,EMP023,2026-05-11,remote,8,8.1,,0,0.1
ATT002932,EMP023,2026-05-12,present,8,7.4,,0,0
ATT002933,EMP023,2026-05-13,present,8,8.5,,0,0.5
ATT002934,EMP023,2026-05-14,remote,8,8.0,,10,0
ATT002935,EMP023,2026-05-15,present,8,8.1,,0,0.1
ATT002936,EMP023,2026-05-18,present,8,7.9,,0,0
ATT002937,EMP023,2026-05-19,present,8,8.2,,0,0.2
ATT002938,EMP023,2026-05-20,present,8,8.4,,0,0.4
ATT002939,EMP023,2026-05-21,remote,8,9.5,,0,1.5
ATT002940,EMP023,2026-05-22,present,8,7.6,,0,0
ATT002941,EMP023,2026-05-25,present,8,7.4,,0,0
ATT002942,EMP023,2026-05-26,remote,8,8.9,,0,0.9
ATT002943,EMP023,2026-05-27,present,8,7.1,,0,0
ATT002944,EMP023,2026-05-28,remote,8,7.3,,0,0
ATT002945,EMP023,2026-05-29,present,8,9.5,,0,1.5
ATT002946,EMP023,2026-06-01,present,8,8.8,,0,0.8
ATT002947,EMP023,2026-06-02,remote,8,8.4,,0,0.4
ATT002948,EMP023,2026-06-03,remote,8,9.0,,0,1.0
ATT002949,EMP023,2026-06-04,present,8,8.5,,0,0.5
ATT002950,EMP023,2026-06-05,remote,8,7.1,,0,0
ATT002951,EMP023,2026-06-08,present,8,7.5,,0,0
ATT002952,EMP023,2026-06-09,remote,8,8.5,,0,0.5
ATT002953,EMP023,2026-06-10,present,8,9.4,,0,1.4
ATT002954,EMP023,2026-06-11,present,8,9.3,,0,1.3
ATT002955,EMP023,2026-06-12,present,8,8.9,,0,0.9
ATT002956,EMP023,2026-06-15,remote,8,7.6,,0,0
ATT002957,EMP023,2026-06-16,present,8,8.4,,0,0.4
ATT002958,EMP023,2026-06-17,holiday,8,0,,0,0
ATT002959,EMP023,2026-06-18,present,8,8.2,,10,0.2
ATT002960,EMP023,2026-06-19,present,8,7.7,,0,0
ATT002961,EMP023,2026-06-22,present,8,7.2,,0,0
ATT002962,EMP023,2026-06-23,present,8,8.5,,0,0.5
ATT002963,EMP023,2026-06-24,present,8,9.1,,0,1.1
ATT002964,EMP023,2026-06-25,remote,8,7.0,,0,0
ATT002965,EMP023,2026-06-26,remote,8,8.2,,0,0.2
ATT002966,EMP023,2026-06-29,present,8,9.5,,0,1.5
ATT002967,EMP023,2026-06-30,half_day,8,3.8,,0,0
ATT002968,EMP024,2026-01-01,remote,8,9.1,,15,1.1
ATT002969,EMP024,2026-01-02,remote,8,7.8,,0,0
ATT002970,EMP024,2026-01-05,present,8,9.0,,0,1.0
ATT002971,EMP024,2026-01-06,present,8,7.2,,0,0
ATT002972,EMP024,2026-01-07,remote,8,7.1,,0,0
ATT002973,EMP024,2026-01-08,remote,8,8.2,,0,0.2
ATT002974,EMP024,2026-01-09,present,8,8.5,,0,0.5
ATT002975,EMP024,2026-01-12,remote,8,9.1,,0,1.1
ATT002976,EMP024,2026-01-13,present,8,7.6,,0,0
ATT002977,EMP024,2026-01-14,half_day,8,3.8,,0,0
ATT002978,EMP024,2026-01-15,leave,8,0,emergency,0,0
ATT002979,EMP024,2026-01-16,present,8,8.9,,0,0.9
ATT002980,EMP024,2026-01-19,present,8,8.5,,0,0.5
ATT002981,EMP024,2026-01-20,present,8,9.1,,0,1.1
ATT002982,EMP024,2026-01-21,remote,8,7.7,,0,0
ATT002983,EMP024,2026-01-22,present,8,8.9,,0,0.9
ATT002984,EMP024,2026-01-23,remote,8,9.5,,0,1.5
ATT002985,EMP024,2026-01-26,holiday,8,0,,0,0
ATT002986,EMP024,2026-01-27,remote,8,7.0,,0,0
ATT002987,EMP024,2026-01-28,remote,8,8.7,,0,0.7
ATT002988,EMP024,2026-01-29,remote,8,8.2,,0,0.2
ATT002989,EMP024,2026-01-30,leave,8,0,sick,0,0
ATT002990,EMP024,2026-02-02,remote,8,9.5,,0,1.5
ATT002991,EMP024,2026-02-03,present,8,9.4,,0,1.4
ATT002992,EMP024,2026-02-04,present,8,7.2,,0,0
ATT002993,EMP024,2026-02-05,present,8,7.1,,0,0
ATT002994,EMP024,2026-02-06,leave,8,0,personal,0,0
ATT002995,EMP024,2026-02-09,leave,8,0,earned,0,0
ATT002996,EMP024,2026-02-10,present,8,9.0,,0,1.0
ATT002997,EMP024,2026-02-11,present,8,8.7,,0,0.7
ATT002998,EMP024,2026-02-12,remote,8,7.0,,0,0
ATT002999,EMP024,2026-02-13,remote,8,7.5,,15,0
ATT003000,EMP024,2026-02-16,remote,8,8.4,,0,0.4
ATT003001,EMP024,2026-02-17,remote,8,7.5,,0,0
ATT003002,EMP024,2026-02-18,present,8,9.2,,0,1.2
ATT003003,EMP024,2026-02-19,present,8,8.7,,0,0.7
ATT003004,EMP024,2026-02-20,present,8,9.4,,0,1.4
ATT003005,EMP024,2026-02-23,remote,8,7.1,,0,0
ATT003006,EMP024,2026-02-24,present,8,9.3,,0,1.3
ATT003007,EMP024,2026-02-25,present,8,8.9,,0,0.9
ATT003008,EMP024,2026-02-26,present,8,8.8,,0,0.8
ATT003009,EMP024,2026-02-27,remote,8,9.1,,0,1.1
ATT003010,EMP024,2026-03-02,present,8,9.0,,0,1.0
ATT003011,EMP024,2026-03-03,present,8,8.9,,0,0.9
ATT003012,EMP024,2026-03-04,present,8,8.6,,0,0.6
ATT003013,EMP024,2026-03-05,remote,8,9.0,,0,1.0
ATT003014,EMP024,2026-03-06,present,8,9.2,,0,1.2
ATT003015,EMP024,2026-03-09,present,8,7.2,,0,0
ATT003016,EMP024,2026-03-10,holiday,8,0,,0,0
ATT003017,EMP024,2026-03-11,leave,8,0,personal,0,0
ATT003018,EMP024,2026-03-12,present,8,7.4,,0,0
ATT003019,EMP024,2026-03-13,present,8,8.9,,0,0.9
ATT003020,EMP024,2026-03-16,present,8,9.0,,0,1.0
ATT003021,EMP024,2026-03-17,present,8,7.6,,0,0
ATT003022,EMP024,2026-03-18,remote,8,8.3,,30,0.3
ATT003023,EMP024,2026-03-19,present,8,8.4,,0,0.4
ATT003024,EMP024,2026-03-20,remote,8,9.0,,0,1.0
ATT003025,EMP024,2026-03-23,leave,8,0,sick,0,0
ATT003026,EMP024,2026-03-24,remote,8,7.3,,0,0
ATT003027,EMP024,2026-03-25,remote,8,8.8,,0,0.8
ATT003028,EMP024,2026-03-26,remote,8,7.6,,0,0
ATT003029,EMP024,2026-03-27,present,8,8.4,,0,0.4
ATT003030,EMP024,2026-03-30,holiday,8,0,,0,0
ATT003031,EMP024,2026-03-31,present,8,9.3,,0,1.3
ATT003032,EMP024,2026-04-01,present,8,8.8,,0,0.8
ATT003033,EMP024,2026-04-02,present,8,8.4,,0,0.4
ATT003034,EMP024,2026-04-03,remote,8,7.6,,0,0
ATT003035,EMP024,2026-04-06,present,8,8.7,,0,0.7
ATT003036,EMP024,2026-04-07,present,8,9.2,,0,1.2
ATT003037,EMP024,2026-04-08,present,8,8.2,,0,0.2
ATT003038,EMP024,2026-04-09,remote,8,9.3,,0,1.3
ATT003039,EMP024,2026-04-10,remote,8,7.3,,0,0
ATT003040,EMP024,2026-04-13,remote,8,8.8,,0,0.8
ATT003041,EMP024,2026-04-14,holiday,8,0,,0,0
ATT003042,EMP024,2026-04-15,remote,8,7.4,,0,0
ATT003043,EMP024,2026-04-16,present,8,7.1,,0,0
ATT003044,EMP024,2026-04-17,present,8,7.0,,0,0
ATT003045,EMP024,2026-04-20,present,8,7.9,,0,0
ATT003046,EMP024,2026-04-21,remote,8,7.9,,0,0
ATT003047,EMP024,2026-04-22,remote,8,8.4,,0,0.4
ATT003048,EMP024,2026-04-23,present,8,8.4,,0,0.4
ATT003049,EMP024,2026-04-24,present,8,7.4,,0,0
ATT003050,EMP024,2026-04-27,present,8,7.7,,0,0
ATT003051,EMP024,2026-04-28,present,8,8.1,,0,0.1
ATT003052,EMP024,2026-04-29,present,8,7.9,,0,0
ATT003053,EMP024,2026-04-30,leave,8,0,casual,0,0
ATT003054,EMP024,2026-05-01,holiday,8,0,,0,0
ATT003055,EMP024,2026-05-04,present,8,8.1,,0,0.1
ATT003056,EMP024,2026-05-05,present,8,9.0,,0,1.0
ATT003057,EMP024,2026-05-06,remote,8,8.4,,0,0.4
ATT003058,EMP024,2026-05-07,present,8,7.6,,0,0
ATT003059,EMP024,2026-05-08,remote,8,9.3,,0,1.3
ATT003060,EMP024,2026-05-11,leave,8,0,personal,0,0
ATT003061,EMP024,2026-05-12,remote,8,8.0,,0,0
ATT003062,EMP024,2026-05-13,absent,8,0,,0,0
ATT003063,EMP024,2026-05-14,remote,8,7.0,,0,0
ATT003064,EMP024,2026-05-15,present,8,8.5,,0,0.5
ATT003065,EMP024,2026-05-18,remote,8,8.7,,15,0.7
ATT003066,EMP024,2026-05-19,leave,8,0,personal,0,0
ATT003067,EMP024,2026-05-20,remote,8,7.4,,0,0
ATT003068,EMP024,2026-05-21,remote,8,9.4,,0,1.4
ATT003069,EMP024,2026-05-22,present,8,8.6,,0,0.6
ATT003070,EMP024,2026-05-25,remote,8,8.2,,0,0.2
ATT003071,EMP024,2026-05-26,half_day,8,3.9,,0,0
ATT003072,EMP024,2026-05-27,present,8,8.7,,0,0.7
ATT003073,EMP024,2026-05-28,present,8,7.8,,0,0
ATT003074,EMP024,2026-05-29,present,8,8.0,,15,0
ATT003075,EMP024,2026-06-01,leave,8,0,sick,0,0
ATT003076,EMP024,2026-06-02,absent,8,0,,0,0
ATT003077,EMP024,2026-06-03,present,8,7.4,,30,0
ATT003078,EMP024,2026-06-04,present,8,8.0,,0,0
ATT003079,EMP024,2026-06-05,remote,8,8.8,,0,0.8
ATT003080,EMP024,2026-06-08,present,8,9.4,,0,1.4
ATT003081,EMP024,2026-06-09,present,8,9.5,,0,1.5
ATT003082,EMP024,2026-06-10,remote,8,7.4,,0,0
ATT003083,EMP024,2026-06-11,present,8,7.8,,0,0
ATT003084,EMP024,2026-06-12,remote,8,7.8,,0,0
ATT003085,EMP024,2026-06-15,present,8,8.4,,0,0.4
ATT003086,EMP024,2026-06-16,remote,8,8.9,,0,0.9
ATT003087,EMP024,2026-06-17,holiday,8,0,,0,0
ATT003088,EMP024,2026-06-18,leave,8,0,earned,0,0
ATT003089,EMP024,2026-06-19,leave,8,0,casual,0,0
ATT003090,EMP024,2026-06-22,present,8,7.1,,0,0
ATT003091,EMP024,2026-06-23,remote,8,7.3,,0,0
ATT003092,EMP024,2026-06-24,present,8,8.1,,0,0.1
ATT003093,EMP024,2026-06-25,present,8,7.5,,0,0
ATT003094,EMP024,2026-06-26,present,8,8.4,,0,0.4
ATT003095,EMP024,2026-06-29,remote,8,8.8,,0,0.8
ATT003096,EMP024,2026-06-30,half_day,8,3.8,,0,0
ATT003097,EMP025,2026-01-01,remote,8,7.5,,0,0
ATT003098,EMP025,2026-01-02,present,8,7.2,,0,0
ATT003099,EMP025,2026-01-05,present,8,7.7,,0,0
ATT003100,EMP025,2026-01-06,remote,8,8.7,,0,0.7
ATT003101,EMP025,2026-01-07,present,8,7.5,,0,0
ATT003102,EMP025,2026-01-08,leave,8,0,sick,0,0
ATT003103,EMP025,2026-01-09,remote,8,7.8,,0,0
ATT003104,EMP025,2026-01-12,leave,8,0,personal,0,0
ATT003105,EMP025,2026-01-13,present,8,8.4,,0,0.4
ATT003106,EMP025,2026-01-14,present,8,8.7,,0,0.7
ATT003107,EMP025,2026-01-15,absent,8,0,,0,0
ATT003108,EMP025,2026-01-16,present,8,7.5,,0,0
ATT003109,EMP025,2026-01-19,remote,8,9.4,,0,1.4
ATT003110,EMP025,2026-01-20,present,8,9.2,,0,1.2
ATT003111,EMP025,2026-01-21,present,8,7.2,,0,0
ATT003112,EMP025,2026-01-22,remote,8,9.4,,0,1.4
ATT003113,EMP025,2026-01-23,present,8,8.9,,0,0.9
ATT003114,EMP025,2026-01-26,holiday,8,0,,0,0
ATT003115,EMP025,2026-01-27,present,8,8.6,,0,0.6
ATT003116,EMP025,2026-01-28,present,8,9.4,,0,1.4
ATT003117,EMP025,2026-01-29,present,8,8.6,,0,0.6
ATT003118,EMP025,2026-01-30,present,8,7.5,,0,0
ATT003119,EMP025,2026-02-02,present,8,7.6,,0,0
ATT003120,EMP025,2026-02-03,half_day,8,4.1,,0,0
ATT003121,EMP025,2026-02-04,present,8,9.3,,0,1.3
ATT003122,EMP025,2026-02-05,leave,8,0,earned,0,0
ATT003123,EMP025,2026-02-06,present,8,7.3,,0,0
ATT003124,EMP025,2026-02-09,remote,8,7.5,,10,0
ATT003125,EMP025,2026-02-10,present,8,9.2,,0,1.2
ATT003126,EMP025,2026-02-11,present,8,8.4,,0,0.4
ATT003127,EMP025,2026-02-12,present,8,7.4,,30,0
ATT003128,EMP025,2026-02-13,leave,8,0,earned,0,0
ATT003129,EMP025,2026-02-16,present,8,7.5,,0,0
ATT003130,EMP025,2026-02-17,leave,8,0,personal,0,0
ATT003131,EMP025,2026-02-18,present,8,7.4,,0,0
ATT003132,EMP025,2026-02-19,present,8,9.0,,0,1.0
ATT003133,EMP025,2026-02-20,remote,8,7.5,,0,0
ATT003134,EMP025,2026-02-23,present,8,9.3,,0,1.3
ATT003135,EMP025,2026-02-24,present,8,9.2,,0,1.2
ATT003136,EMP025,2026-02-25,present,8,7.5,,0,0
ATT003137,EMP025,2026-02-26,present,8,9.0,,0,1.0
ATT003138,EMP025,2026-02-27,present,8,8.0,,0,0
ATT003139,EMP025,2026-03-02,present,8,8.2,,0,0.2
ATT003140,EMP025,2026-03-03,remote,8,8.5,,0,0.5
ATT003141,EMP025,2026-03-04,present,8,7.4,,0,0
ATT003142,EMP025,2026-03-05,leave,8,0,earned,0,0
ATT003143,EMP025,2026-03-06,remote,8,8.3,,0,0.3
ATT003144,EMP025,2026-03-09,leave,8,0,sick,0,0
ATT003145,EMP025,2026-03-10,holiday,8,0,,0,0
ATT003146,EMP025,2026-03-11,present,8,9.4,,0,1.4
ATT003147,EMP025,2026-03-12,present,8,9.2,,30,1.2
ATT003148,EMP025,2026-03-13,present,8,8.1,,0,0.1
ATT003149,EMP025,2026-03-16,leave,8,0,casual,0,0
ATT003150,EMP025,2026-03-17,present,8,7.6,,0,0
ATT003151,EMP025,2026-03-18,present,8,7.4,,0,0
ATT003152,EMP025,2026-03-19,remote,8,9.1,,0,1.1
ATT003153,EMP025,2026-03-20,leave,8,0,personal,0,0
ATT003154,EMP025,2026-03-23,present,8,7.2,,0,0
ATT003155,EMP025,2026-03-24,present,8,8.7,,0,0.7
ATT003156,EMP025,2026-03-25,present,8,9.0,,0,1.0
ATT003157,EMP025,2026-03-26,present,8,7.3,,0,0
ATT003158,EMP025,2026-03-27,present,8,9.5,,0,1.5
ATT003159,EMP025,2026-03-30,holiday,8,0,,0,0
ATT003160,EMP025,2026-03-31,remote,8,7.0,,0,0
ATT003161,EMP025,2026-04-01,present,8,7.5,,0,0
ATT003162,EMP025,2026-04-02,present,8,7.4,,0,0
ATT003163,EMP025,2026-04-03,present,8,8.3,,15,0.3
ATT003164,EMP025,2026-04-06,remote,8,7.3,,0,0
ATT003165,EMP025,2026-04-07,remote,8,9.0,,0,1.0
ATT003166,EMP025,2026-04-08,present,8,7.4,,0,0
ATT003167,EMP025,2026-04-09,present,8,8.6,,0,0.6
ATT003168,EMP025,2026-04-10,leave,8,0,casual,0,0
ATT003169,EMP025,2026-04-13,present,8,9.4,,0,1.4
ATT003170,EMP025,2026-04-14,holiday,8,0,,0,0
ATT003171,EMP025,2026-04-15,present,8,7.4,,0,0
ATT003172,EMP025,2026-04-16,present,8,8.5,,0,0.5
ATT003173,EMP025,2026-04-17,remote,8,8.3,,0,0.3
ATT003174,EMP025,2026-04-20,present,8,9.4,,0,1.4
ATT003175,EMP025,2026-04-21,present,8,9.3,,0,1.3
ATT003176,EMP025,2026-04-22,remote,8,7.7,,0,0
ATT003177,EMP025,2026-04-23,present,8,7.8,,0,0
ATT003178,EMP025,2026-04-24,present,8,7.0,,0,0
ATT003179,EMP025,2026-04-27,remote,8,9.3,,30,1.3
ATT003180,EMP025,2026-04-28,present,8,7.6,,0,0
ATT003181,EMP025,2026-04-29,present,8,9.4,,0,1.4
ATT003182,EMP025,2026-04-30,remote,8,8.4,,0,0.4
ATT003183,EMP025,2026-05-01,holiday,8,0,,0,0
ATT003184,EMP025,2026-05-04,leave,8,0,emergency,0,0
ATT003185,EMP025,2026-05-05,present,8,7.2,,0,0
ATT003186,EMP025,2026-05-06,remote,8,7.8,,0,0
ATT003187,EMP025,2026-05-07,present,8,7.1,,0,0
ATT003188,EMP025,2026-05-08,present,8,7.2,,0,0
ATT003189,EMP025,2026-05-11,present,8,7.9,,0,0
ATT003190,EMP025,2026-05-12,present,8,8.3,,0,0.3
ATT003191,EMP025,2026-05-13,present,8,7.1,,0,0
ATT003192,EMP025,2026-05-14,present,8,7.4,,0,0
ATT003193,EMP025,2026-05-15,present,8,8.7,,0,0.7
ATT003194,EMP025,2026-05-18,leave,8,0,personal,0,0
ATT003195,EMP025,2026-05-19,present,8,7.4,,0,0
ATT003196,EMP025,2026-05-20,present,8,7.1,,0,0
ATT003197,EMP025,2026-05-21,present,8,8.0,,10,0
ATT003198,EMP025,2026-05-22,remote,8,8.4,,0,0.4
ATT003199,EMP025,2026-05-25,present,8,7.7,,0,0
ATT003200,EMP025,2026-05-26,present,8,7.9,,0,0
ATT003201,EMP025,2026-05-27,present,8,7.4,,0,0
ATT003202,EMP025,2026-05-28,remote,8,8.5,,0,0.5
ATT003203,EMP025,2026-05-29,leave,8,0,personal,0,0
ATT003204,EMP025,2026-06-01,present,8,7.7,,0,0
ATT003205,EMP025,2026-06-02,present,8,8.4,,0,0.4
ATT003206,EMP025,2026-06-03,present,8,7.1,,0,0
ATT003207,EMP025,2026-06-04,present,8,8.7,,0,0.7
ATT003208,EMP025,2026-06-05,present,8,7.6,,0,0
ATT003209,EMP025,2026-06-08,remote,8,8.7,,0,0.7
ATT003210,EMP025,2026-06-09,remote,8,7.4,,0,0
ATT003211,EMP025,2026-06-10,remote,8,7.5,,10,0
ATT003212,EMP025,2026-06-11,remote,8,7.4,,0,0
ATT003213,EMP025,2026-06-12,present,8,7.4,,0,0
ATT003214,EMP025,2026-06-15,leave,8,0,sick,0,0
ATT003215,EMP025,2026-06-16,remote,8,7.1,,0,0
ATT003216,EMP025,2026-06-17,holiday,8,0,,0,0
ATT003217,EMP025,2026-06-18,present,8,9.4,,0,1.4
ATT003218,EMP025,2026-06-19,present,8,7.5,,0,0
ATT003219,EMP025,2026-06-22,present,8,8.3,,5,0.3
ATT003220,EMP025,2026-06-23,present,8,7.5,,0,0
ATT003221,EMP025,2026-06-24,present,8,9.0,,0,1.0
ATT003222,EMP025,2026-06-25,present,8,7.1,,0,0
ATT003223,EMP025,2026-06-26,remote,8,8.7,,0,0.7
ATT003224,EMP025,2026-06-29,present,8,8.7,,30,0.7
ATT003225,EMP025,2026-06-30,leave,8,0,sick,0,0
ATT003226,EMP026,2026-01-01,present,8,8.9,,0,0.9
ATT003227,EMP026,2026-01-02,remote,8,9.4,,0,1.4
ATT003228,EMP026,2026-01-05,present,8,7.3,,0,0
ATT003229,EMP026,2026-01-06,present,8,9.0,,0,1.0
ATT003230,EMP026,2026-01-07,leave,8,0,personal,0,0
ATT003231,EMP026,2026-01-08,remote,8,8.6,,0,0.6
ATT003232,EMP026,2026-01-09,present,8,7.8,,0,0
ATT003233,EMP026,2026-01-12,remote,8,8.6,,0,0.6
ATT003234,EMP026,2026-01-13,present,8,8.1,,0,0.1
ATT003235,EMP026,2026-01-14,present,8,7.4,,0,0
ATT003236,EMP026,2026-01-15,present,8,7.2,,0,0
ATT003237,EMP026,2026-01-16,present,8,7.2,,0,0
ATT003238,EMP026,2026-01-19,remote,8,9.2,,0,1.2
ATT003239,EMP026,2026-01-20,present,8,7.8,,20,0
ATT003240,EMP026,2026-01-21,absent,8,0,,0,0
ATT003241,EMP026,2026-01-22,remote,8,8.5,,0,0.5
ATT003242,EMP026,2026-01-23,remote,8,8.1,,5,0.1
ATT003243,EMP026,2026-01-26,holiday,8,0,,0,0
ATT003244,EMP026,2026-01-27,remote,8,7.6,,0,0
ATT003245,EMP026,2026-01-28,leave,8,0,earned,0,0
ATT003246,EMP026,2026-01-29,present,8,7.3,,0,0
ATT003247,EMP026,2026-01-30,remote,8,8.9,,0,0.9
ATT003248,EMP026,2026-02-02,present,8,8.9,,0,0.9
ATT003249,EMP026,2026-02-03,remote,8,8.6,,0,0.6
ATT003250,EMP026,2026-02-04,present,8,7.3,,0,0
ATT003251,EMP026,2026-02-05,present,8,9.3,,5,1.3
ATT003252,EMP026,2026-02-06,leave,8,0,sick,0,0
ATT003253,EMP026,2026-02-09,leave,8,0,emergency,0,0
ATT003254,EMP026,2026-02-10,present,8,9.3,,0,1.3
ATT003255,EMP026,2026-02-11,present,8,7.8,,0,0
ATT003256,EMP026,2026-02-12,half_day,8,3.9,,0,0
ATT003257,EMP026,2026-02-13,remote,8,9.1,,0,1.1
ATT003258,EMP026,2026-02-16,present,8,9.2,,20,1.2
ATT003259,EMP026,2026-02-17,present,8,7.7,,0,0
ATT003260,EMP026,2026-02-18,remote,8,8.9,,0,0.9
ATT003261,EMP026,2026-02-19,present,8,7.4,,0,0
ATT003262,EMP026,2026-02-20,present,8,8.1,,0,0.1
ATT003263,EMP026,2026-02-23,present,8,7.1,,0,0
ATT003264,EMP026,2026-02-24,present,8,8.8,,0,0.8
ATT003265,EMP026,2026-02-25,present,8,8.1,,0,0.1
ATT003266,EMP026,2026-02-26,remote,8,7.0,,0,0
ATT003267,EMP026,2026-02-27,remote,8,8.5,,0,0.5
ATT003268,EMP026,2026-03-02,present,8,7.4,,0,0
ATT003269,EMP026,2026-03-03,present,8,8.5,,0,0.5
ATT003270,EMP026,2026-03-04,remote,8,7.9,,0,0
ATT003271,EMP026,2026-03-05,present,8,8.8,,0,0.8
ATT003272,EMP026,2026-03-06,present,8,8.2,,0,0.2
ATT003273,EMP026,2026-03-09,present,8,9.3,,0,1.3
ATT003274,EMP026,2026-03-10,holiday,8,0,,0,0
ATT003275,EMP026,2026-03-11,present,8,7.4,,0,0
ATT003276,EMP026,2026-03-12,remote,8,7.5,,0,0
ATT003277,EMP026,2026-03-13,leave,8,0,personal,0,0
ATT003278,EMP026,2026-03-16,present,8,8.0,,0,0
ATT003279,EMP026,2026-03-17,present,8,8.8,,0,0.8
ATT003280,EMP026,2026-03-18,leave,8,0,casual,0,0
ATT003281,EMP026,2026-03-19,present,8,7.8,,0,0
ATT003282,EMP026,2026-03-20,present,8,8.4,,0,0.4
ATT003283,EMP026,2026-03-23,present,8,8.3,,0,0.3
ATT003284,EMP026,2026-03-24,present,8,8.4,,30,0.4
ATT003285,EMP026,2026-03-25,half_day,8,4.2,,0,0
ATT003286,EMP026,2026-03-26,remote,8,9.4,,0,1.4
ATT003287,EMP026,2026-03-27,remote,8,8.5,,0,0.5
ATT003288,EMP026,2026-03-30,holiday,8,0,,0,0
ATT003289,EMP026,2026-03-31,absent,8,0,,0,0
ATT003290,EMP026,2026-04-01,remote,8,8.9,,0,0.9
ATT003291,EMP026,2026-04-02,remote,8,8.9,,0,0.9
ATT003292,EMP026,2026-04-03,present,8,7.6,,0,0
ATT003293,EMP026,2026-04-06,remote,8,9.2,,0,1.2
ATT003294,EMP026,2026-04-07,remote,8,9.2,,0,1.2
ATT003295,EMP026,2026-04-08,present,8,8.3,,0,0.3
ATT003296,EMP026,2026-04-09,present,8,8.1,,0,0.1
ATT003297,EMP026,2026-04-10,remote,8,8.0,,0,0
ATT003298,EMP026,2026-04-13,present,8,9.1,,0,1.1
ATT003299,EMP026,2026-04-14,holiday,8,0,,0,0
ATT003300,EMP026,2026-04-15,present,8,9.0,,0,1.0
ATT003301,EMP026,2026-04-16,present,8,8.1,,0,0.1
ATT003302,EMP026,2026-04-17,present,8,8.5,,0,0.5
ATT003303,EMP026,2026-04-20,present,8,8.6,,0,0.6
ATT003304,EMP026,2026-04-21,present,8,9.4,,0,1.4
ATT003305,EMP026,2026-04-22,absent,8,0,,0,0
ATT003306,EMP026,2026-04-23,present,8,7.9,,0,0
ATT003307,EMP026,2026-04-24,present,8,8.5,,0,0.5
ATT003308,EMP026,2026-04-27,leave,8,0,casual,0,0
ATT003309,EMP026,2026-04-28,present,8,7.6,,0,0
ATT003310,EMP026,2026-04-29,present,8,8.1,,0,0.1
ATT003311,EMP026,2026-04-30,present,8,7.5,,0,0
ATT003312,EMP026,2026-05-01,holiday,8,0,,0,0
ATT003313,EMP026,2026-05-04,remote,8,8.7,,0,0.7
ATT003314,EMP026,2026-05-05,half_day,8,4.0,,0,0
ATT003315,EMP026,2026-05-06,present,8,8.9,,0,0.9
ATT003316,EMP026,2026-05-07,present,8,8.1,,0,0.1
ATT003317,EMP026,2026-05-08,present,8,7.7,,0,0
ATT003318,EMP026,2026-05-11,leave,8,0,earned,0,0
ATT003319,EMP026,2026-05-12,remote,8,8.9,,0,0.9
ATT003320,EMP026,2026-05-13,present,8,9.0,,0,1.0
ATT003321,EMP026,2026-05-14,present,8,8.4,,0,0.4
ATT003322,EMP026,2026-05-15,present,8,8.8,,0,0.8
ATT003323,EMP026,2026-05-18,remote,8,7.8,,0,0
ATT003324,EMP026,2026-05-19,present,8,8.5,,0,0.5
ATT003325,EMP026,2026-05-20,remote,8,7.0,,5,0
ATT003326,EMP026,2026-05-21,present,8,7.1,,0,0
ATT003327,EMP026,2026-05-22,present,8,8.4,,0,0.4
ATT003328,EMP026,2026-05-25,present,8,8.5,,0,0.5
ATT003329,EMP026,2026-05-26,present,8,9.1,,0,1.1
ATT003330,EMP026,2026-05-27,remote,8,7.8,,0,0
ATT003331,EMP026,2026-05-28,present,8,9.5,,0,1.5
ATT003332,EMP026,2026-05-29,present,8,7.2,,0,0
ATT003333,EMP026,2026-06-01,remote,8,9.4,,0,1.4
ATT003334,EMP026,2026-06-02,present,8,7.7,,5,0
ATT003335,EMP026,2026-06-03,present,8,7.8,,0,0
ATT003336,EMP026,2026-06-04,remote,8,9.2,,0,1.2
ATT003337,EMP026,2026-06-05,absent,8,0,,0,0
ATT003338,EMP026,2026-06-08,present,8,9.2,,0,1.2
ATT003339,EMP026,2026-06-09,remote,8,7.0,,0,0
ATT003340,EMP026,2026-06-10,present,8,8.6,,0,0.6
ATT003341,EMP026,2026-06-11,present,8,9.2,,0,1.2
ATT003342,EMP026,2026-06-12,present,8,8.2,,0,0.2
ATT003343,EMP026,2026-06-15,present,8,7.3,,0,0
ATT003344,EMP026,2026-06-16,present,8,8.6,,0,0.6
ATT003345,EMP026,2026-06-17,holiday,8,0,,0,0
ATT003346,EMP026,2026-06-18,present,8,9.1,,0,1.1
ATT003347,EMP026,2026-06-19,present,8,9.1,,0,1.1
ATT003348,EMP026,2026-06-22,present,8,8.6,,0,0.6
ATT003349,EMP026,2026-06-23,present,8,8.5,,0,0.5
ATT003350,EMP026,2026-06-24,present,8,9.5,,0,1.5
ATT003351,EMP026,2026-06-25,present,8,9.4,,0,1.4
ATT003352,EMP026,2026-06-26,present,8,8.8,,5,0.8
ATT003353,EMP026,2026-06-29,present,8,8.9,,0,0.9
ATT003354,EMP026,2026-06-30,half_day,8,4.4,,0,0
ATT003355,EMP027,2026-01-01,present,8,7.9,,0,0
ATT003356,EMP027,2026-01-02,present,8,7.1,,0,0
ATT003357,EMP027,2026-01-05,remote,8,8.1,,0,0.1
ATT003358,EMP027,2026-01-06,present,8,7.0,,30,0
ATT003359,EMP027,2026-01-07,remote,8,9.2,,0,1.2
ATT003360,EMP027,2026-01-08,remote,8,8.2,,0,0.2
ATT003361,EMP027,2026-01-09,present,8,9.2,,0,1.2
ATT003362,EMP027,2026-01-12,remote,8,8.7,,0,0.7
ATT003363,EMP027,2026-01-13,present,8,8.2,,0,0.2
ATT003364,EMP027,2026-01-14,remote,8,7.7,,0,0
ATT003365,EMP027,2026-01-15,remote,8,7.3,,0,0
ATT003366,EMP027,2026-01-16,present,8,7.7,,10,0
ATT003367,EMP027,2026-01-19,absent,8,0,,0,0
ATT003368,EMP027,2026-01-20,remote,8,7.0,,0,0
ATT003369,EMP027,2026-01-21,present,8,9.3,,0,1.3
ATT003370,EMP027,2026-01-22,present,8,8.5,,0,0.5
ATT003371,EMP027,2026-01-23,leave,8,0,personal,0,0
ATT003372,EMP027,2026-01-26,holiday,8,0,,0,0
ATT003373,EMP027,2026-01-27,half_day,8,3.8,,0,0
ATT003374,EMP027,2026-01-28,remote,8,7.9,,0,0
ATT003375,EMP027,2026-01-29,present,8,8.3,,0,0.3
ATT003376,EMP027,2026-01-30,leave,8,0,earned,0,0
ATT003377,EMP027,2026-02-02,present,8,7.5,,0,0
ATT003378,EMP027,2026-02-03,present,8,9.1,,0,1.1
ATT003379,EMP027,2026-02-04,half_day,8,3.7,,0,0
ATT003380,EMP027,2026-02-05,leave,8,0,sick,0,0
ATT003381,EMP027,2026-02-06,remote,8,7.5,,0,0
ATT003382,EMP027,2026-02-09,present,8,7.6,,0,0
ATT003383,EMP027,2026-02-10,present,8,9.2,,0,1.2
ATT003384,EMP027,2026-02-11,remote,8,8.3,,0,0.3
ATT003385,EMP027,2026-02-12,present,8,8.1,,0,0.1
ATT003386,EMP027,2026-02-13,present,8,7.9,,0,0
ATT003387,EMP027,2026-02-16,leave,8,0,personal,0,0
ATT003388,EMP027,2026-02-17,absent,8,0,,0,0
ATT003389,EMP027,2026-02-18,remote,8,9.4,,0,1.4
ATT003390,EMP027,2026-02-19,remote,8,7.3,,0,0
ATT003391,EMP027,2026-02-20,present,8,8.0,,0,0
ATT003392,EMP027,2026-02-23,present,8,8.9,,0,0.9
ATT003393,EMP027,2026-02-24,present,8,7.3,,0,0
ATT003394,EMP027,2026-02-25,present,8,8.7,,0,0.7
ATT003395,EMP027,2026-02-26,present,8,7.4,,0,0
ATT003396,EMP027,2026-02-27,present,8,8.4,,0,0.4
ATT003397,EMP027,2026-03-02,half_day,8,4.1,,15,0
ATT003398,EMP027,2026-03-03,remote,8,7.3,,0,0
ATT003399,EMP027,2026-03-04,remote,8,9.3,,0,1.3
ATT003400,EMP027,2026-03-05,remote,8,9.3,,0,1.3
ATT003401,EMP027,2026-03-06,present,8,9.3,,0,1.3
ATT003402,EMP027,2026-03-09,present,8,7.7,,0,0
ATT003403,EMP027,2026-03-10,holiday,8,0,,0,0
ATT003404,EMP027,2026-03-11,absent,8,0,,0,0
ATT003405,EMP027,2026-03-12,present,8,8.6,,0,0.6
ATT003406,EMP027,2026-03-13,present,8,8.9,,0,0.9
ATT003407,EMP027,2026-03-16,present,8,8.1,,0,0.1
ATT003408,EMP027,2026-03-17,present,8,8.2,,5,0.2
ATT003409,EMP027,2026-03-18,present,8,9.0,,0,1.0
ATT003410,EMP027,2026-03-19,present,8,7.8,,0,0
ATT003411,EMP027,2026-03-20,present,8,8.7,,0,0.7
ATT003412,EMP027,2026-03-23,remote,8,8.6,,0,0.6
ATT003413,EMP027,2026-03-24,remote,8,7.1,,15,0
ATT003414,EMP027,2026-03-25,present,8,7.7,,0,0
ATT003415,EMP027,2026-03-26,present,8,8.7,,0,0.7
ATT003416,EMP027,2026-03-27,remote,8,7.2,,0,0
ATT003417,EMP027,2026-03-30,holiday,8,0,,0,0
ATT003418,EMP027,2026-03-31,present,8,8.6,,0,0.6
ATT003419,EMP027,2026-04-01,remote,8,7.3,,0,0
ATT003420,EMP027,2026-04-02,present,8,7.5,,0,0
ATT003421,EMP027,2026-04-03,present,8,7.3,,0,0
ATT003422,EMP027,2026-04-06,present,8,8.5,,0,0.5
ATT003423,EMP027,2026-04-07,present,8,7.5,,0,0
ATT003424,EMP027,2026-04-08,present,8,9.0,,0,1.0
ATT003425,EMP027,2026-04-09,remote,8,9.3,,0,1.3
ATT003426,EMP027,2026-04-10,present,8,8.9,,20,0.9
ATT003427,EMP027,2026-04-13,present,8,9.4,,0,1.4
ATT003428,EMP027,2026-04-14,holiday,8,0,,0,0
ATT003429,EMP027,2026-04-15,present,8,8.7,,0,0.7
ATT003430,EMP027,2026-04-16,present,8,8.0,,10,0
ATT003431,EMP027,2026-04-17,present,8,8.1,,0,0.1
ATT003432,EMP027,2026-04-20,half_day,8,3.7,,0,0
ATT003433,EMP027,2026-04-21,remote,8,7.9,,0,0
ATT003434,EMP027,2026-04-22,present,8,8.6,,0,0.6
ATT003435,EMP027,2026-04-23,present,8,7.0,,0,0
ATT003436,EMP027,2026-04-24,remote,8,7.8,,0,0
ATT003437,EMP027,2026-04-27,present,8,7.1,,0,0
ATT003438,EMP027,2026-04-28,present,8,7.8,,10,0
ATT003439,EMP027,2026-04-29,present,8,7.5,,0,0
ATT003440,EMP027,2026-04-30,present,8,8.7,,0,0.7
ATT003441,EMP027,2026-05-01,holiday,8,0,,0,0
ATT003442,EMP027,2026-05-04,present,8,8.5,,0,0.5
ATT003443,EMP027,2026-05-05,present,8,8.5,,0,0.5
ATT003444,EMP027,2026-05-06,present,8,7.5,,0,0
ATT003445,EMP027,2026-05-07,remote,8,8.8,,0,0.8
ATT003446,EMP027,2026-05-08,present,8,7.5,,0,0
ATT003447,EMP027,2026-05-11,present,8,9.3,,30,1.3
ATT003448,EMP027,2026-05-12,present,8,7.3,,0,0
ATT003449,EMP027,2026-05-13,present,8,7.3,,0,0
ATT003450,EMP027,2026-05-14,present,8,7.7,,0,0
ATT003451,EMP027,2026-05-15,remote,8,7.6,,0,0
ATT003452,EMP027,2026-05-18,remote,8,7.4,,0,0
ATT003453,EMP027,2026-05-19,absent,8,0,,0,0
ATT003454,EMP027,2026-05-20,present,8,8.7,,0,0.7
ATT003455,EMP027,2026-05-21,present,8,8.1,,0,0.1
ATT003456,EMP027,2026-05-22,absent,8,0,,0,0
ATT003457,EMP027,2026-05-25,present,8,8.2,,0,0.2
ATT003458,EMP027,2026-05-26,present,8,8.2,,0,0.2
ATT003459,EMP027,2026-05-27,remote,8,8.5,,0,0.5
ATT003460,EMP027,2026-05-28,present,8,7.6,,0,0
ATT003461,EMP027,2026-05-29,present,8,9.1,,0,1.1
ATT003462,EMP027,2026-06-01,present,8,8.2,,0,0.2
ATT003463,EMP027,2026-06-02,present,8,7.3,,0,0
ATT003464,EMP027,2026-06-03,present,8,8.1,,0,0.1
ATT003465,EMP027,2026-06-04,leave,8,0,earned,0,0
ATT003466,EMP027,2026-06-05,remote,8,8.6,,0,0.6
ATT003467,EMP027,2026-06-08,remote,8,8.7,,0,0.7
ATT003468,EMP027,2026-06-09,present,8,8.3,,0,0.3
ATT003469,EMP027,2026-06-10,leave,8,0,earned,0,0
ATT003470,EMP027,2026-06-11,present,8,9.0,,0,1.0
ATT003471,EMP027,2026-06-12,remote,8,7.9,,0,0
ATT003472,EMP027,2026-06-15,present,8,7.6,,20,0
ATT003473,EMP027,2026-06-16,leave,8,0,sick,0,0
ATT003474,EMP027,2026-06-17,holiday,8,0,,0,0
ATT003475,EMP027,2026-06-18,present,8,8.1,,0,0.1
ATT003476,EMP027,2026-06-19,present,8,7.4,,0,0
ATT003477,EMP027,2026-06-22,present,8,8.2,,0,0.2
ATT003478,EMP027,2026-06-23,remote,8,7.7,,0,0
ATT003479,EMP027,2026-06-24,present,8,8.6,,0,0.6
ATT003480,EMP027,2026-06-25,present,8,7.8,,0,0
ATT003481,EMP027,2026-06-26,present,8,8.3,,0,0.3
ATT003482,EMP027,2026-06-29,absent,8,0,,0,0
ATT003483,EMP027,2026-06-30,absent,8,0,,0,0
ATT003484,EMP028,2026-01-01,present,8,7.2,,5,0
ATT003485,EMP028,2026-01-02,remote,8,9.2,,0,1.2
ATT003486,EMP028,2026-01-05,remote,8,8.3,,0,0.3
ATT003487,EMP028,2026-01-06,present,8,8.7,,5,0.7
ATT003488,EMP028,2026-01-07,remote,8,7.9,,0,0
ATT003489,EMP028,2026-01-08,remote,8,7.8,,0,0
ATT003490,EMP028,2026-01-09,present,8,9.1,,0,1.1
ATT003491,EMP028,2026-01-12,present,8,8.2,,0,0.2
ATT003492,EMP028,2026-01-13,present,8,7.0,,0,0
ATT003493,EMP028,2026-01-14,present,8,8.0,,10,0
ATT003494,EMP028,2026-01-15,present,8,9.3,,0,1.3
ATT003495,EMP028,2026-01-16,remote,8,7.8,,0,0
ATT003496,EMP028,2026-01-19,remote,8,8.3,,0,0.3
ATT003497,EMP028,2026-01-20,present,8,8.2,,0,0.2
ATT003498,EMP028,2026-01-21,present,8,7.9,,0,0
ATT003499,EMP028,2026-01-22,remote,8,9.4,,0,1.4
ATT003500,EMP028,2026-01-23,present,8,8.4,,0,0.4
ATT003501,EMP028,2026-01-26,holiday,8,0,,0,0
ATT003502,EMP028,2026-01-27,remote,8,7.5,,0,0
ATT003503,EMP028,2026-01-28,present,8,7.5,,0,0
ATT003504,EMP028,2026-01-29,present,8,9.2,,0,1.2
ATT003505,EMP028,2026-01-30,remote,8,7.3,,0,0
ATT003506,EMP028,2026-02-02,present,8,8.8,,0,0.8
ATT003507,EMP028,2026-02-03,absent,8,0,,0,0
ATT003508,EMP028,2026-02-04,leave,8,0,casual,0,0
ATT003509,EMP028,2026-02-05,remote,8,7.7,,0,0
ATT003510,EMP028,2026-02-06,present,8,8.1,,0,0.1
ATT003511,EMP028,2026-02-09,present,8,9.0,,0,1.0
ATT003512,EMP028,2026-02-10,present,8,7.9,,0,0
ATT003513,EMP028,2026-02-11,remote,8,8.9,,0,0.9
ATT003514,EMP028,2026-02-12,present,8,9.2,,0,1.2
ATT003515,EMP028,2026-02-13,remote,8,9.5,,0,1.5
ATT003516,EMP028,2026-02-16,present,8,8.8,,0,0.8
ATT003517,EMP028,2026-02-17,present,8,9.3,,0,1.3
ATT003518,EMP028,2026-02-18,present,8,9.0,,0,1.0
ATT003519,EMP028,2026-02-19,remote,8,8.2,,0,0.2
ATT003520,EMP028,2026-02-20,remote,8,7.6,,0,0
ATT003521,EMP028,2026-02-23,present,8,7.3,,0,0
ATT003522,EMP028,2026-02-24,present,8,8.2,,30,0.2
ATT003523,EMP028,2026-02-25,remote,8,8.0,,0,0
ATT003524,EMP028,2026-02-26,present,8,7.4,,0,0
ATT003525,EMP028,2026-02-27,present,8,7.1,,0,0
ATT003526,EMP028,2026-03-02,present,8,9.5,,0,1.5
ATT003527,EMP028,2026-03-03,remote,8,7.9,,0,0
ATT003528,EMP028,2026-03-04,present,8,9.2,,0,1.2
ATT003529,EMP028,2026-03-05,present,8,8.3,,0,0.3
ATT003530,EMP028,2026-03-06,present,8,8.9,,0,0.9
ATT003531,EMP028,2026-03-09,leave,8,0,earned,0,0
ATT003532,EMP028,2026-03-10,holiday,8,0,,0,0
ATT003533,EMP028,2026-03-11,present,8,7.1,,0,0
ATT003534,EMP028,2026-03-12,present,8,9.3,,0,1.3
ATT003535,EMP028,2026-03-13,leave,8,0,sick,0,0
ATT003536,EMP028,2026-03-16,present,8,8.3,,0,0.3
ATT003537,EMP028,2026-03-17,present,8,7.6,,0,0
ATT003538,EMP028,2026-03-18,present,8,9.2,,0,1.2
ATT003539,EMP028,2026-03-19,present,8,7.7,,0,0
ATT003540,EMP028,2026-03-20,leave,8,0,earned,0,0
ATT003541,EMP028,2026-03-23,present,8,7.8,,0,0
ATT003542,EMP028,2026-03-24,present,8,9.3,,0,1.3
ATT003543,EMP028,2026-03-25,present,8,7.3,,0,0
ATT003544,EMP028,2026-03-26,present,8,7.8,,0,0
ATT003545,EMP028,2026-03-27,present,8,9.1,,0,1.1
ATT003546,EMP028,2026-03-30,holiday,8,0,,0,0
ATT003547,EMP028,2026-03-31,present,8,8.2,,0,0.2
ATT003548,EMP028,2026-04-01,remote,8,7.4,,0,0
ATT003549,EMP028,2026-04-02,leave,8,0,emergency,0,0
ATT003550,EMP028,2026-04-03,present,8,7.9,,0,0
ATT003551,EMP028,2026-04-06,present,8,8.2,,0,0.2
ATT003552,EMP028,2026-04-07,absent,8,0,,0,0
ATT003553,EMP028,2026-04-08,present,8,8.3,,0,0.3
ATT003554,EMP028,2026-04-09,leave,8,0,earned,0,0
ATT003555,EMP028,2026-04-10,present,8,8.6,,20,0.6
ATT003556,EMP028,2026-04-13,remote,8,8.2,,15,0.2
ATT003557,EMP028,2026-04-14,holiday,8,0,,0,0
ATT003558,EMP028,2026-04-15,present,8,8.4,,0,0.4
ATT003559,EMP028,2026-04-16,leave,8,0,casual,0,0
ATT003560,EMP028,2026-04-17,present,8,9.2,,5,1.2
ATT003561,EMP028,2026-04-20,remote,8,7.8,,0,0
ATT003562,EMP028,2026-04-21,present,8,7.4,,0,0
ATT003563,EMP028,2026-04-22,present,8,8.1,,0,0.1
ATT003564,EMP028,2026-04-23,remote,8,9.4,,0,1.4
ATT003565,EMP028,2026-04-24,remote,8,8.0,,0,0
ATT003566,EMP028,2026-04-27,present,8,8.0,,0,0
ATT003567,EMP028,2026-04-28,present,8,7.3,,30,0
ATT003568,EMP028,2026-04-29,present,8,7.0,,30,0
ATT003569,EMP028,2026-04-30,half_day,8,4.3,,0,0
ATT003570,EMP028,2026-05-01,holiday,8,0,,0,0
ATT003571,EMP028,2026-05-04,half_day,8,4.2,,0,0
ATT003572,EMP028,2026-05-05,present,8,8.2,,0,0.2
ATT003573,EMP028,2026-05-06,present,8,8.7,,0,0.7
ATT003574,EMP028,2026-05-07,remote,8,7.0,,0,0
ATT003575,EMP028,2026-05-08,absent,8,0,,0,0
ATT003576,EMP028,2026-05-11,remote,8,9.4,,0,1.4
ATT003577,EMP028,2026-05-12,leave,8,0,emergency,0,0
ATT003578,EMP028,2026-05-13,present,8,8.7,,0,0.7
ATT003579,EMP028,2026-05-14,present,8,9.5,,0,1.5
ATT003580,EMP028,2026-05-15,remote,8,8.5,,0,0.5
ATT003581,EMP028,2026-05-18,present,8,9.3,,0,1.3
ATT003582,EMP028,2026-05-19,present,8,7.9,,0,0
ATT003583,EMP028,2026-05-20,present,8,8.3,,0,0.3
ATT003584,EMP028,2026-05-21,present,8,7.3,,0,0
ATT003585,EMP028,2026-05-22,present,8,7.9,,0,0
ATT003586,EMP028,2026-05-25,present,8,8.0,,0,0
ATT003587,EMP028,2026-05-26,present,8,9.2,,0,1.2
ATT003588,EMP028,2026-05-27,present,8,8.8,,0,0.8
ATT003589,EMP028,2026-05-28,remote,8,9.2,,0,1.2
ATT003590,EMP028,2026-05-29,leave,8,0,earned,0,0
ATT003591,EMP028,2026-06-01,leave,8,0,personal,0,0
ATT003592,EMP028,2026-06-02,present,8,7.1,,0,0
ATT003593,EMP028,2026-06-03,remote,8,8.5,,0,0.5
ATT003594,EMP028,2026-06-04,present,8,8.6,,0,0.6
ATT003595,EMP028,2026-06-05,present,8,7.9,,0,0
ATT003596,EMP028,2026-06-08,present,8,7.6,,0,0
ATT003597,EMP028,2026-06-09,leave,8,0,sick,0,0
ATT003598,EMP028,2026-06-10,leave,8,0,sick,0,0
ATT003599,EMP028,2026-06-11,present,8,8.0,,10,0
ATT003600,EMP028,2026-06-12,remote,8,7.2,,0,0
ATT003601,EMP028,2026-06-15,present,8,9.2,,0,1.2
ATT003602,EMP028,2026-06-16,present,8,7.6,,0,0
ATT003603,EMP028,2026-06-17,holiday,8,0,,0,0
ATT003604,EMP028,2026-06-18,remote,8,8.9,,0,0.9
ATT003605,EMP028,2026-06-19,present,8,8.9,,0,0.9
ATT003606,EMP028,2026-06-22,present,8,9.3,,0,1.3
ATT003607,EMP028,2026-06-23,present,8,7.9,,0,0
ATT003608,EMP028,2026-06-24,leave,8,0,sick,0,0
ATT003609,EMP028,2026-06-25,remote,8,7.3,,0,0
ATT003610,EMP028,2026-06-26,absent,8,0,,0,0
ATT003611,EMP028,2026-06-29,half_day,8,3.9,,0,0
ATT003612,EMP028,2026-06-30,half_day,8,3.7,,0,0
ATT003613,EMP029,2026-01-01,present,8,8.0,,0,0
ATT003614,EMP029,2026-01-02,remote,8,8.3,,0,0.3
ATT003615,EMP029,2026-01-05,present,8,9.2,,0,1.2
ATT003616,EMP029,2026-01-06,present,8,7.4,,0,0
ATT003617,EMP029,2026-01-07,present,8,7.6,,0,0
ATT003618,EMP029,2026-01-08,present,8,7.3,,0,0
ATT003619,EMP029,2026-01-09,remote,8,8.8,,0,0.8
ATT003620,EMP029,2026-01-12,remote,8,7.6,,0,0
ATT003621,EMP029,2026-01-13,remote,8,9.1,,0,1.1
ATT003622,EMP029,2026-01-14,remote,8,9.1,,0,1.1
ATT003623,EMP029,2026-01-15,present,8,7.2,,0,0
ATT003624,EMP029,2026-01-16,present,8,8.5,,0,0.5
ATT003625,EMP029,2026-01-19,present,8,8.8,,0,0.8
ATT003626,EMP029,2026-01-20,present,8,7.6,,0,0
ATT003627,EMP029,2026-01-21,present,8,7.9,,0,0
ATT003628,EMP029,2026-01-22,present,8,7.9,,0,0
ATT003629,EMP029,2026-01-23,present,8,9.4,,0,1.4
ATT003630,EMP029,2026-01-26,holiday,8,0,,0,0
ATT003631,EMP029,2026-01-27,remote,8,7.8,,0,0
ATT003632,EMP029,2026-01-28,present,8,7.2,,0,0
ATT003633,EMP029,2026-01-29,remote,8,8.6,,0,0.6
ATT003634,EMP029,2026-01-30,present,8,7.3,,0,0
ATT003635,EMP029,2026-02-02,remote,8,8.2,,0,0.2
ATT003636,EMP029,2026-02-03,present,8,7.5,,0,0
ATT003637,EMP029,2026-02-04,remote,8,8.9,,0,0.9
ATT003638,EMP029,2026-02-05,remote,8,7.1,,0,0
ATT003639,EMP029,2026-02-06,present,8,8.0,,0,0
ATT003640,EMP029,2026-02-09,present,8,9.1,,15,1.1
ATT003641,EMP029,2026-02-10,present,8,7.1,,0,0
ATT003642,EMP029,2026-02-11,remote,8,7.8,,0,0
ATT003643,EMP029,2026-02-12,present,8,8.9,,0,0.9
ATT003644,EMP029,2026-02-13,present,8,7.8,,20,0
ATT003645,EMP029,2026-02-16,remote,8,9.1,,0,1.1
ATT003646,EMP029,2026-02-17,present,8,8.6,,0,0.6
ATT003647,EMP029,2026-02-18,present,8,8.2,,0,0.2
ATT003648,EMP029,2026-02-19,present,8,8.7,,0,0.7
ATT003649,EMP029,2026-02-20,present,8,8.8,,0,0.8
ATT003650,EMP029,2026-02-23,present,8,8.2,,0,0.2
ATT003651,EMP029,2026-02-24,present,8,9.0,,0,1.0
ATT003652,EMP029,2026-02-25,present,8,7.1,,0,0
ATT003653,EMP029,2026-02-26,present,8,8.1,,10,0.1
ATT003654,EMP029,2026-02-27,present,8,7.9,,0,0
ATT003655,EMP029,2026-03-02,remote,8,7.2,,0,0
ATT003656,EMP029,2026-03-03,present,8,7.7,,20,0
ATT003657,EMP029,2026-03-04,present,8,9.1,,0,1.1
ATT003658,EMP029,2026-03-05,present,8,8.6,,0,0.6
ATT003659,EMP029,2026-03-06,present,8,8.9,,0,0.9
ATT003660,EMP029,2026-03-09,remote,8,8.5,,20,0.5
ATT003661,EMP029,2026-03-10,holiday,8,0,,0,0
ATT003662,EMP029,2026-03-11,present,8,7.1,,0,0
ATT003663,EMP029,2026-03-12,present,8,7.7,,0,0
ATT003664,EMP029,2026-03-13,present,8,7.5,,0,0
ATT003665,EMP029,2026-03-16,remote,8,7.8,,0,0
ATT003666,EMP029,2026-03-17,present,8,7.6,,0,0
ATT003667,EMP029,2026-03-18,present,8,9.2,,0,1.2
ATT003668,EMP029,2026-03-19,present,8,7.2,,0,0
ATT003669,EMP029,2026-03-20,present,8,8.6,,0,0.6
ATT003670,EMP029,2026-03-23,present,8,7.1,,30,0
ATT003671,EMP029,2026-03-24,present,8,7.9,,0,0
ATT003672,EMP029,2026-03-25,present,8,7.2,,0,0
ATT003673,EMP029,2026-03-26,remote,8,9.4,,0,1.4
ATT003674,EMP029,2026-03-27,present,8,7.6,,0,0
ATT003675,EMP029,2026-03-30,holiday,8,0,,0,0
ATT003676,EMP029,2026-03-31,remote,8,7.5,,0,0
ATT003677,EMP029,2026-04-01,present,8,8.4,,0,0.4
ATT003678,EMP029,2026-04-02,half_day,8,3.7,,0,0
ATT003679,EMP029,2026-04-03,remote,8,8.9,,0,0.9
ATT003680,EMP029,2026-04-06,present,8,7.0,,0,0
ATT003681,EMP029,2026-04-07,remote,8,9.4,,0,1.4
ATT003682,EMP029,2026-04-08,present,8,7.5,,0,0
ATT003683,EMP029,2026-04-09,remote,8,9.3,,0,1.3
ATT003684,EMP029,2026-04-10,present,8,9.2,,0,1.2
ATT003685,EMP029,2026-04-13,present,8,8.5,,0,0.5
ATT003686,EMP029,2026-04-14,holiday,8,0,,0,0
ATT003687,EMP029,2026-04-15,present,8,9.4,,0,1.4
ATT003688,EMP029,2026-04-16,present,8,8.9,,0,0.9
ATT003689,EMP029,2026-04-17,remote,8,9.4,,0,1.4
ATT003690,EMP029,2026-04-20,present,8,7.2,,0,0
ATT003691,EMP029,2026-04-21,present,8,8.4,,0,0.4
ATT003692,EMP029,2026-04-22,present,8,9.3,,10,1.3
ATT003693,EMP029,2026-04-23,present,8,8.5,,0,0.5
ATT003694,EMP029,2026-04-24,present,8,8.5,,30,0.5
ATT003695,EMP029,2026-04-27,present,8,7.4,,0,0
ATT003696,EMP029,2026-04-28,present,8,9.4,,0,1.4
ATT003697,EMP029,2026-04-29,present,8,8.4,,0,0.4
ATT003698,EMP029,2026-04-30,present,8,8.9,,0,0.9
ATT003699,EMP029,2026-05-01,holiday,8,0,,0,0
ATT003700,EMP029,2026-05-04,present,8,9.4,,0,1.4
ATT003701,EMP029,2026-05-05,present,8,9.0,,0,1.0
ATT003702,EMP029,2026-05-06,present,8,7.3,,0,0
ATT003703,EMP029,2026-05-07,remote,8,7.9,,0,0
ATT003704,EMP029,2026-05-08,remote,8,8.7,,0,0.7
ATT003705,EMP029,2026-05-11,present,8,7.4,,0,0
ATT003706,EMP029,2026-05-12,remote,8,8.8,,0,0.8
ATT003707,EMP029,2026-05-13,present,8,8.0,,0,0
ATT003708,EMP029,2026-05-14,remote,8,9.4,,0,1.4
ATT003709,EMP029,2026-05-15,present,8,8.5,,0,0.5
ATT003710,EMP029,2026-05-18,present,8,7.6,,0,0
ATT003711,EMP029,2026-05-19,present,8,7.1,,0,0
ATT003712,EMP029,2026-05-20,half_day,8,4.3,,0,0
ATT003713,EMP029,2026-05-21,present,8,9.2,,0,1.2
ATT003714,EMP029,2026-05-22,present,8,9.1,,0,1.1
ATT003715,EMP029,2026-05-25,present,8,7.9,,10,0
ATT003716,EMP029,2026-05-26,remote,8,7.8,,0,0
ATT003717,EMP029,2026-05-27,remote,8,7.3,,0,0
ATT003718,EMP029,2026-05-28,present,8,7.5,,10,0
ATT003719,EMP029,2026-05-29,remote,8,9.4,,0,1.4
ATT003720,EMP029,2026-06-01,present,8,8.3,,0,0.3
ATT003721,EMP029,2026-06-02,present,8,8.7,,0,0.7
ATT003722,EMP029,2026-06-03,present,8,9.5,,0,1.5
ATT003723,EMP029,2026-06-04,remote,8,7.4,,0,0
ATT003724,EMP029,2026-06-05,present,8,8.7,,0,0.7
ATT003725,EMP029,2026-06-08,present,8,8.4,,0,0.4
ATT003726,EMP029,2026-06-09,remote,8,9.5,,0,1.5
ATT003727,EMP029,2026-06-10,present,8,7.9,,0,0
ATT003728,EMP029,2026-06-11,present,8,7.4,,0,0
ATT003729,EMP029,2026-06-12,present,8,8.0,,0,0
ATT003730,EMP029,2026-06-15,present,8,9.5,,5,1.5
ATT003731,EMP029,2026-06-16,present,8,7.2,,10,0
ATT003732,EMP029,2026-06-17,holiday,8,0,,0,0
ATT003733,EMP029,2026-06-18,remote,8,8.3,,20,0.3
ATT003734,EMP029,2026-06-19,present,8,9.1,,15,1.1
ATT003735,EMP029,2026-06-22,remote,8,9.0,,0,1.0
ATT003736,EMP029,2026-06-23,present,8,8.6,,30,0.6
ATT003737,EMP029,2026-06-24,present,8,8.7,,0,0.7
ATT003738,EMP029,2026-06-25,present,8,7.3,,0,0
ATT003739,EMP029,2026-06-26,present,8,7.2,,0,0
ATT003740,EMP029,2026-06-29,present,8,8.6,,0,0.6
ATT003741,EMP029,2026-06-30,remote,8,8.3,,0,0.3
ATT003742,EMP030,2026-01-01,present,8,8.8,,0,0.8
ATT003743,EMP030,2026-01-02,present,8,7.9,,0,0
ATT003744,EMP030,2026-01-05,leave,8,0,personal,0,0
ATT003745,EMP030,2026-01-06,present,8,8.5,,0,0.5
ATT003746,EMP030,2026-01-07,present,8,7.5,,0,0
ATT003747,EMP030,2026-01-08,present,8,7.9,,0,0
ATT003748,EMP030,2026-01-09,present,8,8.0,,0,0
ATT003749,EMP030,2026-01-12,remote,8,8.3,,0,0.3
ATT003750,EMP030,2026-01-13,leave,8,0,casual,0,0
ATT003751,EMP030,2026-01-14,present,8,7.9,,0,0
ATT003752,EMP030,2026-01-15,leave,8,0,sick,0,0
ATT003753,EMP030,2026-01-16,remote,8,9.2,,0,1.2
ATT003754,EMP030,2026-01-19,remote,8,7.8,,0,0
ATT003755,EMP030,2026-01-20,present,8,7.1,,0,0
ATT003756,EMP030,2026-01-21,present,8,7.6,,0,0
ATT003757,EMP030,2026-01-22,present,8,7.3,,0,0
ATT003758,EMP030,2026-01-23,present,8,8.2,,0,0.2
ATT003759,EMP030,2026-01-26,holiday,8,0,,0,0
ATT003760,EMP030,2026-01-27,leave,8,0,personal,0,0
ATT003761,EMP030,2026-01-28,present,8,8.5,,0,0.5
ATT003762,EMP030,2026-01-29,remote,8,7.5,,0,0
ATT003763,EMP030,2026-01-30,present,8,7.3,,0,0
ATT003764,EMP030,2026-02-02,remote,8,8.9,,0,0.9
ATT003765,EMP030,2026-02-03,leave,8,0,casual,0,0
ATT003766,EMP030,2026-02-04,leave,8,0,personal,0,0
ATT003767,EMP030,2026-02-05,present,8,7.0,,0,0
ATT003768,EMP030,2026-02-06,present,8,7.0,,0,0
ATT003769,EMP030,2026-02-09,remote,8,7.3,,0,0
ATT003770,EMP030,2026-02-10,leave,8,0,sick,0,0
ATT003771,EMP030,2026-02-11,leave,8,0,sick,0,0
ATT003772,EMP030,2026-02-12,present,8,9.2,,0,1.2
ATT003773,EMP030,2026-02-13,present,8,7.7,,0,0
ATT003774,EMP030,2026-02-16,present,8,8.1,,0,0.1
ATT003775,EMP030,2026-02-17,remote,8,8.8,,0,0.8
ATT003776,EMP030,2026-02-18,leave,8,0,earned,0,0
ATT003777,EMP030,2026-02-19,present,8,8.0,,0,0
ATT003778,EMP030,2026-02-20,present,8,8.2,,0,0.2
ATT003779,EMP030,2026-02-23,remote,8,9.3,,0,1.3
ATT003780,EMP030,2026-02-24,leave,8,0,sick,0,0
ATT003781,EMP030,2026-02-25,present,8,8.6,,0,0.6
ATT003782,EMP030,2026-02-26,present,8,8.2,,0,0.2
ATT003783,EMP030,2026-02-27,half_day,8,4.0,,0,0
ATT003784,EMP030,2026-03-02,present,8,8.0,,0,0
ATT003785,EMP030,2026-03-03,leave,8,0,sick,0,0
ATT003786,EMP030,2026-03-04,leave,8,0,earned,0,0
ATT003787,EMP030,2026-03-05,absent,8,0,,0,0
ATT003788,EMP030,2026-03-06,present,8,9.3,,0,1.3
ATT003789,EMP030,2026-03-09,absent,8,0,,0,0
ATT003790,EMP030,2026-03-10,holiday,8,0,,0,0
ATT003791,EMP030,2026-03-11,leave,8,0,casual,0,0
ATT003792,EMP030,2026-03-12,present,8,8.1,,0,0.1
ATT003793,EMP030,2026-03-13,remote,8,8.9,,0,0.9
ATT003794,EMP030,2026-03-16,leave,8,0,casual,0,0
ATT003795,EMP030,2026-03-17,present,8,8.3,,0,0.3
ATT003796,EMP030,2026-03-18,present,8,7.9,,0,0
ATT003797,EMP030,2026-03-19,present,8,7.4,,0,0
ATT003798,EMP030,2026-03-20,present,8,8.6,,0,0.6
ATT003799,EMP030,2026-03-23,remote,8,7.9,,0,0
ATT003800,EMP030,2026-03-24,present,8,9.4,,0,1.4
ATT003801,EMP030,2026-03-25,present,8,7.8,,0,0
ATT003802,EMP030,2026-03-26,leave,8,0,sick,0,0
ATT003803,EMP030,2026-03-27,present,8,9.0,,0,1.0
ATT003804,EMP030,2026-03-30,holiday,8,0,,0,0
ATT003805,EMP030,2026-03-31,present,8,9.1,,0,1.1
ATT003806,EMP030,2026-04-01,present,8,8.9,,0,0.9
ATT003807,EMP030,2026-04-02,present,8,7.3,,0,0
ATT003808,EMP030,2026-04-03,present,8,7.2,,0,0
ATT003809,EMP030,2026-04-06,present,8,7.3,,0,0
ATT003810,EMP030,2026-04-07,leave,8,0,earned,0,0
ATT003811,EMP030,2026-04-08,present,8,8.7,,0,0.7
ATT003812,EMP030,2026-04-09,remote,8,9.0,,0,1.0
ATT003813,EMP030,2026-04-10,half_day,8,3.5,,0,0
ATT003814,EMP030,2026-04-13,leave,8,0,earned,0,0
ATT003815,EMP030,2026-04-14,holiday,8,0,,0,0
ATT003816,EMP030,2026-04-15,present,8,7.4,,0,0
ATT003817,EMP030,2026-04-16,present,8,8.8,,0,0.8
ATT003818,EMP030,2026-04-17,present,8,9.3,,5,1.3
ATT003819,EMP030,2026-04-20,present,8,9.3,,0,1.3
ATT003820,EMP030,2026-04-21,present,8,7.7,,0,0
ATT003821,EMP030,2026-04-22,remote,8,8.6,,0,0.6
ATT003822,EMP030,2026-04-23,leave,8,0,casual,0,0
ATT003823,EMP030,2026-04-24,present,8,7.8,,0,0
ATT003824,EMP030,2026-04-27,absent,8,0,,0,0
ATT003825,EMP030,2026-04-28,present,8,8.7,,0,0.7
ATT003826,EMP030,2026-04-29,present,8,7.6,,0,0
ATT003827,EMP030,2026-04-30,half_day,8,3.5,,15,0
ATT003828,EMP030,2026-05-01,holiday,8,0,,0,0
ATT003829,EMP030,2026-05-04,present,8,9.5,,0,1.5
ATT003830,EMP030,2026-05-05,present,8,9.3,,0,1.3
ATT003831,EMP030,2026-05-06,present,8,7.4,,0,0
ATT003832,EMP030,2026-05-07,present,8,8.6,,0,0.6
ATT003833,EMP030,2026-05-08,present,8,8.5,,0,0.5
ATT003834,EMP030,2026-05-11,present,8,7.9,,0,0
ATT003835,EMP030,2026-05-12,present,8,7.3,,0,0
ATT003836,EMP030,2026-05-13,remote,8,8.7,,0,0.7
ATT003837,EMP030,2026-05-14,absent,8,0,,0,0
ATT003838,EMP030,2026-05-15,remote,8,9.1,,0,1.1
ATT003839,EMP030,2026-05-18,present,8,8.5,,5,0.5
ATT003840,EMP030,2026-05-19,leave,8,0,casual,0,0
ATT003841,EMP030,2026-05-20,present,8,7.1,,0,0
ATT003842,EMP030,2026-05-21,present,8,9.0,,0,1.0
ATT003843,EMP030,2026-05-22,present,8,7.8,,0,0
ATT003844,EMP030,2026-05-25,leave,8,0,personal,0,0
ATT003845,EMP030,2026-05-26,present,8,9.0,,0,1.0
ATT003846,EMP030,2026-05-27,present,8,7.5,,0,0
ATT003847,EMP030,2026-05-28,present,8,8.4,,0,0.4
ATT003848,EMP030,2026-05-29,remote,8,7.5,,0,0
ATT003849,EMP030,2026-06-01,present,8,7.3,,0,0
ATT003850,EMP030,2026-06-02,present,8,7.0,,0,0
ATT003851,EMP030,2026-06-03,present,8,7.8,,10,0
ATT003852,EMP030,2026-06-04,present,8,9.3,,0,1.3
ATT003853,EMP030,2026-06-05,present,8,9.0,,0,1.0
ATT003854,EMP030,2026-06-08,present,8,9.3,,0,1.3
ATT003855,EMP030,2026-06-09,remote,8,7.1,,0,0
ATT003856,EMP030,2026-06-10,present,8,9.0,,0,1.0
ATT003857,EMP030,2026-06-11,leave,8,0,sick,0,0
ATT003858,EMP030,2026-06-12,present,8,9.3,,0,1.3
ATT003859,EMP030,2026-06-15,absent,8,0,,0,0
ATT003860,EMP030,2026-06-16,remote,8,7.2,,0,0
ATT003861,EMP030,2026-06-17,holiday,8,0,,0,0
ATT003862,EMP030,2026-06-18,remote,8,8.8,,0,0.8
ATT003863,EMP030,2026-06-19,present,8,9.3,,0,1.3
ATT003864,EMP030,2026-06-22,remote,8,8.8,,0,0.8
ATT003865,EMP030,2026-06-23,absent,8,0,,0,0
ATT003866,EMP030,2026-06-24,present,8,8.7,,0,0.7
ATT003867,EMP030,2026-06-25,half_day,8,3.6,,0,0
ATT003868,EMP030,2026-06-26,present,8,7.9,,0,0
ATT003869,EMP030,2026-06-29,absent,8,0,,0,0
ATT003870,EMP030,2026-06-30,present,8,9.0,,0,1.0
ATT003871,EMP031,2026-01-01,remote,8,7.8,,0,0
ATT003872,EMP031,2026-01-02,present,8,8.0,,0,0
ATT003873,EMP031,2026-01-05,leave,8,0,personal,0,0
ATT003874,EMP031,2026-01-06,present,8,7.0,,0,0
ATT003875,EMP031,2026-01-07,present,8,8.4,,0,0.4
ATT003876,EMP031,2026-01-08,present,8,7.9,,0,0
ATT003877,EMP031,2026-01-09,half_day,8,3.8,,0,0
ATT003878,EMP031,2026-01-12,absent,8,0,,0,0
ATT003879,EMP031,2026-01-13,present,8,7.3,,0,0
ATT003880,EMP031,2026-01-14,remote,8,8.3,,0,0.3
ATT003881,EMP031,2026-01-15,present,8,8.0,,0,0
ATT003882,EMP031,2026-01-16,present,8,7.4,,0,0
ATT003883,EMP031,2026-01-19,remote,8,9.3,,0,1.3
ATT003884,EMP031,2026-01-20,leave,8,0,casual,0,0
ATT003885,EMP031,2026-01-21,present,8,7.4,,0,0
ATT003886,EMP031,2026-01-22,present,8,8.1,,0,0.1
ATT003887,EMP031,2026-01-23,remote,8,9.1,,0,1.1
ATT003888,EMP031,2026-01-26,holiday,8,0,,0,0
ATT003889,EMP031,2026-01-27,present,8,8.2,,0,0.2
ATT003890,EMP031,2026-01-28,remote,8,7.4,,0,0
ATT003891,EMP031,2026-01-29,present,8,9.3,,0,1.3
ATT003892,EMP031,2026-01-30,remote,8,9.1,,0,1.1
ATT003893,EMP031,2026-02-02,remote,8,8.4,,0,0.4
ATT003894,EMP031,2026-02-03,present,8,7.4,,0,0
ATT003895,EMP031,2026-02-04,present,8,7.4,,0,0
ATT003896,EMP031,2026-02-05,present,8,7.1,,0,0
ATT003897,EMP031,2026-02-06,remote,8,9.1,,30,1.1
ATT003898,EMP031,2026-02-09,present,8,7.4,,0,0
ATT003899,EMP031,2026-02-10,present,8,7.6,,0,0
ATT003900,EMP031,2026-02-11,leave,8,0,sick,0,0
ATT003901,EMP031,2026-02-12,leave,8,0,personal,0,0
ATT003902,EMP031,2026-02-13,remote,8,9.4,,0,1.4
ATT003903,EMP031,2026-02-16,present,8,8.4,,0,0.4
ATT003904,EMP031,2026-02-17,present,8,8.9,,0,0.9
ATT003905,EMP031,2026-02-18,present,8,7.0,,0,0
ATT003906,EMP031,2026-02-19,present,8,8.3,,0,0.3
ATT003907,EMP031,2026-02-20,remote,8,7.2,,0,0
ATT003908,EMP031,2026-02-23,present,8,8.7,,5,0.7
ATT003909,EMP031,2026-02-24,present,8,8.5,,0,0.5
ATT003910,EMP031,2026-02-25,present,8,8.8,,0,0.8
ATT003911,EMP031,2026-02-26,remote,8,7.0,,0,0
ATT003912,EMP031,2026-02-27,remote,8,8.7,,0,0.7
ATT003913,EMP031,2026-03-02,present,8,9.5,,0,1.5
ATT003914,EMP031,2026-03-03,present,8,8.3,,0,0.3
ATT003915,EMP031,2026-03-04,present,8,7.1,,0,0
ATT003916,EMP031,2026-03-05,remote,8,8.8,,0,0.8
ATT003917,EMP031,2026-03-06,present,8,7.2,,0,0
ATT003918,EMP031,2026-03-09,present,8,7.6,,0,0
ATT003919,EMP031,2026-03-10,holiday,8,0,,0,0
ATT003920,EMP031,2026-03-11,remote,8,9.5,,0,1.5
ATT003921,EMP031,2026-03-12,present,8,9.2,,0,1.2
ATT003922,EMP031,2026-03-13,present,8,8.9,,0,0.9
ATT003923,EMP031,2026-03-16,present,8,7.9,,0,0
ATT003924,EMP031,2026-03-17,present,8,8.8,,0,0.8
ATT003925,EMP031,2026-03-18,present,8,7.4,,0,0
ATT003926,EMP031,2026-03-19,present,8,7.3,,0,0
ATT003927,EMP031,2026-03-20,present,8,7.8,,20,0
ATT003928,EMP031,2026-03-23,half_day,8,3.6,,0,0
ATT003929,EMP031,2026-03-24,remote,8,8.5,,0,0.5
ATT003930,EMP031,2026-03-25,present,8,8.1,,0,0.1
ATT003931,EMP031,2026-03-26,present,8,7.9,,0,0
ATT003932,EMP031,2026-03-27,present,8,9.3,,0,1.3
ATT003933,EMP031,2026-03-30,holiday,8,0,,0,0
ATT003934,EMP031,2026-03-31,present,8,7.9,,30,0
ATT003935,EMP031,2026-04-01,present,8,8.3,,0,0.3
ATT003936,EMP031,2026-04-02,present,8,7.1,,0,0
ATT003937,EMP031,2026-04-03,present,8,9.3,,0,1.3
ATT003938,EMP031,2026-04-06,remote,8,7.7,,0,0
ATT003939,EMP031,2026-04-07,present,8,8.1,,0,0.1
ATT003940,EMP031,2026-04-08,remote,8,9.1,,0,1.1
ATT003941,EMP031,2026-04-09,present,8,9.2,,0,1.2
ATT003942,EMP031,2026-04-10,remote,8,9.1,,0,1.1
ATT003943,EMP031,2026-04-13,present,8,8.9,,0,0.9
ATT003944,EMP031,2026-04-14,holiday,8,0,,0,0
ATT003945,EMP031,2026-04-15,absent,8,0,,0,0
ATT003946,EMP031,2026-04-16,remote,8,7.1,,0,0
ATT003947,EMP031,2026-04-17,remote,8,8.1,,0,0.1
ATT003948,EMP031,2026-04-20,leave,8,0,emergency,0,0
ATT003949,EMP031,2026-04-21,remote,8,7.4,,0,0
ATT003950,EMP031,2026-04-22,present,8,9.0,,0,1.0
ATT003951,EMP031,2026-04-23,present,8,8.9,,0,0.9
ATT003952,EMP031,2026-04-24,present,8,8.8,,0,0.8
ATT003953,EMP031,2026-04-27,present,8,9.1,,0,1.1
ATT003954,EMP031,2026-04-28,present,8,8.0,,0,0
ATT003955,EMP031,2026-04-29,half_day,8,4.0,,0,0
ATT003956,EMP031,2026-04-30,remote,8,8.2,,0,0.2
ATT003957,EMP031,2026-05-01,holiday,8,0,,0,0
ATT003958,EMP031,2026-05-04,present,8,8.9,,0,0.9
ATT003959,EMP031,2026-05-05,present,8,7.9,,0,0
ATT003960,EMP031,2026-05-06,present,8,8.1,,0,0.1
ATT003961,EMP031,2026-05-07,present,8,9.3,,0,1.3
ATT003962,EMP031,2026-05-08,half_day,8,4.0,,0,0
ATT003963,EMP031,2026-05-11,present,8,8.8,,0,0.8
ATT003964,EMP031,2026-05-12,half_day,8,4.1,,0,0
ATT003965,EMP031,2026-05-13,present,8,7.5,,0,0
ATT003966,EMP031,2026-05-14,present,8,8.8,,0,0.8
ATT003967,EMP031,2026-05-15,present,8,8.3,,0,0.3
ATT003968,EMP031,2026-05-18,remote,8,9.2,,0,1.2
ATT003969,EMP031,2026-05-19,remote,8,8.5,,0,0.5
ATT003970,EMP031,2026-05-20,present,8,7.5,,0,0
ATT003971,EMP031,2026-05-21,remote,8,9.3,,0,1.3
ATT003972,EMP031,2026-05-22,absent,8,0,,0,0
ATT003973,EMP031,2026-05-25,present,8,9.0,,0,1.0
ATT003974,EMP031,2026-05-26,remote,8,9.3,,0,1.3
ATT003975,EMP031,2026-05-27,present,8,8.9,,0,0.9
ATT003976,EMP031,2026-05-28,remote,8,8.8,,0,0.8
ATT003977,EMP031,2026-05-29,present,8,7.2,,0,0
ATT003978,EMP031,2026-06-01,present,8,8.3,,0,0.3
ATT003979,EMP031,2026-06-02,present,8,7.8,,0,0
ATT003980,EMP031,2026-06-03,absent,8,0,,0,0
ATT003981,EMP031,2026-06-04,present,8,8.7,,0,0.7
ATT003982,EMP031,2026-06-05,present,8,9.4,,20,1.4
ATT003983,EMP031,2026-06-08,remote,8,8.9,,0,0.9
ATT003984,EMP031,2026-06-09,remote,8,7.9,,0,0
ATT003985,EMP031,2026-06-10,remote,8,9.4,,0,1.4
ATT003986,EMP031,2026-06-11,present,8,7.4,,0,0
ATT003987,EMP031,2026-06-12,remote,8,8.1,,0,0.1
ATT003988,EMP031,2026-06-15,present,8,9.3,,0,1.3
ATT003989,EMP031,2026-06-16,remote,8,8.6,,0,0.6
ATT003990,EMP031,2026-06-17,holiday,8,0,,0,0
ATT003991,EMP031,2026-06-18,present,8,8.5,,0,0.5
ATT003992,EMP031,2026-06-19,present,8,7.6,,0,0
ATT003993,EMP031,2026-06-22,present,8,9.4,,0,1.4
ATT003994,EMP031,2026-06-23,present,8,8.9,,0,0.9
ATT003995,EMP031,2026-06-24,present,8,8.5,,0,0.5
ATT003996,EMP031,2026-06-25,half_day,8,3.5,,0,0
ATT003997,EMP031,2026-06-26,remote,8,7.1,,0,0
ATT003998,EMP031,2026-06-29,remote,8,7.9,,0,0
ATT003999,EMP031,2026-06-30,present,8,7.7,,0,0
ATT004000,EMP032,2026-01-01,present,8,8.4,,0,0.4
ATT004001,EMP032,2026-01-02,remote,8,7.1,,0,0
ATT004002,EMP032,2026-01-05,remote,8,8.6,,0,0.6
ATT004003,EMP032,2026-01-06,present,8,9.0,,0,1.0
ATT004004,EMP032,2026-01-07,remote,8,7.6,,0,0
ATT004005,EMP032,2026-01-08,present,8,7.4,,0,0
ATT004006,EMP032,2026-01-09,present,8,7.7,,0,0
ATT004007,EMP032,2026-01-12,present,8,9.3,,0,1.3
ATT004008,EMP032,2026-01-13,remote,8,9.1,,0,1.1
ATT004009,EMP032,2026-01-14,present,8,7.5,,0,0
ATT004010,EMP032,2026-01-15,remote,8,7.5,,0,0
ATT004011,EMP032,2026-01-16,present,8,9.1,,0,1.1
ATT004012,EMP032,2026-01-19,remote,8,7.9,,0,0
ATT004013,EMP032,2026-01-20,present,8,9.0,,0,1.0
ATT004014,EMP032,2026-01-21,present,8,7.7,,0,0
ATT004015,EMP032,2026-01-22,present,8,7.2,,0,0
ATT004016,EMP032,2026-01-23,present,8,9.5,,0,1.5
ATT004017,EMP032,2026-01-26,holiday,8,0,,0,0
ATT004018,EMP032,2026-01-27,present,8,8.8,,0,0.8
ATT004019,EMP032,2026-01-28,remote,8,7.9,,0,0
ATT004020,EMP032,2026-01-29,present,8,8.6,,0,0.6
ATT004021,EMP032,2026-01-30,present,8,8.8,,0,0.8
ATT004022,EMP032,2026-02-02,present,8,8.3,,0,0.3
ATT004023,EMP032,2026-02-03,present,8,7.9,,0,0
ATT004024,EMP032,2026-02-04,present,8,9.1,,0,1.1
ATT004025,EMP032,2026-02-05,present,8,7.9,,0,0
ATT004026,EMP032,2026-02-06,remote,8,8.7,,0,0.7
ATT004027,EMP032,2026-02-09,half_day,8,4.4,,0,0
ATT004028,EMP032,2026-02-10,present,8,9.2,,0,1.2
ATT004029,EMP032,2026-02-11,present,8,7.6,,0,0
ATT004030,EMP032,2026-02-12,present,8,7.5,,0,0
ATT004031,EMP032,2026-02-13,present,8,8.3,,0,0.3
ATT004032,EMP032,2026-02-16,present,8,8.5,,0,0.5
ATT004033,EMP032,2026-02-17,remote,8,9.2,,0,1.2
ATT004034,EMP032,2026-02-18,remote,8,8.9,,0,0.9
ATT004035,EMP032,2026-02-19,present,8,8.9,,0,0.9
ATT004036,EMP032,2026-02-20,present,8,9.4,,0,1.4
ATT004037,EMP032,2026-02-23,present,8,8.5,,0,0.5
ATT004038,EMP032,2026-02-24,remote,8,7.1,,0,0
ATT004039,EMP032,2026-02-25,present,8,8.6,,0,0.6
ATT004040,EMP032,2026-02-26,present,8,8.8,,0,0.8
ATT004041,EMP032,2026-02-27,remote,8,8.2,,0,0.2
ATT004042,EMP032,2026-03-02,present,8,9.3,,0,1.3
ATT004043,EMP032,2026-03-03,present,8,7.5,,0,0
ATT004044,EMP032,2026-03-04,remote,8,8.0,,0,0
ATT004045,EMP032,2026-03-05,present,8,7.6,,0,0
ATT004046,EMP032,2026-03-06,present,8,7.5,,0,0
ATT004047,EMP032,2026-03-09,remote,8,8.4,,0,0.4
ATT004048,EMP032,2026-03-10,holiday,8,0,,0,0
ATT004049,EMP032,2026-03-11,present,8,7.7,,0,0
ATT004050,EMP032,2026-03-12,present,8,7.6,,0,0
ATT004051,EMP032,2026-03-13,remote,8,8.6,,0,0.6
ATT004052,EMP032,2026-03-16,present,8,8.5,,0,0.5
ATT004053,EMP032,2026-03-17,remote,8,7.2,,0,0
ATT004054,EMP032,2026-03-18,present,8,7.8,,0,0
ATT004055,EMP032,2026-03-19,present,8,7.5,,0,0
ATT004056,EMP032,2026-03-20,present,8,8.0,,0,0
ATT004057,EMP032,2026-03-23,present,8,7.9,,0,0
ATT004058,EMP032,2026-03-24,half_day,8,4.5,,0,0
ATT004059,EMP032,2026-03-25,present,8,7.9,,0,0
ATT004060,EMP032,2026-03-26,remote,8,7.2,,10,0
ATT004061,EMP032,2026-03-27,remote,8,7.2,,0,0
ATT004062,EMP032,2026-03-30,holiday,8,0,,0,0
ATT004063,EMP032,2026-03-31,remote,8,7.2,,0,0
ATT004064,EMP032,2026-04-01,remote,8,8.2,,0,0.2
ATT004065,EMP032,2026-04-02,present,8,7.2,,0,0
ATT004066,EMP032,2026-04-03,present,8,8.7,,0,0.7
ATT004067,EMP032,2026-04-06,present,8,9.1,,0,1.1
ATT004068,EMP032,2026-04-07,present,8,7.9,,0,0
ATT004069,EMP032,2026-04-08,present,8,8.8,,0,0.8
ATT004070,EMP032,2026-04-09,present,8,9.4,,0,1.4
ATT004071,EMP032,2026-04-10,remote,8,7.2,,0,0
ATT004072,EMP032,2026-04-13,present,8,8.8,,0,0.8
ATT004073,EMP032,2026-04-14,holiday,8,0,,0,0
ATT004074,EMP032,2026-04-15,remote,8,8.6,,0,0.6
ATT004075,EMP032,2026-04-16,present,8,9.0,,0,1.0
ATT004076,EMP032,2026-04-17,remote,8,8.6,,0,0.6
ATT004077,EMP032,2026-04-20,remote,8,8.0,,0,0
ATT004078,EMP032,2026-04-21,present,8,8.6,,0,0.6
ATT004079,EMP032,2026-04-22,present,8,8.3,,0,0.3
ATT004080,EMP032,2026-04-23,present,8,8.9,,0,0.9
ATT004081,EMP032,2026-04-24,remote,8,8.7,,0,0.7
ATT004082,EMP032,2026-04-27,remote,8,8.2,,0,0.2
ATT004083,EMP032,2026-04-28,present,8,8.2,,0,0.2
ATT004084,EMP032,2026-04-29,present,8,9.3,,0,1.3
ATT004085,EMP032,2026-04-30,present,8,9.0,,0,1.0
ATT004086,EMP032,2026-05-01,holiday,8,0,,0,0
ATT004087,EMP032,2026-05-04,present,8,8.6,,0,0.6
ATT004088,EMP032,2026-05-05,remote,8,8.5,,0,0.5
ATT004089,EMP032,2026-05-06,present,8,8.4,,0,0.4
ATT004090,EMP032,2026-05-07,present,8,7.8,,0,0
ATT004091,EMP032,2026-05-08,present,8,7.1,,0,0
ATT004092,EMP032,2026-05-11,present,8,8.6,,0,0.6
ATT004093,EMP032,2026-05-12,present,8,7.6,,0,0
ATT004094,EMP032,2026-05-13,present,8,8.7,,0,0.7
ATT004095,EMP032,2026-05-14,present,8,8.7,,0,0.7
ATT004096,EMP032,2026-05-15,remote,8,9.3,,0,1.3
ATT004097,EMP032,2026-05-18,remote,8,8.5,,0,0.5
ATT004098,EMP032,2026-05-19,present,8,7.7,,0,0
ATT004099,EMP032,2026-05-20,present,8,9.0,,0,1.0
ATT004100,EMP032,2026-05-21,present,8,9.3,,15,1.3
ATT004101,EMP032,2026-05-22,remote,8,8.3,,0,0.3
ATT004102,EMP032,2026-05-25,remote,8,9.2,,0,1.2
ATT004103,EMP032,2026-05-26,present,8,8.8,,0,0.8
ATT004104,EMP032,2026-05-27,present,8,7.0,,0,0
ATT004105,EMP032,2026-05-28,present,8,9.4,,0,1.4
ATT004106,EMP032,2026-05-29,remote,8,7.4,,5,0
ATT004107,EMP032,2026-06-01,half_day,8,4.1,,0,0
ATT004108,EMP032,2026-06-02,present,8,8.4,,0,0.4
ATT004109,EMP032,2026-06-03,present,8,9.0,,0,1.0
ATT004110,EMP032,2026-06-04,remote,8,7.9,,0,0
ATT004111,EMP032,2026-06-05,present,8,7.4,,0,0
ATT004112,EMP032,2026-06-08,present,8,9.3,,0,1.3
ATT004113,EMP032,2026-06-09,remote,8,8.2,,0,0.2
ATT004114,EMP032,2026-06-10,present,8,9.2,,0,1.2
ATT004115,EMP032,2026-06-11,present,8,8.9,,0,0.9
ATT004116,EMP032,2026-06-12,present,8,9.3,,0,1.3
ATT004117,EMP032,2026-06-15,present,8,9.2,,0,1.2
ATT004118,EMP032,2026-06-16,present,8,7.6,,0,0
ATT004119,EMP032,2026-06-17,holiday,8,0,,0,0
ATT004120,EMP032,2026-06-18,present,8,8.7,,20,0.7
ATT004121,EMP032,2026-06-19,present,8,7.6,,0,0
ATT004122,EMP032,2026-06-22,present,8,8.4,,0,0.4
ATT004123,EMP032,2026-06-23,present,8,8.1,,0,0.1
ATT004124,EMP032,2026-06-24,present,8,9.3,,0,1.3
ATT004125,EMP032,2026-06-25,present,8,7.0,,0,0
ATT004126,EMP032,2026-06-26,present,8,8.2,,0,0.2
ATT004127,EMP032,2026-06-29,present,8,8.0,,0,0
ATT004128,EMP032,2026-06-30,present,8,8.5,,0,0.5
ATT004129,EMP033,2026-01-01,present,8,7.4,,0,0
ATT004130,EMP033,2026-01-02,present,8,7.0,,20,0
ATT004131,EMP033,2026-01-05,remote,8,8.9,,0,0.9
ATT004132,EMP033,2026-01-06,present,8,8.9,,0,0.9
ATT004133,EMP033,2026-01-07,remote,8,8.2,,0,0.2
ATT004134,EMP033,2026-01-08,remote,8,8.4,,0,0.4
ATT004135,EMP033,2026-01-09,remote,8,9.4,,0,1.4
ATT004136,EMP033,2026-01-12,leave,8,0,personal,0,0
ATT004137,EMP033,2026-01-13,present,8,7.6,,0,0
ATT004138,EMP033,2026-01-14,remote,8,8.1,,0,0.1
ATT004139,EMP033,2026-01-15,leave,8,0,earned,0,0
ATT004140,EMP033,2026-01-16,present,8,8.0,,0,0
ATT004141,EMP033,2026-01-19,present,8,8.0,,5,0
ATT004142,EMP033,2026-01-20,present,8,9.0,,0,1.0
ATT004143,EMP033,2026-01-21,remote,8,7.3,,0,0
ATT004144,EMP033,2026-01-22,present,8,8.8,,0,0.8
ATT004145,EMP033,2026-01-23,present,8,8.8,,0,0.8
ATT004146,EMP033,2026-01-26,holiday,8,0,,0,0
ATT004147,EMP033,2026-01-27,present,8,7.3,,0,0
ATT004148,EMP033,2026-01-28,remote,8,9.0,,0,1.0
ATT004149,EMP033,2026-01-29,present,8,8.3,,0,0.3
ATT004150,EMP033,2026-01-30,leave,8,0,earned,0,0
ATT004151,EMP033,2026-02-02,present,8,7.0,,0,0
ATT004152,EMP033,2026-02-03,present,8,7.5,,0,0
ATT004153,EMP033,2026-02-04,present,8,9.2,,0,1.2
ATT004154,EMP033,2026-02-05,leave,8,0,casual,0,0
ATT004155,EMP033,2026-02-06,absent,8,0,,0,0
ATT004156,EMP033,2026-02-09,present,8,7.4,,0,0
ATT004157,EMP033,2026-02-10,present,8,8.0,,0,0
ATT004158,EMP033,2026-02-11,remote,8,8.1,,0,0.1
ATT004159,EMP033,2026-02-12,present,8,8.6,,0,0.6
ATT004160,EMP033,2026-02-13,present,8,7.1,,0,0
ATT004161,EMP033,2026-02-16,present,8,9.3,,0,1.3
ATT004162,EMP033,2026-02-17,leave,8,0,personal,0,0
ATT004163,EMP033,2026-02-18,present,8,8.4,,0,0.4
ATT004164,EMP033,2026-02-19,present,8,9.2,,30,1.2
ATT004165,EMP033,2026-02-20,remote,8,7.8,,0,0
ATT004166,EMP033,2026-02-23,present,8,8.9,,0,0.9
ATT004167,EMP033,2026-02-24,present,8,9.2,,0,1.2
ATT004168,EMP033,2026-02-25,present,8,8.0,,0,0
ATT004169,EMP033,2026-02-26,remote,8,7.3,,0,0
ATT004170,EMP033,2026-02-27,present,8,7.5,,0,0
ATT004171,EMP033,2026-03-02,remote,8,9.4,,0,1.4
ATT004172,EMP033,2026-03-03,present,8,8.9,,0,0.9
ATT004173,EMP033,2026-03-04,present,8,7.1,,0,0
ATT004174,EMP033,2026-03-05,leave,8,0,casual,0,0
ATT004175,EMP033,2026-03-06,leave,8,0,personal,0,0
ATT004176,EMP033,2026-03-09,present,8,9.0,,0,1.0
ATT004177,EMP033,2026-03-10,holiday,8,0,,0,0
ATT004178,EMP033,2026-03-11,present,8,9.0,,0,1.0
ATT004179,EMP033,2026-03-12,present,8,9.2,,0,1.2
ATT004180,EMP033,2026-03-13,present,8,8.6,,0,0.6
ATT004181,EMP033,2026-03-16,present,8,8.8,,20,0.8
ATT004182,EMP033,2026-03-17,remote,8,7.7,,0,0
ATT004183,EMP033,2026-03-18,half_day,8,3.7,,0,0
ATT004184,EMP033,2026-03-19,present,8,8.3,,0,0.3
ATT004185,EMP033,2026-03-20,present,8,8.6,,0,0.6
ATT004186,EMP033,2026-03-23,remote,8,7.6,,0,0
ATT004187,EMP033,2026-03-24,leave,8,0,sick,0,0
ATT004188,EMP033,2026-03-25,present,8,8.6,,0,0.6
ATT004189,EMP033,2026-03-26,present,8,7.7,,0,0
ATT004190,EMP033,2026-03-27,present,8,7.9,,0,0
ATT004191,EMP033,2026-03-30,holiday,8,0,,0,0
ATT004192,EMP033,2026-03-31,present,8,8.9,,0,0.9
ATT004193,EMP033,2026-04-01,remote,8,8.4,,0,0.4
ATT004194,EMP033,2026-04-02,present,8,9.4,,0,1.4
ATT004195,EMP033,2026-04-03,present,8,7.4,,0,0
ATT004196,EMP033,2026-04-06,present,8,8.8,,0,0.8
ATT004197,EMP033,2026-04-07,remote,8,8.8,,0,0.8
ATT004198,EMP033,2026-04-08,present,8,8.4,,0,0.4
ATT004199,EMP033,2026-04-09,remote,8,9.2,,0,1.2
ATT004200,EMP033,2026-04-10,present,8,7.5,,0,0
ATT004201,EMP033,2026-04-13,remote,8,7.4,,0,0
ATT004202,EMP033,2026-04-14,holiday,8,0,,0,0
ATT004203,EMP033,2026-04-15,remote,8,7.4,,0,0
ATT004204,EMP033,2026-04-16,remote,8,8.7,,0,0.7
ATT004205,EMP033,2026-04-17,leave,8,0,casual,0,0
ATT004206,EMP033,2026-04-20,present,8,9.1,,0,1.1
ATT004207,EMP033,2026-04-21,present,8,8.1,,0,0.1
ATT004208,EMP033,2026-04-22,present,8,7.3,,0,0
ATT004209,EMP033,2026-04-23,present,8,9.4,,0,1.4
ATT004210,EMP033,2026-04-24,absent,8,0,,0,0
ATT004211,EMP033,2026-04-27,present,8,7.2,,0,0
ATT004212,EMP033,2026-04-28,present,8,8.4,,0,0.4
ATT004213,EMP033,2026-04-29,present,8,8.5,,0,0.5
ATT004214,EMP033,2026-04-30,remote,8,7.1,,0,0
ATT004215,EMP033,2026-05-01,holiday,8,0,,0,0
ATT004216,EMP033,2026-05-04,remote,8,7.9,,0,0
ATT004217,EMP033,2026-05-05,present,8,8.1,,0,0.1
ATT004218,EMP033,2026-05-06,remote,8,8.7,,0,0.7
ATT004219,EMP033,2026-05-07,absent,8,0,,0,0
ATT004220,EMP033,2026-05-08,absent,8,0,,0,0
ATT004221,EMP033,2026-05-11,present,8,7.4,,0,0
ATT004222,EMP033,2026-05-12,present,8,9.3,,15,1.3
ATT004223,EMP033,2026-05-13,present,8,7.6,,0,0
ATT004224,EMP033,2026-05-14,present,8,9.4,,0,1.4
ATT004225,EMP033,2026-05-15,present,8,8.3,,0,0.3
ATT004226,EMP033,2026-05-18,present,8,9.1,,10,1.1
ATT004227,EMP033,2026-05-19,present,8,7.0,,0,0
ATT004228,EMP033,2026-05-20,present,8,8.2,,0,0.2
ATT004229,EMP033,2026-05-21,present,8,7.4,,0,0
ATT004230,EMP033,2026-05-22,remote,8,8.2,,0,0.2
ATT004231,EMP033,2026-05-25,leave,8,0,emergency,0,0
ATT004232,EMP033,2026-05-26,present,8,9.2,,0,1.2
ATT004233,EMP033,2026-05-27,present,8,8.4,,0,0.4
ATT004234,EMP033,2026-05-28,present,8,7.6,,0,0
ATT004235,EMP033,2026-05-29,remote,8,7.2,,0,0
ATT004236,EMP033,2026-06-01,remote,8,7.7,,0,0
ATT004237,EMP033,2026-06-02,leave,8,0,personal,0,0
ATT004238,EMP033,2026-06-03,present,8,9.2,,0,1.2
ATT004239,EMP033,2026-06-04,absent,8,0,,0,0
ATT004240,EMP033,2026-06-05,present,8,8.6,,0,0.6
ATT004241,EMP033,2026-06-08,half_day,8,3.7,,0,0
ATT004242,EMP033,2026-06-09,present,8,9.4,,0,1.4
ATT004243,EMP033,2026-06-10,absent,8,0,,0,0
ATT004244,EMP033,2026-06-11,present,8,9.1,,0,1.1
ATT004245,EMP033,2026-06-12,remote,8,7.8,,0,0
ATT004246,EMP033,2026-06-15,present,8,7.8,,0,0
ATT004247,EMP033,2026-06-16,leave,8,0,sick,0,0
ATT004248,EMP033,2026-06-17,holiday,8,0,,0,0
ATT004249,EMP033,2026-06-18,present,8,7.2,,0,0
ATT004250,EMP033,2026-06-19,present,8,8.2,,10,0.2
ATT004251,EMP033,2026-06-22,present,8,9.2,,0,1.2
ATT004252,EMP033,2026-06-23,present,8,7.2,,0,0
ATT004253,EMP033,2026-06-24,present,8,7.4,,0,0
ATT004254,EMP033,2026-06-25,present,8,9.1,,0,1.1
ATT004255,EMP033,2026-06-26,remote,8,9.1,,0,1.1
ATT004256,EMP033,2026-06-29,present,8,7.0,,0,0
ATT004257,EMP033,2026-06-30,remote,8,8.5,,0,0.5
ATT004258,EMP034,2026-01-01,leave,8,0,sick,0,0
ATT004259,EMP034,2026-01-02,remote,8,8.6,,0,0.6
ATT004260,EMP034,2026-01-05,leave,8,0,earned,0,0
ATT004261,EMP034,2026-01-06,present,8,7.4,,0,0
ATT004262,EMP034,2026-01-07,leave,8,0,casual,0,0
ATT004263,EMP034,2026-01-08,remote,8,7.8,,0,0
ATT004264,EMP034,2026-01-09,present,8,7.8,,0,0
ATT004265,EMP034,2026-01-12,present,8,9.1,,0,1.1
ATT004266,EMP034,2026-01-13,remote,8,7.3,,0,0
ATT004267,EMP034,2026-01-14,present,8,7.5,,20,0
ATT004268,EMP034,2026-01-15,leave,8,0,earned,0,0
ATT004269,EMP034,2026-01-16,present,8,7.9,,5,0
ATT004270,EMP034,2026-01-19,present,8,7.4,,0,0
ATT004271,EMP034,2026-01-20,present,8,9.3,,0,1.3
ATT004272,EMP034,2026-01-21,present,8,7.5,,0,0
ATT004273,EMP034,2026-01-22,remote,8,7.3,,0,0
ATT004274,EMP034,2026-01-23,remote,8,7.9,,0,0
ATT004275,EMP034,2026-01-26,holiday,8,0,,0,0
ATT004276,EMP034,2026-01-27,remote,8,8.5,,0,0.5
ATT004277,EMP034,2026-01-28,present,8,9.0,,0,1.0
ATT004278,EMP034,2026-01-29,remote,8,8.0,,0,0
ATT004279,EMP034,2026-01-30,remote,8,8.4,,0,0.4
ATT004280,EMP034,2026-02-02,leave,8,0,sick,0,0
ATT004281,EMP034,2026-02-03,present,8,7.0,,0,0
ATT004282,EMP034,2026-02-04,present,8,8.2,,0,0.2
ATT004283,EMP034,2026-02-05,present,8,9.5,,0,1.5
ATT004284,EMP034,2026-02-06,remote,8,7.2,,0,0
ATT004285,EMP034,2026-02-09,remote,8,9.3,,0,1.3
ATT004286,EMP034,2026-02-10,present,8,8.1,,0,0.1
ATT004287,EMP034,2026-02-11,present,8,9.3,,0,1.3
ATT004288,EMP034,2026-02-12,remote,8,7.0,,0,0
ATT004289,EMP034,2026-02-13,present,8,8.7,,0,0.7
ATT004290,EMP034,2026-02-16,leave,8,0,personal,0,0
ATT004291,EMP034,2026-02-17,present,8,8.8,,0,0.8
ATT004292,EMP034,2026-02-18,remote,8,9.2,,0,1.2
ATT004293,EMP034,2026-02-19,present,8,7.2,,0,0
ATT004294,EMP034,2026-02-20,leave,8,0,earned,0,0
ATT004295,EMP034,2026-02-23,present,8,8.2,,0,0.2
ATT004296,EMP034,2026-02-24,leave,8,0,earned,0,0
ATT004297,EMP034,2026-02-25,present,8,7.9,,0,0
ATT004298,EMP034,2026-02-26,present,8,9.3,,0,1.3
ATT004299,EMP034,2026-02-27,present,8,8.6,,0,0.6
ATT004300,EMP034,2026-03-02,present,8,7.8,,10,0
ATT004301,EMP034,2026-03-03,present,8,7.0,,0,0
ATT004302,EMP034,2026-03-04,present,8,8.9,,0,0.9
ATT004303,EMP034,2026-03-05,remote,8,8.7,,0,0.7
ATT004304,EMP034,2026-03-06,present,8,7.5,,0,0
ATT004305,EMP034,2026-03-09,leave,8,0,sick,0,0
ATT004306,EMP034,2026-03-10,holiday,8,0,,0,0
ATT004307,EMP034,2026-03-11,present,8,7.8,,0,0
ATT004308,EMP034,2026-03-12,remote,8,7.8,,0,0
ATT004309,EMP034,2026-03-13,leave,8,0,earned,0,0
ATT004310,EMP034,2026-03-16,present,8,9.2,,0,1.2
ATT004311,EMP034,2026-03-17,present,8,9.3,,0,1.3
ATT004312,EMP034,2026-03-18,present,8,9.1,,0,1.1
ATT004313,EMP034,2026-03-19,leave,8,0,earned,0,0
ATT004314,EMP034,2026-03-20,leave,8,0,emergency,0,0
ATT004315,EMP034,2026-03-23,leave,8,0,casual,0,0
ATT004316,EMP034,2026-03-24,present,8,7.8,,30,0
ATT004317,EMP034,2026-03-25,present,8,7.4,,0,0
ATT004318,EMP034,2026-03-26,present,8,7.0,,0,0
ATT004319,EMP034,2026-03-27,remote,8,7.2,,0,0
ATT004320,EMP034,2026-03-30,holiday,8,0,,0,0
ATT004321,EMP034,2026-03-31,present,8,7.6,,0,0
ATT004322,EMP034,2026-04-01,remote,8,7.8,,0,0
ATT004323,EMP034,2026-04-02,leave,8,0,earned,0,0
ATT004324,EMP034,2026-04-03,present,8,7.4,,0,0
ATT004325,EMP034,2026-04-06,leave,8,0,emergency,0,0
ATT004326,EMP034,2026-04-07,remote,8,8.3,,0,0.3
ATT004327,EMP034,2026-04-08,leave,8,0,personal,0,0
ATT004328,EMP034,2026-04-09,remote,8,7.9,,0,0
ATT004329,EMP034,2026-04-10,absent,8,0,,0,0
ATT004330,EMP034,2026-04-13,remote,8,8.8,,0,0.8
ATT004331,EMP034,2026-04-14,holiday,8,0,,0,0
ATT004332,EMP034,2026-04-15,remote,8,7.4,,0,0
ATT004333,EMP034,2026-04-16,leave,8,0,earned,0,0
ATT004334,EMP034,2026-04-17,absent,8,0,,0,0
ATT004335,EMP034,2026-04-20,remote,8,8.1,,0,0.1
ATT004336,EMP034,2026-04-21,present,8,7.5,,0,0
ATT004337,EMP034,2026-04-22,present,8,8.8,,0,0.8
ATT004338,EMP034,2026-04-23,absent,8,0,,0,0
ATT004339,EMP034,2026-04-24,present,8,8.3,,0,0.3
ATT004340,EMP034,2026-04-27,present,8,7.3,,0,0
ATT004341,EMP034,2026-04-28,present,8,8.7,,0,0.7
ATT004342,EMP034,2026-04-29,present,8,8.4,,0,0.4
ATT004343,EMP034,2026-04-30,present,8,9.1,,0,1.1
ATT004344,EMP034,2026-05-01,holiday,8,0,,0,0
ATT004345,EMP034,2026-05-04,present,8,8.5,,0,0.5
ATT004346,EMP034,2026-05-05,present,8,7.1,,0,0
ATT004347,EMP034,2026-05-06,present,8,7.5,,0,0
ATT004348,EMP034,2026-05-07,remote,8,9.2,,0,1.2
ATT004349,EMP034,2026-05-08,remote,8,8.2,,0,0.2
ATT004350,EMP034,2026-05-11,present,8,8.8,,0,0.8
ATT004351,EMP034,2026-05-12,remote,8,8.5,,0,0.5
ATT004352,EMP034,2026-05-13,present,8,8.0,,0,0
ATT004353,EMP034,2026-05-14,present,8,8.8,,0,0.8
ATT004354,EMP034,2026-05-15,present,8,8.5,,0,0.5
ATT004355,EMP034,2026-05-18,present,8,8.9,,0,0.9
ATT004356,EMP034,2026-05-19,present,8,8.9,,0,0.9
ATT004357,EMP034,2026-05-20,present,8,8.2,,0,0.2
ATT004358,EMP034,2026-05-21,present,8,9.3,,0,1.3
ATT004359,EMP034,2026-05-22,leave,8,0,emergency,0,0
ATT004360,EMP034,2026-05-25,remote,8,9.3,,0,1.3
ATT004361,EMP034,2026-05-26,leave,8,0,emergency,0,0
ATT004362,EMP034,2026-05-27,leave,8,0,sick,0,0
ATT004363,EMP034,2026-05-28,present,8,7.1,,0,0
ATT004364,EMP034,2026-05-29,leave,8,0,casual,0,0
ATT004365,EMP034,2026-06-01,present,8,7.7,,0,0
ATT004366,EMP034,2026-06-02,leave,8,0,sick,0,0
ATT004367,EMP034,2026-06-03,leave,8,0,sick,0,0
ATT004368,EMP034,2026-06-04,present,8,8.0,,0,0
ATT004369,EMP034,2026-06-05,present,8,8.9,,0,0.9
ATT004370,EMP034,2026-06-08,remote,8,7.7,,0,0
ATT004371,EMP034,2026-06-09,present,8,9.1,,0,1.1
ATT004372,EMP034,2026-06-10,present,8,9.1,,0,1.1
ATT004373,EMP034,2026-06-11,remote,8,8.7,,0,0.7
ATT004374,EMP034,2026-06-12,present,8,9.0,,10,1.0
ATT004375,EMP034,2026-06-15,present,8,7.8,,0,0
ATT004376,EMP034,2026-06-16,present,8,8.8,,10,0.8
ATT004377,EMP034,2026-06-17,holiday,8,0,,0,0
ATT004378,EMP034,2026-06-18,present,8,8.5,,0,0.5
ATT004379,EMP034,2026-06-19,present,8,7.9,,0,0
ATT004380,EMP034,2026-06-22,present,8,8.9,,10,0.9
ATT004381,EMP034,2026-06-23,leave,8,0,personal,0,0
ATT004382,EMP034,2026-06-24,leave,8,0,casual,0,0
ATT004383,EMP034,2026-06-25,present,8,8.2,,0,0.2
ATT004384,EMP034,2026-06-26,present,8,7.0,,0,0
ATT004385,EMP034,2026-06-29,half_day,8,4.1,,0,0
ATT004386,EMP034,2026-06-30,remote,8,8.1,,0,0.1
ATT004387,EMP035,2026-01-01,present,8,7.9,,0,0
ATT004388,EMP035,2026-01-02,remote,8,8.0,,0,0
ATT004389,EMP035,2026-01-05,absent,8,0,,0,0
ATT004390,EMP035,2026-01-06,remote,8,9.0,,0,1.0
ATT004391,EMP035,2026-01-07,present,8,9.3,,30,1.3
ATT004392,EMP035,2026-01-08,present,8,8.8,,0,0.8
ATT004393,EMP035,2026-01-09,present,8,8.3,,0,0.3
ATT004394,EMP035,2026-01-12,present,8,7.9,,0,0
ATT004395,EMP035,2026-01-13,present,8,8.2,,0,0.2
ATT004396,EMP035,2026-01-14,present,8,7.5,,0,0
ATT004397,EMP035,2026-01-15,present,8,7.9,,0,0
ATT004398,EMP035,2026-01-16,present,8,8.7,,0,0.7
ATT004399,EMP035,2026-01-19,present,8,7.3,,0,0
ATT004400,EMP035,2026-01-20,leave,8,0,earned,0,0
ATT004401,EMP035,2026-01-21,present,8,8.1,,0,0.1
ATT004402,EMP035,2026-01-22,remote,8,7.2,,0,0
ATT004403,EMP035,2026-01-23,present,8,8.5,,0,0.5
ATT004404,EMP035,2026-01-26,holiday,8,0,,0,0
ATT004405,EMP035,2026-01-27,present,8,8.2,,0,0.2
ATT004406,EMP035,2026-01-28,present,8,8.9,,0,0.9
ATT004407,EMP035,2026-01-29,absent,8,0,,0,0
ATT004408,EMP035,2026-01-30,present,8,8.8,,0,0.8
ATT004409,EMP035,2026-02-02,present,8,7.2,,0,0
ATT004410,EMP035,2026-02-03,present,8,8.1,,0,0.1
ATT004411,EMP035,2026-02-04,remote,8,9.0,,0,1.0
ATT004412,EMP035,2026-02-05,present,8,7.6,,5,0
ATT004413,EMP035,2026-02-06,remote,8,7.5,,0,0
ATT004414,EMP035,2026-02-09,remote,8,7.6,,0,0
ATT004415,EMP035,2026-02-10,present,8,8.3,,0,0.3
ATT004416,EMP035,2026-02-11,present,8,8.0,,0,0
ATT004417,EMP035,2026-02-12,remote,8,8.4,,0,0.4
ATT004418,EMP035,2026-02-13,remote,8,8.2,,0,0.2
ATT004419,EMP035,2026-02-16,half_day,8,3.9,,0,0
ATT004420,EMP035,2026-02-17,present,8,9.1,,0,1.1
ATT004421,EMP035,2026-02-18,present,8,9.3,,0,1.3
ATT004422,EMP035,2026-02-19,remote,8,8.9,,0,0.9
ATT004423,EMP035,2026-02-20,present,8,9.0,,0,1.0
ATT004424,EMP035,2026-02-23,absent,8,0,,0,0
ATT004425,EMP035,2026-02-24,present,8,7.6,,20,0
ATT004426,EMP035,2026-02-25,remote,8,7.9,,0,0
ATT004427,EMP035,2026-02-26,present,8,7.6,,0,0
ATT004428,EMP035,2026-02-27,present,8,8.0,,0,0
ATT004429,EMP035,2026-03-02,remote,8,8.7,,10,0.7
ATT004430,EMP035,2026-03-03,present,8,8.9,,0,0.9
ATT004431,EMP035,2026-03-04,remote,8,7.8,,0,0
ATT004432,EMP035,2026-03-05,remote,8,7.1,,0,0
ATT004433,EMP035,2026-03-06,remote,8,8.9,,10,0.9
ATT004434,EMP035,2026-03-09,absent,8,0,,0,0
ATT004435,EMP035,2026-03-10,holiday,8,0,,0,0
ATT004436,EMP035,2026-03-11,present,8,9.0,,0,1.0
ATT004437,EMP035,2026-03-12,present,8,7.7,,0,0
ATT004438,EMP035,2026-03-13,present,8,7.5,,0,0
ATT004439,EMP035,2026-03-16,remote,8,7.1,,0,0
ATT004440,EMP035,2026-03-17,remote,8,8.2,,0,0.2
ATT004441,EMP035,2026-03-18,present,8,7.3,,0,0
ATT004442,EMP035,2026-03-19,absent,8,0,,0,0
ATT004443,EMP035,2026-03-20,present,8,7.8,,0,0
ATT004444,EMP035,2026-03-23,absent,8,0,,0,0
ATT004445,EMP035,2026-03-24,leave,8,0,personal,0,0
ATT004446,EMP035,2026-03-25,remote,8,7.3,,0,0
ATT004447,EMP035,2026-03-26,remote,8,7.8,,0,0
ATT004448,EMP035,2026-03-27,remote,8,8.2,,0,0.2
ATT004449,EMP035,2026-03-30,holiday,8,0,,0,0
ATT004450,EMP035,2026-03-31,present,8,7.8,,0,0
ATT004451,EMP035,2026-04-01,remote,8,8.6,,15,0.6
ATT004452,EMP035,2026-04-02,present,8,8.7,,0,0.7
ATT004453,EMP035,2026-04-03,present,8,7.2,,0,0
ATT004454,EMP035,2026-04-06,remote,8,8.1,,30,0.1
ATT004455,EMP035,2026-04-07,remote,8,7.0,,0,0
ATT004456,EMP035,2026-04-08,present,8,8.9,,0,0.9
ATT004457,EMP035,2026-04-09,present,8,7.5,,0,0
ATT004458,EMP035,2026-04-10,remote,8,7.1,,0,0
ATT004459,EMP035,2026-04-13,present,8,9.4,,0,1.4
ATT004460,EMP035,2026-04-14,holiday,8,0,,0,0
ATT004461,EMP035,2026-04-15,leave,8,0,earned,0,0
ATT004462,EMP035,2026-04-16,present,8,8.6,,0,0.6
ATT004463,EMP035,2026-04-17,present,8,8.8,,0,0.8
ATT004464,EMP035,2026-04-20,present,8,9.2,,0,1.2
ATT004465,EMP035,2026-04-21,leave,8,0,personal,0,0
ATT004466,EMP035,2026-04-22,remote,8,7.1,,0,0
ATT004467,EMP035,2026-04-23,present,8,8.6,,0,0.6
ATT004468,EMP035,2026-04-24,present,8,8.5,,0,0.5
ATT004469,EMP035,2026-04-27,leave,8,0,personal,0,0
ATT004470,EMP035,2026-04-28,remote,8,8.6,,0,0.6
ATT004471,EMP035,2026-04-29,present,8,8.8,,0,0.8
ATT004472,EMP035,2026-04-30,present,8,7.9,,0,0
ATT004473,EMP035,2026-05-01,holiday,8,0,,0,0
ATT004474,EMP035,2026-05-04,present,8,8.3,,0,0.3
ATT004475,EMP035,2026-05-05,remote,8,7.5,,0,0
ATT004476,EMP035,2026-05-06,present,8,7.6,,0,0
ATT004477,EMP035,2026-05-07,remote,8,8.4,,0,0.4
ATT004478,EMP035,2026-05-08,present,8,9.4,,0,1.4
ATT004479,EMP035,2026-05-11,present,8,7.4,,10,0
ATT004480,EMP035,2026-05-12,present,8,7.4,,0,0
ATT004481,EMP035,2026-05-13,remote,8,7.1,,0,0
ATT004482,EMP035,2026-05-14,present,8,9.0,,0,1.0
ATT004483,EMP035,2026-05-15,present,8,8.9,,15,0.9
ATT004484,EMP035,2026-05-18,present,8,9.1,,30,1.1
ATT004485,EMP035,2026-05-19,present,8,7.2,,0,0
ATT004486,EMP035,2026-05-20,present,8,9.3,,10,1.3
ATT004487,EMP035,2026-05-21,leave,8,0,sick,0,0
ATT004488,EMP035,2026-05-22,present,8,8.4,,0,0.4
ATT004489,EMP035,2026-05-25,remote,8,7.8,,0,0
ATT004490,EMP035,2026-05-26,present,8,9.2,,0,1.2
ATT004491,EMP035,2026-05-27,leave,8,0,earned,0,0
ATT004492,EMP035,2026-05-28,present,8,7.8,,0,0
ATT004493,EMP035,2026-05-29,present,8,7.5,,0,0
ATT004494,EMP035,2026-06-01,present,8,7.8,,0,0
ATT004495,EMP035,2026-06-02,present,8,9.1,,0,1.1
ATT004496,EMP035,2026-06-03,half_day,8,4.4,,0,0
ATT004497,EMP035,2026-06-04,present,8,7.7,,0,0
ATT004498,EMP035,2026-06-05,present,8,7.8,,0,0
ATT004499,EMP035,2026-06-08,present,8,9.3,,0,1.3
ATT004500,EMP035,2026-06-09,present,8,9.5,,0,1.5
ATT004501,EMP035,2026-06-10,leave,8,0,casual,0,0
ATT004502,EMP035,2026-06-11,present,8,9.3,,0,1.3
ATT004503,EMP035,2026-06-12,present,8,7.5,,0,0
ATT004504,EMP035,2026-06-15,leave,8,0,personal,0,0
ATT004505,EMP035,2026-06-16,remote,8,7.9,,0,0
ATT004506,EMP035,2026-06-17,holiday,8,0,,0,0
ATT004507,EMP035,2026-06-18,present,8,7.6,,0,0
ATT004508,EMP035,2026-06-19,remote,8,7.5,,0,0
ATT004509,EMP035,2026-06-22,present,8,7.6,,0,0
ATT004510,EMP035,2026-06-23,leave,8,0,sick,0,0
ATT004511,EMP035,2026-06-24,present,8,9.3,,0,1.3
ATT004512,EMP035,2026-06-25,remote,8,9.4,,0,1.4
ATT004513,EMP035,2026-06-26,present,8,9.4,,0,1.4
ATT004514,EMP035,2026-06-29,leave,8,0,casual,0,0
ATT004515,EMP035,2026-06-30,present,8,8.6,,0,0.6
ATT004516,EMP036,2026-01-01,present,8,8.8,,0,0.8
ATT004517,EMP036,2026-01-02,present,8,9.4,,0,1.4
ATT004518,EMP036,2026-01-05,remote,8,7.0,,0,0
ATT004519,EMP036,2026-01-06,present,8,7.6,,0,0
ATT004520,EMP036,2026-01-07,remote,8,8.0,,0,0
ATT004521,EMP036,2026-01-08,remote,8,7.7,,0,0
ATT004522,EMP036,2026-01-09,present,8,8.5,,0,0.5
ATT004523,EMP036,2026-01-12,present,8,7.0,,0,0
ATT004524,EMP036,2026-01-13,remote,8,8.1,,0,0.1
ATT004525,EMP036,2026-01-14,present,8,8.9,,0,0.9
ATT004526,EMP036,2026-01-15,present,8,8.5,,0,0.5
ATT004527,EMP036,2026-01-16,present,8,8.7,,0,0.7
ATT004528,EMP036,2026-01-19,present,8,8.5,,20,0.5
ATT004529,EMP036,2026-01-20,remote,8,7.3,,0,0
ATT004530,EMP036,2026-01-21,present,8,7.3,,0,0
ATT004531,EMP036,2026-01-22,present,8,9.0,,0,1.0
ATT004532,EMP036,2026-01-23,remote,8,8.5,,0,0.5
ATT004533,EMP036,2026-01-26,holiday,8,0,,0,0
ATT004534,EMP036,2026-01-27,present,8,8.8,,0,0.8
ATT004535,EMP036,2026-01-28,present,8,8.8,,0,0.8
ATT004536,EMP036,2026-01-29,present,8,7.1,,0,0
ATT004537,EMP036,2026-01-30,remote,8,8.9,,30,0.9
ATT004538,EMP036,2026-02-02,remote,8,9.0,,0,1.0
ATT004539,EMP036,2026-02-03,present,8,7.0,,0,0
ATT004540,EMP036,2026-02-04,remote,8,9.3,,0,1.3
ATT004541,EMP036,2026-02-05,present,8,8.1,,0,0.1
ATT004542,EMP036,2026-02-06,present,8,7.5,,0,0
ATT004543,EMP036,2026-02-09,remote,8,7.4,,0,0
ATT004544,EMP036,2026-02-10,present,8,9.2,,0,1.2
ATT004545,EMP036,2026-02-11,present,8,7.6,,0,0
ATT004546,EMP036,2026-02-12,present,8,9.3,,0,1.3
ATT004547,EMP036,2026-02-13,present,8,8.1,,0,0.1
ATT004548,EMP036,2026-02-16,present,8,7.5,,0,0
ATT004549,EMP036,2026-02-17,present,8,8.5,,0,0.5
ATT004550,EMP036,2026-02-18,present,8,8.2,,0,0.2
ATT004551,EMP036,2026-02-19,absent,8,0,,0,0
ATT004552,EMP036,2026-02-20,present,8,7.5,,0,0
ATT004553,EMP036,2026-02-23,present,8,8.7,,0,0.7
ATT004554,EMP036,2026-02-24,present,8,7.1,,0,0
ATT004555,EMP036,2026-02-25,present,8,9.4,,10,1.4
ATT004556,EMP036,2026-02-26,leave,8,0,casual,0,0
ATT004557,EMP036,2026-02-27,remote,8,7.7,,0,0
ATT004558,EMP036,2026-03-02,present,8,7.9,,0,0
ATT004559,EMP036,2026-03-03,remote,8,7.9,,0,0
ATT004560,EMP036,2026-03-04,present,8,8.0,,0,0
ATT004561,EMP036,2026-03-05,present,8,8.0,,15,0
ATT004562,EMP036,2026-03-06,remote,8,7.2,,0,0
ATT004563,EMP036,2026-03-09,present,8,8.2,,0,0.2
ATT004564,EMP036,2026-03-10,holiday,8,0,,0,0
ATT004565,EMP036,2026-03-11,present,8,7.8,,0,0
ATT004566,EMP036,2026-03-12,present,8,9.2,,0,1.2
ATT004567,EMP036,2026-03-13,present,8,7.1,,0,0
ATT004568,EMP036,2026-03-16,leave,8,0,emergency,0,0
ATT004569,EMP036,2026-03-17,leave,8,0,personal,0,0
ATT004570,EMP036,2026-03-18,present,8,8.3,,0,0.3
ATT004571,EMP036,2026-03-19,remote,8,7.8,,0,0
ATT004572,EMP036,2026-03-20,present,8,8.4,,0,0.4
ATT004573,EMP036,2026-03-23,present,8,9.0,,0,1.0
ATT004574,EMP036,2026-03-24,leave,8,0,emergency,0,0
ATT004575,EMP036,2026-03-25,present,8,8.1,,0,0.1
ATT004576,EMP036,2026-03-26,present,8,8.3,,0,0.3
ATT004577,EMP036,2026-03-27,present,8,8.0,,0,0
ATT004578,EMP036,2026-03-30,holiday,8,0,,0,0
ATT004579,EMP036,2026-03-31,present,8,8.1,,0,0.1
ATT004580,EMP036,2026-04-01,remote,8,7.6,,0,0
ATT004581,EMP036,2026-04-02,remote,8,7.4,,0,0
ATT004582,EMP036,2026-04-03,remote,8,8.8,,0,0.8
ATT004583,EMP036,2026-04-06,present,8,8.6,,0,0.6
ATT004584,EMP036,2026-04-07,remote,8,9.2,,0,1.2
ATT004585,EMP036,2026-04-08,remote,8,7.2,,0,0
ATT004586,EMP036,2026-04-09,present,8,8.1,,0,0.1
ATT004587,EMP036,2026-04-10,present,8,9.3,,0,1.3
ATT004588,EMP036,2026-04-13,present,8,9.2,,0,1.2
ATT004589,EMP036,2026-04-14,holiday,8,0,,0,0
ATT004590,EMP036,2026-04-15,present,8,7.9,,0,0
ATT004591,EMP036,2026-04-16,remote,8,9.0,,0,1.0
ATT004592,EMP036,2026-04-17,remote,8,8.2,,0,0.2
ATT004593,EMP036,2026-04-20,present,8,7.7,,0,0
ATT004594,EMP036,2026-04-21,present,8,7.1,,0,0
ATT004595,EMP036,2026-04-22,present,8,9.2,,0,1.2
ATT004596,EMP036,2026-04-23,present,8,7.3,,0,0
ATT004597,EMP036,2026-04-24,present,8,9.5,,0,1.5
ATT004598,EMP036,2026-04-27,present,8,8.8,,0,0.8
ATT004599,EMP036,2026-04-28,present,8,7.2,,0,0
ATT004600,EMP036,2026-04-29,present,8,7.2,,0,0
ATT004601,EMP036,2026-04-30,remote,8,8.9,,30,0.9
ATT004602,EMP036,2026-05-01,holiday,8,0,,0,0
ATT004603,EMP036,2026-05-04,present,8,7.4,,0,0
ATT004604,EMP036,2026-05-05,remote,8,7.9,,0,0
ATT004605,EMP036,2026-05-06,present,8,7.7,,0,0
ATT004606,EMP036,2026-05-07,present,8,7.8,,0,0
ATT004607,EMP036,2026-05-08,remote,8,7.2,,0,0
ATT004608,EMP036,2026-05-11,present,8,9.4,,10,1.4
ATT004609,EMP036,2026-05-12,leave,8,0,earned,0,0
ATT004610,EMP036,2026-05-13,present,8,7.7,,0,0
ATT004611,EMP036,2026-05-14,present,8,9.4,,0,1.4
ATT004612,EMP036,2026-05-15,present,8,7.8,,0,0
ATT004613,EMP036,2026-05-18,remote,8,8.9,,0,0.9
ATT004614,EMP036,2026-05-19,remote,8,8.1,,0,0.1
ATT004615,EMP036,2026-05-20,present,8,9.0,,0,1.0
ATT004616,EMP036,2026-05-21,remote,8,7.0,,0,0
ATT004617,EMP036,2026-05-22,present,8,7.2,,0,0
ATT004618,EMP036,2026-05-25,present,8,7.4,,0,0
ATT004619,EMP036,2026-05-26,remote,8,7.6,,0,0
ATT004620,EMP036,2026-05-27,present,8,7.2,,0,0
ATT004621,EMP036,2026-05-28,present,8,7.5,,0,0
ATT004622,EMP036,2026-05-29,present,8,8.8,,30,0.8
ATT004623,EMP036,2026-06-01,present,8,7.1,,0,0
ATT004624,EMP036,2026-06-02,half_day,8,4.3,,10,0
ATT004625,EMP036,2026-06-03,present,8,7.6,,0,0
ATT004626,EMP036,2026-06-04,remote,8,8.7,,0,0.7
ATT004627,EMP036,2026-06-05,remote,8,7.1,,0,0
ATT004628,EMP036,2026-06-08,present,8,7.7,,0,0
ATT004629,EMP036,2026-06-09,remote,8,8.1,,0,0.1
ATT004630,EMP036,2026-06-10,present,8,7.5,,0,0
ATT004631,EMP036,2026-06-11,present,8,9.2,,0,1.2
ATT004632,EMP036,2026-06-12,present,8,9.4,,0,1.4
ATT004633,EMP036,2026-06-15,present,8,8.0,,0,0
ATT004634,EMP036,2026-06-16,remote,8,9.5,,0,1.5
ATT004635,EMP036,2026-06-17,holiday,8,0,,0,0
ATT004636,EMP036,2026-06-18,present,8,7.8,,0,0
ATT004637,EMP036,2026-06-19,present,8,9.3,,0,1.3
ATT004638,EMP036,2026-06-22,remote,8,9.5,,20,1.5
ATT004639,EMP036,2026-06-23,present,8,8.5,,0,0.5
ATT004640,EMP036,2026-06-24,present,8,7.4,,10,0
ATT004641,EMP036,2026-06-25,present,8,7.7,,15,0
ATT004642,EMP036,2026-06-26,remote,8,9.0,,0,1.0
ATT004643,EMP036,2026-06-29,remote,8,7.9,,0,0
ATT004644,EMP036,2026-06-30,present,8,7.4,,0,0
ATT004645,EMP037,2026-01-01,leave,8,0,casual,0,0
ATT004646,EMP037,2026-01-02,present,8,9.4,,0,1.4
ATT004647,EMP037,2026-01-05,present,8,7.4,,0,0
ATT004648,EMP037,2026-01-06,present,8,8.0,,0,0
ATT004649,EMP037,2026-01-07,present,8,9.3,,30,1.3
ATT004650,EMP037,2026-01-08,present,8,8.2,,0,0.2
ATT004651,EMP037,2026-01-09,present,8,8.2,,5,0.2
ATT004652,EMP037,2026-01-12,present,8,9.4,,0,1.4
ATT004653,EMP037,2026-01-13,present,8,8.7,,0,0.7
ATT004654,EMP037,2026-01-14,present,8,7.3,,0,0
ATT004655,EMP037,2026-01-15,present,8,8.2,,0,0.2
ATT004656,EMP037,2026-01-16,remote,8,7.6,,0,0
ATT004657,EMP037,2026-01-19,present,8,9.3,,0,1.3
ATT004658,EMP037,2026-01-20,remote,8,7.3,,0,0
ATT004659,EMP037,2026-01-21,present,8,7.1,,0,0
ATT004660,EMP037,2026-01-22,present,8,9.0,,0,1.0
ATT004661,EMP037,2026-01-23,present,8,9.3,,0,1.3
ATT004662,EMP037,2026-01-26,holiday,8,0,,0,0
ATT004663,EMP037,2026-01-27,absent,8,0,,0,0
ATT004664,EMP037,2026-01-28,present,8,7.7,,0,0
ATT004665,EMP037,2026-01-29,present,8,8.7,,0,0.7
ATT004666,EMP037,2026-01-30,present,8,8.4,,0,0.4
ATT004667,EMP037,2026-02-02,remote,8,7.0,,0,0
ATT004668,EMP037,2026-02-03,remote,8,9.2,,0,1.2
ATT004669,EMP037,2026-02-04,leave,8,0,casual,0,0
ATT004670,EMP037,2026-02-05,remote,8,8.9,,0,0.9
ATT004671,EMP037,2026-02-06,present,8,8.1,,0,0.1
ATT004672,EMP037,2026-02-09,leave,8,0,casual,0,0
ATT004673,EMP037,2026-02-10,remote,8,7.6,,0,0
ATT004674,EMP037,2026-02-11,present,8,8.2,,0,0.2
ATT004675,EMP037,2026-02-12,present,8,8.2,,0,0.2
ATT004676,EMP037,2026-02-13,present,8,7.6,,5,0
ATT004677,EMP037,2026-02-16,present,8,8.4,,0,0.4
ATT004678,EMP037,2026-02-17,present,8,7.8,,0,0
ATT004679,EMP037,2026-02-18,leave,8,0,earned,0,0
ATT004680,EMP037,2026-02-19,remote,8,8.3,,0,0.3
ATT004681,EMP037,2026-02-20,present,8,7.6,,0,0
ATT004682,EMP037,2026-02-23,present,8,9.4,,0,1.4
ATT004683,EMP037,2026-02-24,present,8,8.5,,0,0.5
ATT004684,EMP037,2026-02-25,present,8,7.2,,0,0
ATT004685,EMP037,2026-02-26,present,8,7.7,,0,0
ATT004686,EMP037,2026-02-27,present,8,7.7,,0,0
ATT004687,EMP037,2026-03-02,present,8,8.9,,0,0.9
ATT004688,EMP037,2026-03-03,remote,8,7.2,,0,0
ATT004689,EMP037,2026-03-04,present,8,7.5,,0,0
ATT004690,EMP037,2026-03-05,present,8,8.6,,0,0.6
ATT004691,EMP037,2026-03-06,present,8,9.4,,0,1.4
ATT004692,EMP037,2026-03-09,remote,8,8.8,,0,0.8
ATT004693,EMP037,2026-03-10,holiday,8,0,,0,0
ATT004694,EMP037,2026-03-11,present,8,9.1,,0,1.1
ATT004695,EMP037,2026-03-12,remote,8,7.9,,0,0
ATT004696,EMP037,2026-03-13,present,8,7.4,,20,0
ATT004697,EMP037,2026-03-16,present,8,8.6,,0,0.6
ATT004698,EMP037,2026-03-17,remote,8,7.9,,0,0
ATT004699,EMP037,2026-03-18,present,8,9.0,,0,1.0
ATT004700,EMP037,2026-03-19,remote,8,7.9,,0,0
ATT004701,EMP037,2026-03-20,half_day,8,4.0,,10,0
ATT004702,EMP037,2026-03-23,present,8,7.3,,15,0
ATT004703,EMP037,2026-03-24,present,8,8.5,,0,0.5
ATT004704,EMP037,2026-03-25,present,8,7.7,,0,0
ATT004705,EMP037,2026-03-26,present,8,9.0,,0,1.0
ATT004706,EMP037,2026-03-27,remote,8,9.0,,0,1.0
ATT004707,EMP037,2026-03-30,holiday,8,0,,0,0
ATT004708,EMP037,2026-03-31,present,8,8.3,,0,0.3
ATT004709,EMP037,2026-04-01,remote,8,8.7,,0,0.7
ATT004710,EMP037,2026-04-02,leave,8,0,emergency,0,0
ATT004711,EMP037,2026-04-03,present,8,9.0,,0,1.0
ATT004712,EMP037,2026-04-06,leave,8,0,emergency,0,0
ATT004713,EMP037,2026-04-07,present,8,8.8,,0,0.8
ATT004714,EMP037,2026-04-08,present,8,7.8,,0,0
ATT004715,EMP037,2026-04-09,present,8,8.0,,0,0
ATT004716,EMP037,2026-04-10,present,8,8.5,,0,0.5
ATT004717,EMP037,2026-04-13,remote,8,7.7,,0,0
ATT004718,EMP037,2026-04-14,holiday,8,0,,0,0
ATT004719,EMP037,2026-04-15,present,8,8.3,,0,0.3
ATT004720,EMP037,2026-04-16,present,8,7.9,,0,0
ATT004721,EMP037,2026-04-17,present,8,8.2,,0,0.2
ATT004722,EMP037,2026-04-20,present,8,7.7,,0,0
ATT004723,EMP037,2026-04-21,leave,8,0,personal,0,0
ATT004724,EMP037,2026-04-22,present,8,8.3,,0,0.3
ATT004725,EMP037,2026-04-23,present,8,9.5,,0,1.5
ATT004726,EMP037,2026-04-24,present,8,7.7,,0,0
ATT004727,EMP037,2026-04-27,leave,8,0,casual,0,0
ATT004728,EMP037,2026-04-28,present,8,8.0,,0,0
ATT004729,EMP037,2026-04-29,present,8,9.2,,0,1.2
ATT004730,EMP037,2026-04-30,present,8,7.6,,30,0
ATT004731,EMP037,2026-05-01,holiday,8,0,,0,0
ATT004732,EMP037,2026-05-04,present,8,7.6,,0,0
ATT004733,EMP037,2026-05-05,remote,8,8.0,,5,0
ATT004734,EMP037,2026-05-06,present,8,8.2,,0,0.2
ATT004735,EMP037,2026-05-07,remote,8,7.9,,0,0
ATT004736,EMP037,2026-05-08,present,8,8.5,,0,0.5
ATT004737,EMP037,2026-05-11,present,8,8.4,,0,0.4
ATT004738,EMP037,2026-05-12,present,8,9.4,,0,1.4
ATT004739,EMP037,2026-05-13,present,8,7.1,,0,0
ATT004740,EMP037,2026-05-14,present,8,8.2,,0,0.2
ATT004741,EMP037,2026-05-15,present,8,8.1,,0,0.1
ATT004742,EMP037,2026-05-18,present,8,7.8,,0,0
ATT004743,EMP037,2026-05-19,leave,8,0,emergency,0,0
ATT004744,EMP037,2026-05-20,leave,8,0,personal,0,0
ATT004745,EMP037,2026-05-21,remote,8,8.7,,0,0.7
ATT004746,EMP037,2026-05-22,remote,8,8.2,,0,0.2
ATT004747,EMP037,2026-05-25,remote,8,9.0,,0,1.0
ATT004748,EMP037,2026-05-26,absent,8,0,,0,0
ATT004749,EMP037,2026-05-27,present,8,9.3,,0,1.3
ATT004750,EMP037,2026-05-28,present,8,7.8,,0,0
ATT004751,EMP037,2026-05-29,present,8,7.0,,0,0
ATT004752,EMP037,2026-06-01,absent,8,0,,0,0
ATT004753,EMP037,2026-06-02,remote,8,8.0,,0,0
ATT004754,EMP037,2026-06-03,present,8,8.6,,0,0.6
ATT004755,EMP037,2026-06-04,present,8,7.1,,0,0
ATT004756,EMP037,2026-06-05,present,8,9.4,,0,1.4
ATT004757,EMP037,2026-06-08,remote,8,8.8,,0,0.8
ATT004758,EMP037,2026-06-09,remote,8,7.7,,0,0
ATT004759,EMP037,2026-06-10,present,8,8.9,,0,0.9
ATT004760,EMP037,2026-06-11,remote,8,9.5,,0,1.5
ATT004761,EMP037,2026-06-12,remote,8,7.9,,0,0
ATT004762,EMP037,2026-06-15,present,8,8.6,,0,0.6
ATT004763,EMP037,2026-06-16,absent,8,0,,0,0
ATT004764,EMP037,2026-06-17,holiday,8,0,,0,0
ATT004765,EMP037,2026-06-18,present,8,7.9,,0,0
ATT004766,EMP037,2026-06-19,remote,8,9.4,,0,1.4
ATT004767,EMP037,2026-06-22,present,8,7.3,,10,0
ATT004768,EMP037,2026-06-23,remote,8,7.1,,0,0
ATT004769,EMP037,2026-06-24,present,8,7.2,,0,0
ATT004770,EMP037,2026-06-25,present,8,9.1,,0,1.1
ATT004771,EMP037,2026-06-26,remote,8,8.2,,0,0.2
ATT004772,EMP037,2026-06-29,present,8,7.3,,0,0
ATT004773,EMP037,2026-06-30,present,8,7.3,,0,0
ATT004774,EMP038,2026-01-01,present,8,7.4,,0,0
ATT004775,EMP038,2026-01-02,remote,8,8.1,,0,0.1
ATT004776,EMP038,2026-01-05,present,8,9.2,,0,1.2
ATT004777,EMP038,2026-01-06,present,8,8.4,,15,0.4
ATT004778,EMP038,2026-01-07,leave,8,0,personal,0,0
ATT004779,EMP038,2026-01-08,present,8,9.1,,0,1.1
ATT004780,EMP038,2026-01-09,present,8,8.7,,0,0.7
ATT004781,EMP038,2026-01-12,present,8,7.2,,0,0
ATT004782,EMP038,2026-01-13,present,8,9.2,,30,1.2
ATT004783,EMP038,2026-01-14,present,8,9.3,,0,1.3
ATT004784,EMP038,2026-01-15,present,8,8.5,,0,0.5
ATT004785,EMP038,2026-01-16,half_day,8,4.3,,0,0
ATT004786,EMP038,2026-01-19,present,8,8.8,,15,0.8
ATT004787,EMP038,2026-01-20,present,8,8.4,,5,0.4
ATT004788,EMP038,2026-01-21,remote,8,8.4,,0,0.4
ATT004789,EMP038,2026-01-22,present,8,8.6,,0,0.6
ATT004790,EMP038,2026-01-23,present,8,7.6,,0,0
ATT004791,EMP038,2026-01-26,holiday,8,0,,0,0
ATT004792,EMP038,2026-01-27,present,8,7.2,,0,0
ATT004793,EMP038,2026-01-28,leave,8,0,earned,0,0
ATT004794,EMP038,2026-01-29,present,8,8.3,,0,0.3
ATT004795,EMP038,2026-01-30,remote,8,8.5,,0,0.5
ATT004796,EMP038,2026-02-02,remote,8,8.3,,20,0.3
ATT004797,EMP038,2026-02-03,present,8,7.8,,0,0
ATT004798,EMP038,2026-02-04,present,8,7.5,,30,0
ATT004799,EMP038,2026-02-05,present,8,7.2,,0,0
ATT004800,EMP038,2026-02-06,present,8,7.7,,0,0
ATT004801,EMP038,2026-02-09,present,8,9.0,,0,1.0
ATT004802,EMP038,2026-02-10,remote,8,8.0,,0,0
ATT004803,EMP038,2026-02-11,remote,8,7.4,,15,0
ATT004804,EMP038,2026-02-12,present,8,9.3,,0,1.3
ATT004805,EMP038,2026-02-13,present,8,8.4,,0,0.4
ATT004806,EMP038,2026-02-16,present,8,8.5,,0,0.5
ATT004807,EMP038,2026-02-17,remote,8,8.7,,0,0.7
ATT004808,EMP038,2026-02-18,remote,8,7.8,,0,0
ATT004809,EMP038,2026-02-19,half_day,8,3.7,,0,0
ATT004810,EMP038,2026-02-20,present,8,8.0,,20,0
ATT004811,EMP038,2026-02-23,remote,8,9.1,,0,1.1
ATT004812,EMP038,2026-02-24,remote,8,8.9,,0,0.9
ATT004813,EMP038,2026-02-25,present,8,9.1,,0,1.1
ATT004814,EMP038,2026-02-26,remote,8,9.0,,0,1.0
ATT004815,EMP038,2026-02-27,present,8,8.1,,0,0.1
ATT004816,EMP038,2026-03-02,leave,8,0,earned,0,0
ATT004817,EMP038,2026-03-03,present,8,8.8,,0,0.8
ATT004818,EMP038,2026-03-04,half_day,8,3.8,,0,0
ATT004819,EMP038,2026-03-05,remote,8,8.9,,10,0.9
ATT004820,EMP038,2026-03-06,present,8,8.8,,0,0.8
ATT004821,EMP038,2026-03-09,leave,8,0,sick,0,0
ATT004822,EMP038,2026-03-10,holiday,8,0,,0,0
ATT004823,EMP038,2026-03-11,present,8,7.7,,0,0
ATT004824,EMP038,2026-03-12,remote,8,7.6,,0,0
ATT004825,EMP038,2026-03-13,remote,8,8.0,,0,0
ATT004826,EMP038,2026-03-16,absent,8,0,,0,0
ATT004827,EMP038,2026-03-17,remote,8,9.4,,0,1.4
ATT004828,EMP038,2026-03-18,present,8,7.1,,0,0
ATT004829,EMP038,2026-03-19,present,8,7.8,,0,0
ATT004830,EMP038,2026-03-20,half_day,8,4.3,,0,0
ATT004831,EMP038,2026-03-23,absent,8,0,,0,0
ATT004832,EMP038,2026-03-24,remote,8,7.1,,0,0
ATT004833,EMP038,2026-03-25,present,8,9.5,,0,1.5
ATT004834,EMP038,2026-03-26,present,8,7.4,,0,0
ATT004835,EMP038,2026-03-27,present,8,9.0,,0,1.0
ATT004836,EMP038,2026-03-30,holiday,8,0,,0,0
ATT004837,EMP038,2026-03-31,present,8,7.1,,0,0
ATT004838,EMP038,2026-04-01,present,8,8.3,,0,0.3
ATT004839,EMP038,2026-04-02,present,8,9.3,,0,1.3
ATT004840,EMP038,2026-04-03,absent,8,0,,0,0
ATT004841,EMP038,2026-04-06,present,8,8.8,,0,0.8
ATT004842,EMP038,2026-04-07,present,8,9.3,,0,1.3
ATT004843,EMP038,2026-04-08,present,8,8.0,,10,0
ATT004844,EMP038,2026-04-09,present,8,8.6,,0,0.6
ATT004845,EMP038,2026-04-10,present,8,9.4,,0,1.4
ATT004846,EMP038,2026-04-13,remote,8,7.2,,0,0
ATT004847,EMP038,2026-04-14,holiday,8,0,,0,0
ATT004848,EMP038,2026-04-15,present,8,8.4,,0,0.4
ATT004849,EMP038,2026-04-16,remote,8,8.4,,15,0.4
ATT004850,EMP038,2026-04-17,present,8,7.3,,10,0
ATT004851,EMP038,2026-04-20,leave,8,0,emergency,0,0
ATT004852,EMP038,2026-04-21,leave,8,0,emergency,0,0
ATT004853,EMP038,2026-04-22,present,8,7.5,,0,0
ATT004854,EMP038,2026-04-23,present,8,7.7,,0,0
ATT004855,EMP038,2026-04-24,remote,8,8.3,,0,0.3
ATT004856,EMP038,2026-04-27,present,8,8.0,,0,0
ATT004857,EMP038,2026-04-28,present,8,8.4,,0,0.4
ATT004858,EMP038,2026-04-29,present,8,8.8,,0,0.8
ATT004859,EMP038,2026-04-30,leave,8,0,emergency,0,0
ATT004860,EMP038,2026-05-01,holiday,8,0,,0,0
ATT004861,EMP038,2026-05-04,present,8,7.8,,0,0
ATT004862,EMP038,2026-05-05,present,8,8.7,,0,0.7
ATT004863,EMP038,2026-05-06,present,8,7.2,,0,0
ATT004864,EMP038,2026-05-07,present,8,8.0,,0,0
ATT004865,EMP038,2026-05-08,remote,8,8.3,,0,0.3
ATT004866,EMP038,2026-05-11,present,8,8.2,,0,0.2
ATT004867,EMP038,2026-05-12,remote,8,8.7,,0,0.7
ATT004868,EMP038,2026-05-13,present,8,7.1,,0,0
ATT004869,EMP038,2026-05-14,present,8,9.2,,0,1.2
ATT004870,EMP038,2026-05-15,remote,8,8.2,,0,0.2
ATT004871,EMP038,2026-05-18,present,8,9.1,,0,1.1
ATT004872,EMP038,2026-05-19,present,8,7.6,,0,0
ATT004873,EMP038,2026-05-20,absent,8,0,,0,0
ATT004874,EMP038,2026-05-21,remote,8,7.8,,0,0
ATT004875,EMP038,2026-05-22,remote,8,7.1,,0,0
ATT004876,EMP038,2026-05-25,remote,8,9.1,,0,1.1
ATT004877,EMP038,2026-05-26,present,8,8.6,,0,0.6
ATT004878,EMP038,2026-05-27,present,8,7.5,,0,0
ATT004879,EMP038,2026-05-28,present,8,7.3,,0,0
ATT004880,EMP038,2026-05-29,leave,8,0,personal,0,0
ATT004881,EMP038,2026-06-01,present,8,8.9,,0,0.9
ATT004882,EMP038,2026-06-02,remote,8,9.1,,0,1.1
ATT004883,EMP038,2026-06-03,remote,8,8.2,,15,0.2
ATT004884,EMP038,2026-06-04,present,8,8.0,,0,0
ATT004885,EMP038,2026-06-05,leave,8,0,sick,0,0
ATT004886,EMP038,2026-06-08,present,8,7.0,,0,0
ATT004887,EMP038,2026-06-09,remote,8,8.0,,0,0
ATT004888,EMP038,2026-06-10,present,8,7.1,,0,0
ATT004889,EMP038,2026-06-11,remote,8,7.6,,0,0
ATT004890,EMP038,2026-06-12,remote,8,7.9,,0,0
ATT004891,EMP038,2026-06-15,present,8,9.3,,0,1.3
ATT004892,EMP038,2026-06-16,absent,8,0,,0,0
ATT004893,EMP038,2026-06-17,holiday,8,0,,0,0
ATT004894,EMP038,2026-06-18,present,8,9.4,,0,1.4
ATT004895,EMP038,2026-06-19,present,8,7.2,,15,0
ATT004896,EMP038,2026-06-22,present,8,7.6,,0,0
ATT004897,EMP038,2026-06-23,present,8,7.0,,0,0
ATT004898,EMP038,2026-06-24,present,8,8.0,,0,0
ATT004899,EMP038,2026-06-25,present,8,8.5,,0,0.5
ATT004900,EMP038,2026-06-26,present,8,9.2,,0,1.2
ATT004901,EMP038,2026-06-29,remote,8,8.4,,0,0.4
ATT004902,EMP038,2026-06-30,remote,8,8.1,,30,0.1
ATT004903,EMP039,2026-01-01,present,8,8.1,,0,0.1
ATT004904,EMP039,2026-01-02,half_day,8,3.6,,0,0
ATT004905,EMP039,2026-01-05,present,8,9.0,,0,1.0
ATT004906,EMP039,2026-01-06,present,8,7.0,,0,0
ATT004907,EMP039,2026-01-07,present,8,7.5,,0,0
ATT004908,EMP039,2026-01-08,present,8,8.6,,0,0.6
ATT004909,EMP039,2026-01-09,remote,8,8.8,,0,0.8
ATT004910,EMP039,2026-01-12,absent,8,0,,0,0
ATT004911,EMP039,2026-01-13,remote,8,7.5,,0,0
ATT004912,EMP039,2026-01-14,absent,8,0,,0,0
ATT004913,EMP039,2026-01-15,present,8,8.0,,0,0
ATT004914,EMP039,2026-01-16,leave,8,0,emergency,0,0
ATT004915,EMP039,2026-01-19,remote,8,8.0,,0,0
ATT004916,EMP039,2026-01-20,present,8,8.6,,0,0.6
ATT004917,EMP039,2026-01-21,leave,8,0,earned,0,0
ATT004918,EMP039,2026-01-22,half_day,8,3.8,,15,0
ATT004919,EMP039,2026-01-23,present,8,7.2,,0,0
ATT004920,EMP039,2026-01-26,holiday,8,0,,0,0
ATT004921,EMP039,2026-01-27,present,8,8.7,,0,0.7
ATT004922,EMP039,2026-01-28,remote,8,7.0,,0,0
ATT004923,EMP039,2026-01-29,present,8,8.2,,0,0.2
ATT004924,EMP039,2026-01-30,present,8,9.0,,0,1.0
ATT004925,EMP039,2026-02-02,leave,8,0,casual,0,0
ATT004926,EMP039,2026-02-03,absent,8,0,,0,0
ATT004927,EMP039,2026-02-04,present,8,8.1,,0,0.1
ATT004928,EMP039,2026-02-05,present,8,9.2,,0,1.2
ATT004929,EMP039,2026-02-06,leave,8,0,personal,0,0
ATT004930,EMP039,2026-02-09,present,8,7.4,,0,0
ATT004931,EMP039,2026-02-10,remote,8,7.9,,0,0
ATT004932,EMP039,2026-02-11,leave,8,0,casual,0,0
ATT004933,EMP039,2026-02-12,present,8,8.4,,0,0.4
ATT004934,EMP039,2026-02-13,remote,8,8.9,,0,0.9
ATT004935,EMP039,2026-02-16,present,8,8.1,,0,0.1
ATT004936,EMP039,2026-02-17,absent,8,0,,0,0
ATT004937,EMP039,2026-02-18,present,8,8.3,,0,0.3
ATT004938,EMP039,2026-02-19,remote,8,8.2,,0,0.2
ATT004939,EMP039,2026-02-20,remote,8,8.3,,0,0.3
ATT004940,EMP039,2026-02-23,remote,8,8.3,,0,0.3
ATT004941,EMP039,2026-02-24,absent,8,0,,0,0
ATT004942,EMP039,2026-02-25,present,8,8.1,,0,0.1
ATT004943,EMP039,2026-02-26,remote,8,7.8,,0,0
ATT004944,EMP039,2026-02-27,absent,8,0,,0,0
ATT004945,EMP039,2026-03-02,leave,8,0,casual,0,0
ATT004946,EMP039,2026-03-03,present,8,8.2,,0,0.2
ATT004947,EMP039,2026-03-04,present,8,7.1,,0,0
ATT004948,EMP039,2026-03-05,remote,8,9.1,,0,1.1
ATT004949,EMP039,2026-03-06,present,8,8.6,,0,0.6
ATT004950,EMP039,2026-03-09,present,8,8.8,,0,0.8
ATT004951,EMP039,2026-03-10,holiday,8,0,,0,0
ATT004952,EMP039,2026-03-11,present,8,7.8,,0,0
ATT004953,EMP039,2026-03-12,present,8,8.1,,0,0.1
ATT004954,EMP039,2026-03-13,present,8,8.3,,0,0.3
ATT004955,EMP039,2026-03-16,remote,8,8.0,,10,0
ATT004956,EMP039,2026-03-17,absent,8,0,,0,0
ATT004957,EMP039,2026-03-18,absent,8,0,,0,0
ATT004958,EMP039,2026-03-19,leave,8,0,emergency,0,0
ATT004959,EMP039,2026-03-20,present,8,7.5,,20,0
ATT004960,EMP039,2026-03-23,remote,8,8.4,,0,0.4
ATT004961,EMP039,2026-03-24,remote,8,8.6,,0,0.6
ATT004962,EMP039,2026-03-25,present,8,9.0,,0,1.0
ATT004963,EMP039,2026-03-26,leave,8,0,sick,0,0
ATT004964,EMP039,2026-03-27,absent,8,0,,0,0
ATT004965,EMP039,2026-03-30,holiday,8,0,,0,0
ATT004966,EMP039,2026-03-31,remote,8,7.1,,0,0
ATT004967,EMP039,2026-04-01,leave,8,0,earned,0,0
ATT004968,EMP039,2026-04-02,absent,8,0,,0,0
ATT004969,EMP039,2026-04-03,remote,8,7.5,,0,0
ATT004970,EMP039,2026-04-06,present,8,7.7,,0,0
ATT004971,EMP039,2026-04-07,present,8,8.7,,0,0.7
ATT004972,EMP039,2026-04-08,present,8,7.9,,0,0
ATT004973,EMP039,2026-04-09,present,8,7.6,,0,0
ATT004974,EMP039,2026-04-10,leave,8,0,earned,0,0
ATT004975,EMP039,2026-04-13,present,8,8.6,,0,0.6
ATT004976,EMP039,2026-04-14,holiday,8,0,,0,0
ATT004977,EMP039,2026-04-15,remote,8,8.2,,0,0.2
ATT004978,EMP039,2026-04-16,present,8,9.1,,0,1.1
ATT004979,EMP039,2026-04-17,leave,8,0,earned,0,0
ATT004980,EMP039,2026-04-20,present,8,7.3,,0,0
ATT004981,EMP039,2026-04-21,leave,8,0,personal,0,0
ATT004982,EMP039,2026-04-22,leave,8,0,sick,0,0
ATT004983,EMP039,2026-04-23,leave,8,0,earned,0,0
ATT004984,EMP039,2026-04-24,present,8,8.7,,0,0.7
ATT004985,EMP039,2026-04-27,leave,8,0,personal,0,0
ATT004986,EMP039,2026-04-28,absent,8,0,,0,0
ATT004987,EMP039,2026-04-29,remote,8,8.3,,0,0.3
ATT004988,EMP039,2026-04-30,present,8,7.5,,0,0
ATT004989,EMP039,2026-05-01,holiday,8,0,,0,0
ATT004990,EMP039,2026-05-04,leave,8,0,casual,0,0
ATT004991,EMP039,2026-05-05,remote,8,9.1,,0,1.1
ATT004992,EMP039,2026-05-06,leave,8,0,personal,0,0
ATT004993,EMP039,2026-05-07,present,8,8.0,,0,0
ATT004994,EMP039,2026-05-08,present,8,9.1,,0,1.1
ATT004995,EMP039,2026-05-11,present,8,9.2,,0,1.2
ATT004996,EMP039,2026-05-12,present,8,7.7,,0,0
ATT004997,EMP039,2026-05-13,leave,8,0,earned,0,0
ATT004998,EMP039,2026-05-14,present,8,9.0,,0,1.0
ATT004999,EMP039,2026-05-15,leave,8,0,earned,0,0
ATT005000,EMP039,2026-05-18,present,8,8.7,,0,0.7
ATT005001,EMP039,2026-05-19,present,8,7.6,,0,0
ATT005002,EMP039,2026-05-20,present,8,8.5,,0,0.5
ATT005003,EMP039,2026-05-21,present,8,8.9,,0,0.9
ATT005004,EMP039,2026-05-22,leave,8,0,earned,0,0
ATT005005,EMP039,2026-05-25,leave,8,0,emergency,0,0
ATT005006,EMP039,2026-05-26,absent,8,0,,0,0
ATT005007,EMP039,2026-05-27,remote,8,7.7,,0,0
ATT005008,EMP039,2026-05-28,present,8,8.6,,10,0.6
ATT005009,EMP039,2026-05-29,present,8,8.4,,0,0.4
ATT005010,EMP039,2026-06-01,present,8,8.2,,0,0.2
ATT005011,EMP039,2026-06-02,present,8,9.4,,0,1.4
ATT005012,EMP039,2026-06-03,remote,8,9.5,,0,1.5
ATT005013,EMP039,2026-06-04,remote,8,8.3,,0,0.3
ATT005014,EMP039,2026-06-05,present,8,8.6,,0,0.6
ATT005015,EMP039,2026-06-08,present,8,9.0,,0,1.0
ATT005016,EMP039,2026-06-09,absent,8,0,,0,0
ATT005017,EMP039,2026-06-10,present,8,7.8,,0,0
ATT005018,EMP039,2026-06-11,present,8,7.4,,0,0
ATT005019,EMP039,2026-06-12,present,8,9.0,,0,1.0
ATT005020,EMP039,2026-06-15,leave,8,0,personal,0,0
ATT005021,EMP039,2026-06-16,leave,8,0,emergency,0,0
ATT005022,EMP039,2026-06-17,holiday,8,0,,0,0
ATT005023,EMP039,2026-06-18,present,8,7.9,,0,0
ATT005024,EMP039,2026-06-19,present,8,7.2,,0,0
ATT005025,EMP039,2026-06-22,present,8,8.2,,0,0.2
ATT005026,EMP039,2026-06-23,present,8,7.4,,0,0
ATT005027,EMP039,2026-06-24,absent,8,0,,0,0
ATT005028,EMP039,2026-06-25,present,8,7.1,,0,0
ATT005029,EMP039,2026-06-26,absent,8,0,,0,0
ATT005030,EMP039,2026-06-29,present,8,7.4,,0,0
ATT005031,EMP039,2026-06-30,leave,8,0,personal,0,0
ATT005032,EMP040,2026-01-01,present,8,7.7,,0,0
ATT005033,EMP040,2026-01-02,present,8,7.8,,0,0
ATT005034,EMP040,2026-01-05,present,8,9.5,,0,1.5
ATT005035,EMP040,2026-01-06,leave,8,0,personal,0,0
ATT005036,EMP040,2026-01-07,present,8,7.5,,15,0
ATT005037,EMP040,2026-01-08,half_day,8,4.4,,0,0
ATT005038,EMP040,2026-01-09,present,8,9.4,,0,1.4
ATT005039,EMP040,2026-01-12,present,8,9.1,,0,1.1
ATT005040,EMP040,2026-01-13,leave,8,0,sick,0,0
ATT005041,EMP040,2026-01-14,present,8,9.0,,0,1.0
ATT005042,EMP040,2026-01-15,present,8,9.4,,0,1.4
ATT005043,EMP040,2026-01-16,present,8,9.1,,0,1.1
ATT005044,EMP040,2026-01-19,present,8,9.4,,0,1.4
ATT005045,EMP040,2026-01-20,present,8,9.0,,0,1.0
ATT005046,EMP040,2026-01-21,remote,8,9.4,,0,1.4
ATT005047,EMP040,2026-01-22,present,8,9.4,,0,1.4
ATT005048,EMP040,2026-01-23,remote,8,9.0,,0,1.0
ATT005049,EMP040,2026-01-26,holiday,8,0,,0,0
ATT005050,EMP040,2026-01-27,present,8,8.6,,0,0.6
ATT005051,EMP040,2026-01-28,present,8,8.3,,0,0.3
ATT005052,EMP040,2026-01-29,remote,8,9.5,,0,1.5
ATT005053,EMP040,2026-01-30,remote,8,8.4,,0,0.4
ATT005054,EMP040,2026-02-02,present,8,9.0,,0,1.0
ATT005055,EMP040,2026-02-03,present,8,8.8,,0,0.8
ATT005056,EMP040,2026-02-04,present,8,8.5,,0,0.5
ATT005057,EMP040,2026-02-05,remote,8,7.4,,0,0
ATT005058,EMP040,2026-02-06,present,8,7.7,,0,0
ATT005059,EMP040,2026-02-09,remote,8,7.5,,0,0
ATT005060,EMP040,2026-02-10,present,8,8.8,,10,0.8
ATT005061,EMP040,2026-02-11,present,8,8.7,,0,0.7
ATT005062,EMP040,2026-02-12,remote,8,7.3,,0,0
ATT005063,EMP040,2026-02-13,remote,8,8.8,,15,0.8
ATT005064,EMP040,2026-02-16,present,8,8.5,,0,0.5
ATT005065,EMP040,2026-02-17,half_day,8,4.4,,0,0
ATT005066,EMP040,2026-02-18,remote,8,7.4,,15,0
ATT005067,EMP040,2026-02-19,remote,8,8.2,,0,0.2
ATT005068,EMP040,2026-02-20,present,8,8.0,,0,0
ATT005069,EMP040,2026-02-23,present,8,8.3,,0,0.3
ATT005070,EMP040,2026-02-24,remote,8,8.1,,0,0.1
ATT005071,EMP040,2026-02-25,present,8,7.5,,0,0
ATT005072,EMP040,2026-02-26,remote,8,8.2,,0,0.2
ATT005073,EMP040,2026-02-27,present,8,8.4,,0,0.4
ATT005074,EMP040,2026-03-02,present,8,7.5,,0,0
ATT005075,EMP040,2026-03-03,remote,8,7.7,,0,0
ATT005076,EMP040,2026-03-04,leave,8,0,personal,0,0
ATT005077,EMP040,2026-03-05,present,8,8.9,,30,0.9
ATT005078,EMP040,2026-03-06,present,8,8.1,,0,0.1
ATT005079,EMP040,2026-03-09,present,8,7.3,,0,0
ATT005080,EMP040,2026-03-10,holiday,8,0,,0,0
ATT005081,EMP040,2026-03-11,half_day,8,3.9,,0,0
ATT005082,EMP040,2026-03-12,present,8,8.4,,0,0.4
ATT005083,EMP040,2026-03-13,present,8,9.3,,0,1.3
ATT005084,EMP040,2026-03-16,present,8,9.2,,0,1.2
ATT005085,EMP040,2026-03-17,leave,8,0,casual,0,0
ATT005086,EMP040,2026-03-18,present,8,8.6,,0,0.6
ATT005087,EMP040,2026-03-19,present,8,7.1,,0,0
ATT005088,EMP040,2026-03-20,remote,8,8.4,,0,0.4
ATT005089,EMP040,2026-03-23,remote,8,9.3,,0,1.3
ATT005090,EMP040,2026-03-24,remote,8,9.4,,0,1.4
ATT005091,EMP040,2026-03-25,present,8,8.5,,0,0.5
ATT005092,EMP040,2026-03-26,leave,8,0,casual,0,0
ATT005093,EMP040,2026-03-27,present,8,7.1,,0,0
ATT005094,EMP040,2026-03-30,holiday,8,0,,0,0
ATT005095,EMP040,2026-03-31,present,8,8.1,,0,0.1
ATT005096,EMP040,2026-04-01,remote,8,9.5,,0,1.5
ATT005097,EMP040,2026-04-02,remote,8,8.3,,0,0.3
ATT005098,EMP040,2026-04-03,present,8,7.6,,0,0
ATT005099,EMP040,2026-04-06,present,8,7.6,,0,0
ATT005100,EMP040,2026-04-07,present,8,7.2,,0,0
ATT005101,EMP040,2026-04-08,absent,8,0,,0,0
ATT005102,EMP040,2026-04-09,present,8,9.2,,0,1.2
ATT005103,EMP040,2026-04-10,remote,8,8.2,,0,0.2
ATT005104,EMP040,2026-04-13,present,8,7.2,,0,0
ATT005105,EMP040,2026-04-14,holiday,8,0,,0,0
ATT005106,EMP040,2026-04-15,present,8,7.1,,0,0
ATT005107,EMP040,2026-04-16,leave,8,0,emergency,0,0
ATT005108,EMP040,2026-04-17,remote,8,9.2,,0,1.2
ATT005109,EMP040,2026-04-20,absent,8,0,,0,0
ATT005110,EMP040,2026-04-21,present,8,7.1,,0,0
ATT005111,EMP040,2026-04-22,remote,8,9.3,,0,1.3
ATT005112,EMP040,2026-04-23,present,8,7.9,,0,0
ATT005113,EMP040,2026-04-24,remote,8,8.6,,0,0.6
ATT005114,EMP040,2026-04-27,leave,8,0,earned,0,0
ATT005115,EMP040,2026-04-28,present,8,7.3,,5,0
ATT005116,EMP040,2026-04-29,absent,8,0,,0,0
ATT005117,EMP040,2026-04-30,present,8,7.3,,0,0
ATT005118,EMP040,2026-05-01,holiday,8,0,,0,0
ATT005119,EMP040,2026-05-04,present,8,8.4,,0,0.4
ATT005120,EMP040,2026-05-05,leave,8,0,earned,0,0
ATT005121,EMP040,2026-05-06,leave,8,0,casual,0,0
ATT005122,EMP040,2026-05-07,absent,8,0,,0,0
ATT005123,EMP040,2026-05-08,present,8,8.8,,10,0.8
ATT005124,EMP040,2026-05-11,present,8,7.9,,0,0
ATT005125,EMP040,2026-05-12,present,8,8.6,,0,0.6
ATT005126,EMP040,2026-05-13,present,8,8.3,,0,0.3
ATT005127,EMP040,2026-05-14,remote,8,7.1,,0,0
ATT005128,EMP040,2026-05-15,present,8,7.5,,0,0
ATT005129,EMP040,2026-05-18,present,8,9.2,,0,1.2
ATT005130,EMP040,2026-05-19,present,8,9.4,,0,1.4
ATT005131,EMP040,2026-05-20,half_day,8,3.6,,0,0
ATT005132,EMP040,2026-05-21,leave,8,0,personal,0,0
ATT005133,EMP040,2026-05-22,present,8,7.6,,0,0
ATT005134,EMP040,2026-05-25,leave,8,0,emergency,0,0
ATT005135,EMP040,2026-05-26,remote,8,7.1,,0,0
ATT005136,EMP040,2026-05-27,present,8,7.9,,0,0
ATT005137,EMP040,2026-05-28,present,8,8.6,,0,0.6
ATT005138,EMP040,2026-05-29,present,8,9.3,,0,1.3
ATT005139,EMP040,2026-06-01,remote,8,7.3,,0,0
ATT005140,EMP040,2026-06-02,present,8,9.3,,0,1.3
ATT005141,EMP040,2026-06-03,present,8,7.7,,0,0
ATT005142,EMP040,2026-06-04,present,8,8.4,,0,0.4
ATT005143,EMP040,2026-06-05,remote,8,9.3,,0,1.3
ATT005144,EMP040,2026-06-08,present,8,9.4,,0,1.4
ATT005145,EMP040,2026-06-09,present,8,8.1,,0,0.1
ATT005146,EMP040,2026-06-10,remote,8,9.0,,0,1.0
ATT005147,EMP040,2026-06-11,present,8,8.0,,0,0
ATT005148,EMP040,2026-06-12,remote,8,7.6,,30,0
ATT005149,EMP040,2026-06-15,present,8,7.6,,0,0
ATT005150,EMP040,2026-06-16,present,8,7.9,,0,0
ATT005151,EMP040,2026-06-17,holiday,8,0,,0,0
ATT005152,EMP040,2026-06-18,present,8,7.9,,0,0
ATT005153,EMP040,2026-06-19,present,8,8.5,,0,0.5
ATT005154,EMP040,2026-06-22,remote,8,7.0,,0,0
ATT005155,EMP040,2026-06-23,present,8,8.0,,0,0
ATT005156,EMP040,2026-06-24,leave,8,0,earned,0,0
ATT005157,EMP040,2026-06-25,present,8,7.6,,0,0
ATT005158,EMP040,2026-06-26,remote,8,7.9,,0,0
ATT005159,EMP040,2026-06-29,present,8,9.4,,0,1.4
ATT005160,EMP040,2026-06-30,remote,8,9.3,,0,1.3
ATT005161,EMP041,2026-01-01,present,8,7.5,,0,0
ATT005162,EMP041,2026-01-02,leave,8,0,personal,0,0
ATT005163,EMP041,2026-01-05,present,8,9.2,,0,1.2
ATT005164,EMP041,2026-01-06,present,8,7.8,,0,0
ATT005165,EMP041,2026-01-07,present,8,7.5,,0,0
ATT005166,EMP041,2026-01-08,present,8,8.8,,0,0.8
ATT005167,EMP041,2026-01-09,present,8,9.1,,0,1.1
ATT005168,EMP041,2026-01-12,present,8,7.2,,0,0
ATT005169,EMP041,2026-01-13,remote,8,9.3,,0,1.3
ATT005170,EMP041,2026-01-14,present,8,8.1,,0,0.1
ATT005171,EMP041,2026-01-15,leave,8,0,casual,0,0
ATT005172,EMP041,2026-01-16,present,8,7.1,,0,0
ATT005173,EMP041,2026-01-19,present,8,8.1,,0,0.1
ATT005174,EMP041,2026-01-20,present,8,9.5,,0,1.5
ATT005175,EMP041,2026-01-21,present,8,7.0,,0,0
ATT005176,EMP041,2026-01-22,present,8,7.4,,0,0
ATT005177,EMP041,2026-01-23,present,8,8.2,,0,0.2
ATT005178,EMP041,2026-01-26,holiday,8,0,,0,0
ATT005179,EMP041,2026-01-27,leave,8,0,earned,0,0
ATT005180,EMP041,2026-01-28,present,8,7.9,,0,0
ATT005181,EMP041,2026-01-29,present,8,8.2,,0,0.2
ATT005182,EMP041,2026-01-30,present,8,7.7,,0,0
ATT005183,EMP041,2026-02-02,leave,8,0,casual,0,0
ATT005184,EMP041,2026-02-03,remote,8,8.8,,0,0.8
ATT005185,EMP041,2026-02-04,remote,8,7.3,,0,0
ATT005186,EMP041,2026-02-05,present,8,7.5,,0,0
ATT005187,EMP041,2026-02-06,present,8,7.8,,0,0
ATT005188,EMP041,2026-02-09,present,8,8.7,,10,0.7
ATT005189,EMP041,2026-02-10,present,8,9.3,,0,1.3
ATT005190,EMP041,2026-02-11,remote,8,7.6,,0,0
ATT005191,EMP041,2026-02-12,present,8,7.4,,0,0
ATT005192,EMP041,2026-02-13,present,8,7.6,,0,0
ATT005193,EMP041,2026-02-16,present,8,9.4,,0,1.4
ATT005194,EMP041,2026-02-17,present,8,8.9,,0,0.9
ATT005195,EMP041,2026-02-18,remote,8,7.9,,0,0
ATT005196,EMP041,2026-02-19,present,8,7.1,,0,0
ATT005197,EMP041,2026-02-20,present,8,7.3,,0,0
ATT005198,EMP041,2026-02-23,leave,8,0,earned,0,0
ATT005199,EMP041,2026-02-24,present,8,9.2,,0,1.2
ATT005200,EMP041,2026-02-25,leave,8,0,personal,0,0
ATT005201,EMP041,2026-02-26,remote,8,7.9,,0,0
ATT005202,EMP041,2026-02-27,present,8,7.1,,0,0
ATT005203,EMP041,2026-03-02,present,8,8.1,,30,0.1
ATT005204,EMP041,2026-03-03,present,8,8.4,,0,0.4
ATT005205,EMP041,2026-03-04,present,8,8.4,,0,0.4
ATT005206,EMP041,2026-03-05,present,8,9.4,,0,1.4
ATT005207,EMP041,2026-03-06,leave,8,0,casual,0,0
ATT005208,EMP041,2026-03-09,present,8,8.2,,15,0.2
ATT005209,EMP041,2026-03-10,holiday,8,0,,0,0
ATT005210,EMP041,2026-03-11,leave,8,0,personal,0,0
ATT005211,EMP041,2026-03-12,present,8,8.4,,0,0.4
ATT005212,EMP041,2026-03-13,remote,8,7.3,,0,0
ATT005213,EMP041,2026-03-16,leave,8,0,personal,0,0
ATT005214,EMP041,2026-03-17,present,8,8.9,,0,0.9
ATT005215,EMP041,2026-03-18,present,8,9.5,,0,1.5
ATT005216,EMP041,2026-03-19,remote,8,8.6,,0,0.6
ATT005217,EMP041,2026-03-20,absent,8,0,,0,0
ATT005218,EMP041,2026-03-23,present,8,8.5,,0,0.5
ATT005219,EMP041,2026-03-24,remote,8,7.9,,0,0
ATT005220,EMP041,2026-03-25,present,8,7.9,,20,0
ATT005221,EMP041,2026-03-26,present,8,9.3,,0,1.3
ATT005222,EMP041,2026-03-27,leave,8,0,personal,0,0
ATT005223,EMP041,2026-03-30,holiday,8,0,,0,0
ATT005224,EMP041,2026-03-31,remote,8,8.9,,0,0.9
ATT005225,EMP041,2026-04-01,remote,8,9.2,,0,1.2
ATT005226,EMP041,2026-04-02,present,8,8.0,,0,0
ATT005227,EMP041,2026-04-03,absent,8,0,,0,0
ATT005228,EMP041,2026-04-06,present,8,8.1,,0,0.1
ATT005229,EMP041,2026-04-07,leave,8,0,casual,0,0
ATT005230,EMP041,2026-04-08,present,8,7.3,,0,0
ATT005231,EMP041,2026-04-09,leave,8,0,emergency,0,0
ATT005232,EMP041,2026-04-10,present,8,8.5,,0,0.5
ATT005233,EMP041,2026-04-13,present,8,7.3,,0,0
ATT005234,EMP041,2026-04-14,holiday,8,0,,0,0
ATT005235,EMP041,2026-04-15,present,8,7.6,,0,0
ATT005236,EMP041,2026-04-16,present,8,7.8,,0,0
ATT005237,EMP041,2026-04-17,remote,8,8.5,,0,0.5
ATT005238,EMP041,2026-04-20,half_day,8,3.6,,0,0
ATT005239,EMP041,2026-04-21,remote,8,7.4,,0,0
ATT005240,EMP041,2026-04-22,remote,8,8.7,,0,0.7
ATT005241,EMP041,2026-04-23,present,8,9.2,,0,1.2
ATT005242,EMP041,2026-04-24,remote,8,8.0,,0,0
ATT005243,EMP041,2026-04-27,present,8,8.1,,0,0.1
ATT005244,EMP041,2026-04-28,leave,8,0,casual,0,0
ATT005245,EMP041,2026-04-29,remote,8,7.1,,20,0
ATT005246,EMP041,2026-04-30,absent,8,0,,0,0
ATT005247,EMP041,2026-05-01,holiday,8,0,,0,0
ATT005248,EMP041,2026-05-04,present,8,8.0,,0,0
ATT005249,EMP041,2026-05-05,present,8,7.9,,0,0
ATT005250,EMP041,2026-05-06,present,8,7.7,,0,0
ATT005251,EMP041,2026-05-07,leave,8,0,emergency,0,0
ATT005252,EMP041,2026-05-08,remote,8,8.9,,0,0.9
ATT005253,EMP041,2026-05-11,present,8,8.8,,15,0.8
ATT005254,EMP041,2026-05-12,leave,8,0,earned,0,0
ATT005255,EMP041,2026-05-13,absent,8,0,,0,0
ATT005256,EMP041,2026-05-14,present,8,8.5,,0,0.5
ATT005257,EMP041,2026-05-15,present,8,8.1,,0,0.1
ATT005258,EMP041,2026-05-18,present,8,7.2,,0,0
ATT005259,EMP041,2026-05-19,remote,8,8.0,,0,0
ATT005260,EMP041,2026-05-20,present,8,7.7,,0,0
ATT005261,EMP041,2026-05-21,present,8,7.8,,0,0
ATT005262,EMP041,2026-05-22,present,8,8.8,,0,0.8
ATT005263,EMP041,2026-05-25,present,8,9.2,,0,1.2
ATT005264,EMP041,2026-05-26,present,8,9.2,,0,1.2
ATT005265,EMP041,2026-05-27,present,8,9.0,,0,1.0
ATT005266,EMP041,2026-05-28,leave,8,0,personal,0,0
ATT005267,EMP041,2026-05-29,present,8,7.7,,0,0
ATT005268,EMP041,2026-06-01,remote,8,8.9,,0,0.9
ATT005269,EMP041,2026-06-02,present,8,7.7,,0,0
ATT005270,EMP041,2026-06-03,remote,8,8.2,,0,0.2
ATT005271,EMP041,2026-06-04,present,8,7.3,,0,0
ATT005272,EMP041,2026-06-05,present,8,8.4,,0,0.4
ATT005273,EMP041,2026-06-08,present,8,7.0,,0,0
ATT005274,EMP041,2026-06-09,present,8,8.6,,0,0.6
ATT005275,EMP041,2026-06-10,present,8,7.5,,0,0
ATT005276,EMP041,2026-06-11,present,8,7.7,,0,0
ATT005277,EMP041,2026-06-12,present,8,7.5,,0,0
ATT005278,EMP041,2026-06-15,present,8,9.4,,0,1.4
ATT005279,EMP041,2026-06-16,present,8,7.9,,10,0
ATT005280,EMP041,2026-06-17,holiday,8,0,,0,0
ATT005281,EMP041,2026-06-18,leave,8,0,earned,0,0
ATT005282,EMP041,2026-06-19,present,8,7.7,,0,0
ATT005283,EMP041,2026-06-22,remote,8,8.9,,0,0.9
ATT005284,EMP041,2026-06-23,present,8,7.7,,0,0
ATT005285,EMP041,2026-06-24,leave,8,0,emergency,0,0
ATT005286,EMP041,2026-06-25,present,8,9.0,,0,1.0
ATT005287,EMP041,2026-06-26,absent,8,0,,0,0
ATT005288,EMP041,2026-06-29,leave,8,0,personal,0,0
ATT005289,EMP041,2026-06-30,present,8,7.6,,0,0
ATT005290,EMP042,2026-01-01,present,8,8.3,,0,0.3
ATT005291,EMP042,2026-01-02,remote,8,9.3,,0,1.3
ATT005292,EMP042,2026-01-05,remote,8,8.7,,0,0.7
ATT005293,EMP042,2026-01-06,remote,8,9.1,,0,1.1
ATT005294,EMP042,2026-01-07,half_day,8,3.8,,0,0
ATT005295,EMP042,2026-01-08,remote,8,8.9,,0,0.9
ATT005296,EMP042,2026-01-09,present,8,8.1,,0,0.1
ATT005297,EMP042,2026-01-12,remote,8,9.3,,0,1.3
ATT005298,EMP042,2026-01-13,present,8,9.0,,0,1.0
ATT005299,EMP042,2026-01-14,present,8,7.4,,0,0
ATT005300,EMP042,2026-01-15,present,8,7.2,,20,0
ATT005301,EMP042,2026-01-16,present,8,7.5,,0,0
ATT005302,EMP042,2026-01-19,remote,8,7.2,,0,0
ATT005303,EMP042,2026-01-20,present,8,8.0,,0,0
ATT005304,EMP042,2026-01-21,present,8,8.4,,0,0.4
ATT005305,EMP042,2026-01-22,present,8,7.5,,0,0
ATT005306,EMP042,2026-01-23,present,8,9.4,,0,1.4
ATT005307,EMP042,2026-01-26,holiday,8,0,,0,0
ATT005308,EMP042,2026-01-27,remote,8,7.4,,0,0
ATT005309,EMP042,2026-01-28,present,8,7.5,,20,0
ATT005310,EMP042,2026-01-29,remote,8,8.5,,0,0.5
ATT005311,EMP042,2026-01-30,present,8,8.6,,0,0.6
ATT005312,EMP042,2026-02-02,present,8,7.2,,0,0
ATT005313,EMP042,2026-02-03,present,8,8.3,,0,0.3
ATT005314,EMP042,2026-02-04,present,8,8.2,,0,0.2
ATT005315,EMP042,2026-02-05,present,8,8.4,,20,0.4
ATT005316,EMP042,2026-02-06,present,8,9.0,,0,1.0
ATT005317,EMP042,2026-02-09,present,8,7.8,,0,0
ATT005318,EMP042,2026-02-10,present,8,7.9,,0,0
ATT005319,EMP042,2026-02-11,present,8,9.0,,0,1.0
ATT005320,EMP042,2026-02-12,present,8,7.5,,0,0
ATT005321,EMP042,2026-02-13,present,8,8.7,,0,0.7
ATT005322,EMP042,2026-02-16,present,8,7.2,,30,0
ATT005323,EMP042,2026-02-17,remote,8,9.1,,0,1.1
ATT005324,EMP042,2026-02-18,present,8,9.1,,0,1.1
ATT005325,EMP042,2026-02-19,remote,8,8.5,,10,0.5
ATT005326,EMP042,2026-02-20,remote,8,8.7,,0,0.7
ATT005327,EMP042,2026-02-23,remote,8,7.3,,0,0
ATT005328,EMP042,2026-02-24,remote,8,7.2,,0,0
ATT005329,EMP042,2026-02-25,present,8,7.3,,0,0
ATT005330,EMP042,2026-02-26,present,8,8.7,,0,0.7
ATT005331,EMP042,2026-02-27,present,8,7.2,,0,0
ATT005332,EMP042,2026-03-02,present,8,8.7,,0,0.7
ATT005333,EMP042,2026-03-03,remote,8,9.2,,0,1.2
ATT005334,EMP042,2026-03-04,present,8,9.4,,0,1.4
ATT005335,EMP042,2026-03-05,remote,8,8.1,,0,0.1
ATT005336,EMP042,2026-03-06,present,8,7.3,,0,0
ATT005337,EMP042,2026-03-09,present,8,8.1,,0,0.1
ATT005338,EMP042,2026-03-10,holiday,8,0,,0,0
ATT005339,EMP042,2026-03-11,remote,8,9.0,,0,1.0
ATT005340,EMP042,2026-03-12,present,8,7.3,,0,0
ATT005341,EMP042,2026-03-13,present,8,9.3,,0,1.3
ATT005342,EMP042,2026-03-16,present,8,9.1,,10,1.1
ATT005343,EMP042,2026-03-17,present,8,9.0,,0,1.0
ATT005344,EMP042,2026-03-18,remote,8,9.2,,0,1.2
ATT005345,EMP042,2026-03-19,remote,8,9.0,,0,1.0
ATT005346,EMP042,2026-03-20,present,8,9.1,,0,1.1
ATT005347,EMP042,2026-03-23,remote,8,8.2,,0,0.2
ATT005348,EMP042,2026-03-24,present,8,8.9,,0,0.9
ATT005349,EMP042,2026-03-25,remote,8,9.3,,10,1.3
ATT005350,EMP042,2026-03-26,present,8,9.3,,0,1.3
ATT005351,EMP042,2026-03-27,present,8,7.5,,0,0
ATT005352,EMP042,2026-03-30,holiday,8,0,,0,0
ATT005353,EMP042,2026-03-31,present,8,8.8,,0,0.8
ATT005354,EMP042,2026-04-01,remote,8,9.0,,0,1.0
ATT005355,EMP042,2026-04-02,remote,8,9.3,,0,1.3
ATT005356,EMP042,2026-04-03,remote,8,9.0,,0,1.0
ATT005357,EMP042,2026-04-06,present,8,7.3,,5,0
ATT005358,EMP042,2026-04-07,present,8,7.8,,0,0
ATT005359,EMP042,2026-04-08,present,8,7.9,,0,0
ATT005360,EMP042,2026-04-09,present,8,7.9,,0,0
ATT005361,EMP042,2026-04-10,remote,8,9.3,,20,1.3
ATT005362,EMP042,2026-04-13,present,8,7.1,,0,0
ATT005363,EMP042,2026-04-14,holiday,8,0,,0,0
ATT005364,EMP042,2026-04-15,present,8,8.4,,0,0.4
ATT005365,EMP042,2026-04-16,present,8,7.2,,0,0
ATT005366,EMP042,2026-04-17,present,8,9.3,,0,1.3
ATT005367,EMP042,2026-04-20,present,8,9.0,,0,1.0
ATT005368,EMP042,2026-04-21,present,8,8.2,,0,0.2
ATT005369,EMP042,2026-04-22,remote,8,9.1,,0,1.1
ATT005370,EMP042,2026-04-23,present,8,8.6,,0,0.6
ATT005371,EMP042,2026-04-24,present,8,8.8,,0,0.8
ATT005372,EMP042,2026-04-27,present,8,9.0,,0,1.0
ATT005373,EMP042,2026-04-28,present,8,9.2,,0,1.2
ATT005374,EMP042,2026-04-29,present,8,9.4,,20,1.4
ATT005375,EMP042,2026-04-30,present,8,9.3,,0,1.3
ATT005376,EMP042,2026-05-01,holiday,8,0,,0,0
ATT005377,EMP042,2026-05-04,remote,8,9.4,,0,1.4
ATT005378,EMP042,2026-05-05,present,8,9.5,,0,1.5
ATT005379,EMP042,2026-05-06,present,8,8.1,,0,0.1
ATT005380,EMP042,2026-05-07,present,8,7.2,,0,0
ATT005381,EMP042,2026-05-08,remote,8,9.3,,0,1.3
ATT005382,EMP042,2026-05-11,remote,8,8.4,,0,0.4
ATT005383,EMP042,2026-05-12,present,8,8.0,,20,0
ATT005384,EMP042,2026-05-13,half_day,8,4.4,,0,0
ATT005385,EMP042,2026-05-14,present,8,9.3,,0,1.3
ATT005386,EMP042,2026-05-15,present,8,8.0,,0,0
ATT005387,EMP042,2026-05-18,remote,8,8.1,,0,0.1
ATT005388,EMP042,2026-05-19,remote,8,8.7,,0,0.7
ATT005389,EMP042,2026-05-20,remote,8,7.5,,0,0
ATT005390,EMP042,2026-05-21,remote,8,8.3,,0,0.3
ATT005391,EMP042,2026-05-22,remote,8,8.0,,20,0
ATT005392,EMP042,2026-05-25,present,8,7.9,,10,0
ATT005393,EMP042,2026-05-26,present,8,9.0,,0,1.0
ATT005394,EMP042,2026-05-27,present,8,7.9,,0,0
ATT005395,EMP042,2026-05-28,present,8,8.1,,0,0.1
ATT005396,EMP042,2026-05-29,remote,8,8.7,,0,0.7
ATT005397,EMP042,2026-06-01,present,8,8.9,,0,0.9
ATT005398,EMP042,2026-06-02,remote,8,7.2,,0,0
ATT005399,EMP042,2026-06-03,remote,8,9.0,,0,1.0
ATT005400,EMP042,2026-06-04,present,8,9.1,,0,1.1
ATT005401,EMP042,2026-06-05,remote,8,8.6,,0,0.6
ATT005402,EMP042,2026-06-08,present,8,8.2,,0,0.2
ATT005403,EMP042,2026-06-09,present,8,7.8,,0,0
ATT005404,EMP042,2026-06-10,remote,8,8.7,,0,0.7
ATT005405,EMP042,2026-06-11,present,8,7.9,,0,0
ATT005406,EMP042,2026-06-12,present,8,8.0,,5,0
ATT005407,EMP042,2026-06-15,remote,8,8.4,,0,0.4
ATT005408,EMP042,2026-06-16,present,8,9.3,,0,1.3
ATT005409,EMP042,2026-06-17,holiday,8,0,,0,0
ATT005410,EMP042,2026-06-18,remote,8,9.1,,0,1.1
ATT005411,EMP042,2026-06-19,present,8,9.3,,0,1.3
ATT005412,EMP042,2026-06-22,present,8,8.1,,0,0.1
ATT005413,EMP042,2026-06-23,present,8,9.4,,0,1.4
ATT005414,EMP042,2026-06-24,present,8,7.3,,0,0
ATT005415,EMP042,2026-06-25,present,8,9.3,,0,1.3
ATT005416,EMP042,2026-06-26,present,8,7.3,,0,0
ATT005417,EMP042,2026-06-29,remote,8,7.7,,0,0
ATT005418,EMP042,2026-06-30,remote,8,9.4,,0,1.4
ATT005419,EMP043,2026-01-01,leave,8,0,earned,0,0
ATT005420,EMP043,2026-01-02,present,8,7.7,,0,0
ATT005421,EMP043,2026-01-05,present,8,8.4,,0,0.4
ATT005422,EMP043,2026-01-06,leave,8,0,earned,0,0
ATT005423,EMP043,2026-01-07,absent,8,0,,0,0
ATT005424,EMP043,2026-01-08,present,8,9.2,,0,1.2
ATT005425,EMP043,2026-01-09,present,8,8.6,,0,0.6
ATT005426,EMP043,2026-01-12,present,8,7.7,,0,0
ATT005427,EMP043,2026-01-13,remote,8,9.3,,0,1.3
ATT005428,EMP043,2026-01-14,remote,8,7.7,,0,0
ATT005429,EMP043,2026-01-15,remote,8,7.5,,0,0
ATT005430,EMP043,2026-01-16,present,8,8.0,,0,0
ATT005431,EMP043,2026-01-19,leave,8,0,earned,0,0
ATT005432,EMP043,2026-01-20,present,8,7.7,,15,0
ATT005433,EMP043,2026-01-21,present,8,8.8,,0,0.8
ATT005434,EMP043,2026-01-22,present,8,7.1,,0,0
ATT005435,EMP043,2026-01-23,absent,8,0,,0,0
ATT005436,EMP043,2026-01-26,holiday,8,0,,0,0
ATT005437,EMP043,2026-01-27,leave,8,0,emergency,0,0
ATT005438,EMP043,2026-01-28,present,8,8.7,,0,0.7
ATT005439,EMP043,2026-01-29,present,8,7.1,,0,0
ATT005440,EMP043,2026-01-30,present,8,8.6,,0,0.6
ATT005441,EMP043,2026-02-02,present,8,9.1,,0,1.1
ATT005442,EMP043,2026-02-03,present,8,8.9,,5,0.9
ATT005443,EMP043,2026-02-04,present,8,9.5,,0,1.5
ATT005444,EMP043,2026-02-05,present,8,8.8,,0,0.8
ATT005445,EMP043,2026-02-06,remote,8,7.3,,0,0
ATT005446,EMP043,2026-02-09,remote,8,9.1,,0,1.1
ATT005447,EMP043,2026-02-10,remote,8,9.3,,0,1.3
ATT005448,EMP043,2026-02-11,present,8,8.7,,0,0.7
ATT005449,EMP043,2026-02-12,present,8,8.3,,0,0.3
ATT005450,EMP043,2026-02-13,present,8,7.1,,10,0
ATT005451,EMP043,2026-02-16,leave,8,0,sick,0,0
ATT005452,EMP043,2026-02-17,present,8,7.6,,0,0
ATT005453,EMP043,2026-02-18,present,8,7.8,,0,0
ATT005454,EMP043,2026-02-19,present,8,7.6,,0,0
ATT005455,EMP043,2026-02-20,present,8,9.3,,0,1.3
ATT005456,EMP043,2026-02-23,present,8,9.3,,0,1.3
ATT005457,EMP043,2026-02-24,remote,8,7.9,,10,0
ATT005458,EMP043,2026-02-25,remote,8,9.1,,10,1.1
ATT005459,EMP043,2026-02-26,present,8,9.3,,0,1.3
ATT005460,EMP043,2026-02-27,present,8,8.3,,30,0.3
ATT005461,EMP043,2026-03-02,present,8,7.3,,0,0
ATT005462,EMP043,2026-03-03,absent,8,0,,0,0
ATT005463,EMP043,2026-03-04,present,8,7.8,,0,0
ATT005464,EMP043,2026-03-05,leave,8,0,emergency,0,0
ATT005465,EMP043,2026-03-06,remote,8,8.9,,0,0.9
ATT005466,EMP043,2026-03-09,present,8,8.9,,0,0.9
ATT005467,EMP043,2026-03-10,holiday,8,0,,0,0
ATT005468,EMP043,2026-03-11,present,8,9.2,,0,1.2
ATT005469,EMP043,2026-03-12,present,8,7.1,,0,0
ATT005470,EMP043,2026-03-13,remote,8,8.1,,0,0.1
ATT005471,EMP043,2026-03-16,leave,8,0,casual,0,0
ATT005472,EMP043,2026-03-17,present,8,9.4,,0,1.4
ATT005473,EMP043,2026-03-18,remote,8,9.1,,0,1.1
ATT005474,EMP043,2026-03-19,remote,8,8.9,,0,0.9
ATT005475,EMP043,2026-03-20,present,8,9.3,,0,1.3
ATT005476,EMP043,2026-03-23,present,8,7.3,,0,0
ATT005477,EMP043,2026-03-24,leave,8,0,sick,0,0
ATT005478,EMP043,2026-03-25,present,8,8.7,,0,0.7
ATT005479,EMP043,2026-03-26,present,8,7.7,,0,0
ATT005480,EMP043,2026-03-27,present,8,7.8,,0,0
ATT005481,EMP043,2026-03-30,holiday,8,0,,0,0
ATT005482,EMP043,2026-03-31,remote,8,7.8,,0,0
ATT005483,EMP043,2026-04-01,present,8,9.2,,0,1.2
ATT005484,EMP043,2026-04-02,present,8,9.0,,0,1.0
ATT005485,EMP043,2026-04-03,remote,8,7.5,,0,0
ATT005486,EMP043,2026-04-06,present,8,8.7,,0,0.7
ATT005487,EMP043,2026-04-07,remote,8,8.2,,0,0.2
ATT005488,EMP043,2026-04-08,present,8,7.2,,0,0
ATT005489,EMP043,2026-04-09,remote,8,8.2,,0,0.2
ATT005490,EMP043,2026-04-10,present,8,7.5,,0,0
ATT005491,EMP043,2026-04-13,remote,8,9.3,,0,1.3
ATT005492,EMP043,2026-04-14,holiday,8,0,,0,0
ATT005493,EMP043,2026-04-15,half_day,8,3.8,,0,0
ATT005494,EMP043,2026-04-16,present,8,8.2,,0,0.2
ATT005495,EMP043,2026-04-17,leave,8,0,personal,0,0
ATT005496,EMP043,2026-04-20,present,8,8.3,,0,0.3
ATT005497,EMP043,2026-04-21,present,8,7.6,,0,0
ATT005498,EMP043,2026-04-22,leave,8,0,emergency,0,0
ATT005499,EMP043,2026-04-23,leave,8,0,sick,0,0
ATT005500,EMP043,2026-04-24,present,8,7.5,,0,0
ATT005501,EMP043,2026-04-27,present,8,8.0,,0,0
ATT005502,EMP043,2026-04-28,present,8,8.9,,0,0.9
ATT005503,EMP043,2026-04-29,present,8,7.7,,0,0
ATT005504,EMP043,2026-04-30,present,8,8.0,,0,0
ATT005505,EMP043,2026-05-01,holiday,8,0,,0,0
ATT005506,EMP043,2026-05-04,present,8,9.1,,0,1.1
ATT005507,EMP043,2026-05-05,present,8,8.8,,0,0.8
ATT005508,EMP043,2026-05-06,present,8,9.3,,0,1.3
ATT005509,EMP043,2026-05-07,remote,8,9.0,,0,1.0
ATT005510,EMP043,2026-05-08,half_day,8,4.2,,0,0
ATT005511,EMP043,2026-05-11,present,8,7.6,,0,0
ATT005512,EMP043,2026-05-12,remote,8,8.7,,0,0.7
ATT005513,EMP043,2026-05-13,present,8,7.5,,0,0
ATT005514,EMP043,2026-05-14,present,8,9.2,,0,1.2
ATT005515,EMP043,2026-05-15,present,8,9.2,,0,1.2
ATT005516,EMP043,2026-05-18,leave,8,0,sick,0,0
ATT005517,EMP043,2026-05-19,present,8,7.9,,0,0
ATT005518,EMP043,2026-05-20,present,8,8.4,,0,0.4
ATT005519,EMP043,2026-05-21,present,8,9.3,,0,1.3
ATT005520,EMP043,2026-05-22,present,8,7.4,,0,0
ATT005521,EMP043,2026-05-25,remote,8,8.9,,0,0.9
ATT005522,EMP043,2026-05-26,remote,8,7.9,,0,0
ATT005523,EMP043,2026-05-27,present,8,8.6,,0,0.6
ATT005524,EMP043,2026-05-28,half_day,8,3.6,,15,0
ATT005525,EMP043,2026-05-29,present,8,7.8,,0,0
ATT005526,EMP043,2026-06-01,present,8,9.0,,0,1.0
ATT005527,EMP043,2026-06-02,present,8,8.6,,0,0.6
ATT005528,EMP043,2026-06-03,remote,8,7.5,,0,0
ATT005529,EMP043,2026-06-04,present,8,8.0,,0,0
ATT005530,EMP043,2026-06-05,present,8,8.0,,0,0
ATT005531,EMP043,2026-06-08,remote,8,7.5,,0,0
ATT005532,EMP043,2026-06-09,absent,8,0,,0,0
ATT005533,EMP043,2026-06-10,remote,8,8.4,,0,0.4
ATT005534,EMP043,2026-06-11,present,8,7.4,,0,0
ATT005535,EMP043,2026-06-12,present,8,8.5,,0,0.5
ATT005536,EMP043,2026-06-15,present,8,8.2,,0,0.2
ATT005537,EMP043,2026-06-16,remote,8,8.5,,0,0.5
ATT005538,EMP043,2026-06-17,holiday,8,0,,0,0
ATT005539,EMP043,2026-06-18,present,8,9.4,,0,1.4
ATT005540,EMP043,2026-06-19,present,8,8.4,,10,0.4
ATT005541,EMP043,2026-06-22,present,8,8.5,,0,0.5
ATT005542,EMP043,2026-06-23,remote,8,7.1,,0,0
ATT005543,EMP043,2026-06-24,leave,8,0,earned,0,0
ATT005544,EMP043,2026-06-25,present,8,9.5,,0,1.5
ATT005545,EMP043,2026-06-26,present,8,7.8,,0,0
ATT005546,EMP043,2026-06-29,remote,8,7.7,,0,0
ATT005547,EMP043,2026-06-30,present,8,9.0,,0,1.0
ATT005548,EMP044,2026-01-01,remote,8,9.4,,0,1.4
ATT005549,EMP044,2026-01-02,present,8,7.2,,20,0
ATT005550,EMP044,2026-01-05,remote,8,9.5,,0,1.5
ATT005551,EMP044,2026-01-06,present,8,8.3,,0,0.3
ATT005552,EMP044,2026-01-07,present,8,8.3,,0,0.3
ATT005553,EMP044,2026-01-08,present,8,8.7,,0,0.7
ATT005554,EMP044,2026-01-09,remote,8,7.7,,0,0
ATT005555,EMP044,2026-01-12,remote,8,9.2,,0,1.2
ATT005556,EMP044,2026-01-13,remote,8,8.1,,0,0.1
ATT005557,EMP044,2026-01-14,leave,8,0,personal,0,0
ATT005558,EMP044,2026-01-15,present,8,8.2,,0,0.2
ATT005559,EMP044,2026-01-16,leave,8,0,personal,0,0
ATT005560,EMP044,2026-01-19,present,8,8.7,,0,0.7
ATT005561,EMP044,2026-01-20,present,8,9.3,,20,1.3
ATT005562,EMP044,2026-01-21,present,8,7.3,,0,0
ATT005563,EMP044,2026-01-22,present,8,7.9,,0,0
ATT005564,EMP044,2026-01-23,remote,8,7.1,,0,0
ATT005565,EMP044,2026-01-26,holiday,8,0,,0,0
ATT005566,EMP044,2026-01-27,present,8,8.7,,0,0.7
ATT005567,EMP044,2026-01-28,absent,8,0,,0,0
ATT005568,EMP044,2026-01-29,remote,8,9.1,,0,1.1
ATT005569,EMP044,2026-01-30,present,8,7.4,,0,0
ATT005570,EMP044,2026-02-02,absent,8,0,,0,0
ATT005571,EMP044,2026-02-03,present,8,7.2,,30,0
ATT005572,EMP044,2026-02-04,remote,8,7.8,,0,0
ATT005573,EMP044,2026-02-05,remote,8,8.9,,0,0.9
ATT005574,EMP044,2026-02-06,present,8,8.3,,0,0.3
ATT005575,EMP044,2026-02-09,present,8,8.8,,0,0.8
ATT005576,EMP044,2026-02-10,present,8,9.1,,0,1.1
ATT005577,EMP044,2026-02-11,leave,8,0,casual,0,0
ATT005578,EMP044,2026-02-12,remote,8,7.9,,0,0
ATT005579,EMP044,2026-02-13,present,8,7.7,,10,0
ATT005580,EMP044,2026-02-16,present,8,9.2,,20,1.2
ATT005581,EMP044,2026-02-17,absent,8,0,,0,0
ATT005582,EMP044,2026-02-18,remote,8,9.0,,0,1.0
ATT005583,EMP044,2026-02-19,remote,8,9.2,,0,1.2
ATT005584,EMP044,2026-02-20,present,8,8.0,,0,0
ATT005585,EMP044,2026-02-23,present,8,7.0,,0,0
ATT005586,EMP044,2026-02-24,present,8,8.1,,0,0.1
ATT005587,EMP044,2026-02-25,leave,8,0,personal,0,0
ATT005588,EMP044,2026-02-26,present,8,9.1,,0,1.1
ATT005589,EMP044,2026-02-27,present,8,7.2,,0,0
ATT005590,EMP044,2026-03-02,remote,8,8.8,,0,0.8
ATT005591,EMP044,2026-03-03,remote,8,8.8,,10,0.8
ATT005592,EMP044,2026-03-04,half_day,8,4.0,,0,0
ATT005593,EMP044,2026-03-05,leave,8,0,earned,0,0
ATT005594,EMP044,2026-03-06,present,8,8.1,,0,0.1
ATT005595,EMP044,2026-03-09,present,8,7.5,,0,0
ATT005596,EMP044,2026-03-10,holiday,8,0,,0,0
ATT005597,EMP044,2026-03-11,leave,8,0,emergency,0,0
ATT005598,EMP044,2026-03-12,half_day,8,4.4,,0,0
ATT005599,EMP044,2026-03-13,remote,8,8.5,,0,0.5
ATT005600,EMP044,2026-03-16,present,8,7.2,,0,0
ATT005601,EMP044,2026-03-17,half_day,8,3.7,,0,0
ATT005602,EMP044,2026-03-18,absent,8,0,,0,0
ATT005603,EMP044,2026-03-19,leave,8,0,sick,0,0
ATT005604,EMP044,2026-03-20,absent,8,0,,0,0
ATT005605,EMP044,2026-03-23,present,8,7.3,,0,0
ATT005606,EMP044,2026-03-24,remote,8,8.1,,0,0.1
ATT005607,EMP044,2026-03-25,present,8,9.2,,0,1.2
ATT005608,EMP044,2026-03-26,absent,8,0,,0,0
ATT005609,EMP044,2026-03-27,present,8,8.5,,15,0.5
ATT005610,EMP044,2026-03-30,holiday,8,0,,0,0
ATT005611,EMP044,2026-03-31,present,8,9.4,,0,1.4
ATT005612,EMP044,2026-04-01,present,8,9.3,,0,1.3
ATT005613,EMP044,2026-04-02,present,8,8.3,,0,0.3
ATT005614,EMP044,2026-04-03,present,8,7.9,,0,0
ATT005615,EMP044,2026-04-06,leave,8,0,earned,0,0
ATT005616,EMP044,2026-04-07,present,8,7.5,,0,0
ATT005617,EMP044,2026-04-08,half_day,8,3.9,,0,0
ATT005618,EMP044,2026-04-09,leave,8,0,emergency,0,0
ATT005619,EMP044,2026-04-10,present,8,8.2,,0,0.2
ATT005620,EMP044,2026-04-13,remote,8,8.3,,0,0.3
ATT005621,EMP044,2026-04-14,holiday,8,0,,0,0
ATT005622,EMP044,2026-04-15,remote,8,7.2,,0,0
ATT005623,EMP044,2026-04-16,leave,8,0,casual,0,0
ATT005624,EMP044,2026-04-17,present,8,9.0,,0,1.0
ATT005625,EMP044,2026-04-20,leave,8,0,emergency,0,0
ATT005626,EMP044,2026-04-21,present,8,9.1,,0,1.1
ATT005627,EMP044,2026-04-22,absent,8,0,,0,0
ATT005628,EMP044,2026-04-23,present,8,9.1,,0,1.1
ATT005629,EMP044,2026-04-24,remote,8,8.5,,0,0.5
ATT005630,EMP044,2026-04-27,remote,8,9.0,,0,1.0
ATT005631,EMP044,2026-04-28,leave,8,0,casual,0,0
ATT005632,EMP044,2026-04-29,absent,8,0,,0,0
ATT005633,EMP044,2026-04-30,leave,8,0,emergency,0,0
ATT005634,EMP044,2026-05-01,holiday,8,0,,0,0
ATT005635,EMP044,2026-05-04,present,8,8.8,,0,0.8
ATT005636,EMP044,2026-05-05,absent,8,0,,0,0
ATT005637,EMP044,2026-05-06,present,8,7.9,,0,0
ATT005638,EMP044,2026-05-07,present,8,7.1,,0,0
ATT005639,EMP044,2026-05-08,remote,8,8.0,,0,0
ATT005640,EMP044,2026-05-11,present,8,9.4,,0,1.4
ATT005641,EMP044,2026-05-12,absent,8,0,,0,0
ATT005642,EMP044,2026-05-13,present,8,8.7,,0,0.7
ATT005643,EMP044,2026-05-14,present,8,8.0,,0,0
ATT005644,EMP044,2026-05-15,remote,8,9.3,,0,1.3
ATT005645,EMP044,2026-05-18,absent,8,0,,0,0
ATT005646,EMP044,2026-05-19,present,8,7.1,,0,0
ATT005647,EMP044,2026-05-20,absent,8,0,,0,0
ATT005648,EMP044,2026-05-21,absent,8,0,,0,0
ATT005649,EMP044,2026-05-22,present,8,8.5,,0,0.5
ATT005650,EMP044,2026-05-25,present,8,8.4,,0,0.4
ATT005651,EMP044,2026-05-26,leave,8,0,emergency,0,0
ATT005652,EMP044,2026-05-27,present,8,9.0,,0,1.0
ATT005653,EMP044,2026-05-28,leave,8,0,emergency,0,0
ATT005654,EMP044,2026-05-29,leave,8,0,personal,0,0
ATT005655,EMP044,2026-06-01,remote,8,9.5,,0,1.5
ATT005656,EMP044,2026-06-02,remote,8,7.2,,0,0
ATT005657,EMP044,2026-06-03,remote,8,8.7,,0,0.7
ATT005658,EMP044,2026-06-04,present,8,8.6,,0,0.6
ATT005659,EMP044,2026-06-05,remote,8,8.2,,0,0.2
ATT005660,EMP044,2026-06-08,present,8,8.8,,0,0.8
ATT005661,EMP044,2026-06-09,present,8,8.5,,15,0.5
ATT005662,EMP044,2026-06-10,leave,8,0,sick,0,0
ATT005663,EMP044,2026-06-11,present,8,9.1,,0,1.1
ATT005664,EMP044,2026-06-12,present,8,9.1,,0,1.1
ATT005665,EMP044,2026-06-15,absent,8,0,,0,0
ATT005666,EMP044,2026-06-16,remote,8,9.5,,0,1.5
ATT005667,EMP044,2026-06-17,holiday,8,0,,0,0
ATT005668,EMP044,2026-06-18,absent,8,0,,0,0
ATT005669,EMP044,2026-06-19,present,8,8.1,,0,0.1
ATT005670,EMP044,2026-06-22,present,8,7.9,,0,0
ATT005671,EMP044,2026-06-23,present,8,7.9,,0,0
ATT005672,EMP044,2026-06-24,remote,8,8.2,,0,0.2
ATT005673,EMP044,2026-06-25,present,8,9.0,,10,1.0
ATT005674,EMP044,2026-06-26,present,8,7.9,,0,0
ATT005675,EMP044,2026-06-29,present,8,7.3,,0,0
ATT005676,EMP044,2026-06-30,remote,8,8.4,,0,0.4
ATT005677,EMP045,2026-01-01,remote,8,7.1,,15,0
ATT005678,EMP045,2026-01-02,present,8,8.1,,0,0.1
ATT005679,EMP045,2026-01-05,remote,8,8.8,,0,0.8
ATT005680,EMP045,2026-01-06,present,8,8.2,,0,0.2
ATT005681,EMP045,2026-01-07,present,8,7.3,,0,0
ATT005682,EMP045,2026-01-08,present,8,8.3,,0,0.3
ATT005683,EMP045,2026-01-09,present,8,7.4,,0,0
ATT005684,EMP045,2026-01-12,leave,8,0,sick,0,0
ATT005685,EMP045,2026-01-13,present,8,7.3,,0,0
ATT005686,EMP045,2026-01-14,present,8,7.5,,15,0
ATT005687,EMP045,2026-01-15,present,8,7.3,,0,0
ATT005688,EMP045,2026-01-16,present,8,7.7,,0,0
ATT005689,EMP045,2026-01-19,present,8,8.0,,0,0
ATT005690,EMP045,2026-01-20,remote,8,8.2,,0,0.2
ATT005691,EMP045,2026-01-21,present,8,7.4,,0,0
ATT005692,EMP045,2026-01-22,present,8,8.7,,0,0.7
ATT005693,EMP045,2026-01-23,remote,8,7.4,,0,0
ATT005694,EMP045,2026-01-26,holiday,8,0,,0,0
ATT005695,EMP045,2026-01-27,present,8,9.0,,0,1.0
ATT005696,EMP045,2026-01-28,present,8,8.6,,0,0.6
ATT005697,EMP045,2026-01-29,half_day,8,4.5,,0,0
ATT005698,EMP045,2026-01-30,present,8,8.8,,20,0.8
ATT005699,EMP045,2026-02-02,present,8,9.3,,0,1.3
ATT005700,EMP045,2026-02-03,present,8,7.4,,0,0
ATT005701,EMP045,2026-02-04,remote,8,7.7,,0,0
ATT005702,EMP045,2026-02-05,present,8,9.2,,0,1.2
ATT005703,EMP045,2026-02-06,leave,8,0,emergency,0,0
ATT005704,EMP045,2026-02-09,present,8,8.8,,0,0.8
ATT005705,EMP045,2026-02-10,present,8,8.6,,0,0.6
ATT005706,EMP045,2026-02-11,present,8,7.4,,0,0
ATT005707,EMP045,2026-02-12,present,8,8.2,,0,0.2
ATT005708,EMP045,2026-02-13,present,8,8.5,,0,0.5
ATT005709,EMP045,2026-02-16,remote,8,8.0,,0,0
ATT005710,EMP045,2026-02-17,remote,8,7.1,,0,0
ATT005711,EMP045,2026-02-18,remote,8,8.7,,0,0.7
ATT005712,EMP045,2026-02-19,remote,8,7.1,,0,0
ATT005713,EMP045,2026-02-20,remote,8,8.5,,0,0.5
ATT005714,EMP045,2026-02-23,leave,8,0,casual,0,0
ATT005715,EMP045,2026-02-24,remote,8,8.1,,0,0.1
ATT005716,EMP045,2026-02-25,leave,8,0,personal,0,0
ATT005717,EMP045,2026-02-26,present,8,8.5,,0,0.5
ATT005718,EMP045,2026-02-27,present,8,9.4,,0,1.4
ATT005719,EMP045,2026-03-02,remote,8,7.3,,0,0
ATT005720,EMP045,2026-03-03,remote,8,9.4,,0,1.4
ATT005721,EMP045,2026-03-04,present,8,9.0,,0,1.0
ATT005722,EMP045,2026-03-05,present,8,8.0,,0,0
ATT005723,EMP045,2026-03-06,present,8,7.3,,0,0
ATT005724,EMP045,2026-03-09,present,8,7.7,,0,0
ATT005725,EMP045,2026-03-10,holiday,8,0,,0,0
ATT005726,EMP045,2026-03-11,remote,8,8.7,,0,0.7
ATT005727,EMP045,2026-03-12,present,8,9.0,,0,1.0
ATT005728,EMP045,2026-03-13,leave,8,0,personal,0,0
ATT005729,EMP045,2026-03-16,present,8,8.3,,0,0.3
ATT005730,EMP045,2026-03-17,present,8,8.8,,0,0.8
ATT005731,EMP045,2026-03-18,present,8,8.5,,0,0.5
ATT005732,EMP045,2026-03-19,present,8,7.8,,0,0
ATT005733,EMP045,2026-03-20,leave,8,0,casual,0,0
ATT005734,EMP045,2026-03-23,remote,8,8.7,,0,0.7
ATT005735,EMP045,2026-03-24,leave,8,0,earned,0,0
ATT005736,EMP045,2026-03-25,present,8,7.4,,0,0
ATT005737,EMP045,2026-03-26,present,8,9.0,,0,1.0
ATT005738,EMP045,2026-03-27,remote,8,7.6,,0,0
ATT005739,EMP045,2026-03-30,holiday,8,0,,0,0
ATT005740,EMP045,2026-03-31,present,8,9.0,,0,1.0
ATT005741,EMP045,2026-04-01,present,8,8.0,,0,0
ATT005742,EMP045,2026-04-02,present,8,8.8,,0,0.8
ATT005743,EMP045,2026-04-03,present,8,8.5,,0,0.5
ATT005744,EMP045,2026-04-06,present,8,8.1,,0,0.1
ATT005745,EMP045,2026-04-07,leave,8,0,sick,0,0
ATT005746,EMP045,2026-04-08,present,8,7.4,,0,0
ATT005747,EMP045,2026-04-09,present,8,7.1,,0,0
ATT005748,EMP045,2026-04-10,present,8,7.1,,0,0
ATT005749,EMP045,2026-04-13,absent,8,0,,0,0
ATT005750,EMP045,2026-04-14,holiday,8,0,,0,0
ATT005751,EMP045,2026-04-15,present,8,9.2,,0,1.2
ATT005752,EMP045,2026-04-16,present,8,9.1,,0,1.1
ATT005753,EMP045,2026-04-17,remote,8,7.9,,0,0
ATT005754,EMP045,2026-04-20,present,8,8.4,,0,0.4
ATT005755,EMP045,2026-04-21,remote,8,7.4,,0,0
ATT005756,EMP045,2026-04-22,remote,8,9.0,,0,1.0
ATT005757,EMP045,2026-04-23,present,8,7.2,,0,0
ATT005758,EMP045,2026-04-24,remote,8,8.3,,0,0.3
ATT005759,EMP045,2026-04-27,present,8,8.7,,0,0.7
ATT005760,EMP045,2026-04-28,remote,8,8.3,,0,0.3
ATT005761,EMP045,2026-04-29,present,8,7.1,,0,0
ATT005762,EMP045,2026-04-30,present,8,7.6,,0,0
ATT005763,EMP045,2026-05-01,holiday,8,0,,0,0
ATT005764,EMP045,2026-05-04,present,8,7.7,,0,0
ATT005765,EMP045,2026-05-05,remote,8,8.1,,0,0.1
ATT005766,EMP045,2026-05-06,remote,8,9.3,,10,1.3
ATT005767,EMP045,2026-05-07,present,8,8.7,,0,0.7
ATT005768,EMP045,2026-05-08,remote,8,8.2,,0,0.2
ATT005769,EMP045,2026-05-11,present,8,7.4,,0,0
ATT005770,EMP045,2026-05-12,present,8,8.1,,0,0.1
ATT005771,EMP045,2026-05-13,remote,8,9.0,,0,1.0
ATT005772,EMP045,2026-05-14,remote,8,7.5,,20,0
ATT005773,EMP045,2026-05-15,remote,8,8.2,,0,0.2
ATT005774,EMP045,2026-05-18,present,8,8.3,,0,0.3
ATT005775,EMP045,2026-05-19,present,8,8.6,,0,0.6
ATT005776,EMP045,2026-05-20,remote,8,7.7,,0,0
ATT005777,EMP045,2026-05-21,remote,8,9.2,,0,1.2
ATT005778,EMP045,2026-05-22,present,8,8.7,,0,0.7
ATT005779,EMP045,2026-05-25,present,8,7.4,,0,0
ATT005780,EMP045,2026-05-26,remote,8,9.3,,0,1.3
ATT005781,EMP045,2026-05-27,present,8,8.1,,15,0.1
ATT005782,EMP045,2026-05-28,remote,8,8.4,,0,0.4
ATT005783,EMP045,2026-05-29,present,8,9.4,,0,1.4
ATT005784,EMP045,2026-06-01,present,8,7.3,,0,0
ATT005785,EMP045,2026-06-02,half_day,8,4.4,,0,0
ATT005786,EMP045,2026-06-03,remote,8,9.1,,0,1.1
ATT005787,EMP045,2026-06-04,remote,8,9.0,,30,1.0
ATT005788,EMP045,2026-06-05,present,8,7.6,,0,0
ATT005789,EMP045,2026-06-08,remote,8,7.5,,0,0
ATT005790,EMP045,2026-06-09,present,8,8.9,,0,0.9
ATT005791,EMP045,2026-06-10,present,8,7.7,,0,0
ATT005792,EMP045,2026-06-11,present,8,8.4,,0,0.4
ATT005793,EMP045,2026-06-12,remote,8,9.4,,0,1.4
ATT005794,EMP045,2026-06-15,remote,8,7.0,,0,0
ATT005795,EMP045,2026-06-16,remote,8,8.7,,0,0.7
ATT005796,EMP045,2026-06-17,holiday,8,0,,0,0
ATT005797,EMP045,2026-06-18,remote,8,8.9,,0,0.9
ATT005798,EMP045,2026-06-19,present,8,8.4,,0,0.4
ATT005799,EMP045,2026-06-22,present,8,8.5,,0,0.5
ATT005800,EMP045,2026-06-23,remote,8,8.9,,0,0.9
ATT005801,EMP045,2026-06-24,present,8,7.8,,0,0
ATT005802,EMP045,2026-06-25,present,8,9.0,,0,1.0
ATT005803,EMP045,2026-06-26,remote,8,9.4,,0,1.4
ATT005804,EMP045,2026-06-29,remote,8,9.0,,0,1.0
ATT005805,EMP045,2026-06-30,present,8,9.5,,0,1.5
ATT005806,EMP046,2026-01-01,remote,8,9.3,,5,1.3
ATT005807,EMP046,2026-01-02,remote,8,9.5,,0,1.5
ATT005808,EMP046,2026-01-05,remote,8,8.2,,0,0.2
ATT005809,EMP046,2026-01-06,present,8,7.4,,0,0
ATT005810,EMP046,2026-01-07,remote,8,8.9,,0,0.9
ATT005811,EMP046,2026-01-08,leave,8,0,emergency,0,0
ATT005812,EMP046,2026-01-09,present,8,7.6,,0,0
ATT005813,EMP046,2026-01-12,remote,8,9.5,,0,1.5
ATT005814,EMP046,2026-01-13,present,8,9.4,,0,1.4
ATT005815,EMP046,2026-01-14,present,8,8.3,,0,0.3
ATT005816,EMP046,2026-01-15,present,8,7.9,,0,0
ATT005817,EMP046,2026-01-16,half_day,8,3.9,,0,0
ATT005818,EMP046,2026-01-19,remote,8,8.9,,0,0.9
ATT005819,EMP046,2026-01-20,remote,8,7.3,,0,0
ATT005820,EMP046,2026-01-21,remote,8,7.2,,0,0
ATT005821,EMP046,2026-01-22,present,8,7.6,,0,0
ATT005822,EMP046,2026-01-23,present,8,7.2,,0,0
ATT005823,EMP046,2026-01-26,holiday,8,0,,0,0
ATT005824,EMP046,2026-01-27,present,8,7.0,,0,0
ATT005825,EMP046,2026-01-28,remote,8,9.5,,0,1.5
ATT005826,EMP046,2026-01-29,present,8,8.7,,0,0.7
ATT005827,EMP046,2026-01-30,present,8,9.2,,0,1.2
ATT005828,EMP046,2026-02-02,remote,8,9.1,,0,1.1
ATT005829,EMP046,2026-02-03,remote,8,8.5,,0,0.5
ATT005830,EMP046,2026-02-04,present,8,8.6,,0,0.6
ATT005831,EMP046,2026-02-05,present,8,9.2,,0,1.2
ATT005832,EMP046,2026-02-06,leave,8,0,emergency,0,0
ATT005833,EMP046,2026-02-09,present,8,8.6,,0,0.6
ATT005834,EMP046,2026-02-10,half_day,8,4.5,,0,0
ATT005835,EMP046,2026-02-11,present,8,8.4,,0,0.4
ATT005836,EMP046,2026-02-12,remote,8,9.0,,0,1.0
ATT005837,EMP046,2026-02-13,remote,8,7.3,,0,0
ATT005838,EMP046,2026-02-16,remote,8,9.0,,0,1.0
ATT005839,EMP046,2026-02-17,present,8,8.7,,0,0.7
ATT005840,EMP046,2026-02-18,present,8,8.8,,0,0.8
ATT005841,EMP046,2026-02-19,remote,8,8.9,,0,0.9
ATT005842,EMP046,2026-02-20,remote,8,9.0,,0,1.0
ATT005843,EMP046,2026-02-23,present,8,8.7,,0,0.7
ATT005844,EMP046,2026-02-24,leave,8,0,emergency,0,0
ATT005845,EMP046,2026-02-25,present,8,7.0,,0,0
ATT005846,EMP046,2026-02-26,present,8,7.2,,0,0
ATT005847,EMP046,2026-02-27,present,8,7.3,,0,0
ATT005848,EMP046,2026-03-02,present,8,7.8,,0,0
ATT005849,EMP046,2026-03-03,present,8,7.9,,0,0
ATT005850,EMP046,2026-03-04,present,8,8.9,,0,0.9
ATT005851,EMP046,2026-03-05,present,8,8.1,,0,0.1
ATT005852,EMP046,2026-03-06,present,8,7.0,,0,0
ATT005853,EMP046,2026-03-09,half_day,8,4.4,,0,0
ATT005854,EMP046,2026-03-10,holiday,8,0,,0,0
ATT005855,EMP046,2026-03-11,present,8,7.2,,0,0
ATT005856,EMP046,2026-03-12,present,8,8.2,,0,0.2
ATT005857,EMP046,2026-03-13,present,8,8.6,,0,0.6
ATT005858,EMP046,2026-03-16,present,8,8.4,,0,0.4
ATT005859,EMP046,2026-03-17,present,8,8.3,,0,0.3
ATT005860,EMP046,2026-03-18,remote,8,7.4,,0,0
ATT005861,EMP046,2026-03-19,remote,8,7.4,,0,0
ATT005862,EMP046,2026-03-20,present,8,9.0,,0,1.0
ATT005863,EMP046,2026-03-23,remote,8,8.8,,0,0.8
ATT005864,EMP046,2026-03-24,present,8,8.8,,0,0.8
ATT005865,EMP046,2026-03-25,remote,8,9.4,,0,1.4
ATT005866,EMP046,2026-03-26,present,8,8.4,,0,0.4
ATT005867,EMP046,2026-03-27,present,8,9.3,,0,1.3
ATT005868,EMP046,2026-03-30,holiday,8,0,,0,0
ATT005869,EMP046,2026-03-31,remote,8,7.0,,5,0
ATT005870,EMP046,2026-04-01,present,8,9.1,,0,1.1
ATT005871,EMP046,2026-04-02,present,8,7.3,,0,0
ATT005872,EMP046,2026-04-03,leave,8,0,personal,0,0
ATT005873,EMP046,2026-04-06,remote,8,8.4,,0,0.4
ATT005874,EMP046,2026-04-07,remote,8,8.3,,0,0.3
ATT005875,EMP046,2026-04-08,present,8,7.8,,0,0
ATT005876,EMP046,2026-04-09,remote,8,7.0,,0,0
ATT005877,EMP046,2026-04-10,present,8,7.4,,0,0
ATT005878,EMP046,2026-04-13,present,8,8.3,,0,0.3
ATT005879,EMP046,2026-04-14,holiday,8,0,,0,0
ATT005880,EMP046,2026-04-15,present,8,9.0,,0,1.0
ATT005881,EMP046,2026-04-16,remote,8,9.2,,0,1.2
ATT005882,EMP046,2026-04-17,present,8,7.8,,0,0
ATT005883,EMP046,2026-04-20,absent,8,0,,0,0
ATT005884,EMP046,2026-04-21,remote,8,8.6,,0,0.6
ATT005885,EMP046,2026-04-22,remote,8,7.4,,0,0
ATT005886,EMP046,2026-04-23,present,8,7.8,,0,0
ATT005887,EMP046,2026-04-24,remote,8,8.8,,0,0.8
ATT005888,EMP046,2026-04-27,present,8,8.6,,0,0.6
ATT005889,EMP046,2026-04-28,half_day,8,3.7,,0,0
ATT005890,EMP046,2026-04-29,remote,8,7.5,,0,0
ATT005891,EMP046,2026-04-30,present,8,8.6,,0,0.6
ATT005892,EMP046,2026-05-01,holiday,8,0,,0,0
ATT005893,EMP046,2026-05-04,present,8,8.5,,0,0.5
ATT005894,EMP046,2026-05-05,present,8,9.4,,30,1.4
ATT005895,EMP046,2026-05-06,remote,8,7.3,,0,0
ATT005896,EMP046,2026-05-07,remote,8,7.9,,0,0
ATT005897,EMP046,2026-05-08,present,8,7.9,,0,0
ATT005898,EMP046,2026-05-11,present,8,9.2,,0,1.2
ATT005899,EMP046,2026-05-12,present,8,9.1,,0,1.1
ATT005900,EMP046,2026-05-13,present,8,8.2,,0,0.2
ATT005901,EMP046,2026-05-14,present,8,8.0,,0,0
ATT005902,EMP046,2026-05-15,present,8,7.1,,0,0
ATT005903,EMP046,2026-05-18,present,8,7.8,,0,0
ATT005904,EMP046,2026-05-19,remote,8,8.7,,0,0.7
ATT005905,EMP046,2026-05-20,present,8,7.4,,0,0
ATT005906,EMP046,2026-05-21,remote,8,7.1,,20,0
ATT005907,EMP046,2026-05-22,remote,8,8.4,,0,0.4
ATT005908,EMP046,2026-05-25,remote,8,8.4,,0,0.4
ATT005909,EMP046,2026-05-26,present,8,9.2,,0,1.2
ATT005910,EMP046,2026-05-27,present,8,7.4,,0,0
ATT005911,EMP046,2026-05-28,present,8,8.0,,0,0
ATT005912,EMP046,2026-05-29,present,8,8.6,,0,0.6
ATT005913,EMP046,2026-06-01,remote,8,8.6,,0,0.6
ATT005914,EMP046,2026-06-02,leave,8,0,casual,0,0
ATT005915,EMP046,2026-06-03,remote,8,8.1,,0,0.1
ATT005916,EMP046,2026-06-04,present,8,8.4,,0,0.4
ATT005917,EMP046,2026-06-05,present,8,8.8,,0,0.8
ATT005918,EMP046,2026-06-08,remote,8,9.3,,0,1.3
ATT005919,EMP046,2026-06-09,present,8,9.1,,0,1.1
ATT005920,EMP046,2026-06-10,remote,8,8.7,,15,0.7
ATT005921,EMP046,2026-06-11,present,8,9.3,,0,1.3
ATT005922,EMP046,2026-06-12,leave,8,0,sick,0,0
ATT005923,EMP046,2026-06-15,present,8,7.6,,0,0
ATT005924,EMP046,2026-06-16,present,8,7.3,,0,0
ATT005925,EMP046,2026-06-17,holiday,8,0,,0,0
ATT005926,EMP046,2026-06-18,present,8,7.8,,0,0
ATT005927,EMP046,2026-06-19,remote,8,8.4,,0,0.4
ATT005928,EMP046,2026-06-22,present,8,7.2,,0,0
ATT005929,EMP046,2026-06-23,present,8,7.2,,0,0
ATT005930,EMP046,2026-06-24,present,8,9.0,,0,1.0
ATT005931,EMP046,2026-06-25,absent,8,0,,0,0
ATT005932,EMP046,2026-06-26,present,8,7.3,,0,0
ATT005933,EMP046,2026-06-29,remote,8,8.9,,0,0.9
ATT005934,EMP046,2026-06-30,present,8,7.2,,0,0
ATT005935,EMP047,2026-01-01,leave,8,0,earned,0,0
ATT005936,EMP047,2026-01-02,present,8,9.5,,0,1.5
ATT005937,EMP047,2026-01-05,present,8,9.2,,0,1.2
ATT005938,EMP047,2026-01-06,present,8,7.3,,0,0
ATT005939,EMP047,2026-01-07,remote,8,8.9,,0,0.9
ATT005940,EMP047,2026-01-08,half_day,8,3.8,,0,0
ATT005941,EMP047,2026-01-09,leave,8,0,emergency,0,0
ATT005942,EMP047,2026-01-12,present,8,7.3,,0,0
ATT005943,EMP047,2026-01-13,present,8,8.1,,0,0.1
ATT005944,EMP047,2026-01-14,leave,8,0,earned,0,0
ATT005945,EMP047,2026-01-15,present,8,9.1,,0,1.1
ATT005946,EMP047,2026-01-16,leave,8,0,casual,0,0
ATT005947,EMP047,2026-01-19,remote,8,8.8,,0,0.8
ATT005948,EMP047,2026-01-20,present,8,7.7,,0,0
ATT005949,EMP047,2026-01-21,remote,8,7.8,,0,0
ATT005950,EMP047,2026-01-22,present,8,8.5,,0,0.5
ATT005951,EMP047,2026-01-23,present,8,8.4,,0,0.4
ATT005952,EMP047,2026-01-26,holiday,8,0,,0,0
ATT005953,EMP047,2026-01-27,leave,8,0,sick,0,0
ATT005954,EMP047,2026-01-28,present,8,7.9,,0,0
ATT005955,EMP047,2026-01-29,remote,8,8.1,,0,0.1
ATT005956,EMP047,2026-01-30,present,8,7.8,,0,0
ATT005957,EMP047,2026-02-02,present,8,9.0,,0,1.0
ATT005958,EMP047,2026-02-03,remote,8,9.0,,0,1.0
ATT005959,EMP047,2026-02-04,remote,8,9.2,,0,1.2
ATT005960,EMP047,2026-02-05,absent,8,0,,0,0
ATT005961,EMP047,2026-02-06,present,8,8.4,,0,0.4
ATT005962,EMP047,2026-02-09,absent,8,0,,0,0
ATT005963,EMP047,2026-02-10,present,8,8.4,,0,0.4
ATT005964,EMP047,2026-02-11,leave,8,0,personal,0,0
ATT005965,EMP047,2026-02-12,present,8,7.8,,0,0
ATT005966,EMP047,2026-02-13,present,8,9.3,,0,1.3
ATT005967,EMP047,2026-02-16,present,8,7.6,,0,0
ATT005968,EMP047,2026-02-17,leave,8,0,personal,0,0
ATT005969,EMP047,2026-02-18,present,8,8.2,,0,0.2
ATT005970,EMP047,2026-02-19,remote,8,7.0,,0,0
ATT005971,EMP047,2026-02-20,present,8,8.6,,30,0.6
ATT005972,EMP047,2026-02-23,present,8,8.4,,0,0.4
ATT005973,EMP047,2026-02-24,leave,8,0,casual,0,0
ATT005974,EMP047,2026-02-25,present,8,8.7,,0,0.7
ATT005975,EMP047,2026-02-26,absent,8,0,,0,0
ATT005976,EMP047,2026-02-27,present,8,7.1,,0,0
ATT005977,EMP047,2026-03-02,present,8,7.2,,0,0
ATT005978,EMP047,2026-03-03,present,8,8.0,,0,0
ATT005979,EMP047,2026-03-04,present,8,8.0,,0,0
ATT005980,EMP047,2026-03-05,present,8,7.4,,0,0
ATT005981,EMP047,2026-03-06,present,8,8.7,,0,0.7
ATT005982,EMP047,2026-03-09,leave,8,0,personal,0,0
ATT005983,EMP047,2026-03-10,holiday,8,0,,0,0
ATT005984,EMP047,2026-03-11,leave,8,0,earned,0,0
ATT005985,EMP047,2026-03-12,remote,8,7.3,,0,0
ATT005986,EMP047,2026-03-13,remote,8,8.7,,0,0.7
ATT005987,EMP047,2026-03-16,remote,8,7.7,,0,0
ATT005988,EMP047,2026-03-17,remote,8,7.3,,0,0
ATT005989,EMP047,2026-03-18,leave,8,0,sick,0,0
ATT005990,EMP047,2026-03-19,remote,8,7.9,,0,0
ATT005991,EMP047,2026-03-20,present,8,9.1,,0,1.1
ATT005992,EMP047,2026-03-23,present,8,7.3,,0,0
ATT005993,EMP047,2026-03-24,remote,8,7.2,,30,0
ATT005994,EMP047,2026-03-25,present,8,9.3,,0,1.3
ATT005995,EMP047,2026-03-26,leave,8,0,emergency,0,0
ATT005996,EMP047,2026-03-27,present,8,7.6,,0,0
ATT005997,EMP047,2026-03-30,holiday,8,0,,0,0
ATT005998,EMP047,2026-03-31,present,8,8.0,,0,0
ATT005999,EMP047,2026-04-01,present,8,7.5,,0,0
ATT006000,EMP047,2026-04-02,present,8,8.0,,0,0
ATT006001,EMP047,2026-04-03,remote,8,7.9,,15,0
ATT006002,EMP047,2026-04-06,present,8,7.4,,0,0
ATT006003,EMP047,2026-04-07,remote,8,9.2,,0,1.2
ATT006004,EMP047,2026-04-08,absent,8,0,,0,0
ATT006005,EMP047,2026-04-09,present,8,9.1,,0,1.1
ATT006006,EMP047,2026-04-10,leave,8,0,casual,0,0
ATT006007,EMP047,2026-04-13,present,8,8.5,,5,0.5
ATT006008,EMP047,2026-04-14,holiday,8,0,,0,0
ATT006009,EMP047,2026-04-15,present,8,9.4,,0,1.4
ATT006010,EMP047,2026-04-16,present,8,7.9,,0,0
ATT006011,EMP047,2026-04-17,half_day,8,3.9,,0,0
ATT006012,EMP047,2026-04-20,leave,8,0,emergency,0,0
ATT006013,EMP047,2026-04-21,leave,8,0,earned,0,0
ATT006014,EMP047,2026-04-22,half_day,8,3.9,,0,0
ATT006015,EMP047,2026-04-23,present,8,8.4,,0,0.4
ATT006016,EMP047,2026-04-24,leave,8,0,sick,0,0
ATT006017,EMP047,2026-04-27,remote,8,9.1,,10,1.1
ATT006018,EMP047,2026-04-28,present,8,9.4,,10,1.4
ATT006019,EMP047,2026-04-29,present,8,9.3,,0,1.3
ATT006020,EMP047,2026-04-30,absent,8,0,,0,0
ATT006021,EMP047,2026-05-01,holiday,8,0,,0,0
ATT006022,EMP047,2026-05-04,leave,8,0,earned,0,0
ATT006023,EMP047,2026-05-05,present,8,8.9,,0,0.9
ATT006024,EMP047,2026-05-06,present,8,7.6,,0,0
ATT006025,EMP047,2026-05-07,present,8,7.5,,0,0
ATT006026,EMP047,2026-05-08,present,8,7.7,,0,0
ATT006027,EMP047,2026-05-11,present,8,8.0,,0,0
ATT006028,EMP047,2026-05-12,present,8,7.4,,0,0
ATT006029,EMP047,2026-05-13,remote,8,8.0,,0,0
ATT006030,EMP047,2026-05-14,leave,8,0,earned,0,0
ATT006031,EMP047,2026-05-15,present,8,9.2,,0,1.2
ATT006032,EMP047,2026-05-18,remote,8,8.6,,0,0.6
ATT006033,EMP047,2026-05-19,present,8,7.6,,0,0
ATT006034,EMP047,2026-05-20,absent,8,0,,0,0
ATT006035,EMP047,2026-05-21,half_day,8,3.7,,20,0
ATT006036,EMP047,2026-05-22,present,8,7.6,,0,0
ATT006037,EMP047,2026-05-25,present,8,8.8,,10,0.8
ATT006038,EMP047,2026-05-26,remote,8,8.4,,0,0.4
ATT006039,EMP047,2026-05-27,leave,8,0,sick,0,0
ATT006040,EMP047,2026-05-28,leave,8,0,sick,0,0
ATT006041,EMP047,2026-05-29,present,8,8.0,,0,0
ATT006042,EMP047,2026-06-01,present,8,7.9,,0,0
ATT006043,EMP047,2026-06-02,present,8,9.2,,0,1.2
ATT006044,EMP047,2026-06-03,present,8,7.4,,0,0
ATT006045,EMP047,2026-06-04,present,8,7.1,,0,0
ATT006046,EMP047,2026-06-05,absent,8,0,,0,0
ATT006047,EMP047,2026-06-08,present,8,7.3,,0,0
ATT006048,EMP047,2026-06-09,present,8,8.3,,0,0.3
ATT006049,EMP047,2026-06-10,leave,8,0,emergency,0,0
ATT006050,EMP047,2026-06-11,remote,8,9.1,,0,1.1
ATT006051,EMP047,2026-06-12,present,8,9.1,,0,1.1
ATT006052,EMP047,2026-06-15,absent,8,0,,0,0
ATT006053,EMP047,2026-06-16,present,8,8.0,,0,0
ATT006054,EMP047,2026-06-17,holiday,8,0,,0,0
ATT006055,EMP047,2026-06-18,present,8,9.1,,0,1.1
ATT006056,EMP047,2026-06-19,remote,8,9.4,,0,1.4
ATT006057,EMP047,2026-06-22,present,8,9.1,,0,1.1
ATT006058,EMP047,2026-06-23,absent,8,0,,0,0
ATT006059,EMP047,2026-06-24,present,8,7.7,,0,0
ATT006060,EMP047,2026-06-25,present,8,8.4,,0,0.4
ATT006061,EMP047,2026-06-26,present,8,9.0,,0,1.0
ATT006062,EMP047,2026-06-29,absent,8,0,,0,0
ATT006063,EMP047,2026-06-30,present,8,7.2,,0,0
ATT006064,EMP048,2026-01-01,present,8,8.5,,0,0.5
ATT006065,EMP048,2026-01-02,remote,8,8.2,,0,0.2
ATT006066,EMP048,2026-01-05,remote,8,9.1,,0,1.1
ATT006067,EMP048,2026-01-06,present,8,9.2,,20,1.2
ATT006068,EMP048,2026-01-07,remote,8,7.7,,0,0
ATT006069,EMP048,2026-01-08,leave,8,0,personal,0,0
ATT006070,EMP048,2026-01-09,present,8,8.3,,0,0.3
ATT006071,EMP048,2026-01-12,present,8,7.4,,0,0
ATT006072,EMP048,2026-01-13,remote,8,7.4,,0,0
ATT006073,EMP048,2026-01-14,present,8,7.2,,0,0
ATT006074,EMP048,2026-01-15,present,8,7.6,,0,0
ATT006075,EMP048,2026-01-16,leave,8,0,personal,0,0
ATT006076,EMP048,2026-01-19,remote,8,7.2,,0,0
ATT006077,EMP048,2026-01-20,present,8,9.4,,0,1.4
ATT006078,EMP048,2026-01-21,present,8,8.1,,0,0.1
ATT006079,EMP048,2026-01-22,remote,8,8.8,,0,0.8
ATT006080,EMP048,2026-01-23,leave,8,0,emergency,0,0
ATT006081,EMP048,2026-01-26,holiday,8,0,,0,0
ATT006082,EMP048,2026-01-27,present,8,8.7,,0,0.7
ATT006083,EMP048,2026-01-28,remote,8,7.3,,0,0
ATT006084,EMP048,2026-01-29,leave,8,0,earned,0,0
ATT006085,EMP048,2026-01-30,present,8,8.8,,0,0.8
ATT006086,EMP048,2026-02-02,remote,8,7.7,,0,0
ATT006087,EMP048,2026-02-03,present,8,8.3,,0,0.3
ATT006088,EMP048,2026-02-04,present,8,7.3,,0,0
ATT006089,EMP048,2026-02-05,present,8,9.0,,0,1.0
ATT006090,EMP048,2026-02-06,present,8,8.7,,0,0.7
ATT006091,EMP048,2026-02-09,absent,8,0,,0,0
ATT006092,EMP048,2026-02-10,present,8,9.0,,0,1.0
ATT006093,EMP048,2026-02-11,present,8,7.8,,0,0
ATT006094,EMP048,2026-02-12,present,8,8.6,,0,0.6
ATT006095,EMP048,2026-02-13,remote,8,7.3,,0,0
ATT006096,EMP048,2026-02-16,present,8,8.2,,0,0.2
ATT006097,EMP048,2026-02-17,absent,8,0,,0,0
ATT006098,EMP048,2026-02-18,present,8,8.2,,0,0.2
ATT006099,EMP048,2026-02-19,present,8,7.5,,0,0
ATT006100,EMP048,2026-02-20,present,8,7.1,,0,0
ATT006101,EMP048,2026-02-23,present,8,8.3,,0,0.3
ATT006102,EMP048,2026-02-24,present,8,9.3,,10,1.3
ATT006103,EMP048,2026-02-25,present,8,8.8,,0,0.8
ATT006104,EMP048,2026-02-26,leave,8,0,earned,0,0
ATT006105,EMP048,2026-02-27,leave,8,0,earned,0,0
ATT006106,EMP048,2026-03-02,remote,8,8.6,,0,0.6
ATT006107,EMP048,2026-03-03,present,8,7.8,,0,0
ATT006108,EMP048,2026-03-04,remote,8,9.4,,0,1.4
ATT006109,EMP048,2026-03-05,remote,8,9.1,,0,1.1
ATT006110,EMP048,2026-03-06,present,8,7.0,,0,0
ATT006111,EMP048,2026-03-09,leave,8,0,casual,0,0
ATT006112,EMP048,2026-03-10,holiday,8,0,,0,0
ATT006113,EMP048,2026-03-11,present,8,8.2,,0,0.2
ATT006114,EMP048,2026-03-12,remote,8,8.9,,10,0.9
ATT006115,EMP048,2026-03-13,present,8,7.3,,0,0
ATT006116,EMP048,2026-03-16,absent,8,0,,0,0
ATT006117,EMP048,2026-03-17,remote,8,9.2,,0,1.2
ATT006118,EMP048,2026-03-18,present,8,7.4,,0,0
ATT006119,EMP048,2026-03-19,present,8,8.4,,0,0.4
ATT006120,EMP048,2026-03-20,leave,8,0,earned,0,0
ATT006121,EMP048,2026-03-23,present,8,7.9,,0,0
ATT006122,EMP048,2026-03-24,present,8,9.5,,0,1.5
ATT006123,EMP048,2026-03-25,remote,8,7.7,,0,0
ATT006124,EMP048,2026-03-26,present,8,8.4,,0,0.4
ATT006125,EMP048,2026-03-27,present,8,7.8,,0,0
ATT006126,EMP048,2026-03-30,holiday,8,0,,0,0
ATT006127,EMP048,2026-03-31,leave,8,0,sick,0,0
ATT006128,EMP048,2026-04-01,present,8,9.2,,15,1.2
ATT006129,EMP048,2026-04-02,present,8,9.2,,0,1.2
ATT006130,EMP048,2026-04-03,remote,8,7.7,,0,0
ATT006131,EMP048,2026-04-06,present,8,7.4,,0,0
ATT006132,EMP048,2026-04-07,present,8,7.8,,0,0
ATT006133,EMP048,2026-04-08,present,8,7.3,,0,0
ATT006134,EMP048,2026-04-09,leave,8,0,sick,0,0
ATT006135,EMP048,2026-04-10,remote,8,7.2,,0,0
ATT006136,EMP048,2026-04-13,present,8,7.3,,0,0
ATT006137,EMP048,2026-04-14,holiday,8,0,,0,0
ATT006138,EMP048,2026-04-15,present,8,9.0,,0,1.0
ATT006139,EMP048,2026-04-16,remote,8,8.2,,0,0.2
ATT006140,EMP048,2026-04-17,present,8,9.1,,0,1.1
ATT006141,EMP048,2026-04-20,half_day,8,4.4,,0,0
ATT006142,EMP048,2026-04-21,present,8,7.6,,0,0
ATT006143,EMP048,2026-04-22,present,8,7.7,,0,0
ATT006144,EMP048,2026-04-23,leave,8,0,personal,0,0
ATT006145,EMP048,2026-04-24,remote,8,7.6,,0,0
ATT006146,EMP048,2026-04-27,present,8,9.5,,0,1.5
ATT006147,EMP048,2026-04-28,absent,8,0,,0,0
ATT006148,EMP048,2026-04-29,absent,8,0,,0,0
ATT006149,EMP048,2026-04-30,present,8,8.7,,0,0.7
ATT006150,EMP048,2026-05-01,holiday,8,0,,0,0
ATT006151,EMP048,2026-05-04,remote,8,9.5,,15,1.5
ATT006152,EMP048,2026-05-05,leave,8,0,personal,0,0
ATT006153,EMP048,2026-05-06,absent,8,0,,0,0
ATT006154,EMP048,2026-05-07,present,8,9.0,,0,1.0
ATT006155,EMP048,2026-05-08,leave,8,0,casual,0,0
ATT006156,EMP048,2026-05-11,present,8,9.3,,0,1.3
ATT006157,EMP048,2026-05-12,half_day,8,4.0,,0,0
ATT006158,EMP048,2026-05-13,remote,8,8.4,,5,0.4
ATT006159,EMP048,2026-05-14,present,8,8.7,,0,0.7
ATT006160,EMP048,2026-05-15,present,8,7.2,,0,0
ATT006161,EMP048,2026-05-18,remote,8,7.5,,20,0
ATT006162,EMP048,2026-05-19,present,8,7.3,,0,0
ATT006163,EMP048,2026-05-20,present,8,8.0,,0,0
ATT006164,EMP048,2026-05-21,remote,8,7.7,,0,0
ATT006165,EMP048,2026-05-22,remote,8,7.3,,0,0
ATT006166,EMP048,2026-05-25,remote,8,9.1,,0,1.1
ATT006167,EMP048,2026-05-26,leave,8,0,sick,0,0
ATT006168,EMP048,2026-05-27,present,8,7.3,,0,0
ATT006169,EMP048,2026-05-28,remote,8,8.4,,0,0.4
ATT006170,EMP048,2026-05-29,present,8,7.9,,0,0
ATT006171,EMP048,2026-06-01,leave,8,0,casual,0,0
ATT006172,EMP048,2026-06-02,leave,8,0,earned,0,0
ATT006173,EMP048,2026-06-03,leave,8,0,earned,0,0
ATT006174,EMP048,2026-06-04,present,8,7.0,,0,0
ATT006175,EMP048,2026-06-05,present,8,7.3,,0,0
ATT006176,EMP048,2026-06-08,present,8,7.1,,0,0
ATT006177,EMP048,2026-06-09,present,8,8.5,,0,0.5
ATT006178,EMP048,2026-06-10,remote,8,7.5,,0,0
ATT006179,EMP048,2026-06-11,present,8,8.2,,0,0.2
ATT006180,EMP048,2026-06-12,remote,8,9.1,,0,1.1
ATT006181,EMP048,2026-06-15,present,8,8.4,,0,0.4
ATT006182,EMP048,2026-06-16,remote,8,8.2,,0,0.2
ATT006183,EMP048,2026-06-17,holiday,8,0,,0,0
ATT006184,EMP048,2026-06-18,leave,8,0,personal,0,0
ATT006185,EMP048,2026-06-19,remote,8,7.1,,0,0
ATT006186,EMP048,2026-06-22,present,8,7.7,,0,0
ATT006187,EMP048,2026-06-23,present,8,7.9,,0,0
ATT006188,EMP048,2026-06-24,present,8,9.4,,0,1.4
ATT006189,EMP048,2026-06-25,present,8,7.5,,0,0
ATT006190,EMP048,2026-06-26,leave,8,0,personal,0,0
ATT006191,EMP048,2026-06-29,leave,8,0,personal,0,0
ATT006192,EMP048,2026-06-30,present,8,9.1,,0,1.1
ATT006193,EMP049,2026-01-01,remote,8,7.5,,0,0
ATT006194,EMP049,2026-01-02,present,8,8.3,,0,0.3
ATT006195,EMP049,2026-01-05,leave,8,0,earned,0,0
ATT006196,EMP049,2026-01-06,present,8,8.9,,0,0.9
ATT006197,EMP049,2026-01-07,absent,8,0,,0,0
ATT006198,EMP049,2026-01-08,present,8,7.3,,0,0
ATT006199,EMP049,2026-01-09,present,8,8.2,,0,0.2
ATT006200,EMP049,2026-01-12,remote,8,7.7,,0,0
ATT006201,EMP049,2026-01-13,leave,8,0,earned,0,0
ATT006202,EMP049,2026-01-14,present,8,8.1,,0,0.1
ATT006203,EMP049,2026-01-15,present,8,7.4,,0,0
ATT006204,EMP049,2026-01-16,leave,8,0,earned,0,0
ATT006205,EMP049,2026-01-19,remote,8,7.5,,0,0
ATT006206,EMP049,2026-01-20,present,8,7.9,,5,0
ATT006207,EMP049,2026-01-21,leave,8,0,emergency,0,0
ATT006208,EMP049,2026-01-22,absent,8,0,,0,0
ATT006209,EMP049,2026-01-23,leave,8,0,sick,0,0
ATT006210,EMP049,2026-01-26,holiday,8,0,,0,0
ATT006211,EMP049,2026-01-27,remote,8,8.5,,0,0.5
ATT006212,EMP049,2026-01-28,present,8,8.5,,0,0.5
ATT006213,EMP049,2026-01-29,present,8,7.2,,0,0
ATT006214,EMP049,2026-01-30,remote,8,8.4,,15,0.4
ATT006215,EMP049,2026-02-02,remote,8,7.6,,0,0
ATT006216,EMP049,2026-02-03,absent,8,0,,0,0
ATT006217,EMP049,2026-02-04,remote,8,8.6,,0,0.6
ATT006218,EMP049,2026-02-05,remote,8,8.6,,0,0.6
ATT006219,EMP049,2026-02-06,remote,8,7.3,,0,0
ATT006220,EMP049,2026-02-09,half_day,8,4.1,,0,0
ATT006221,EMP049,2026-02-10,remote,8,9.1,,0,1.1
ATT006222,EMP049,2026-02-11,absent,8,0,,0,0
ATT006223,EMP049,2026-02-12,leave,8,0,personal,0,0
ATT006224,EMP049,2026-02-13,leave,8,0,personal,0,0
ATT006225,EMP049,2026-02-16,remote,8,9.3,,0,1.3
ATT006226,EMP049,2026-02-17,present,8,8.8,,10,0.8
ATT006227,EMP049,2026-02-18,present,8,8.5,,0,0.5
ATT006228,EMP049,2026-02-19,remote,8,8.2,,0,0.2
ATT006229,EMP049,2026-02-20,absent,8,0,,0,0
ATT006230,EMP049,2026-02-23,leave,8,0,personal,0,0
ATT006231,EMP049,2026-02-24,remote,8,7.5,,0,0
ATT006232,EMP049,2026-02-25,present,8,8.2,,0,0.2
ATT006233,EMP049,2026-02-26,remote,8,7.9,,0,0
ATT006234,EMP049,2026-02-27,present,8,7.7,,0,0
ATT006235,EMP049,2026-03-02,leave,8,0,earned,0,0
ATT006236,EMP049,2026-03-03,present,8,7.7,,0,0
ATT006237,EMP049,2026-03-04,absent,8,0,,0,0
ATT006238,EMP049,2026-03-05,present,8,8.0,,0,0
ATT006239,EMP049,2026-03-06,remote,8,8.8,,0,0.8
ATT006240,EMP049,2026-03-09,remote,8,9.0,,30,1.0
ATT006241,EMP049,2026-03-10,holiday,8,0,,0,0
ATT006242,EMP049,2026-03-11,present,8,9.4,,0,1.4
ATT006243,EMP049,2026-03-12,present,8,7.7,,0,0
ATT006244,EMP049,2026-03-13,remote,8,8.4,,0,0.4
ATT006245,EMP049,2026-03-16,remote,8,7.0,,0,0
ATT006246,EMP049,2026-03-17,half_day,8,4.0,,0,0
ATT006247,EMP049,2026-03-18,remote,8,7.7,,0,0
ATT006248,EMP049,2026-03-19,remote,8,9.2,,0,1.2
ATT006249,EMP049,2026-03-20,present,8,7.6,,0,0
ATT006250,EMP049,2026-03-23,leave,8,0,sick,0,0
ATT006251,EMP049,2026-03-24,present,8,7.6,,0,0
ATT006252,EMP049,2026-03-25,present,8,8.2,,0,0.2
ATT006253,EMP049,2026-03-26,present,8,8.1,,30,0.1
ATT006254,EMP049,2026-03-27,present,8,8.5,,0,0.5
ATT006255,EMP049,2026-03-30,holiday,8,0,,0,0
ATT006256,EMP049,2026-03-31,remote,8,7.7,,0,0
ATT006257,EMP049,2026-04-01,present,8,7.6,,0,0
ATT006258,EMP049,2026-04-02,half_day,8,4.0,,0,0
ATT006259,EMP049,2026-04-03,present,8,8.4,,0,0.4
ATT006260,EMP049,2026-04-06,present,8,9.2,,0,1.2
ATT006261,EMP049,2026-04-07,leave,8,0,sick,0,0
ATT006262,EMP049,2026-04-08,present,8,9.3,,0,1.3
ATT006263,EMP049,2026-04-09,remote,8,7.3,,10,0
ATT006264,EMP049,2026-04-10,half_day,8,3.6,,0,0
ATT006265,EMP049,2026-04-13,present,8,8.4,,10,0.4
ATT006266,EMP049,2026-04-14,holiday,8,0,,0,0
ATT006267,EMP049,2026-04-15,present,8,8.6,,0,0.6
ATT006268,EMP049,2026-04-16,remote,8,8.9,,30,0.9
ATT006269,EMP049,2026-04-17,present,8,7.6,,0,0
ATT006270,EMP049,2026-04-20,remote,8,9.3,,0,1.3
ATT006271,EMP049,2026-04-21,present,8,8.9,,0,0.9
ATT006272,EMP049,2026-04-22,present,8,8.9,,0,0.9
ATT006273,EMP049,2026-04-23,present,8,7.8,,0,0
ATT006274,EMP049,2026-04-24,half_day,8,4.4,,0,0
ATT006275,EMP049,2026-04-27,leave,8,0,casual,0,0
ATT006276,EMP049,2026-04-28,present,8,8.5,,0,0.5
ATT006277,EMP049,2026-04-29,leave,8,0,earned,0,0
ATT006278,EMP049,2026-04-30,present,8,7.7,,0,0
ATT006279,EMP049,2026-05-01,holiday,8,0,,0,0
ATT006280,EMP049,2026-05-04,present,8,9.5,,10,1.5
ATT006281,EMP049,2026-05-05,remote,8,8.1,,0,0.1
ATT006282,EMP049,2026-05-06,present,8,7.2,,0,0
ATT006283,EMP049,2026-05-07,leave,8,0,casual,0,0
ATT006284,EMP049,2026-05-08,leave,8,0,sick,0,0
ATT006285,EMP049,2026-05-11,present,8,9.2,,10,1.2
ATT006286,EMP049,2026-05-12,present,8,9.1,,0,1.1
ATT006287,EMP049,2026-05-13,leave,8,0,casual,0,0
ATT006288,EMP049,2026-05-14,present,8,7.4,,0,0
ATT006289,EMP049,2026-05-15,leave,8,0,emergency,0,0
ATT006290,EMP049,2026-05-18,remote,8,8.5,,0,0.5
ATT006291,EMP049,2026-05-19,present,8,9.1,,0,1.1
ATT006292,EMP049,2026-05-20,absent,8,0,,0,0
ATT006293,EMP049,2026-05-21,present,8,8.4,,0,0.4
ATT006294,EMP049,2026-05-22,leave,8,0,emergency,0,0
ATT006295,EMP049,2026-05-25,absent,8,0,,0,0
ATT006296,EMP049,2026-05-26,remote,8,9.4,,0,1.4
ATT006297,EMP049,2026-05-27,present,8,8.8,,0,0.8
ATT006298,EMP049,2026-05-28,remote,8,7.7,,0,0
ATT006299,EMP049,2026-05-29,present,8,9.1,,0,1.1
ATT006300,EMP049,2026-06-01,remote,8,7.2,,0,0
ATT006301,EMP049,2026-06-02,present,8,8.0,,0,0
ATT006302,EMP049,2026-06-03,remote,8,8.1,,30,0.1
ATT006303,EMP049,2026-06-04,present,8,8.9,,0,0.9
ATT006304,EMP049,2026-06-05,present,8,7.9,,0,0
ATT006305,EMP049,2026-06-08,present,8,7.6,,0,0
ATT006306,EMP049,2026-06-09,present,8,9.5,,0,1.5
ATT006307,EMP049,2026-06-10,present,8,7.8,,0,0
ATT006308,EMP049,2026-06-11,present,8,8.7,,0,0.7
ATT006309,EMP049,2026-06-12,present,8,7.9,,0,0
ATT006310,EMP049,2026-06-15,present,8,9.3,,0,1.3
ATT006311,EMP049,2026-06-16,absent,8,0,,0,0
ATT006312,EMP049,2026-06-17,holiday,8,0,,0,0
ATT006313,EMP049,2026-06-18,present,8,9.3,,5,1.3
ATT006314,EMP049,2026-06-19,present,8,7.9,,0,0
ATT006315,EMP049,2026-06-22,present,8,7.3,,30,0
ATT006316,EMP049,2026-06-23,present,8,8.4,,0,0.4
ATT006317,EMP049,2026-06-24,remote,8,7.4,,0,0
ATT006318,EMP049,2026-06-25,present,8,7.7,,0,0
ATT006319,EMP049,2026-06-26,leave,8,0,earned,0,0
ATT006320,EMP049,2026-06-29,present,8,8.6,,0,0.6
ATT006321,EMP049,2026-06-30,remote,8,9.1,,30,1.1
ATT006322,EMP050,2026-01-01,remote,8,9.2,,0,1.2
ATT006323,EMP050,2026-01-02,remote,8,7.4,,0,0
ATT006324,EMP050,2026-01-05,remote,8,7.2,,0,0
ATT006325,EMP050,2026-01-06,present,8,7.0,,0,0
ATT006326,EMP050,2026-01-07,remote,8,9.3,,0,1.3
ATT006327,EMP050,2026-01-08,present,8,8.8,,0,0.8
ATT006328,EMP050,2026-01-09,remote,8,8.8,,0,0.8
ATT006329,EMP050,2026-01-12,present,8,8.0,,0,0
ATT006330,EMP050,2026-01-13,leave,8,0,casual,0,0
ATT006331,EMP050,2026-01-14,present,8,7.5,,0,0
ATT006332,EMP050,2026-01-15,present,8,7.1,,0,0
ATT006333,EMP050,2026-01-16,present,8,7.5,,0,0
ATT006334,EMP050,2026-01-19,present,8,7.5,,0,0
ATT006335,EMP050,2026-01-20,present,8,9.2,,0,1.2
ATT006336,EMP050,2026-01-21,present,8,8.9,,0,0.9
ATT006337,EMP050,2026-01-22,present,8,8.3,,0,0.3
ATT006338,EMP050,2026-01-23,remote,8,7.2,,0,0
ATT006339,EMP050,2026-01-26,holiday,8,0,,0,0
ATT006340,EMP050,2026-01-27,present,8,9.2,,0,1.2
ATT006341,EMP050,2026-01-28,remote,8,8.7,,0,0.7
ATT006342,EMP050,2026-01-29,present,8,7.0,,0,0
ATT006343,EMP050,2026-01-30,leave,8,0,sick,0,0
ATT006344,EMP050,2026-02-02,present,8,9.4,,0,1.4
ATT006345,EMP050,2026-02-03,leave,8,0,earned,0,0
ATT006346,EMP050,2026-02-04,present,8,8.0,,0,0
ATT006347,EMP050,2026-02-05,present,8,8.5,,0,0.5
ATT006348,EMP050,2026-02-06,remote,8,7.6,,0,0
ATT006349,EMP050,2026-02-09,present,8,9.5,,0,1.5
ATT006350,EMP050,2026-02-10,half_day,8,4.3,,0,0
ATT006351,EMP050,2026-02-11,present,8,9.0,,0,1.0
ATT006352,EMP050,2026-02-12,absent,8,0,,0,0
ATT006353,EMP050,2026-02-13,remote,8,9.0,,0,1.0
ATT006354,EMP050,2026-02-16,present,8,8.9,,0,0.9
ATT006355,EMP050,2026-02-17,remote,8,9.0,,0,1.0
ATT006356,EMP050,2026-02-18,present,8,7.1,,0,0
ATT006357,EMP050,2026-02-19,present,8,8.9,,0,0.9
ATT006358,EMP050,2026-02-20,present,8,8.3,,0,0.3
ATT006359,EMP050,2026-02-23,present,8,8.0,,0,0
ATT006360,EMP050,2026-02-24,absent,8,0,,0,0
ATT006361,EMP050,2026-02-25,present,8,9.0,,0,1.0
ATT006362,EMP050,2026-02-26,absent,8,0,,0,0
ATT006363,EMP050,2026-02-27,present,8,8.7,,30,0.7
ATT006364,EMP050,2026-03-02,present,8,8.0,,0,0
ATT006365,EMP050,2026-03-03,remote,8,7.6,,0,0
ATT006366,EMP050,2026-03-04,present,8,8.7,,0,0.7
ATT006367,EMP050,2026-03-05,remote,8,8.1,,0,0.1
ATT006368,EMP050,2026-03-06,present,8,7.4,,0,0
ATT006369,EMP050,2026-03-09,present,8,7.6,,0,0
ATT006370,EMP050,2026-03-10,holiday,8,0,,0,0
ATT006371,EMP050,2026-03-11,remote,8,8.5,,0,0.5
ATT006372,EMP050,2026-03-12,remote,8,9.5,,0,1.5
ATT006373,EMP050,2026-03-13,present,8,8.1,,0,0.1
ATT006374,EMP050,2026-03-16,remote,8,8.6,,0,0.6
ATT006375,EMP050,2026-03-17,present,8,7.7,,0,0
ATT006376,EMP050,2026-03-18,present,8,7.1,,0,0
ATT006377,EMP050,2026-03-19,remote,8,7.5,,0,0
ATT006378,EMP050,2026-03-20,present,8,7.4,,0,0
ATT006379,EMP050,2026-03-23,present,8,7.8,,0,0
ATT006380,EMP050,2026-03-24,leave,8,0,emergency,0,0
ATT006381,EMP050,2026-03-25,leave,8,0,earned,0,0
ATT006382,EMP050,2026-03-26,present,8,9.2,,15,1.2
ATT006383,EMP050,2026-03-27,remote,8,9.0,,0,1.0
ATT006384,EMP050,2026-03-30,holiday,8,0,,0,0
ATT006385,EMP050,2026-03-31,absent,8,0,,0,0
ATT006386,EMP050,2026-04-01,leave,8,0,personal,0,0
ATT006387,EMP050,2026-04-02,remote,8,7.4,,30,0
ATT006388,EMP050,2026-04-03,half_day,8,4.2,,0,0
ATT006389,EMP050,2026-04-06,present,8,8.0,,30,0
ATT006390,EMP050,2026-04-07,present,8,9.2,,20,1.2
ATT006391,EMP050,2026-04-08,remote,8,7.6,,0,0
ATT006392,EMP050,2026-04-09,present,8,7.2,,0,0
ATT006393,EMP050,2026-04-10,remote,8,7.5,,0,0
ATT006394,EMP050,2026-04-13,remote,8,8.0,,0,0
ATT006395,EMP050,2026-04-14,holiday,8,0,,0,0
ATT006396,EMP050,2026-04-15,present,8,7.0,,0,0
ATT006397,EMP050,2026-04-16,remote,8,7.1,,20,0
ATT006398,EMP050,2026-04-17,remote,8,8.5,,0,0.5
ATT006399,EMP050,2026-04-20,present,8,7.7,,0,0
ATT006400,EMP050,2026-04-21,present,8,7.0,,0,0
ATT006401,EMP050,2026-04-22,leave,8,0,casual,0,0
ATT006402,EMP050,2026-04-23,remote,8,9.4,,0,1.4
ATT006403,EMP050,2026-04-24,remote,8,9.0,,0,1.0
ATT006404,EMP050,2026-04-27,remote,8,8.6,,0,0.6
ATT006405,EMP050,2026-04-28,remote,8,8.9,,0,0.9
ATT006406,EMP050,2026-04-29,leave,8,0,emergency,0,0
ATT006407,EMP050,2026-04-30,present,8,8.1,,0,0.1
ATT006408,EMP050,2026-05-01,holiday,8,0,,0,0
ATT006409,EMP050,2026-05-04,present,8,8.6,,0,0.6
ATT006410,EMP050,2026-05-05,remote,8,8.9,,0,0.9
ATT006411,EMP050,2026-05-06,present,8,9.1,,0,1.1
ATT006412,EMP050,2026-05-07,present,8,7.3,,0,0
ATT006413,EMP050,2026-05-08,remote,8,7.7,,0,0
ATT006414,EMP050,2026-05-11,present,8,8.6,,0,0.6
ATT006415,EMP050,2026-05-12,remote,8,8.3,,0,0.3
ATT006416,EMP050,2026-05-13,remote,8,8.6,,0,0.6
ATT006417,EMP050,2026-05-14,present,8,9.2,,0,1.2
ATT006418,EMP050,2026-05-15,present,8,8.5,,0,0.5
ATT006419,EMP050,2026-05-18,remote,8,8.3,,0,0.3
ATT006420,EMP050,2026-05-19,remote,8,7.7,,0,0
ATT006421,EMP050,2026-05-20,remote,8,8.1,,0,0.1
ATT006422,EMP050,2026-05-21,remote,8,8.1,,0,0.1
ATT006423,EMP050,2026-05-22,present,8,7.5,,0,0
ATT006424,EMP050,2026-05-25,present,8,7.6,,0,0
ATT006425,EMP050,2026-05-26,remote,8,8.0,,30,0
ATT006426,EMP050,2026-05-27,present,8,7.8,,0,0
ATT006427,EMP050,2026-05-28,present,8,7.5,,0,0
ATT006428,EMP050,2026-05-29,present,8,9.1,,0,1.1
ATT006429,EMP050,2026-06-01,remote,8,7.0,,0,0
ATT006430,EMP050,2026-06-02,present,8,8.4,,0,0.4
ATT006431,EMP050,2026-06-03,present,8,8.3,,0,0.3
ATT006432,EMP050,2026-06-04,present,8,9.3,,0,1.3
ATT006433,EMP050,2026-06-05,remote,8,9.2,,0,1.2
ATT006434,EMP050,2026-06-08,remote,8,8.8,,0,0.8
ATT006435,EMP050,2026-06-09,leave,8,0,personal,0,0
ATT006436,EMP050,2026-06-10,present,8,9.5,,0,1.5
ATT006437,EMP050,2026-06-11,remote,8,7.8,,0,0
ATT006438,EMP050,2026-06-12,present,8,8.4,,15,0.4
ATT006439,EMP050,2026-06-15,present,8,8.9,,0,0.9
ATT006440,EMP050,2026-06-16,present,8,9.2,,0,1.2
ATT006441,EMP050,2026-06-17,holiday,8,0,,0,0
ATT006442,EMP050,2026-06-18,present,8,7.1,,0,0
ATT006443,EMP050,2026-06-19,present,8,8.2,,0,0.2
ATT006444,EMP050,2026-06-22,present,8,7.1,,0,0
ATT006445,EMP050,2026-06-23,present,8,8.9,,0,0.9
ATT006446,EMP050,2026-06-24,present,8,8.7,,0,0.7
ATT006447,EMP050,2026-06-25,present,8,7.7,,0,0
ATT006448,EMP050,2026-06-26,present,8,9.1,,0,1.1
ATT006449,EMP050,2026-06-29,present,8,9.4,,0,1.4
ATT006450,EMP050,2026-06-30,present,8,7.8,,0,0
ATT006451,EMP051,2026-01-01,present,8,7.0,,0,0
ATT006452,EMP051,2026-01-02,remote,8,9.2,,0,1.2
ATT006453,EMP051,2026-01-05,present,8,8.4,,0,0.4
ATT006454,EMP051,2026-01-06,present,8,8.2,,0,0.2
ATT006455,EMP051,2026-01-07,present,8,7.2,,0,0
ATT006456,EMP051,2026-01-08,present,8,7.6,,0,0
ATT006457,EMP051,2026-01-09,remote,8,7.4,,0,0
ATT006458,EMP051,2026-01-12,present,8,7.5,,0,0
ATT006459,EMP051,2026-01-13,present,8,8.4,,0,0.4
ATT006460,EMP051,2026-01-14,present,8,9.1,,0,1.1
ATT006461,EMP051,2026-01-15,present,8,9.3,,0,1.3
ATT006462,EMP051,2026-01-16,present,8,9.0,,0,1.0
ATT006463,EMP051,2026-01-19,present,8,8.2,,0,0.2
ATT006464,EMP051,2026-01-20,present,8,7.9,,0,0
ATT006465,EMP051,2026-01-21,present,8,8.2,,0,0.2
ATT006466,EMP051,2026-01-22,present,8,7.8,,0,0
ATT006467,EMP051,2026-01-23,remote,8,8.7,,0,0.7
ATT006468,EMP051,2026-01-26,holiday,8,0,,0,0
ATT006469,EMP051,2026-01-27,present,8,8.3,,0,0.3
ATT006470,EMP051,2026-01-28,half_day,8,3.8,,0,0
ATT006471,EMP051,2026-01-29,present,8,9.2,,0,1.2
ATT006472,EMP051,2026-01-30,present,8,9.5,,0,1.5
ATT006473,EMP051,2026-02-02,present,8,8.9,,0,0.9
ATT006474,EMP051,2026-02-03,half_day,8,4.3,,0,0
ATT006475,EMP051,2026-02-04,remote,8,8.1,,0,0.1
ATT006476,EMP051,2026-02-05,present,8,8.6,,0,0.6
ATT006477,EMP051,2026-02-06,present,8,7.5,,0,0
ATT006478,EMP051,2026-02-09,present,8,8.4,,0,0.4
ATT006479,EMP051,2026-02-10,present,8,8.5,,0,0.5
ATT006480,EMP051,2026-02-11,present,8,8.3,,0,0.3
ATT006481,EMP051,2026-02-12,present,8,7.4,,0,0
ATT006482,EMP051,2026-02-13,remote,8,7.9,,0,0
ATT006483,EMP051,2026-02-16,remote,8,8.1,,0,0.1
ATT006484,EMP051,2026-02-17,remote,8,7.5,,0,0
ATT006485,EMP051,2026-02-18,present,8,7.7,,0,0
ATT006486,EMP051,2026-02-19,present,8,9.0,,0,1.0
ATT006487,EMP051,2026-02-20,present,8,8.9,,0,0.9
ATT006488,EMP051,2026-02-23,present,8,8.0,,0,0
ATT006489,EMP051,2026-02-24,present,8,9.1,,0,1.1
ATT006490,EMP051,2026-02-25,present,8,7.7,,0,0
ATT006491,EMP051,2026-02-26,remote,8,7.9,,0,0
ATT006492,EMP051,2026-02-27,remote,8,7.8,,0,0
ATT006493,EMP051,2026-03-02,leave,8,0,personal,0,0
ATT006494,EMP051,2026-03-03,present,8,8.2,,0,0.2
ATT006495,EMP051,2026-03-04,present,8,7.9,,0,0
ATT006496,EMP051,2026-03-05,remote,8,7.7,,0,0
ATT006497,EMP051,2026-03-06,remote,8,8.4,,0,0.4
ATT006498,EMP051,2026-03-09,remote,8,8.7,,0,0.7
ATT006499,EMP051,2026-03-10,holiday,8,0,,0,0
ATT006500,EMP051,2026-03-11,remote,8,7.1,,0,0
ATT006501,EMP051,2026-03-12,present,8,7.6,,0,0
ATT006502,EMP051,2026-03-13,present,8,9.3,,5,1.3
ATT006503,EMP051,2026-03-16,present,8,8.9,,0,0.9
ATT006504,EMP051,2026-03-17,present,8,8.7,,0,0.7
ATT006505,EMP051,2026-03-18,present,8,7.3,,0,0
ATT006506,EMP051,2026-03-19,present,8,8.7,,20,0.7
ATT006507,EMP051,2026-03-20,present,8,7.5,,0,0
ATT006508,EMP051,2026-03-23,present,8,7.4,,0,0
ATT006509,EMP051,2026-03-24,remote,8,7.6,,0,0
ATT006510,EMP051,2026-03-25,half_day,8,4.4,,0,0
ATT006511,EMP051,2026-03-26,present,8,7.4,,0,0
ATT006512,EMP051,2026-03-27,half_day,8,3.6,,30,0
ATT006513,EMP051,2026-03-30,holiday,8,0,,0,0
ATT006514,EMP051,2026-03-31,remote,8,8.2,,0,0.2
ATT006515,EMP051,2026-04-01,present,8,8.8,,0,0.8
ATT006516,EMP051,2026-04-02,remote,8,9.2,,0,1.2
ATT006517,EMP051,2026-04-03,present,8,7.7,,0,0
ATT006518,EMP051,2026-04-06,remote,8,8.6,,0,0.6
ATT006519,EMP051,2026-04-07,remote,8,7.9,,0,0
ATT006520,EMP051,2026-04-08,remote,8,7.2,,0,0
ATT006521,EMP051,2026-04-09,present,8,7.3,,0,0
ATT006522,EMP051,2026-04-10,remote,8,8.0,,0,0
ATT006523,EMP051,2026-04-13,present,8,9.2,,0,1.2
ATT006524,EMP051,2026-04-14,holiday,8,0,,0,0
ATT006525,EMP051,2026-04-15,present,8,8.8,,0,0.8
ATT006526,EMP051,2026-04-16,remote,8,8.0,,0,0
ATT006527,EMP051,2026-04-17,absent,8,0,,0,0
ATT006528,EMP051,2026-04-20,present,8,7.9,,0,0
ATT006529,EMP051,2026-04-21,remote,8,8.0,,0,0
ATT006530,EMP051,2026-04-22,present,8,8.6,,20,0.6
ATT006531,EMP051,2026-04-23,present,8,8.8,,0,0.8
ATT006532,EMP051,2026-04-24,present,8,9.4,,0,1.4
ATT006533,EMP051,2026-04-27,remote,8,8.1,,15,0.1
ATT006534,EMP051,2026-04-28,remote,8,8.4,,0,0.4
ATT006535,EMP051,2026-04-29,present,8,8.5,,0,0.5
ATT006536,EMP051,2026-04-30,remote,8,8.9,,0,0.9
ATT006537,EMP051,2026-05-01,holiday,8,0,,0,0
ATT006538,EMP051,2026-05-04,present,8,8.2,,0,0.2
ATT006539,EMP051,2026-05-05,present,8,7.5,,0,0
ATT006540,EMP051,2026-05-06,leave,8,0,personal,0,0
ATT006541,EMP051,2026-05-07,present,8,8.1,,0,0.1
ATT006542,EMP051,2026-05-08,present,8,9.4,,0,1.4
ATT006543,EMP051,2026-05-11,present,8,8.3,,0,0.3
ATT006544,EMP051,2026-05-12,present,8,8.1,,0,0.1
ATT006545,EMP051,2026-05-13,present,8,8.9,,0,0.9
ATT006546,EMP051,2026-05-14,leave,8,0,earned,0,0
ATT006547,EMP051,2026-05-15,remote,8,7.2,,0,0
ATT006548,EMP051,2026-05-18,present,8,7.9,,0,0
ATT006549,EMP051,2026-05-19,present,8,8.8,,0,0.8
ATT006550,EMP051,2026-05-20,remote,8,7.7,,0,0
ATT006551,EMP051,2026-05-21,present,8,7.4,,0,0
ATT006552,EMP051,2026-05-22,present,8,8.3,,0,0.3
ATT006553,EMP051,2026-05-25,present,8,7.1,,0,0
ATT006554,EMP051,2026-05-26,present,8,8.0,,0,0
ATT006555,EMP051,2026-05-27,present,8,7.9,,0,0
ATT006556,EMP051,2026-05-28,present,8,7.9,,0,0
ATT006557,EMP051,2026-05-29,present,8,7.5,,0,0
ATT006558,EMP051,2026-06-01,present,8,9.4,,20,1.4
ATT006559,EMP051,2026-06-02,remote,8,9.1,,0,1.1
ATT006560,EMP051,2026-06-03,present,8,8.0,,0,0
ATT006561,EMP051,2026-06-04,present,8,9.3,,0,1.3
ATT006562,EMP051,2026-06-05,present,8,8.6,,0,0.6
ATT006563,EMP051,2026-06-08,remote,8,8.1,,0,0.1
ATT006564,EMP051,2026-06-09,present,8,8.6,,0,0.6
ATT006565,EMP051,2026-06-10,present,8,9.0,,0,1.0
ATT006566,EMP051,2026-06-11,present,8,8.0,,0,0
ATT006567,EMP051,2026-06-12,remote,8,9.3,,0,1.3
ATT006568,EMP051,2026-06-15,present,8,8.9,,0,0.9
ATT006569,EMP051,2026-06-16,remote,8,8.0,,0,0
ATT006570,EMP051,2026-06-17,holiday,8,0,,0,0
ATT006571,EMP051,2026-06-18,present,8,9.0,,0,1.0
ATT006572,EMP051,2026-06-19,remote,8,9.1,,0,1.1
ATT006573,EMP051,2026-06-22,present,8,8.9,,0,0.9
ATT006574,EMP051,2026-06-23,remote,8,7.9,,0,0
ATT006575,EMP051,2026-06-24,present,8,8.6,,0,0.6
ATT006576,EMP051,2026-06-25,remote,8,8.4,,0,0.4
ATT006577,EMP051,2026-06-26,remote,8,8.6,,0,0.6
ATT006578,EMP051,2026-06-29,present,8,8.9,,0,0.9
ATT006579,EMP051,2026-06-30,remote,8,9.1,,0,1.1
ATT006580,EMP052,2026-01-01,present,8,9.3,,0,1.3
ATT006581,EMP052,2026-01-02,present,8,8.4,,0,0.4
ATT006582,EMP052,2026-01-05,present,8,7.2,,0,0
ATT006583,EMP052,2026-01-06,leave,8,0,emergency,0,0
ATT006584,EMP052,2026-01-07,leave,8,0,emergency,0,0
ATT006585,EMP052,2026-01-08,present,8,9.3,,0,1.3
ATT006586,EMP052,2026-01-09,present,8,8.3,,0,0.3
ATT006587,EMP052,2026-01-12,present,8,7.9,,5,0
ATT006588,EMP052,2026-01-13,leave,8,0,casual,0,0
ATT006589,EMP052,2026-01-14,present,8,8.1,,0,0.1
ATT006590,EMP052,2026-01-15,remote,8,9.3,,0,1.3
ATT006591,EMP052,2026-01-16,present,8,9.1,,0,1.1
ATT006592,EMP052,2026-01-19,leave,8,0,casual,0,0
ATT006593,EMP052,2026-01-20,leave,8,0,casual,0,0
ATT006594,EMP052,2026-01-21,leave,8,0,sick,0,0
ATT006595,EMP052,2026-01-22,present,8,9.1,,0,1.1
ATT006596,EMP052,2026-01-23,remote,8,8.1,,0,0.1
ATT006597,EMP052,2026-01-26,holiday,8,0,,0,0
ATT006598,EMP052,2026-01-27,present,8,9.3,,0,1.3
ATT006599,EMP052,2026-01-28,present,8,7.6,,0,0
ATT006600,EMP052,2026-01-29,present,8,7.5,,0,0
ATT006601,EMP052,2026-01-30,remote,8,8.2,,0,0.2
ATT006602,EMP052,2026-02-02,remote,8,7.1,,0,0
ATT006603,EMP052,2026-02-03,present,8,8.2,,0,0.2
ATT006604,EMP052,2026-02-04,leave,8,0,sick,0,0
ATT006605,EMP052,2026-02-05,remote,8,7.8,,0,0
ATT006606,EMP052,2026-02-06,remote,8,7.9,,0,0
ATT006607,EMP052,2026-02-09,remote,8,8.2,,0,0.2
ATT006608,EMP052,2026-02-10,remote,8,9.3,,0,1.3
ATT006609,EMP052,2026-02-11,present,8,9.3,,0,1.3
ATT006610,EMP052,2026-02-12,remote,8,7.8,,0,0
ATT006611,EMP052,2026-02-13,remote,8,8.7,,0,0.7
ATT006612,EMP052,2026-02-16,absent,8,0,,0,0
ATT006613,EMP052,2026-02-17,present,8,8.2,,0,0.2
ATT006614,EMP052,2026-02-18,present,8,7.8,,0,0
ATT006615,EMP052,2026-02-19,present,8,9.3,,0,1.3
ATT006616,EMP052,2026-02-20,present,8,9.1,,0,1.1
ATT006617,EMP052,2026-02-23,remote,8,8.0,,0,0
ATT006618,EMP052,2026-02-24,present,8,7.5,,0,0
ATT006619,EMP052,2026-02-25,leave,8,0,sick,0,0
ATT006620,EMP052,2026-02-26,remote,8,8.8,,0,0.8
ATT006621,EMP052,2026-02-27,leave,8,0,emergency,0,0
ATT006622,EMP052,2026-03-02,leave,8,0,personal,0,0
ATT006623,EMP052,2026-03-03,remote,8,8.7,,0,0.7
ATT006624,EMP052,2026-03-04,present,8,7.5,,0,0
ATT006625,EMP052,2026-03-05,present,8,8.5,,0,0.5
ATT006626,EMP052,2026-03-06,present,8,8.3,,0,0.3
ATT006627,EMP052,2026-03-09,present,8,9.0,,0,1.0
ATT006628,EMP052,2026-03-10,holiday,8,0,,0,0
ATT006629,EMP052,2026-03-11,present,8,7.8,,0,0
ATT006630,EMP052,2026-03-12,present,8,8.4,,0,0.4
ATT006631,EMP052,2026-03-13,present,8,9.0,,0,1.0
ATT006632,EMP052,2026-03-16,remote,8,7.4,,0,0
ATT006633,EMP052,2026-03-17,present,8,8.5,,0,0.5
ATT006634,EMP052,2026-03-18,remote,8,9.1,,0,1.1
ATT006635,EMP052,2026-03-19,present,8,7.5,,0,0
ATT006636,EMP052,2026-03-20,leave,8,0,earned,0,0
ATT006637,EMP052,2026-03-23,present,8,8.4,,0,0.4
ATT006638,EMP052,2026-03-24,present,8,7.9,,0,0
ATT006639,EMP052,2026-03-25,present,8,8.1,,0,0.1
ATT006640,EMP052,2026-03-26,leave,8,0,casual,0,0
ATT006641,EMP052,2026-03-27,present,8,8.7,,0,0.7
ATT006642,EMP052,2026-03-30,holiday,8,0,,0,0
ATT006643,EMP052,2026-03-31,present,8,8.4,,0,0.4
ATT006644,EMP052,2026-04-01,present,8,9.0,,0,1.0
ATT006645,EMP052,2026-04-02,remote,8,8.3,,0,0.3
ATT006646,EMP052,2026-04-03,present,8,7.9,,0,0
ATT006647,EMP052,2026-04-06,present,8,7.1,,0,0
ATT006648,EMP052,2026-04-07,leave,8,0,personal,0,0
ATT006649,EMP052,2026-04-08,present,8,7.5,,0,0
ATT006650,EMP052,2026-04-09,present,8,9.5,,0,1.5
ATT006651,EMP052,2026-04-10,absent,8,0,,0,0
ATT006652,EMP052,2026-04-13,leave,8,0,personal,0,0
ATT006653,EMP052,2026-04-14,holiday,8,0,,0,0
ATT006654,EMP052,2026-04-15,present,8,9.2,,0,1.2
ATT006655,EMP052,2026-04-16,absent,8,0,,0,0
ATT006656,EMP052,2026-04-17,leave,8,0,casual,0,0
ATT006657,EMP052,2026-04-20,remote,8,8.9,,0,0.9
ATT006658,EMP052,2026-04-21,remote,8,8.9,,0,0.9
ATT006659,EMP052,2026-04-22,present,8,8.1,,0,0.1
ATT006660,EMP052,2026-04-23,present,8,9.4,,0,1.4
ATT006661,EMP052,2026-04-24,present,8,8.8,,0,0.8
ATT006662,EMP052,2026-04-27,absent,8,0,,0,0
ATT006663,EMP052,2026-04-28,leave,8,0,sick,0,0
ATT006664,EMP052,2026-04-29,present,8,9.4,,10,1.4
ATT006665,EMP052,2026-04-30,present,8,7.3,,0,0
ATT006666,EMP052,2026-05-01,holiday,8,0,,0,0
ATT006667,EMP052,2026-05-04,remote,8,8.6,,0,0.6
ATT006668,EMP052,2026-05-05,leave,8,0,sick,0,0
ATT006669,EMP052,2026-05-06,leave,8,0,emergency,0,0
ATT006670,EMP052,2026-05-07,remote,8,7.4,,0,0
ATT006671,EMP052,2026-05-08,remote,8,8.5,,0,0.5
ATT006672,EMP052,2026-05-11,present,8,9.1,,0,1.1
ATT006673,EMP052,2026-05-12,leave,8,0,emergency,0,0
ATT006674,EMP052,2026-05-13,remote,8,8.6,,0,0.6
ATT006675,EMP052,2026-05-14,present,8,7.7,,0,0
ATT006676,EMP052,2026-05-15,present,8,8.5,,0,0.5
ATT006677,EMP052,2026-05-18,present,8,7.5,,0,0
ATT006678,EMP052,2026-05-19,present,8,8.6,,0,0.6
ATT006679,EMP052,2026-05-20,remote,8,7.3,,0,0
ATT006680,EMP052,2026-05-21,leave,8,0,emergency,0,0
ATT006681,EMP052,2026-05-22,remote,8,9.3,,0,1.3
ATT006682,EMP052,2026-05-25,remote,8,8.5,,0,0.5
ATT006683,EMP052,2026-05-26,present,8,8.2,,30,0.2
ATT006684,EMP052,2026-05-27,present,8,8.8,,0,0.8
ATT006685,EMP052,2026-05-28,present,8,8.4,,0,0.4
ATT006686,EMP052,2026-05-29,present,8,7.8,,0,0
ATT006687,EMP052,2026-06-01,present,8,7.5,,0,0
ATT006688,EMP052,2026-06-02,remote,8,9.3,,0,1.3
ATT006689,EMP052,2026-06-03,present,8,9.1,,0,1.1
ATT006690,EMP052,2026-06-04,remote,8,8.3,,0,0.3
ATT006691,EMP052,2026-06-05,present,8,9.3,,0,1.3
ATT006692,EMP052,2026-06-08,present,8,8.8,,0,0.8
ATT006693,EMP052,2026-06-09,present,8,9.2,,0,1.2
ATT006694,EMP052,2026-06-10,remote,8,8.5,,0,0.5
ATT006695,EMP052,2026-06-11,remote,8,7.2,,0,0
ATT006696,EMP052,2026-06-12,remote,8,9.5,,0,1.5
ATT006697,EMP052,2026-06-15,present,8,7.8,,0,0
ATT006698,EMP052,2026-06-16,absent,8,0,,0,0
ATT006699,EMP052,2026-06-17,holiday,8,0,,0,0
ATT006700,EMP052,2026-06-18,present,8,7.1,,0,0
ATT006701,EMP052,2026-06-19,present,8,7.7,,0,0
ATT006702,EMP052,2026-06-22,leave,8,0,casual,0,0
ATT006703,EMP052,2026-06-23,present,8,8.9,,0,0.9
ATT006704,EMP052,2026-06-24,present,8,9.4,,0,1.4
ATT006705,EMP052,2026-06-25,present,8,7.3,,0,0
ATT006706,EMP052,2026-06-26,present,8,9.3,,0,1.3
ATT006707,EMP052,2026-06-29,leave,8,0,personal,0,0
ATT006708,EMP052,2026-06-30,remote,8,7.8,,0,0
ATT006709,EMP053,2026-01-01,half_day,8,4.3,,0,0
ATT006710,EMP053,2026-01-02,remote,8,8.8,,0,0.8
ATT006711,EMP053,2026-01-05,present,8,8.6,,0,0.6
ATT006712,EMP053,2026-01-06,present,8,9.1,,0,1.1
ATT006713,EMP053,2026-01-07,leave,8,0,personal,0,0
ATT006714,EMP053,2026-01-08,present,8,8.1,,0,0.1
ATT006715,EMP053,2026-01-09,present,8,9.2,,0,1.2
ATT006716,EMP053,2026-01-12,present,8,9.4,,0,1.4
ATT006717,EMP053,2026-01-13,present,8,8.1,,0,0.1
ATT006718,EMP053,2026-01-14,remote,8,8.9,,0,0.9
ATT006719,EMP053,2026-01-15,present,8,7.9,,0,0
ATT006720,EMP053,2026-01-16,remote,8,9.4,,0,1.4
ATT006721,EMP053,2026-01-19,present,8,9.4,,0,1.4
ATT006722,EMP053,2026-01-20,present,8,7.4,,0,0
ATT006723,EMP053,2026-01-21,remote,8,8.6,,0,0.6
ATT006724,EMP053,2026-01-22,remote,8,7.1,,0,0
ATT006725,EMP053,2026-01-23,leave,8,0,personal,0,0
ATT006726,EMP053,2026-01-26,holiday,8,0,,0,0
ATT006727,EMP053,2026-01-27,present,8,7.6,,0,0
ATT006728,EMP053,2026-01-28,present,8,8.5,,0,0.5
ATT006729,EMP053,2026-01-29,present,8,8.3,,0,0.3
ATT006730,EMP053,2026-01-30,half_day,8,4.1,,0,0
ATT006731,EMP053,2026-02-02,remote,8,8.8,,20,0.8
ATT006732,EMP053,2026-02-03,remote,8,9.0,,0,1.0
ATT006733,EMP053,2026-02-04,remote,8,9.4,,0,1.4
ATT006734,EMP053,2026-02-05,present,8,8.7,,0,0.7
ATT006735,EMP053,2026-02-06,remote,8,8.4,,0,0.4
ATT006736,EMP053,2026-02-09,present,8,7.4,,0,0
ATT006737,EMP053,2026-02-10,remote,8,7.1,,0,0
ATT006738,EMP053,2026-02-11,present,8,9.2,,0,1.2
ATT006739,EMP053,2026-02-12,remote,8,9.5,,15,1.5
ATT006740,EMP053,2026-02-13,present,8,7.9,,0,0
ATT006741,EMP053,2026-02-16,present,8,9.1,,0,1.1
ATT006742,EMP053,2026-02-17,present,8,7.1,,0,0
ATT006743,EMP053,2026-02-18,present,8,7.4,,0,0
ATT006744,EMP053,2026-02-19,remote,8,8.2,,0,0.2
ATT006745,EMP053,2026-02-20,present,8,9.0,,20,1.0
ATT006746,EMP053,2026-02-23,present,8,8.3,,0,0.3
ATT006747,EMP053,2026-02-24,remote,8,8.7,,0,0.7
ATT006748,EMP053,2026-02-25,present,8,7.2,,0,0
ATT006749,EMP053,2026-02-26,present,8,9.4,,0,1.4
ATT006750,EMP053,2026-02-27,present,8,9.5,,0,1.5
ATT006751,EMP053,2026-03-02,present,8,7.9,,0,0
ATT006752,EMP053,2026-03-03,remote,8,9.0,,0,1.0
ATT006753,EMP053,2026-03-04,present,8,9.3,,0,1.3
ATT006754,EMP053,2026-03-05,present,8,9.0,,10,1.0
ATT006755,EMP053,2026-03-06,remote,8,7.2,,0,0
ATT006756,EMP053,2026-03-09,present,8,9.0,,0,1.0
ATT006757,EMP053,2026-03-10,holiday,8,0,,0,0
ATT006758,EMP053,2026-03-11,present,8,8.2,,0,0.2
ATT006759,EMP053,2026-03-12,remote,8,9.3,,0,1.3
ATT006760,EMP053,2026-03-13,present,8,7.1,,0,0
ATT006761,EMP053,2026-03-16,present,8,7.7,,0,0
ATT006762,EMP053,2026-03-17,present,8,8.5,,0,0.5
ATT006763,EMP053,2026-03-18,half_day,8,3.9,,0,0
ATT006764,EMP053,2026-03-19,remote,8,8.9,,0,0.9
ATT006765,EMP053,2026-03-20,present,8,8.5,,0,0.5
ATT006766,EMP053,2026-03-23,present,8,7.8,,0,0
ATT006767,EMP053,2026-03-24,remote,8,8.9,,0,0.9
ATT006768,EMP053,2026-03-25,absent,8,0,,0,0
ATT006769,EMP053,2026-03-26,present,8,9.2,,0,1.2
ATT006770,EMP053,2026-03-27,half_day,8,4.3,,0,0
ATT006771,EMP053,2026-03-30,holiday,8,0,,0,0
ATT006772,EMP053,2026-03-31,present,8,8.5,,0,0.5
ATT006773,EMP053,2026-04-01,present,8,9.3,,0,1.3
ATT006774,EMP053,2026-04-02,present,8,8.1,,0,0.1
ATT006775,EMP053,2026-04-03,present,8,7.2,,0,0
ATT006776,EMP053,2026-04-06,present,8,7.4,,0,0
ATT006777,EMP053,2026-04-07,present,8,7.6,,0,0
ATT006778,EMP053,2026-04-08,remote,8,7.2,,0,0
ATT006779,EMP053,2026-04-09,remote,8,7.2,,0,0
ATT006780,EMP053,2026-04-10,remote,8,8.2,,0,0.2
ATT006781,EMP053,2026-04-13,half_day,8,3.7,,0,0
ATT006782,EMP053,2026-04-14,holiday,8,0,,0,0
ATT006783,EMP053,2026-04-15,present,8,7.2,,0,0
ATT006784,EMP053,2026-04-16,present,8,7.0,,0,0
ATT006785,EMP053,2026-04-17,remote,8,8.1,,0,0.1
ATT006786,EMP053,2026-04-20,remote,8,9.1,,0,1.1
ATT006787,EMP053,2026-04-21,remote,8,7.6,,0,0
ATT006788,EMP053,2026-04-22,remote,8,8.7,,0,0.7
ATT006789,EMP053,2026-04-23,remote,8,9.3,,0,1.3
ATT006790,EMP053,2026-04-24,remote,8,7.1,,0,0
ATT006791,EMP053,2026-04-27,present,8,9.1,,0,1.1
ATT006792,EMP053,2026-04-28,remote,8,7.6,,0,0
ATT006793,EMP053,2026-04-29,leave,8,0,emergency,0,0
ATT006794,EMP053,2026-04-30,remote,8,7.5,,0,0
ATT006795,EMP053,2026-05-01,holiday,8,0,,0,0
ATT006796,EMP053,2026-05-04,present,8,8.8,,0,0.8
ATT006797,EMP053,2026-05-05,remote,8,9.0,,0,1.0
ATT006798,EMP053,2026-05-06,present,8,8.2,,0,0.2
ATT006799,EMP053,2026-05-07,remote,8,9.0,,0,1.0
ATT006800,EMP053,2026-05-08,present,8,7.1,,0,0
ATT006801,EMP053,2026-05-11,present,8,7.9,,0,0
ATT006802,EMP053,2026-05-12,present,8,7.0,,0,0
ATT006803,EMP053,2026-05-13,remote,8,7.9,,0,0
ATT006804,EMP053,2026-05-14,present,8,9.4,,0,1.4
ATT006805,EMP053,2026-05-15,leave,8,0,earned,0,0
ATT006806,EMP053,2026-05-18,present,8,8.9,,0,0.9
ATT006807,EMP053,2026-05-19,present,8,7.7,,0,0
ATT006808,EMP053,2026-05-20,remote,8,9.4,,0,1.4
ATT006809,EMP053,2026-05-21,present,8,9.4,,0,1.4
ATT006810,EMP053,2026-05-22,present,8,8.7,,0,0.7
ATT006811,EMP053,2026-05-25,present,8,8.3,,0,0.3
ATT006812,EMP053,2026-05-26,present,8,9.0,,0,1.0
ATT006813,EMP053,2026-05-27,remote,8,9.1,,0,1.1
ATT006814,EMP053,2026-05-28,present,8,8.1,,0,0.1
ATT006815,EMP053,2026-05-29,present,8,7.9,,0,0
ATT006816,EMP053,2026-06-01,present,8,9.2,,0,1.2
ATT006817,EMP053,2026-06-02,half_day,8,4.1,,0,0
ATT006818,EMP053,2026-06-03,present,8,7.7,,0,0
ATT006819,EMP053,2026-06-04,present,8,7.1,,0,0
ATT006820,EMP053,2026-06-05,half_day,8,4.3,,0,0
ATT006821,EMP053,2026-06-08,leave,8,0,casual,0,0
ATT006822,EMP053,2026-06-09,remote,8,9.2,,0,1.2
ATT006823,EMP053,2026-06-10,remote,8,8.0,,0,0
ATT006824,EMP053,2026-06-11,present,8,7.4,,0,0
ATT006825,EMP053,2026-06-12,half_day,8,3.9,,0,0
ATT006826,EMP053,2026-06-15,present,8,8.6,,0,0.6
ATT006827,EMP053,2026-06-16,present,8,7.1,,0,0
ATT006828,EMP053,2026-06-17,holiday,8,0,,0,0
ATT006829,EMP053,2026-06-18,remote,8,8.2,,0,0.2
ATT006830,EMP053,2026-06-19,present,8,9.1,,0,1.1
ATT006831,EMP053,2026-06-22,present,8,9.3,,20,1.3
ATT006832,EMP053,2026-06-23,leave,8,0,casual,0,0
ATT006833,EMP053,2026-06-24,remote,8,9.3,,0,1.3
ATT006834,EMP053,2026-06-25,present,8,7.6,,0,0
ATT006835,EMP053,2026-06-26,present,8,8.2,,0,0.2
ATT006836,EMP053,2026-06-29,present,8,8.4,,0,0.4
ATT006837,EMP053,2026-06-30,present,8,7.8,,0,0
ATT006838,EMP054,2026-01-01,present,8,8.8,,0,0.8
ATT006839,EMP054,2026-01-02,present,8,7.9,,0,0
ATT006840,EMP054,2026-01-05,present,8,8.5,,0,0.5
ATT006841,EMP054,2026-01-06,remote,8,8.9,,15,0.9
ATT006842,EMP054,2026-01-07,remote,8,7.7,,0,0
ATT006843,EMP054,2026-01-08,remote,8,7.2,,0,0
ATT006844,EMP054,2026-01-09,remote,8,8.7,,30,0.7
ATT006845,EMP054,2026-01-12,present,8,7.8,,0,0
ATT006846,EMP054,2026-01-13,present,8,9.1,,0,1.1
ATT006847,EMP054,2026-01-14,present,8,8.5,,0,0.5
ATT006848,EMP054,2026-01-15,remote,8,8.6,,0,0.6
ATT006849,EMP054,2026-01-16,present,8,9.0,,0,1.0
ATT006850,EMP054,2026-01-19,present,8,8.0,,0,0
ATT006851,EMP054,2026-01-20,remote,8,7.9,,0,0
ATT006852,EMP054,2026-01-21,present,8,9.1,,0,1.1
ATT006853,EMP054,2026-01-22,remote,8,8.4,,0,0.4
ATT006854,EMP054,2026-01-23,present,8,8.0,,20,0
ATT006855,EMP054,2026-01-26,holiday,8,0,,0,0
ATT006856,EMP054,2026-01-27,remote,8,8.9,,0,0.9
ATT006857,EMP054,2026-01-28,present,8,9.3,,0,1.3
ATT006858,EMP054,2026-01-29,present,8,7.2,,0,0
ATT006859,EMP054,2026-01-30,present,8,7.2,,0,0
ATT006860,EMP054,2026-02-02,present,8,7.3,,0,0
ATT006861,EMP054,2026-02-03,leave,8,0,emergency,0,0
ATT006862,EMP054,2026-02-04,present,8,8.5,,0,0.5
ATT006863,EMP054,2026-02-05,remote,8,8.8,,0,0.8
ATT006864,EMP054,2026-02-06,remote,8,8.2,,0,0.2
ATT006865,EMP054,2026-02-09,present,8,9.4,,0,1.4
ATT006866,EMP054,2026-02-10,present,8,7.0,,0,0
ATT006867,EMP054,2026-02-11,remote,8,9.0,,0,1.0
ATT006868,EMP054,2026-02-12,present,8,9.1,,0,1.1
ATT006869,EMP054,2026-02-13,present,8,7.9,,0,0
ATT006870,EMP054,2026-02-16,present,8,7.4,,0,0
ATT006871,EMP054,2026-02-17,present,8,9.0,,0,1.0
ATT006872,EMP054,2026-02-18,remote,8,7.1,,0,0
ATT006873,EMP054,2026-02-19,present,8,7.7,,0,0
ATT006874,EMP054,2026-02-20,remote,8,9.4,,0,1.4
ATT006875,EMP054,2026-02-23,present,8,9.2,,0,1.2
ATT006876,EMP054,2026-02-24,present,8,7.1,,0,0
ATT006877,EMP054,2026-02-25,remote,8,9.1,,0,1.1
ATT006878,EMP054,2026-02-26,remote,8,8.6,,0,0.6
ATT006879,EMP054,2026-02-27,remote,8,8.0,,0,0
ATT006880,EMP054,2026-03-02,absent,8,0,,0,0
ATT006881,EMP054,2026-03-03,present,8,8.0,,0,0
ATT006882,EMP054,2026-03-04,present,8,8.1,,0,0.1
ATT006883,EMP054,2026-03-05,present,8,7.8,,0,0
ATT006884,EMP054,2026-03-06,present,8,9.2,,0,1.2
ATT006885,EMP054,2026-03-09,present,8,7.4,,0,0
ATT006886,EMP054,2026-03-10,holiday,8,0,,0,0
ATT006887,EMP054,2026-03-11,remote,8,8.3,,0,0.3
ATT006888,EMP054,2026-03-12,half_day,8,4.0,,0,0
ATT006889,EMP054,2026-03-13,present,8,8.7,,0,0.7
ATT006890,EMP054,2026-03-16,remote,8,8.4,,0,0.4
ATT006891,EMP054,2026-03-17,remote,8,7.3,,0,0
ATT006892,EMP054,2026-03-18,present,8,7.2,,0,0
ATT006893,EMP054,2026-03-19,present,8,8.2,,0,0.2
ATT006894,EMP054,2026-03-20,remote,8,7.8,,0,0
ATT006895,EMP054,2026-03-23,remote,8,9.2,,0,1.2
ATT006896,EMP054,2026-03-24,present,8,7.9,,0,0
ATT006897,EMP054,2026-03-25,present,8,7.1,,0,0
ATT006898,EMP054,2026-03-26,present,8,7.3,,0,0
ATT006899,EMP054,2026-03-27,remote,8,8.4,,0,0.4
ATT006900,EMP054,2026-03-30,holiday,8,0,,0,0
ATT006901,EMP054,2026-03-31,present,8,9.3,,0,1.3
ATT006902,EMP054,2026-04-01,present,8,7.5,,0,0
ATT006903,EMP054,2026-04-02,present,8,8.4,,0,0.4
ATT006904,EMP054,2026-04-03,remote,8,8.2,,0,0.2
ATT006905,EMP054,2026-04-06,remote,8,7.4,,0,0
ATT006906,EMP054,2026-04-07,remote,8,8.9,,0,0.9
ATT006907,EMP054,2026-04-08,present,8,8.4,,0,0.4
ATT006908,EMP054,2026-04-09,remote,8,7.4,,0,0
ATT006909,EMP054,2026-04-10,remote,8,7.7,,0,0
ATT006910,EMP054,2026-04-13,remote,8,9.0,,0,1.0
ATT006911,EMP054,2026-04-14,holiday,8,0,,0,0
ATT006912,EMP054,2026-04-15,present,8,8.9,,0,0.9
ATT006913,EMP054,2026-04-16,present,8,8.9,,0,0.9
ATT006914,EMP054,2026-04-17,present,8,9.2,,0,1.2
ATT006915,EMP054,2026-04-20,remote,8,8.1,,0,0.1
ATT006916,EMP054,2026-04-21,remote,8,8.9,,0,0.9
ATT006917,EMP054,2026-04-22,present,8,8.9,,0,0.9
ATT006918,EMP054,2026-04-23,leave,8,0,earned,0,0
ATT006919,EMP054,2026-04-24,present,8,9.1,,10,1.1
ATT006920,EMP054,2026-04-27,present,8,7.5,,0,0
ATT006921,EMP054,2026-04-28,present,8,8.7,,0,0.7
ATT006922,EMP054,2026-04-29,present,8,9.0,,0,1.0
ATT006923,EMP054,2026-04-30,present,8,8.7,,0,0.7
ATT006924,EMP054,2026-05-01,holiday,8,0,,0,0
ATT006925,EMP054,2026-05-04,present,8,8.0,,0,0
ATT006926,EMP054,2026-05-05,present,8,7.3,,0,0
ATT006927,EMP054,2026-05-06,present,8,7.4,,0,0
ATT006928,EMP054,2026-05-07,present,8,8.9,,0,0.9
ATT006929,EMP054,2026-05-08,remote,8,7.2,,0,0
ATT006930,EMP054,2026-05-11,remote,8,7.8,,0,0
ATT006931,EMP054,2026-05-12,present,8,8.4,,0,0.4
ATT006932,EMP054,2026-05-13,remote,8,7.9,,0,0
ATT006933,EMP054,2026-05-14,present,8,7.7,,0,0
ATT006934,EMP054,2026-05-15,remote,8,9.3,,0,1.3
ATT006935,EMP054,2026-05-18,present,8,7.2,,0,0
ATT006936,EMP054,2026-05-19,present,8,7.3,,0,0
ATT006937,EMP054,2026-05-20,remote,8,9.5,,0,1.5
ATT006938,EMP054,2026-05-21,remote,8,9.3,,0,1.3
ATT006939,EMP054,2026-05-22,present,8,7.8,,0,0
ATT006940,EMP054,2026-05-25,half_day,8,3.9,,0,0
ATT006941,EMP054,2026-05-26,remote,8,7.5,,0,0
ATT006942,EMP054,2026-05-27,present,8,7.9,,0,0
ATT006943,EMP054,2026-05-28,leave,8,0,earned,0,0
ATT006944,EMP054,2026-05-29,present,8,7.7,,0,0
ATT006945,EMP054,2026-06-01,present,8,7.5,,0,0
ATT006946,EMP054,2026-06-02,present,8,9.0,,0,1.0
ATT006947,EMP054,2026-06-03,present,8,7.7,,0,0
ATT006948,EMP054,2026-06-04,half_day,8,4.0,,0,0
ATT006949,EMP054,2026-06-05,leave,8,0,emergency,0,0
ATT006950,EMP054,2026-06-08,present,8,9.3,,0,1.3
ATT006951,EMP054,2026-06-09,present,8,8.9,,0,0.9
ATT006952,EMP054,2026-06-10,present,8,7.5,,0,0
ATT006953,EMP054,2026-06-11,remote,8,8.9,,0,0.9
ATT006954,EMP054,2026-06-12,present,8,9.2,,0,1.2
ATT006955,EMP054,2026-06-15,present,8,8.4,,0,0.4
ATT006956,EMP054,2026-06-16,leave,8,0,emergency,0,0
ATT006957,EMP054,2026-06-17,holiday,8,0,,0,0
ATT006958,EMP054,2026-06-18,present,8,8.5,,0,0.5
ATT006959,EMP054,2026-06-19,present,8,7.4,,0,0
ATT006960,EMP054,2026-06-22,remote,8,8.1,,0,0.1
ATT006961,EMP054,2026-06-23,present,8,8.3,,0,0.3
ATT006962,EMP054,2026-06-24,remote,8,9.4,,0,1.4
ATT006963,EMP054,2026-06-25,absent,8,0,,0,0
ATT006964,EMP054,2026-06-26,remote,8,7.6,,0,0
ATT006965,EMP054,2026-06-29,present,8,8.8,,0,0.8
ATT006966,EMP054,2026-06-30,leave,8,0,personal,0,0
ATT006967,EMP055,2026-01-01,present,8,8.5,,0,0.5
ATT006968,EMP055,2026-01-02,present,8,8.4,,0,0.4
ATT006969,EMP055,2026-01-05,present,8,8.0,,0,0
ATT006970,EMP055,2026-01-06,present,8,7.7,,0,0
ATT006971,EMP055,2026-01-07,absent,8,0,,0,0
ATT006972,EMP055,2026-01-08,half_day,8,4.4,,0,0
ATT006973,EMP055,2026-01-09,present,8,9.2,,0,1.2
ATT006974,EMP055,2026-01-12,present,8,8.1,,0,0.1
ATT006975,EMP055,2026-01-13,remote,8,8.9,,0,0.9
ATT006976,EMP055,2026-01-14,present,8,7.2,,0,0
ATT006977,EMP055,2026-01-15,remote,8,7.5,,0,0
ATT006978,EMP055,2026-01-16,remote,8,8.1,,0,0.1
ATT006979,EMP055,2026-01-19,present,8,7.4,,0,0
ATT006980,EMP055,2026-01-20,present,8,7.2,,0,0
ATT006981,EMP055,2026-01-21,present,8,8.2,,0,0.2
ATT006982,EMP055,2026-01-22,remote,8,7.1,,0,0
ATT006983,EMP055,2026-01-23,present,8,8.9,,0,0.9
ATT006984,EMP055,2026-01-26,holiday,8,0,,0,0
ATT006985,EMP055,2026-01-27,present,8,7.6,,0,0
ATT006986,EMP055,2026-01-28,remote,8,7.8,,15,0
ATT006987,EMP055,2026-01-29,leave,8,0,earned,0,0
ATT006988,EMP055,2026-01-30,remote,8,8.3,,0,0.3
ATT006989,EMP055,2026-02-02,present,8,8.5,,0,0.5
ATT006990,EMP055,2026-02-03,present,8,7.7,,0,0
ATT006991,EMP055,2026-02-04,remote,8,7.8,,15,0
ATT006992,EMP055,2026-02-05,remote,8,8.7,,0,0.7
ATT006993,EMP055,2026-02-06,present,8,9.0,,0,1.0
ATT006994,EMP055,2026-02-09,remote,8,8.9,,0,0.9
ATT006995,EMP055,2026-02-10,remote,8,8.5,,0,0.5
ATT006996,EMP055,2026-02-11,absent,8,0,,0,0
ATT006997,EMP055,2026-02-12,present,8,7.3,,0,0
ATT006998,EMP055,2026-02-13,remote,8,8.8,,0,0.8
ATT006999,EMP055,2026-02-16,present,8,7.6,,0,0
ATT007000,EMP055,2026-02-17,remote,8,7.5,,0,0
ATT007001,EMP055,2026-02-18,remote,8,8.9,,0,0.9
ATT007002,EMP055,2026-02-19,remote,8,8.5,,0,0.5
ATT007003,EMP055,2026-02-20,remote,8,7.1,,0,0
ATT007004,EMP055,2026-02-23,absent,8,0,,0,0
ATT007005,EMP055,2026-02-24,present,8,8.3,,0,0.3
ATT007006,EMP055,2026-02-25,present,8,9.4,,0,1.4
ATT007007,EMP055,2026-02-26,leave,8,0,sick,0,0
ATT007008,EMP055,2026-02-27,present,8,7.7,,0,0
ATT007009,EMP055,2026-03-02,leave,8,0,casual,0,0
ATT007010,EMP055,2026-03-03,present,8,7.4,,0,0
ATT007011,EMP055,2026-03-04,present,8,9.2,,15,1.2
ATT007012,EMP055,2026-03-05,remote,8,8.4,,0,0.4
ATT007013,EMP055,2026-03-06,remote,8,7.2,,0,0
ATT007014,EMP055,2026-03-09,remote,8,7.1,,0,0
ATT007015,EMP055,2026-03-10,holiday,8,0,,0,0
ATT007016,EMP055,2026-03-11,present,8,8.4,,0,0.4
ATT007017,EMP055,2026-03-12,present,8,7.0,,0,0
ATT007018,EMP055,2026-03-13,present,8,9.2,,0,1.2
ATT007019,EMP055,2026-03-16,remote,8,8.7,,0,0.7
ATT007020,EMP055,2026-03-17,present,8,9.4,,0,1.4
ATT007021,EMP055,2026-03-18,present,8,8.1,,0,0.1
ATT007022,EMP055,2026-03-19,present,8,7.9,,0,0
ATT007023,EMP055,2026-03-20,present,8,9.5,,0,1.5
ATT007024,EMP055,2026-03-23,present,8,8.3,,15,0.3
ATT007025,EMP055,2026-03-24,present,8,8.2,,0,0.2
ATT007026,EMP055,2026-03-25,present,8,7.1,,0,0
ATT007027,EMP055,2026-03-26,present,8,8.2,,0,0.2
ATT007028,EMP055,2026-03-27,present,8,8.8,,0,0.8
ATT007029,EMP055,2026-03-30,holiday,8,0,,0,0
ATT007030,EMP055,2026-03-31,present,8,8.8,,0,0.8
ATT007031,EMP055,2026-04-01,present,8,8.8,,0,0.8
ATT007032,EMP055,2026-04-02,present,8,8.7,,0,0.7
ATT007033,EMP055,2026-04-03,present,8,8.3,,0,0.3
ATT007034,EMP055,2026-04-06,present,8,8.5,,0,0.5
ATT007035,EMP055,2026-04-07,present,8,8.1,,0,0.1
ATT007036,EMP055,2026-04-08,present,8,7.6,,0,0
ATT007037,EMP055,2026-04-09,present,8,9.3,,0,1.3
ATT007038,EMP055,2026-04-10,present,8,7.8,,0,0
ATT007039,EMP055,2026-04-13,leave,8,0,personal,0,0
ATT007040,EMP055,2026-04-14,holiday,8,0,,0,0
ATT007041,EMP055,2026-04-15,present,8,9.5,,20,1.5
ATT007042,EMP055,2026-04-16,remote,8,8.8,,0,0.8
ATT007043,EMP055,2026-04-17,half_day,8,4.2,,0,0
ATT007044,EMP055,2026-04-20,present,8,9.2,,0,1.2
ATT007045,EMP055,2026-04-21,remote,8,8.9,,30,0.9
ATT007046,EMP055,2026-04-22,present,8,9.0,,0,1.0
ATT007047,EMP055,2026-04-23,present,8,8.5,,0,0.5
ATT007048,EMP055,2026-04-24,remote,8,7.1,,0,0
ATT007049,EMP055,2026-04-27,present,8,7.7,,0,0
ATT007050,EMP055,2026-04-28,present,8,9.2,,0,1.2
ATT007051,EMP055,2026-04-29,present,8,8.2,,0,0.2
ATT007052,EMP055,2026-04-30,present,8,7.6,,0,0
ATT007053,EMP055,2026-05-01,holiday,8,0,,0,0
ATT007054,EMP055,2026-05-04,present,8,7.3,,0,0
ATT007055,EMP055,2026-05-05,present,8,9.3,,0,1.3
ATT007056,EMP055,2026-05-06,present,8,7.1,,0,0
ATT007057,EMP055,2026-05-07,present,8,9.3,,0,1.3
ATT007058,EMP055,2026-05-08,present,8,7.1,,0,0
ATT007059,EMP055,2026-05-11,present,8,8.4,,0,0.4
ATT007060,EMP055,2026-05-12,present,8,8.0,,0,0
ATT007061,EMP055,2026-05-13,remote,8,8.0,,15,0
ATT007062,EMP055,2026-05-14,present,8,8.8,,0,0.8
ATT007063,EMP055,2026-05-15,remote,8,7.6,,5,0
ATT007064,EMP055,2026-05-18,remote,8,8.7,,0,0.7
ATT007065,EMP055,2026-05-19,present,8,8.1,,0,0.1
ATT007066,EMP055,2026-05-20,remote,8,7.9,,0,0
ATT007067,EMP055,2026-05-21,present,8,7.3,,0,0
ATT007068,EMP055,2026-05-22,present,8,8.7,,0,0.7
ATT007069,EMP055,2026-05-25,present,8,8.1,,0,0.1
ATT007070,EMP055,2026-05-26,remote,8,7.4,,0,0
ATT007071,EMP055,2026-05-27,present,8,8.8,,0,0.8
ATT007072,EMP055,2026-05-28,leave,8,0,casual,0,0
ATT007073,EMP055,2026-05-29,present,8,9.2,,0,1.2
ATT007074,EMP055,2026-06-01,present,8,7.8,,5,0
ATT007075,EMP055,2026-06-02,remote,8,8.7,,0,0.7
ATT007076,EMP055,2026-06-03,present,8,7.5,,0,0
ATT007077,EMP055,2026-06-04,remote,8,7.6,,0,0
ATT007078,EMP055,2026-06-05,present,8,7.2,,10,0
ATT007079,EMP055,2026-06-08,present,8,8.1,,0,0.1
ATT007080,EMP055,2026-06-09,remote,8,9.2,,0,1.2
ATT007081,EMP055,2026-06-10,absent,8,0,,0,0
ATT007082,EMP055,2026-06-11,present,8,8.5,,0,0.5
ATT007083,EMP055,2026-06-12,remote,8,7.8,,0,0
ATT007084,EMP055,2026-06-15,leave,8,0,earned,0,0
ATT007085,EMP055,2026-06-16,leave,8,0,casual,0,0
ATT007086,EMP055,2026-06-17,holiday,8,0,,0,0
ATT007087,EMP055,2026-06-18,present,8,8.0,,0,0
ATT007088,EMP055,2026-06-19,present,8,8.8,,0,0.8
ATT007089,EMP055,2026-06-22,remote,8,7.2,,0,0
ATT007090,EMP055,2026-06-23,present,8,9.0,,0,1.0
ATT007091,EMP055,2026-06-24,remote,8,7.0,,0,0
ATT007092,EMP055,2026-06-25,present,8,9.1,,0,1.1
ATT007093,EMP055,2026-06-26,leave,8,0,sick,0,0
ATT007094,EMP055,2026-06-29,remote,8,8.9,,0,0.9
ATT007095,EMP055,2026-06-30,remote,8,7.9,,0,0
ATT007096,EMP056,2026-01-01,present,8,7.8,,0,0
ATT007097,EMP056,2026-01-02,present,8,8.8,,0,0.8
ATT007098,EMP056,2026-01-05,remote,8,7.7,,0,0
ATT007099,EMP056,2026-01-06,present,8,8.8,,0,0.8
ATT007100,EMP056,2026-01-07,remote,8,7.6,,0,0
ATT007101,EMP056,2026-01-08,remote,8,7.7,,0,0
ATT007102,EMP056,2026-01-09,present,8,8.4,,20,0.4
ATT007103,EMP056,2026-01-12,present,8,8.3,,0,0.3
ATT007104,EMP056,2026-01-13,remote,8,9.0,,5,1.0
ATT007105,EMP056,2026-01-14,present,8,8.9,,0,0.9
ATT007106,EMP056,2026-01-15,present,8,7.2,,0,0
ATT007107,EMP056,2026-01-16,remote,8,8.8,,0,0.8
ATT007108,EMP056,2026-01-19,remote,8,9.1,,0,1.1
ATT007109,EMP056,2026-01-20,present,8,9.5,,10,1.5
ATT007110,EMP056,2026-01-21,leave,8,0,emergency,0,0
ATT007111,EMP056,2026-01-22,remote,8,9.2,,0,1.2
ATT007112,EMP056,2026-01-23,present,8,7.7,,0,0
ATT007113,EMP056,2026-01-26,holiday,8,0,,0,0
ATT007114,EMP056,2026-01-27,remote,8,8.8,,0,0.8
ATT007115,EMP056,2026-01-28,present,8,7.2,,0,0
ATT007116,EMP056,2026-01-29,present,8,7.6,,0,0
ATT007117,EMP056,2026-01-30,present,8,7.7,,10,0
ATT007118,EMP056,2026-02-02,present,8,9.4,,0,1.4
ATT007119,EMP056,2026-02-03,present,8,7.6,,0,0
ATT007120,EMP056,2026-02-04,present,8,8.0,,0,0
ATT007121,EMP056,2026-02-05,present,8,9.4,,0,1.4
ATT007122,EMP056,2026-02-06,present,8,9.4,,0,1.4
ATT007123,EMP056,2026-02-09,present,8,8.2,,0,0.2
ATT007124,EMP056,2026-02-10,present,8,8.6,,0,0.6
ATT007125,EMP056,2026-02-11,present,8,7.3,,0,0
ATT007126,EMP056,2026-02-12,absent,8,0,,0,0
ATT007127,EMP056,2026-02-13,remote,8,8.3,,0,0.3
ATT007128,EMP056,2026-02-16,remote,8,8.3,,5,0.3
ATT007129,EMP056,2026-02-17,remote,8,9.0,,0,1.0
ATT007130,EMP056,2026-02-18,present,8,8.1,,0,0.1
ATT007131,EMP056,2026-02-19,present,8,9.2,,0,1.2
ATT007132,EMP056,2026-02-20,remote,8,7.1,,0,0
ATT007133,EMP056,2026-02-23,remote,8,8.4,,0,0.4
ATT007134,EMP056,2026-02-24,present,8,8.6,,0,0.6
ATT007135,EMP056,2026-02-25,present,8,8.8,,0,0.8
ATT007136,EMP056,2026-02-26,present,8,8.4,,0,0.4
ATT007137,EMP056,2026-02-27,present,8,8.5,,0,0.5
ATT007138,EMP056,2026-03-02,half_day,8,3.8,,0,0
ATT007139,EMP056,2026-03-03,present,8,7.5,,0,0
ATT007140,EMP056,2026-03-04,present,8,9.2,,0,1.2
ATT007141,EMP056,2026-03-05,present,8,8.6,,30,0.6
ATT007142,EMP056,2026-03-06,remote,8,8.0,,0,0
ATT007143,EMP056,2026-03-09,present,8,7.8,,0,0
ATT007144,EMP056,2026-03-10,holiday,8,0,,0,0
ATT007145,EMP056,2026-03-11,present,8,7.1,,0,0
ATT007146,EMP056,2026-03-12,present,8,7.4,,0,0
ATT007147,EMP056,2026-03-13,remote,8,7.5,,5,0
ATT007148,EMP056,2026-03-16,remote,8,9.0,,0,1.0
ATT007149,EMP056,2026-03-17,present,8,7.9,,0,0
ATT007150,EMP056,2026-03-18,present,8,7.5,,0,0
ATT007151,EMP056,2026-03-19,present,8,8.2,,0,0.2
ATT007152,EMP056,2026-03-20,present,8,8.7,,0,0.7
ATT007153,EMP056,2026-03-23,present,8,7.8,,0,0
ATT007154,EMP056,2026-03-24,present,8,7.0,,0,0
ATT007155,EMP056,2026-03-25,present,8,7.4,,0,0
ATT007156,EMP056,2026-03-26,present,8,9.3,,0,1.3
ATT007157,EMP056,2026-03-27,present,8,7.5,,0,0
ATT007158,EMP056,2026-03-30,holiday,8,0,,0,0
ATT007159,EMP056,2026-03-31,present,8,8.2,,0,0.2
ATT007160,EMP056,2026-04-01,remote,8,9.3,,0,1.3
ATT007161,EMP056,2026-04-02,remote,8,8.8,,0,0.8
ATT007162,EMP056,2026-04-03,present,8,9.4,,0,1.4
ATT007163,EMP056,2026-04-06,remote,8,8.2,,0,0.2
ATT007164,EMP056,2026-04-07,present,8,8.8,,0,0.8
ATT007165,EMP056,2026-04-08,half_day,8,3.8,,0,0
ATT007166,EMP056,2026-04-09,present,8,8.9,,0,0.9
ATT007167,EMP056,2026-04-10,present,8,8.9,,0,0.9
ATT007168,EMP056,2026-04-13,present,8,7.6,,0,0
ATT007169,EMP056,2026-04-14,holiday,8,0,,0,0
ATT007170,EMP056,2026-04-15,present,8,8.9,,0,0.9
ATT007171,EMP056,2026-04-16,half_day,8,4.1,,0,0
ATT007172,EMP056,2026-04-17,remote,8,8.9,,0,0.9
ATT007173,EMP056,2026-04-20,remote,8,7.9,,0,0
ATT007174,EMP056,2026-04-21,present,8,7.9,,0,0
ATT007175,EMP056,2026-04-22,present,8,7.9,,0,0
ATT007176,EMP056,2026-04-23,remote,8,7.3,,0,0
ATT007177,EMP056,2026-04-24,remote,8,7.5,,0,0
ATT007178,EMP056,2026-04-27,absent,8,0,,0,0
ATT007179,EMP056,2026-04-28,remote,8,7.0,,0,0
ATT007180,EMP056,2026-04-29,present,8,9.3,,0,1.3
ATT007181,EMP056,2026-04-30,present,8,8.4,,0,0.4
ATT007182,EMP056,2026-05-01,holiday,8,0,,0,0
ATT007183,EMP056,2026-05-04,remote,8,9.3,,0,1.3
ATT007184,EMP056,2026-05-05,remote,8,8.3,,0,0.3
ATT007185,EMP056,2026-05-06,present,8,9.2,,0,1.2
ATT007186,EMP056,2026-05-07,present,8,8.4,,0,0.4
ATT007187,EMP056,2026-05-08,present,8,7.2,,0,0
ATT007188,EMP056,2026-05-11,remote,8,7.5,,0,0
ATT007189,EMP056,2026-05-12,remote,8,8.1,,0,0.1
ATT007190,EMP056,2026-05-13,remote,8,8.6,,0,0.6
ATT007191,EMP056,2026-05-14,present,8,9.4,,0,1.4
ATT007192,EMP056,2026-05-15,remote,8,8.9,,0,0.9
ATT007193,EMP056,2026-05-18,present,8,7.8,,0,0
ATT007194,EMP056,2026-05-19,present,8,8.4,,0,0.4
ATT007195,EMP056,2026-05-20,remote,8,8.7,,0,0.7
ATT007196,EMP056,2026-05-21,present,8,9.4,,0,1.4
ATT007197,EMP056,2026-05-22,leave,8,0,personal,0,0
ATT007198,EMP056,2026-05-25,present,8,9.1,,10,1.1
ATT007199,EMP056,2026-05-26,remote,8,8.3,,0,0.3
ATT007200,EMP056,2026-05-27,present,8,8.8,,0,0.8
ATT007201,EMP056,2026-05-28,present,8,7.7,,0,0
ATT007202,EMP056,2026-05-29,present,8,9.3,,5,1.3
ATT007203,EMP056,2026-06-01,half_day,8,4.4,,0,0
ATT007204,EMP056,2026-06-02,present,8,8.4,,20,0.4
ATT007205,EMP056,2026-06-03,present,8,7.8,,0,0
ATT007206,EMP056,2026-06-04,present,8,8.6,,0,0.6
ATT007207,EMP056,2026-06-05,leave,8,0,casual,0,0
ATT007208,EMP056,2026-06-08,present,8,9.1,,0,1.1
ATT007209,EMP056,2026-06-09,leave,8,0,casual,0,0
ATT007210,EMP056,2026-06-10,present,8,8.7,,0,0.7
ATT007211,EMP056,2026-06-11,remote,8,8.2,,0,0.2
ATT007212,EMP056,2026-06-12,remote,8,7.3,,0,0
ATT007213,EMP056,2026-06-15,present,8,8.0,,0,0
ATT007214,EMP056,2026-06-16,present,8,9.2,,0,1.2
ATT007215,EMP056,2026-06-17,holiday,8,0,,0,0
ATT007216,EMP056,2026-06-18,present,8,9.0,,0,1.0
ATT007217,EMP056,2026-06-19,present,8,9.0,,0,1.0
ATT007218,EMP056,2026-06-22,present,8,9.3,,0,1.3
ATT007219,EMP056,2026-06-23,present,8,8.2,,0,0.2
ATT007220,EMP056,2026-06-24,present,8,8.3,,0,0.3
ATT007221,EMP056,2026-06-25,present,8,8.8,,0,0.8
ATT007222,EMP056,2026-06-26,present,8,9.5,,0,1.5
ATT007223,EMP056,2026-06-29,present,8,7.9,,0,0
ATT007224,EMP056,2026-06-30,present,8,8.8,,0,0.8
ATT007225,EMP057,2026-01-01,half_day,8,4.1,,0,0
ATT007226,EMP057,2026-01-02,present,8,8.0,,0,0
ATT007227,EMP057,2026-01-05,remote,8,7.7,,0,0
ATT007228,EMP057,2026-01-06,present,8,9.4,,0,1.4
ATT007229,EMP057,2026-01-07,present,8,7.8,,15,0
ATT007230,EMP057,2026-01-08,remote,8,7.6,,10,0
ATT007231,EMP057,2026-01-09,remote,8,8.9,,0,0.9
ATT007232,EMP057,2026-01-12,present,8,8.2,,0,0.2
ATT007233,EMP057,2026-01-13,remote,8,9.4,,0,1.4
ATT007234,EMP057,2026-01-14,leave,8,0,earned,0,0
ATT007235,EMP057,2026-01-15,remote,8,7.9,,0,0
ATT007236,EMP057,2026-01-16,remote,8,7.5,,0,0
ATT007237,EMP057,2026-01-19,half_day,8,4.3,,0,0
ATT007238,EMP057,2026-01-20,present,8,9.4,,0,1.4
ATT007239,EMP057,2026-01-21,absent,8,0,,0,0
ATT007240,EMP057,2026-01-22,remote,8,9.4,,0,1.4
ATT007241,EMP057,2026-01-23,present,8,7.1,,0,0
ATT007242,EMP057,2026-01-26,holiday,8,0,,0,0
ATT007243,EMP057,2026-01-27,remote,8,7.7,,0,0
ATT007244,EMP057,2026-01-28,remote,8,8.4,,0,0.4
ATT007245,EMP057,2026-01-29,present,8,7.5,,0,0
ATT007246,EMP057,2026-01-30,present,8,7.7,,0,0
ATT007247,EMP057,2026-02-02,present,8,8.6,,0,0.6
ATT007248,EMP057,2026-02-03,present,8,9.1,,5,1.1
ATT007249,EMP057,2026-02-04,remote,8,7.7,,0,0
ATT007250,EMP057,2026-02-05,present,8,7.7,,0,0
ATT007251,EMP057,2026-02-06,present,8,8.6,,0,0.6
ATT007252,EMP057,2026-02-09,leave,8,0,personal,0,0
ATT007253,EMP057,2026-02-10,present,8,8.8,,0,0.8
ATT007254,EMP057,2026-02-11,present,8,7.7,,0,0
ATT007255,EMP057,2026-02-12,present,8,8.6,,0,0.6
ATT007256,EMP057,2026-02-13,half_day,8,4.4,,0,0
ATT007257,EMP057,2026-02-16,remote,8,7.6,,0,0
ATT007258,EMP057,2026-02-17,present,8,7.7,,0,0
ATT007259,EMP057,2026-02-18,present,8,8.3,,0,0.3
ATT007260,EMP057,2026-02-19,present,8,7.0,,0,0
ATT007261,EMP057,2026-02-20,present,8,8.7,,0,0.7
ATT007262,EMP057,2026-02-23,remote,8,8.1,,10,0.1
ATT007263,EMP057,2026-02-24,present,8,8.3,,0,0.3
ATT007264,EMP057,2026-02-25,remote,8,8.2,,0,0.2
ATT007265,EMP057,2026-02-26,remote,8,9.0,,0,1.0
ATT007266,EMP057,2026-02-27,present,8,8.1,,0,0.1
ATT007267,EMP057,2026-03-02,remote,8,8.5,,0,0.5
ATT007268,EMP057,2026-03-03,present,8,8.3,,0,0.3
ATT007269,EMP057,2026-03-04,remote,8,8.6,,0,0.6
ATT007270,EMP057,2026-03-05,present,8,7.5,,20,0
ATT007271,EMP057,2026-03-06,half_day,8,4.4,,0,0
ATT007272,EMP057,2026-03-09,remote,8,8.9,,0,0.9
ATT007273,EMP057,2026-03-10,holiday,8,0,,0,0
ATT007274,EMP057,2026-03-11,present,8,9.4,,0,1.4
ATT007275,EMP057,2026-03-12,present,8,8.0,,0,0
ATT007276,EMP057,2026-03-13,present,8,8.0,,0,0
ATT007277,EMP057,2026-03-16,present,8,8.0,,0,0
ATT007278,EMP057,2026-03-17,present,8,8.9,,0,0.9
ATT007279,EMP057,2026-03-18,present,8,9.2,,0,1.2
ATT007280,EMP057,2026-03-19,remote,8,9.0,,0,1.0
ATT007281,EMP057,2026-03-20,present,8,8.1,,0,0.1
ATT007282,EMP057,2026-03-23,leave,8,0,sick,0,0
ATT007283,EMP057,2026-03-24,leave,8,0,earned,0,0
ATT007284,EMP057,2026-03-25,remote,8,8.1,,0,0.1
ATT007285,EMP057,2026-03-26,present,8,7.3,,0,0
ATT007286,EMP057,2026-03-27,present,8,8.5,,0,0.5
ATT007287,EMP057,2026-03-30,holiday,8,0,,0,0
ATT007288,EMP057,2026-03-31,present,8,8.2,,0,0.2
ATT007289,EMP057,2026-04-01,present,8,9.3,,0,1.3
ATT007290,EMP057,2026-04-02,remote,8,7.2,,0,0
ATT007291,EMP057,2026-04-03,present,8,8.6,,0,0.6
ATT007292,EMP057,2026-04-06,remote,8,7.1,,0,0
ATT007293,EMP057,2026-04-07,present,8,9.2,,0,1.2
ATT007294,EMP057,2026-04-08,present,8,7.4,,0,0
ATT007295,EMP057,2026-04-09,present,8,7.5,,0,0
ATT007296,EMP057,2026-04-10,present,8,8.0,,0,0
ATT007297,EMP057,2026-04-13,remote,8,7.2,,0,0
ATT007298,EMP057,2026-04-14,holiday,8,0,,0,0
ATT007299,EMP057,2026-04-15,remote,8,7.4,,0,0
ATT007300,EMP057,2026-04-16,present,8,7.1,,0,0
ATT007301,EMP057,2026-04-17,present,8,9.4,,30,1.4
ATT007302,EMP057,2026-04-20,present,8,7.5,,0,0
ATT007303,EMP057,2026-04-21,present,8,8.0,,0,0
ATT007304,EMP057,2026-04-22,leave,8,0,casual,0,0
ATT007305,EMP057,2026-04-23,remote,8,7.2,,10,0
ATT007306,EMP057,2026-04-24,remote,8,7.6,,15,0
ATT007307,EMP057,2026-04-27,half_day,8,3.8,,0,0
ATT007308,EMP057,2026-04-28,remote,8,8.2,,0,0.2
ATT007309,EMP057,2026-04-29,present,8,8.8,,0,0.8
ATT007310,EMP057,2026-04-30,present,8,9.3,,0,1.3
ATT007311,EMP057,2026-05-01,holiday,8,0,,0,0
ATT007312,EMP057,2026-05-04,present,8,8.5,,0,0.5
ATT007313,EMP057,2026-05-05,present,8,7.9,,0,0
ATT007314,EMP057,2026-05-06,present,8,7.6,,15,0
ATT007315,EMP057,2026-05-07,remote,8,8.9,,0,0.9
ATT007316,EMP057,2026-05-08,present,8,8.3,,0,0.3
ATT007317,EMP057,2026-05-11,present,8,8.8,,0,0.8
ATT007318,EMP057,2026-05-12,present,8,9.0,,0,1.0
ATT007319,EMP057,2026-05-13,leave,8,0,casual,0,0
ATT007320,EMP057,2026-05-14,present,8,9.1,,0,1.1
ATT007321,EMP057,2026-05-15,present,8,9.3,,0,1.3
ATT007322,EMP057,2026-05-18,remote,8,7.2,,0,0
ATT007323,EMP057,2026-05-19,half_day,8,4.2,,0,0
ATT007324,EMP057,2026-05-20,remote,8,8.0,,0,0
ATT007325,EMP057,2026-05-21,present,8,7.1,,0,0
ATT007326,EMP057,2026-05-22,absent,8,0,,0,0
ATT007327,EMP057,2026-05-25,remote,8,8.6,,0,0.6
ATT007328,EMP057,2026-05-26,present,8,7.5,,0,0
ATT007329,EMP057,2026-05-27,present,8,9.5,,0,1.5
ATT007330,EMP057,2026-05-28,present,8,9.3,,0,1.3
ATT007331,EMP057,2026-05-29,present,8,7.1,,0,0
ATT007332,EMP057,2026-06-01,present,8,7.6,,0,0
ATT007333,EMP057,2026-06-02,present,8,7.8,,0,0
ATT007334,EMP057,2026-06-03,remote,8,8.8,,0,0.8
ATT007335,EMP057,2026-06-04,leave,8,0,casual,0,0
ATT007336,EMP057,2026-06-05,remote,8,8.3,,0,0.3
ATT007337,EMP057,2026-06-08,remote,8,8.4,,0,0.4
ATT007338,EMP057,2026-06-09,remote,8,7.5,,0,0
ATT007339,EMP057,2026-06-10,remote,8,8.7,,0,0.7
ATT007340,EMP057,2026-06-11,remote,8,8.8,,0,0.8
ATT007341,EMP057,2026-06-12,present,8,7.6,,0,0
ATT007342,EMP057,2026-06-15,present,8,8.9,,10,0.9
ATT007343,EMP057,2026-06-16,remote,8,8.9,,0,0.9
ATT007344,EMP057,2026-06-17,holiday,8,0,,0,0
ATT007345,EMP057,2026-06-18,leave,8,0,emergency,0,0
ATT007346,EMP057,2026-06-19,present,8,7.5,,0,0
ATT007347,EMP057,2026-06-22,present,8,7.3,,0,0
ATT007348,EMP057,2026-06-23,present,8,9.3,,0,1.3
ATT007349,EMP057,2026-06-24,present,8,7.9,,0,0
ATT007350,EMP057,2026-06-25,leave,8,0,earned,0,0
ATT007351,EMP057,2026-06-26,remote,8,7.5,,0,0
ATT007352,EMP057,2026-06-29,remote,8,7.2,,0,0
ATT007353,EMP057,2026-06-30,present,8,7.8,,0,0
ATT007354,EMP058,2026-01-01,remote,8,9.4,,0,1.4
ATT007355,EMP058,2026-01-02,present,8,7.2,,0,0
ATT007356,EMP058,2026-01-05,present,8,8.5,,0,0.5
ATT007357,EMP058,2026-01-06,present,8,9.1,,0,1.1
ATT007358,EMP058,2026-01-07,present,8,8.4,,0,0.4
ATT007359,EMP058,2026-01-08,remote,8,8.9,,0,0.9
ATT007360,EMP058,2026-01-09,present,8,8.5,,0,0.5
ATT007361,EMP058,2026-01-12,present,8,8.6,,5,0.6
ATT007362,EMP058,2026-01-13,present,8,7.0,,0,0
ATT007363,EMP058,2026-01-14,present,8,8.1,,0,0.1
ATT007364,EMP058,2026-01-15,present,8,9.2,,0,1.2
ATT007365,EMP058,2026-01-16,present,8,9.4,,0,1.4
ATT007366,EMP058,2026-01-19,present,8,8.6,,0,0.6
ATT007367,EMP058,2026-01-20,present,8,8.6,,15,0.6
ATT007368,EMP058,2026-01-21,present,8,8.2,,0,0.2
ATT007369,EMP058,2026-01-22,present,8,8.8,,0,0.8
ATT007370,EMP058,2026-01-23,remote,8,8.2,,0,0.2
ATT007371,EMP058,2026-01-26,holiday,8,0,,0,0
ATT007372,EMP058,2026-01-27,remote,8,9.4,,0,1.4
ATT007373,EMP058,2026-01-28,present,8,8.4,,0,0.4
ATT007374,EMP058,2026-01-29,present,8,7.2,,0,0
ATT007375,EMP058,2026-01-30,present,8,7.0,,0,0
ATT007376,EMP058,2026-02-02,half_day,8,4.2,,0,0
ATT007377,EMP058,2026-02-03,remote,8,9.1,,0,1.1
ATT007378,EMP058,2026-02-04,present,8,9.4,,0,1.4
ATT007379,EMP058,2026-02-05,present,8,7.7,,0,0
ATT007380,EMP058,2026-02-06,present,8,7.3,,0,0
ATT007381,EMP058,2026-02-09,present,8,8.8,,0,0.8
ATT007382,EMP058,2026-02-10,present,8,7.8,,0,0
ATT007383,EMP058,2026-02-11,present,8,9.0,,0,1.0
ATT007384,EMP058,2026-02-12,remote,8,7.8,,0,0
ATT007385,EMP058,2026-02-13,present,8,7.5,,0,0
ATT007386,EMP058,2026-02-16,present,8,9.1,,0,1.1
ATT007387,EMP058,2026-02-17,present,8,7.5,,0,0
ATT007388,EMP058,2026-02-18,present,8,7.7,,15,0
ATT007389,EMP058,2026-02-19,present,8,9.5,,0,1.5
ATT007390,EMP058,2026-02-20,present,8,7.9,,0,0
ATT007391,EMP058,2026-02-23,remote,8,7.1,,0,0
ATT007392,EMP058,2026-02-24,present,8,7.8,,0,0
ATT007393,EMP058,2026-02-25,present,8,8.4,,0,0.4
ATT007394,EMP058,2026-02-26,present,8,8.8,,0,0.8
ATT007395,EMP058,2026-02-27,present,8,7.2,,0,0
ATT007396,EMP058,2026-03-02,present,8,7.7,,0,0
ATT007397,EMP058,2026-03-03,present,8,8.5,,0,0.5
ATT007398,EMP058,2026-03-04,leave,8,0,personal,0,0
ATT007399,EMP058,2026-03-05,present,8,8.3,,0,0.3
ATT007400,EMP058,2026-03-06,present,8,9.5,,0,1.5
ATT007401,EMP058,2026-03-09,present,8,8.5,,0,0.5
ATT007402,EMP058,2026-03-10,holiday,8,0,,0,0
ATT007403,EMP058,2026-03-11,present,8,9.4,,0,1.4
ATT007404,EMP058,2026-03-12,remote,8,7.7,,0,0
ATT007405,EMP058,2026-03-13,present,8,7.6,,0,0
ATT007406,EMP058,2026-03-16,present,8,7.6,,0,0
ATT007407,EMP058,2026-03-17,present,8,7.9,,0,0
ATT007408,EMP058,2026-03-18,present,8,8.7,,0,0.7
ATT007409,EMP058,2026-03-19,present,8,8.6,,0,0.6
ATT007410,EMP058,2026-03-20,present,8,7.9,,0,0
ATT007411,EMP058,2026-03-23,remote,8,8.7,,15,0.7
ATT007412,EMP058,2026-03-24,present,8,7.6,,0,0
ATT007413,EMP058,2026-03-25,remote,8,8.3,,0,0.3
ATT007414,EMP058,2026-03-26,present,8,7.8,,0,0
ATT007415,EMP058,2026-03-27,present,8,8.4,,0,0.4
ATT007416,EMP058,2026-03-30,holiday,8,0,,0,0
ATT007417,EMP058,2026-03-31,leave,8,0,casual,0,0
ATT007418,EMP058,2026-04-01,leave,8,0,earned,0,0
ATT007419,EMP058,2026-04-02,present,8,8.8,,0,0.8
ATT007420,EMP058,2026-04-03,remote,8,8.9,,0,0.9
ATT007421,EMP058,2026-04-06,remote,8,7.2,,0,0
ATT007422,EMP058,2026-04-07,present,8,8.7,,0,0.7
ATT007423,EMP058,2026-04-08,leave,8,0,sick,0,0
ATT007424,EMP058,2026-04-09,present,8,8.0,,0,0
ATT007425,EMP058,2026-04-10,present,8,9.1,,0,1.1
ATT007426,EMP058,2026-04-13,present,8,8.9,,0,0.9
ATT007427,EMP058,2026-04-14,holiday,8,0,,0,0
ATT007428,EMP058,2026-04-15,present,8,8.0,,0,0
ATT007429,EMP058,2026-04-16,remote,8,8.4,,0,0.4
ATT007430,EMP058,2026-04-17,present,8,7.6,,0,0
ATT007431,EMP058,2026-04-20,present,8,8.7,,0,0.7
ATT007432,EMP058,2026-04-21,remote,8,8.8,,0,0.8
ATT007433,EMP058,2026-04-22,present,8,7.6,,0,0
ATT007434,EMP058,2026-04-23,present,8,9.2,,0,1.2
ATT007435,EMP058,2026-04-24,present,8,7.6,,0,0
ATT007436,EMP058,2026-04-27,half_day,8,3.9,,0,0
ATT007437,EMP058,2026-04-28,present,8,9.1,,0,1.1
ATT007438,EMP058,2026-04-29,present,8,7.3,,0,0
ATT007439,EMP058,2026-04-30,present,8,7.8,,30,0
ATT007440,EMP058,2026-05-01,holiday,8,0,,0,0
ATT007441,EMP058,2026-05-04,remote,8,7.4,,0,0
ATT007442,EMP058,2026-05-05,present,8,9.3,,0,1.3
ATT007443,EMP058,2026-05-06,remote,8,7.4,,0,0
ATT007444,EMP058,2026-05-07,present,8,9.0,,0,1.0
ATT007445,EMP058,2026-05-08,present,8,7.1,,0,0
ATT007446,EMP058,2026-05-11,present,8,7.6,,0,0
ATT007447,EMP058,2026-05-12,present,8,7.8,,0,0
ATT007448,EMP058,2026-05-13,absent,8,0,,0,0
ATT007449,EMP058,2026-05-14,present,8,8.0,,0,0
ATT007450,EMP058,2026-05-15,leave,8,0,earned,0,0
ATT007451,EMP058,2026-05-18,remote,8,8.9,,0,0.9
ATT007452,EMP058,2026-05-19,present,8,7.2,,0,0
ATT007453,EMP058,2026-05-20,present,8,7.3,,0,0
ATT007454,EMP058,2026-05-21,remote,8,8.4,,0,0.4
ATT007455,EMP058,2026-05-22,remote,8,7.3,,0,0
ATT007456,EMP058,2026-05-25,present,8,8.9,,0,0.9
ATT007457,EMP058,2026-05-26,present,8,9.1,,0,1.1
ATT007458,EMP058,2026-05-27,remote,8,8.5,,0,0.5
ATT007459,EMP058,2026-05-28,present,8,7.7,,0,0
ATT007460,EMP058,2026-05-29,present,8,7.2,,0,0
ATT007461,EMP058,2026-06-01,present,8,8.1,,0,0.1
ATT007462,EMP058,2026-06-02,present,8,7.4,,0,0
ATT007463,EMP058,2026-06-03,leave,8,0,sick,0,0
ATT007464,EMP058,2026-06-04,present,8,7.6,,0,0
ATT007465,EMP058,2026-06-05,present,8,8.9,,0,0.9
ATT007466,EMP058,2026-06-08,present,8,7.2,,0,0
ATT007467,EMP058,2026-06-09,remote,8,9.2,,0,1.2
ATT007468,EMP058,2026-06-10,remote,8,7.4,,0,0
ATT007469,EMP058,2026-06-11,remote,8,8.9,,0,0.9
ATT007470,EMP058,2026-06-12,remote,8,7.3,,0,0
ATT007471,EMP058,2026-06-15,present,8,7.0,,0,0
ATT007472,EMP058,2026-06-16,present,8,7.5,,0,0
ATT007473,EMP058,2026-06-17,holiday,8,0,,0,0
ATT007474,EMP058,2026-06-18,present,8,8.3,,0,0.3
ATT007475,EMP058,2026-06-19,remote,8,8.1,,0,0.1
ATT007476,EMP058,2026-06-22,present,8,8.9,,0,0.9
ATT007477,EMP058,2026-06-23,present,8,8.1,,0,0.1
ATT007478,EMP058,2026-06-24,present,8,7.5,,15,0
ATT007479,EMP058,2026-06-25,present,8,7.5,,0,0
ATT007480,EMP058,2026-06-26,present,8,7.5,,0,0
ATT007481,EMP058,2026-06-29,remote,8,7.1,,0,0
ATT007482,EMP058,2026-06-30,present,8,9.3,,0,1.3
ATT007483,EMP059,2026-01-01,present,8,8.2,,0,0.2
ATT007484,EMP059,2026-01-02,remote,8,9.4,,0,1.4
ATT007485,EMP059,2026-01-05,leave,8,0,casual,0,0
ATT007486,EMP059,2026-01-06,present,8,9.1,,0,1.1
ATT007487,EMP059,2026-01-07,present,8,7.1,,0,0
ATT007488,EMP059,2026-01-08,leave,8,0,earned,0,0
ATT007489,EMP059,2026-01-09,present,8,7.4,,0,0
ATT007490,EMP059,2026-01-12,present,8,9.1,,15,1.1
ATT007491,EMP059,2026-01-13,present,8,8.5,,0,0.5
ATT007492,EMP059,2026-01-14,remote,8,8.1,,0,0.1
ATT007493,EMP059,2026-01-15,remote,8,8.8,,0,0.8
ATT007494,EMP059,2026-01-16,present,8,8.1,,0,0.1
ATT007495,EMP059,2026-01-19,remote,8,7.0,,0,0
ATT007496,EMP059,2026-01-20,present,8,8.8,,0,0.8
ATT007497,EMP059,2026-01-21,leave,8,0,earned,0,0
ATT007498,EMP059,2026-01-22,remote,8,7.3,,0,0
ATT007499,EMP059,2026-01-23,present,8,9.1,,0,1.1
ATT007500,EMP059,2026-01-26,holiday,8,0,,0,0
ATT007501,EMP059,2026-01-27,present,8,7.0,,0,0
ATT007502,EMP059,2026-01-28,remote,8,9.4,,0,1.4
ATT007503,EMP059,2026-01-29,present,8,9.0,,10,1.0
ATT007504,EMP059,2026-01-30,present,8,8.6,,0,0.6
ATT007505,EMP059,2026-02-02,present,8,8.2,,0,0.2
ATT007506,EMP059,2026-02-03,present,8,8.9,,0,0.9
ATT007507,EMP059,2026-02-04,present,8,9.4,,0,1.4
ATT007508,EMP059,2026-02-05,absent,8,0,,0,0
ATT007509,EMP059,2026-02-06,half_day,8,3.9,,0,0
ATT007510,EMP059,2026-02-09,present,8,8.9,,0,0.9
ATT007511,EMP059,2026-02-10,half_day,8,3.6,,0,0
ATT007512,EMP059,2026-02-11,present,8,8.8,,0,0.8
ATT007513,EMP059,2026-02-12,present,8,7.4,,0,0
ATT007514,EMP059,2026-02-13,present,8,8.6,,0,0.6
ATT007515,EMP059,2026-02-16,present,8,7.2,,0,0
ATT007516,EMP059,2026-02-17,present,8,8.0,,0,0
ATT007517,EMP059,2026-02-18,present,8,7.0,,0,0
ATT007518,EMP059,2026-02-19,leave,8,0,casual,0,0
ATT007519,EMP059,2026-02-20,remote,8,8.9,,0,0.9
ATT007520,EMP059,2026-02-23,present,8,8.3,,0,0.3
ATT007521,EMP059,2026-02-24,present,8,8.4,,0,0.4
ATT007522,EMP059,2026-02-25,remote,8,7.7,,0,0
ATT007523,EMP059,2026-02-26,remote,8,8.4,,0,0.4
ATT007524,EMP059,2026-02-27,present,8,9.4,,0,1.4
ATT007525,EMP059,2026-03-02,absent,8,0,,0,0
ATT007526,EMP059,2026-03-03,present,8,7.0,,0,0
ATT007527,EMP059,2026-03-04,present,8,7.6,,0,0
ATT007528,EMP059,2026-03-05,remote,8,7.2,,0,0
ATT007529,EMP059,2026-03-06,remote,8,8.8,,0,0.8
ATT007530,EMP059,2026-03-09,present,8,7.6,,0,0
ATT007531,EMP059,2026-03-10,holiday,8,0,,0,0
ATT007532,EMP059,2026-03-11,present,8,9.3,,0,1.3
ATT007533,EMP059,2026-03-12,present,8,7.9,,0,0
ATT007534,EMP059,2026-03-13,present,8,7.4,,0,0
ATT007535,EMP059,2026-03-16,present,8,8.5,,0,0.5
ATT007536,EMP059,2026-03-17,remote,8,8.2,,0,0.2
ATT007537,EMP059,2026-03-18,present,8,8.3,,0,0.3
ATT007538,EMP059,2026-03-19,remote,8,7.7,,0,0
ATT007539,EMP059,2026-03-20,present,8,7.5,,0,0
ATT007540,EMP059,2026-03-23,present,8,9.2,,0,1.2
ATT007541,EMP059,2026-03-24,present,8,7.6,,0,0
ATT007542,EMP059,2026-03-25,present,8,7.3,,20,0
ATT007543,EMP059,2026-03-26,present,8,9.1,,0,1.1
ATT007544,EMP059,2026-03-27,present,8,8.7,,30,0.7
ATT007545,EMP059,2026-03-30,holiday,8,0,,0,0
ATT007546,EMP059,2026-03-31,remote,8,8.5,,0,0.5
ATT007547,EMP059,2026-04-01,present,8,7.9,,0,0
ATT007548,EMP059,2026-04-02,present,8,7.2,,0,0
ATT007549,EMP059,2026-04-03,present,8,9.1,,0,1.1
ATT007550,EMP059,2026-04-06,present,8,8.3,,0,0.3
ATT007551,EMP059,2026-04-07,remote,8,8.0,,0,0
ATT007552,EMP059,2026-04-08,remote,8,9.5,,0,1.5
ATT007553,EMP059,2026-04-09,remote,8,9.1,,0,1.1
ATT007554,EMP059,2026-04-10,remote,8,7.0,,0,0
ATT007555,EMP059,2026-04-13,present,8,8.7,,0,0.7
ATT007556,EMP059,2026-04-14,holiday,8,0,,0,0
ATT007557,EMP059,2026-04-15,present,8,7.5,,0,0
ATT007558,EMP059,2026-04-16,remote,8,7.2,,30,0
ATT007559,EMP059,2026-04-17,present,8,8.4,,0,0.4
ATT007560,EMP059,2026-04-20,remote,8,7.9,,0,0
ATT007561,EMP059,2026-04-21,present,8,8.4,,0,0.4
ATT007562,EMP059,2026-04-22,present,8,7.6,,0,0
ATT007563,EMP059,2026-04-23,remote,8,7.2,,0,0
ATT007564,EMP059,2026-04-24,present,8,8.3,,0,0.3
ATT007565,EMP059,2026-04-27,present,8,7.3,,0,0
ATT007566,EMP059,2026-04-28,present,8,8.3,,0,0.3
ATT007567,EMP059,2026-04-29,absent,8,0,,0,0
ATT007568,EMP059,2026-04-30,remote,8,9.3,,0,1.3
ATT007569,EMP059,2026-05-01,holiday,8,0,,0,0
ATT007570,EMP059,2026-05-04,present,8,7.2,,0,0
ATT007571,EMP059,2026-05-05,leave,8,0,casual,0,0
ATT007572,EMP059,2026-05-06,present,8,7.9,,0,0
ATT007573,EMP059,2026-05-07,present,8,8.8,,0,0.8
ATT007574,EMP059,2026-05-08,present,8,8.3,,0,0.3
ATT007575,EMP059,2026-05-11,remote,8,7.3,,0,0
ATT007576,EMP059,2026-05-12,present,8,9.1,,0,1.1
ATT007577,EMP059,2026-05-13,remote,8,7.3,,0,0
ATT007578,EMP059,2026-05-14,present,8,7.7,,0,0
ATT007579,EMP059,2026-05-15,present,8,7.9,,0,0
ATT007580,EMP059,2026-05-18,present,8,9.3,,0,1.3
ATT007581,EMP059,2026-05-19,remote,8,8.4,,0,0.4
ATT007582,EMP059,2026-05-20,remote,8,9.2,,0,1.2
ATT007583,EMP059,2026-05-21,remote,8,7.7,,0,0
ATT007584,EMP059,2026-05-22,present,8,8.7,,0,0.7
ATT007585,EMP059,2026-05-25,present,8,8.1,,0,0.1
ATT007586,EMP059,2026-05-26,leave,8,0,casual,0,0
ATT007587,EMP059,2026-05-27,present,8,9.0,,0,1.0
ATT007588,EMP059,2026-05-28,present,8,9.2,,0,1.2
ATT007589,EMP059,2026-05-29,present,8,7.0,,0,0
ATT007590,EMP059,2026-06-01,remote,8,9.0,,0,1.0
ATT007591,EMP059,2026-06-02,present,8,8.1,,0,0.1
ATT007592,EMP059,2026-06-03,present,8,7.3,,0,0
ATT007593,EMP059,2026-06-04,present,8,8.5,,0,0.5
ATT007594,EMP059,2026-06-05,remote,8,7.8,,0,0
ATT007595,EMP059,2026-06-08,remote,8,7.3,,0,0
ATT007596,EMP059,2026-06-09,present,8,9.3,,0,1.3
ATT007597,EMP059,2026-06-10,present,8,8.5,,0,0.5
ATT007598,EMP059,2026-06-11,present,8,8.5,,0,0.5
ATT007599,EMP059,2026-06-12,present,8,8.0,,0,0
ATT007600,EMP059,2026-06-15,present,8,8.0,,0,0
ATT007601,EMP059,2026-06-16,present,8,8.9,,0,0.9
ATT007602,EMP059,2026-06-17,holiday,8,0,,0,0
ATT007603,EMP059,2026-06-18,remote,8,8.7,,0,0.7
ATT007604,EMP059,2026-06-19,present,8,7.1,,0,0
ATT007605,EMP059,2026-06-22,remote,8,7.5,,0,0
ATT007606,EMP059,2026-06-23,present,8,8.0,,0,0
ATT007607,EMP059,2026-06-24,present,8,9.4,,0,1.4
ATT007608,EMP059,2026-06-25,present,8,8.3,,0,0.3
ATT007609,EMP059,2026-06-26,remote,8,7.1,,0,0
ATT007610,EMP059,2026-06-29,remote,8,7.3,,0,0
ATT007611,EMP059,2026-06-30,remote,8,7.8,,0,0
ATT007612,EMP060,2026-01-01,present,8,7.9,,0,0
ATT007613,EMP060,2026-01-02,remote,8,7.1,,0,0
ATT007614,EMP060,2026-01-05,present,8,8.7,,0,0.7
ATT007615,EMP060,2026-01-06,absent,8,0,,0,0
ATT007616,EMP060,2026-01-07,present,8,7.9,,0,0
ATT007617,EMP060,2026-01-08,present,8,8.3,,0,0.3
ATT007618,EMP060,2026-01-09,present,8,9.1,,0,1.1
ATT007619,EMP060,2026-01-12,remote,8,7.1,,0,0
ATT007620,EMP060,2026-01-13,present,8,7.8,,0,0
ATT007621,EMP060,2026-01-14,half_day,8,4.3,,0,0
ATT007622,EMP060,2026-01-15,present,8,8.8,,0,0.8
ATT007623,EMP060,2026-01-16,absent,8,0,,0,0
ATT007624,EMP060,2026-01-19,remote,8,8.5,,0,0.5
ATT007625,EMP060,2026-01-20,leave,8,0,earned,0,0
ATT007626,EMP060,2026-01-21,leave,8,0,sick,0,0
ATT007627,EMP060,2026-01-22,present,8,9.3,,0,1.3
ATT007628,EMP060,2026-01-23,absent,8,0,,0,0
ATT007629,EMP060,2026-01-26,holiday,8,0,,0,0
ATT007630,EMP060,2026-01-27,remote,8,7.6,,0,0
ATT007631,EMP060,2026-01-28,present,8,8.8,,0,0.8
ATT007632,EMP060,2026-01-29,remote,8,7.2,,10,0
ATT007633,EMP060,2026-01-30,present,8,7.9,,0,0
ATT007634,EMP060,2026-02-02,remote,8,7.6,,30,0
ATT007635,EMP060,2026-02-03,present,8,7.6,,0,0
ATT007636,EMP060,2026-02-04,remote,8,8.8,,0,0.8
ATT007637,EMP060,2026-02-05,present,8,9.5,,0,1.5
ATT007638,EMP060,2026-02-06,present,8,9.1,,0,1.1
ATT007639,EMP060,2026-02-09,present,8,8.4,,0,0.4
ATT007640,EMP060,2026-02-10,remote,8,7.7,,0,0
ATT007641,EMP060,2026-02-11,leave,8,0,emergency,0,0
ATT007642,EMP060,2026-02-12,present,8,8.1,,0,0.1
ATT007643,EMP060,2026-02-13,remote,8,9.0,,0,1.0
ATT007644,EMP060,2026-02-16,remote,8,8.7,,20,0.7
ATT007645,EMP060,2026-02-17,present,8,9.1,,0,1.1
ATT007646,EMP060,2026-02-18,present,8,8.0,,0,0
ATT007647,EMP060,2026-02-19,present,8,7.7,,0,0
ATT007648,EMP060,2026-02-20,leave,8,0,emergency,0,0
ATT007649,EMP060,2026-02-23,leave,8,0,casual,0,0
ATT007650,EMP060,2026-02-24,absent,8,0,,0,0
ATT007651,EMP060,2026-02-25,leave,8,0,sick,0,0
ATT007652,EMP060,2026-02-26,half_day,8,4.1,,0,0
ATT007653,EMP060,2026-02-27,remote,8,7.2,,0,0
ATT007654,EMP060,2026-03-02,absent,8,0,,0,0
ATT007655,EMP060,2026-03-03,remote,8,8.2,,0,0.2
ATT007656,EMP060,2026-03-04,remote,8,7.6,,0,0
ATT007657,EMP060,2026-03-05,remote,8,8.3,,0,0.3
ATT007658,EMP060,2026-03-06,absent,8,0,,0,0
ATT007659,EMP060,2026-03-09,remote,8,7.3,,0,0
ATT007660,EMP060,2026-03-10,holiday,8,0,,0,0
ATT007661,EMP060,2026-03-11,present,8,8.6,,0,0.6
ATT007662,EMP060,2026-03-12,present,8,8.1,,0,0.1
ATT007663,EMP060,2026-03-13,present,8,7.1,,0,0
ATT007664,EMP060,2026-03-16,present,8,9.4,,0,1.4
ATT007665,EMP060,2026-03-17,present,8,9.3,,0,1.3
ATT007666,EMP060,2026-03-18,leave,8,0,casual,0,0
ATT007667,EMP060,2026-03-19,present,8,7.4,,0,0
ATT007668,EMP060,2026-03-20,present,8,8.2,,0,0.2
ATT007669,EMP060,2026-03-23,leave,8,0,personal,0,0
ATT007670,EMP060,2026-03-24,half_day,8,4.5,,0,0
ATT007671,EMP060,2026-03-25,absent,8,0,,0,0
ATT007672,EMP060,2026-03-26,present,8,9.0,,0,1.0
ATT007673,EMP060,2026-03-27,absent,8,0,,0,0
ATT007674,EMP060,2026-03-30,holiday,8,0,,0,0
ATT007675,EMP060,2026-03-31,present,8,8.9,,0,0.9
ATT007676,EMP060,2026-04-01,present,8,7.7,,0,0
ATT007677,EMP060,2026-04-02,leave,8,0,sick,0,0
ATT007678,EMP060,2026-04-03,present,8,8.9,,0,0.9
ATT007679,EMP060,2026-04-06,leave,8,0,sick,0,0
ATT007680,EMP060,2026-04-07,present,8,7.7,,0,0
ATT007681,EMP060,2026-04-08,leave,8,0,personal,0,0
ATT007682,EMP060,2026-04-09,present,8,9.3,,0,1.3
ATT007683,EMP060,2026-04-10,present,8,8.6,,30,0.6
ATT007684,EMP060,2026-04-13,present,8,9.0,,0,1.0
ATT007685,EMP060,2026-04-14,holiday,8,0,,0,0
ATT007686,EMP060,2026-04-15,remote,8,9.2,,10,1.2
ATT007687,EMP060,2026-04-16,leave,8,0,personal,0,0
ATT007688,EMP060,2026-04-17,present,8,9.1,,0,1.1
ATT007689,EMP060,2026-04-20,present,8,8.7,,0,0.7
ATT007690,EMP060,2026-04-21,present,8,8.0,,0,0
ATT007691,EMP060,2026-04-22,absent,8,0,,0,0
ATT007692,EMP060,2026-04-23,present,8,8.4,,0,0.4
ATT007693,EMP060,2026-04-24,leave,8,0,emergency,0,0
ATT007694,EMP060,2026-04-27,present,8,8.4,,0,0.4
ATT007695,EMP060,2026-04-28,present,8,8.1,,0,0.1
ATT007696,EMP060,2026-04-29,present,8,7.0,,0,0
ATT007697,EMP060,2026-04-30,present,8,7.6,,0,0
ATT007698,EMP060,2026-05-01,holiday,8,0,,0,0
ATT007699,EMP060,2026-05-04,present,8,8.6,,0,0.6
ATT007700,EMP060,2026-05-05,present,8,7.2,,0,0
ATT007701,EMP060,2026-05-06,present,8,7.4,,0,0
ATT007702,EMP060,2026-05-07,present,8,8.4,,0,0.4
ATT007703,EMP060,2026-05-08,leave,8,0,casual,0,0
ATT007704,EMP060,2026-05-11,present,8,8.8,,0,0.8
ATT007705,EMP060,2026-05-12,present,8,7.2,,0,0
ATT007706,EMP060,2026-05-13,present,8,7.6,,0,0
ATT007707,EMP060,2026-05-14,present,8,7.9,,0,0
ATT007708,EMP060,2026-05-15,leave,8,0,emergency,0,0
ATT007709,EMP060,2026-05-18,remote,8,7.4,,0,0
ATT007710,EMP060,2026-05-19,present,8,8.2,,0,0.2
ATT007711,EMP060,2026-05-20,present,8,8.0,,0,0
ATT007712,EMP060,2026-05-21,present,8,8.1,,0,0.1
ATT007713,EMP060,2026-05-22,remote,8,9.5,,30,1.5
ATT007714,EMP060,2026-05-25,remote,8,8.2,,0,0.2
ATT007715,EMP060,2026-05-26,present,8,8.1,,0,0.1
ATT007716,EMP060,2026-05-27,present,8,7.0,,0,0
ATT007717,EMP060,2026-05-28,remote,8,7.4,,0,0
ATT007718,EMP060,2026-05-29,present,8,7.5,,0,0
ATT007719,EMP060,2026-06-01,leave,8,0,earned,0,0
ATT007720,EMP060,2026-06-02,remote,8,7.6,,0,0
ATT007721,EMP060,2026-06-03,present,8,8.6,,0,0.6
ATT007722,EMP060,2026-06-04,present,8,9.2,,0,1.2
ATT007723,EMP060,2026-06-05,remote,8,9.0,,0,1.0
ATT007724,EMP060,2026-06-08,leave,8,0,sick,0,0
ATT007725,EMP060,2026-06-09,remote,8,8.8,,0,0.8
ATT007726,EMP060,2026-06-10,present,8,7.3,,0,0
ATT007727,EMP060,2026-06-11,absent,8,0,,0,0
ATT007728,EMP060,2026-06-12,leave,8,0,emergency,0,0
ATT007729,EMP060,2026-06-15,present,8,9.2,,0,1.2
ATT007730,EMP060,2026-06-16,absent,8,0,,0,0
ATT007731,EMP060,2026-06-17,holiday,8,0,,0,0
ATT007732,EMP060,2026-06-18,present,8,7.8,,0,0
ATT007733,EMP060,2026-06-19,present,8,9.2,,20,1.2
ATT007734,EMP060,2026-06-22,present,8,8.7,,0,0.7
ATT007735,EMP060,2026-06-23,leave,8,0,casual,0,0
ATT007736,EMP060,2026-06-24,present,8,7.5,,30,0
ATT007737,EMP060,2026-06-25,present,8,9.5,,0,1.5
ATT007738,EMP060,2026-06-26,present,8,8.5,,0,0.5
ATT007739,EMP060,2026-06-29,remote,8,8.8,,0,0.8
ATT007740,EMP060,2026-06-30,present,8,8.2,,0,0.2
ATT007741,EMP061,2026-01-01,present,8,8.9,,0,0.9
ATT007742,EMP061,2026-01-02,present,8,9.1,,10,1.1
ATT007743,EMP061,2026-01-05,remote,8,7.6,,0,0
ATT007744,EMP061,2026-01-06,present,8,8.6,,0,0.6
ATT007745,EMP061,2026-01-07,present,8,9.0,,0,1.0
ATT007746,EMP061,2026-01-08,present,8,8.2,,0,0.2
ATT007747,EMP061,2026-01-09,present,8,8.5,,0,0.5
ATT007748,EMP061,2026-01-12,leave,8,0,personal,0,0
ATT007749,EMP061,2026-01-13,present,8,8.6,,0,0.6
ATT007750,EMP061,2026-01-14,present,8,9.0,,0,1.0
ATT007751,EMP061,2026-01-15,present,8,9.4,,0,1.4
ATT007752,EMP061,2026-01-16,leave,8,0,earned,0,0
ATT007753,EMP061,2026-01-19,present,8,7.9,,0,0
ATT007754,EMP061,2026-01-20,remote,8,7.9,,0,0
ATT007755,EMP061,2026-01-21,present,8,9.1,,0,1.1
ATT007756,EMP061,2026-01-22,remote,8,7.5,,0,0
ATT007757,EMP061,2026-01-23,present,8,7.7,,0,0
ATT007758,EMP061,2026-01-26,holiday,8,0,,0,0
ATT007759,EMP061,2026-01-27,present,8,8.9,,0,0.9
ATT007760,EMP061,2026-01-28,remote,8,8.6,,0,0.6
ATT007761,EMP061,2026-01-29,present,8,7.3,,0,0
ATT007762,EMP061,2026-01-30,present,8,8.0,,0,0
ATT007763,EMP061,2026-02-02,present,8,8.6,,0,0.6
ATT007764,EMP061,2026-02-03,present,8,8.0,,0,0
ATT007765,EMP061,2026-02-04,present,8,7.2,,0,0
ATT007766,EMP061,2026-02-05,leave,8,0,casual,0,0
ATT007767,EMP061,2026-02-06,present,8,8.7,,0,0.7
ATT007768,EMP061,2026-02-09,present,8,9.4,,0,1.4
ATT007769,EMP061,2026-02-10,present,8,7.4,,0,0
ATT007770,EMP061,2026-02-11,remote,8,7.2,,0,0
ATT007771,EMP061,2026-02-12,present,8,8.3,,0,0.3
ATT007772,EMP061,2026-02-13,present,8,7.7,,0,0
ATT007773,EMP061,2026-02-16,absent,8,0,,0,0
ATT007774,EMP061,2026-02-17,remote,8,7.4,,0,0
ATT007775,EMP061,2026-02-18,present,8,9.1,,0,1.1
ATT007776,EMP061,2026-02-19,present,8,9.0,,0,1.0
ATT007777,EMP061,2026-02-20,remote,8,8.0,,0,0
ATT007778,EMP061,2026-02-23,absent,8,0,,0,0
ATT007779,EMP061,2026-02-24,remote,8,8.6,,0,0.6
ATT007780,EMP061,2026-02-25,absent,8,0,,0,0
ATT007781,EMP061,2026-02-26,remote,8,7.2,,0,0
ATT007782,EMP061,2026-02-27,present,8,9.3,,0,1.3
ATT007783,EMP061,2026-03-02,present,8,8.5,,0,0.5
ATT007784,EMP061,2026-03-03,present,8,7.1,,0,0
ATT007785,EMP061,2026-03-04,present,8,8.4,,0,0.4
ATT007786,EMP061,2026-03-05,present,8,8.0,,0,0
ATT007787,EMP061,2026-03-06,present,8,8.6,,0,0.6
ATT007788,EMP061,2026-03-09,half_day,8,4.1,,0,0
ATT007789,EMP061,2026-03-10,holiday,8,0,,0,0
ATT007790,EMP061,2026-03-11,present,8,7.8,,0,0
ATT007791,EMP061,2026-03-12,remote,8,7.3,,0,0
ATT007792,EMP061,2026-03-13,present,8,7.9,,0,0
ATT007793,EMP061,2026-03-16,leave,8,0,personal,0,0
ATT007794,EMP061,2026-03-17,leave,8,0,casual,0,0
ATT007795,EMP061,2026-03-18,half_day,8,4.4,,5,0
ATT007796,EMP061,2026-03-19,remote,8,7.5,,0,0
ATT007797,EMP061,2026-03-20,present,8,8.2,,5,0.2
ATT007798,EMP061,2026-03-23,leave,8,0,earned,0,0
ATT007799,EMP061,2026-03-24,present,8,7.0,,0,0
ATT007800,EMP061,2026-03-25,absent,8,0,,0,0
ATT007801,EMP061,2026-03-26,remote,8,8.7,,0,0.7
ATT007802,EMP061,2026-03-27,present,8,8.6,,0,0.6
ATT007803,EMP061,2026-03-30,holiday,8,0,,0,0
ATT007804,EMP061,2026-03-31,present,8,8.0,,0,0
ATT007805,EMP061,2026-04-01,present,8,7.8,,0,0
ATT007806,EMP061,2026-04-02,remote,8,7.9,,0,0
ATT007807,EMP061,2026-04-03,present,8,8.5,,0,0.5
ATT007808,EMP061,2026-04-06,present,8,8.9,,0,0.9
ATT007809,EMP061,2026-04-07,present,8,7.0,,0,0
ATT007810,EMP061,2026-04-08,remote,8,9.5,,0,1.5
ATT007811,EMP061,2026-04-09,remote,8,8.4,,0,0.4
ATT007812,EMP061,2026-04-10,present,8,8.9,,0,0.9
ATT007813,EMP061,2026-04-13,present,8,8.4,,0,0.4
ATT007814,EMP061,2026-04-14,holiday,8,0,,0,0
ATT007815,EMP061,2026-04-15,remote,8,7.7,,0,0
ATT007816,EMP061,2026-04-16,present,8,7.2,,0,0
ATT007817,EMP061,2026-04-17,present,8,9.3,,0,1.3
ATT007818,EMP061,2026-04-20,present,8,8.9,,0,0.9
ATT007819,EMP061,2026-04-21,remote,8,9.3,,0,1.3
ATT007820,EMP061,2026-04-22,remote,8,8.0,,0,0
ATT007821,EMP061,2026-04-23,remote,8,7.2,,0,0
ATT007822,EMP061,2026-04-24,present,8,7.2,,0,0
ATT007823,EMP061,2026-04-27,present,8,8.0,,0,0
ATT007824,EMP061,2026-04-28,remote,8,7.8,,0,0
ATT007825,EMP061,2026-04-29,present,8,9.3,,0,1.3
ATT007826,EMP061,2026-04-30,present,8,7.5,,0,0
ATT007827,EMP061,2026-05-01,holiday,8,0,,0,0
ATT007828,EMP061,2026-05-04,remote,8,7.2,,0,0
ATT007829,EMP061,2026-05-05,remote,8,9.3,,0,1.3
ATT007830,EMP061,2026-05-06,present,8,7.4,,0,0
ATT007831,EMP061,2026-05-07,remote,8,9.0,,0,1.0
ATT007832,EMP061,2026-05-08,remote,8,7.1,,0,0
ATT007833,EMP061,2026-05-11,present,8,7.2,,0,0
ATT007834,EMP061,2026-05-12,present,8,9.5,,0,1.5
ATT007835,EMP061,2026-05-13,remote,8,7.7,,0,0
ATT007836,EMP061,2026-05-14,half_day,8,3.9,,0,0
ATT007837,EMP061,2026-05-15,half_day,8,3.9,,10,0
ATT007838,EMP061,2026-05-18,leave,8,0,earned,0,0
ATT007839,EMP061,2026-05-19,present,8,8.8,,0,0.8
ATT007840,EMP061,2026-05-20,present,8,7.3,,0,0
ATT007841,EMP061,2026-05-21,absent,8,0,,0,0
ATT007842,EMP061,2026-05-22,remote,8,8.9,,0,0.9
ATT007843,EMP061,2026-05-25,remote,8,9.1,,0,1.1
ATT007844,EMP061,2026-05-26,present,8,8.7,,0,0.7
ATT007845,EMP061,2026-05-27,present,8,8.8,,0,0.8
ATT007846,EMP061,2026-05-28,present,8,8.2,,0,0.2
ATT007847,EMP061,2026-05-29,present,8,8.2,,0,0.2
ATT007848,EMP061,2026-06-01,remote,8,9.5,,0,1.5
ATT007849,EMP061,2026-06-02,leave,8,0,personal,0,0
ATT007850,EMP061,2026-06-03,present,8,8.3,,0,0.3
ATT007851,EMP061,2026-06-04,leave,8,0,sick,0,0
ATT007852,EMP061,2026-06-05,leave,8,0,casual,0,0
ATT007853,EMP061,2026-06-08,remote,8,8.9,,5,0.9
ATT007854,EMP061,2026-06-09,present,8,8.6,,0,0.6
ATT007855,EMP061,2026-06-10,present,8,8.3,,0,0.3
ATT007856,EMP061,2026-06-11,leave,8,0,emergency,0,0
ATT007857,EMP061,2026-06-12,remote,8,8.6,,0,0.6
ATT007858,EMP061,2026-06-15,present,8,9.4,,0,1.4
ATT007859,EMP061,2026-06-16,present,8,7.6,,0,0
ATT007860,EMP061,2026-06-17,holiday,8,0,,0,0
ATT007861,EMP061,2026-06-18,remote,8,9.1,,0,1.1
ATT007862,EMP061,2026-06-19,remote,8,7.3,,0,0
ATT007863,EMP061,2026-06-22,present,8,9.4,,0,1.4
ATT007864,EMP061,2026-06-23,present,8,8.2,,0,0.2
ATT007865,EMP061,2026-06-24,present,8,7.4,,0,0
ATT007866,EMP061,2026-06-25,present,8,8.3,,0,0.3
ATT007867,EMP061,2026-06-26,present,8,8.0,,0,0
ATT007868,EMP061,2026-06-29,remote,8,8.3,,0,0.3
ATT007869,EMP061,2026-06-30,present,8,9.0,,0,1.0
ATT007870,EMP062,2026-01-01,present,8,9.1,,0,1.1
ATT007871,EMP062,2026-01-02,remote,8,8.7,,0,0.7
ATT007872,EMP062,2026-01-05,present,8,8.8,,0,0.8
ATT007873,EMP062,2026-01-06,absent,8,0,,0,0
ATT007874,EMP062,2026-01-07,remote,8,8.7,,0,0.7
ATT007875,EMP062,2026-01-08,present,8,7.6,,0,0
ATT007876,EMP062,2026-01-09,leave,8,0,emergency,0,0
ATT007877,EMP062,2026-01-12,present,8,8.4,,0,0.4
ATT007878,EMP062,2026-01-13,present,8,7.3,,0,0
ATT007879,EMP062,2026-01-14,present,8,9.3,,15,1.3
ATT007880,EMP062,2026-01-15,leave,8,0,emergency,0,0
ATT007881,EMP062,2026-01-16,present,8,8.7,,0,0.7
ATT007882,EMP062,2026-01-19,present,8,7.8,,0,0
ATT007883,EMP062,2026-01-20,remote,8,8.5,,10,0.5
ATT007884,EMP062,2026-01-21,leave,8,0,casual,0,0
ATT007885,EMP062,2026-01-22,leave,8,0,casual,0,0
ATT007886,EMP062,2026-01-23,remote,8,8.5,,0,0.5
ATT007887,EMP062,2026-01-26,holiday,8,0,,0,0
ATT007888,EMP062,2026-01-27,present,8,7.7,,0,0
ATT007889,EMP062,2026-01-28,present,8,8.3,,0,0.3
ATT007890,EMP062,2026-01-29,present,8,7.7,,0,0
ATT007891,EMP062,2026-01-30,absent,8,0,,0,0
ATT007892,EMP062,2026-02-02,present,8,7.6,,0,0
ATT007893,EMP062,2026-02-03,present,8,7.7,,0,0
ATT007894,EMP062,2026-02-04,present,8,8.9,,0,0.9
ATT007895,EMP062,2026-02-05,present,8,7.8,,0,0
ATT007896,EMP062,2026-02-06,remote,8,7.7,,0,0
ATT007897,EMP062,2026-02-09,remote,8,7.9,,0,0
ATT007898,EMP062,2026-02-10,remote,8,8.3,,0,0.3
ATT007899,EMP062,2026-02-11,leave,8,0,earned,0,0
ATT007900,EMP062,2026-02-12,present,8,7.5,,0,0
ATT007901,EMP062,2026-02-13,present,8,7.8,,0,0
ATT007902,EMP062,2026-02-16,present,8,8.0,,0,0
ATT007903,EMP062,2026-02-17,remote,8,8.4,,0,0.4
ATT007904,EMP062,2026-02-18,remote,8,8.1,,0,0.1
ATT007905,EMP062,2026-02-19,absent,8,0,,0,0
ATT007906,EMP062,2026-02-20,leave,8,0,earned,0,0
ATT007907,EMP062,2026-02-23,present,8,9.2,,0,1.2
ATT007908,EMP062,2026-02-24,absent,8,0,,0,0
ATT007909,EMP062,2026-02-25,present,8,9.5,,5,1.5
ATT007910,EMP062,2026-02-26,remote,8,7.4,,0,0
ATT007911,EMP062,2026-02-27,present,8,9.4,,0,1.4
ATT007912,EMP062,2026-03-02,present,8,8.2,,0,0.2
ATT007913,EMP062,2026-03-03,present,8,9.4,,0,1.4
ATT007914,EMP062,2026-03-04,present,8,8.2,,0,0.2
ATT007915,EMP062,2026-03-05,remote,8,7.9,,0,0
ATT007916,EMP062,2026-03-06,present,8,7.3,,0,0
ATT007917,EMP062,2026-03-09,present,8,7.9,,0,0
ATT007918,EMP062,2026-03-10,holiday,8,0,,0,0
ATT007919,EMP062,2026-03-11,present,8,7.5,,15,0
ATT007920,EMP062,2026-03-12,present,8,8.9,,0,0.9
ATT007921,EMP062,2026-03-13,present,8,7.7,,0,0
ATT007922,EMP062,2026-03-16,present,8,7.0,,0,0
ATT007923,EMP062,2026-03-17,remote,8,7.4,,0,0
ATT007924,EMP062,2026-03-18,present,8,8.5,,0,0.5
ATT007925,EMP062,2026-03-19,present,8,9.4,,0,1.4
ATT007926,EMP062,2026-03-20,remote,8,7.8,,0,0
ATT007927,EMP062,2026-03-23,present,8,9.2,,0,1.2
ATT007928,EMP062,2026-03-24,remote,8,9.4,,0,1.4
ATT007929,EMP062,2026-03-25,remote,8,9.3,,0,1.3
ATT007930,EMP062,2026-03-26,remote,8,8.3,,0,0.3
ATT007931,EMP062,2026-03-27,remote,8,9.1,,0,1.1
ATT007932,EMP062,2026-03-30,holiday,8,0,,0,0
ATT007933,EMP062,2026-03-31,present,8,7.4,,15,0
ATT007934,EMP062,2026-04-01,absent,8,0,,0,0
ATT007935,EMP062,2026-04-02,present,8,7.3,,0,0
ATT007936,EMP062,2026-04-03,absent,8,0,,0,0
ATT007937,EMP062,2026-04-06,present,8,9.2,,0,1.2
ATT007938,EMP062,2026-04-07,leave,8,0,casual,0,0
ATT007939,EMP062,2026-04-08,present,8,8.9,,0,0.9
ATT007940,EMP062,2026-04-09,remote,8,8.8,,0,0.8
ATT007941,EMP062,2026-04-10,present,8,8.7,,0,0.7
ATT007942,EMP062,2026-04-13,present,8,8.6,,0,0.6
ATT007943,EMP062,2026-04-14,holiday,8,0,,0,0
ATT007944,EMP062,2026-04-15,present,8,8.0,,0,0
ATT007945,EMP062,2026-04-16,absent,8,0,,0,0
ATT007946,EMP062,2026-04-17,leave,8,0,sick,0,0
ATT007947,EMP062,2026-04-20,present,8,9.4,,0,1.4
ATT007948,EMP062,2026-04-21,present,8,8.9,,0,0.9
ATT007949,EMP062,2026-04-22,present,8,7.8,,0,0
ATT007950,EMP062,2026-04-23,present,8,7.0,,0,0
ATT007951,EMP062,2026-04-24,absent,8,0,,0,0
ATT007952,EMP062,2026-04-27,present,8,7.7,,0,0
ATT007953,EMP062,2026-04-28,remote,8,7.4,,0,0
ATT007954,EMP062,2026-04-29,present,8,9.1,,0,1.1
ATT007955,EMP062,2026-04-30,remote,8,8.7,,0,0.7
ATT007956,EMP062,2026-05-01,holiday,8,0,,0,0
ATT007957,EMP062,2026-05-04,present,8,9.0,,0,1.0
ATT007958,EMP062,2026-05-05,present,8,8.8,,0,0.8
ATT007959,EMP062,2026-05-06,leave,8,0,sick,0,0
ATT007960,EMP062,2026-05-07,remote,8,7.3,,0,0
ATT007961,EMP062,2026-05-08,leave,8,0,casual,0,0
ATT007962,EMP062,2026-05-11,absent,8,0,,0,0
ATT007963,EMP062,2026-05-12,absent,8,0,,0,0
ATT007964,EMP062,2026-05-13,present,8,8.3,,0,0.3
ATT007965,EMP062,2026-05-14,present,8,7.9,,0,0
ATT007966,EMP062,2026-05-15,remote,8,8.2,,0,0.2
ATT007967,EMP062,2026-05-18,present,8,9.2,,0,1.2
ATT007968,EMP062,2026-05-19,leave,8,0,personal,0,0
ATT007969,EMP062,2026-05-20,remote,8,7.2,,0,0
ATT007970,EMP062,2026-05-21,present,8,8.4,,0,0.4
ATT007971,EMP062,2026-05-22,absent,8,0,,0,0
ATT007972,EMP062,2026-05-25,present,8,7.9,,0,0
ATT007973,EMP062,2026-05-26,present,8,8.7,,0,0.7
ATT007974,EMP062,2026-05-27,remote,8,9.4,,0,1.4
ATT007975,EMP062,2026-05-28,present,8,9.5,,0,1.5
ATT007976,EMP062,2026-05-29,present,8,9.1,,0,1.1
ATT007977,EMP062,2026-06-01,present,8,9.0,,0,1.0
ATT007978,EMP062,2026-06-02,present,8,7.3,,0,0
ATT007979,EMP062,2026-06-03,present,8,7.6,,0,0
ATT007980,EMP062,2026-06-04,present,8,8.2,,0,0.2
ATT007981,EMP062,2026-06-05,present,8,8.7,,15,0.7
ATT007982,EMP062,2026-06-08,remote,8,8.2,,0,0.2
ATT007983,EMP062,2026-06-09,remote,8,7.2,,5,0
ATT007984,EMP062,2026-06-10,present,8,7.6,,0,0
ATT007985,EMP062,2026-06-11,remote,8,7.8,,0,0
ATT007986,EMP062,2026-06-12,present,8,7.1,,0,0
ATT007987,EMP062,2026-06-15,remote,8,9.2,,0,1.2
ATT007988,EMP062,2026-06-16,absent,8,0,,0,0
ATT007989,EMP062,2026-06-17,holiday,8,0,,0,0
ATT007990,EMP062,2026-06-18,present,8,7.5,,0,0
ATT007991,EMP062,2026-06-19,present,8,7.2,,0,0
ATT007992,EMP062,2026-06-22,present,8,7.7,,0,0
ATT007993,EMP062,2026-06-23,leave,8,0,emergency,0,0
ATT007994,EMP062,2026-06-24,leave,8,0,sick,0,0
ATT007995,EMP062,2026-06-25,present,8,8.0,,0,0
ATT007996,EMP062,2026-06-26,leave,8,0,earned,0,0
ATT007997,EMP062,2026-06-29,present,8,9.0,,0,1.0
ATT007998,EMP062,2026-06-30,present,8,7.8,,5,0
ATT007999,EMP063,2026-01-01,present,8,7.3,,0,0
ATT008000,EMP063,2026-01-02,remote,8,7.9,,0,0
ATT008001,EMP063,2026-01-05,present,8,7.3,,0,0
ATT008002,EMP063,2026-01-06,remote,8,7.2,,0,0
ATT008003,EMP063,2026-01-07,leave,8,0,casual,0,0
ATT008004,EMP063,2026-01-08,present,8,7.9,,0,0
ATT008005,EMP063,2026-01-09,present,8,7.7,,0,0
ATT008006,EMP063,2026-01-12,leave,8,0,earned,0,0
ATT008007,EMP063,2026-01-13,leave,8,0,personal,0,0
ATT008008,EMP063,2026-01-14,remote,8,8.1,,0,0.1
ATT008009,EMP063,2026-01-15,leave,8,0,earned,0,0
ATT008010,EMP063,2026-01-16,leave,8,0,emergency,0,0
ATT008011,EMP063,2026-01-19,present,8,7.8,,0,0
ATT008012,EMP063,2026-01-20,leave,8,0,personal,0,0
ATT008013,EMP063,2026-01-21,remote,8,9.2,,0,1.2
ATT008014,EMP063,2026-01-22,half_day,8,3.5,,0,0
ATT008015,EMP063,2026-01-23,absent,8,0,,0,0
ATT008016,EMP063,2026-01-26,holiday,8,0,,0,0
ATT008017,EMP063,2026-01-27,leave,8,0,emergency,0,0
ATT008018,EMP063,2026-01-28,present,8,8.9,,0,0.9
ATT008019,EMP063,2026-01-29,absent,8,0,,0,0
ATT008020,EMP063,2026-01-30,present,8,7.1,,0,0
ATT008021,EMP063,2026-02-02,leave,8,0,earned,0,0
ATT008022,EMP063,2026-02-03,leave,8,0,sick,0,0
ATT008023,EMP063,2026-02-04,remote,8,8.7,,0,0.7
ATT008024,EMP063,2026-02-05,absent,8,0,,0,0
ATT008025,EMP063,2026-02-06,remote,8,7.5,,0,0
ATT008026,EMP063,2026-02-09,remote,8,8.0,,0,0
ATT008027,EMP063,2026-02-10,present,8,7.3,,0,0
ATT008028,EMP063,2026-02-11,leave,8,0,emergency,0,0
ATT008029,EMP063,2026-02-12,present,8,7.1,,0,0
ATT008030,EMP063,2026-02-13,leave,8,0,emergency,0,0
ATT008031,EMP063,2026-02-16,present,8,9.0,,0,1.0
ATT008032,EMP063,2026-02-17,present,8,9.5,,0,1.5
ATT008033,EMP063,2026-02-18,leave,8,0,earned,0,0
ATT008034,EMP063,2026-02-19,leave,8,0,sick,0,0
ATT008035,EMP063,2026-02-20,remote,8,7.8,,20,0
ATT008036,EMP063,2026-02-23,leave,8,0,sick,0,0
ATT008037,EMP063,2026-02-24,remote,8,7.2,,0,0
ATT008038,EMP063,2026-02-25,leave,8,0,casual,0,0
ATT008039,EMP063,2026-02-26,remote,8,7.4,,0,0
ATT008040,EMP063,2026-02-27,present,8,7.5,,0,0
ATT008041,EMP063,2026-03-02,present,8,7.3,,0,0
ATT008042,EMP063,2026-03-03,present,8,8.1,,0,0.1
ATT008043,EMP063,2026-03-04,remote,8,8.1,,0,0.1
ATT008044,EMP063,2026-03-05,present,8,7.7,,0,0
ATT008045,EMP063,2026-03-06,remote,8,9.0,,0,1.0
ATT008046,EMP063,2026-03-09,leave,8,0,sick,0,0
ATT008047,EMP063,2026-03-10,holiday,8,0,,0,0
ATT008048,EMP063,2026-03-11,present,8,9.4,,0,1.4
ATT008049,EMP063,2026-03-12,absent,8,0,,0,0
ATT008050,EMP063,2026-03-13,remote,8,8.5,,0,0.5
ATT008051,EMP063,2026-03-16,absent,8,0,,0,0
ATT008052,EMP063,2026-03-17,present,8,7.2,,0,0
ATT008053,EMP063,2026-03-18,leave,8,0,emergency,0,0
ATT008054,EMP063,2026-03-19,present,8,8.8,,5,0.8
ATT008055,EMP063,2026-03-20,present,8,8.9,,0,0.9
ATT008056,EMP063,2026-03-23,present,8,9.4,,30,1.4
ATT008057,EMP063,2026-03-24,present,8,8.1,,0,0.1
ATT008058,EMP063,2026-03-25,absent,8,0,,0,0
ATT008059,EMP063,2026-03-26,remote,8,8.6,,0,0.6
ATT008060,EMP063,2026-03-27,present,8,7.2,,0,0
ATT008061,EMP063,2026-03-30,holiday,8,0,,0,0
ATT008062,EMP063,2026-03-31,present,8,8.6,,0,0.6
ATT008063,EMP063,2026-04-01,present,8,8.0,,0,0
ATT008064,EMP063,2026-04-02,present,8,8.8,,0,0.8
ATT008065,EMP063,2026-04-03,leave,8,0,casual,0,0
ATT008066,EMP063,2026-04-06,remote,8,8.5,,0,0.5
ATT008067,EMP063,2026-04-07,remote,8,7.9,,0,0
ATT008068,EMP063,2026-04-08,remote,8,7.4,,0,0
ATT008069,EMP063,2026-04-09,present,8,9.1,,0,1.1
ATT008070,EMP063,2026-04-10,leave,8,0,casual,0,0
ATT008071,EMP063,2026-04-13,leave,8,0,earned,0,0
ATT008072,EMP063,2026-04-14,holiday,8,0,,0,0
ATT008073,EMP063,2026-04-15,remote,8,8.7,,0,0.7
ATT008074,EMP063,2026-04-16,remote,8,8.3,,0,0.3
ATT008075,EMP063,2026-04-17,leave,8,0,emergency,0,0
ATT008076,EMP063,2026-04-20,leave,8,0,sick,0,0
ATT008077,EMP063,2026-04-21,absent,8,0,,0,0
ATT008078,EMP063,2026-04-22,remote,8,9.1,,0,1.1
ATT008079,EMP063,2026-04-23,leave,8,0,emergency,0,0
ATT008080,EMP063,2026-04-24,leave,8,0,earned,0,0
ATT008081,EMP063,2026-04-27,present,8,7.6,,15,0
ATT008082,EMP063,2026-04-28,present,8,7.6,,0,0
ATT008083,EMP063,2026-04-29,present,8,7.2,,0,0
ATT008084,EMP063,2026-04-30,leave,8,0,personal,0,0
ATT008085,EMP063,2026-05-01,holiday,8,0,,0,0
ATT008086,EMP063,2026-05-04,absent,8,0,,0,0
ATT008087,EMP063,2026-05-05,leave,8,0,sick,0,0
ATT008088,EMP063,2026-05-06,half_day,8,4.2,,0,0
ATT008089,EMP063,2026-05-07,present,8,8.3,,0,0.3
ATT008090,EMP063,2026-05-08,remote,8,7.5,,0,0
ATT008091,EMP063,2026-05-11,absent,8,0,,0,0
ATT008092,EMP063,2026-05-12,present,8,9.2,,0,1.2
ATT008093,EMP063,2026-05-13,absent,8,0,,0,0
ATT008094,EMP063,2026-05-14,remote,8,9.1,,0,1.1
ATT008095,EMP063,2026-05-15,present,8,7.7,,0,0
ATT008096,EMP063,2026-05-18,present,8,7.6,,0,0
ATT008097,EMP063,2026-05-19,absent,8,0,,0,0
ATT008098,EMP063,2026-05-20,absent,8,0,,0,0
ATT008099,EMP063,2026-05-21,absent,8,0,,0,0
ATT008100,EMP063,2026-05-22,absent,8,0,,0,0
ATT008101,EMP063,2026-05-25,present,8,9.0,,0,1.0
ATT008102,EMP063,2026-05-26,present,8,8.3,,15,0.3
ATT008103,EMP063,2026-05-27,absent,8,0,,0,0
ATT008104,EMP063,2026-05-28,present,8,7.6,,0,0
ATT008105,EMP063,2026-05-29,remote,8,7.2,,0,0
ATT008106,EMP063,2026-06-01,present,8,7.3,,0,0
ATT008107,EMP063,2026-06-02,present,8,8.2,,0,0.2
ATT008108,EMP063,2026-06-03,present,8,7.9,,0,0
ATT008109,EMP063,2026-06-04,present,8,7.1,,0,0
ATT008110,EMP063,2026-06-05,remote,8,7.9,,0,0
ATT008111,EMP063,2026-06-08,present,8,7.6,,0,0
ATT008112,EMP063,2026-06-09,remote,8,7.9,,0,0
ATT008113,EMP063,2026-06-10,present,8,8.4,,0,0.4
ATT008114,EMP063,2026-06-11,present,8,7.1,,0,0
ATT008115,EMP063,2026-06-12,remote,8,8.4,,0,0.4
ATT008116,EMP063,2026-06-15,present,8,8.1,,0,0.1
ATT008117,EMP063,2026-06-16,present,8,7.9,,0,0
ATT008118,EMP063,2026-06-17,holiday,8,0,,0,0
ATT008119,EMP063,2026-06-18,leave,8,0,emergency,0,0
ATT008120,EMP063,2026-06-19,remote,8,8.7,,0,0.7
ATT008121,EMP063,2026-06-22,present,8,7.7,,0,0
ATT008122,EMP063,2026-06-23,present,8,8.8,,0,0.8
ATT008123,EMP063,2026-06-24,leave,8,0,personal,0,0
ATT008124,EMP063,2026-06-25,present,8,7.4,,0,0
ATT008125,EMP063,2026-06-26,remote,8,9.5,,0,1.5
ATT008126,EMP063,2026-06-29,leave,8,0,sick,0,0
ATT008127,EMP063,2026-06-30,leave,8,0,personal,0,0
ATT008128,EMP064,2026-01-01,remote,8,9.5,,0,1.5
ATT008129,EMP064,2026-01-02,present,8,7.2,,0,0
ATT008130,EMP064,2026-01-05,present,8,9.0,,30,1.0
ATT008131,EMP064,2026-01-06,present,8,8.7,,0,0.7
ATT008132,EMP064,2026-01-07,present,8,9.2,,15,1.2
ATT008133,EMP064,2026-01-08,remote,8,8.1,,0,0.1
ATT008134,EMP064,2026-01-09,present,8,7.7,,0,0
ATT008135,EMP064,2026-01-12,present,8,9.0,,0,1.0
ATT008136,EMP064,2026-01-13,present,8,8.9,,0,0.9
ATT008137,EMP064,2026-01-14,remote,8,7.1,,0,0
ATT008138,EMP064,2026-01-15,present,8,7.6,,0,0
ATT008139,EMP064,2026-01-16,present,8,7.4,,0,0
ATT008140,EMP064,2026-01-19,present,8,8.9,,0,0.9
ATT008141,EMP064,2026-01-20,remote,8,8.3,,0,0.3
ATT008142,EMP064,2026-01-21,present,8,8.8,,30,0.8
ATT008143,EMP064,2026-01-22,present,8,7.9,,0,0
ATT008144,EMP064,2026-01-23,remote,8,8.9,,0,0.9
ATT008145,EMP064,2026-01-26,holiday,8,0,,0,0
ATT008146,EMP064,2026-01-27,remote,8,9.1,,0,1.1
ATT008147,EMP064,2026-01-28,present,8,9.1,,0,1.1
ATT008148,EMP064,2026-01-29,present,8,7.7,,0,0
ATT008149,EMP064,2026-01-30,remote,8,7.4,,0,0
ATT008150,EMP064,2026-02-02,remote,8,9.1,,0,1.1
ATT008151,EMP064,2026-02-03,present,8,8.8,,0,0.8
ATT008152,EMP064,2026-02-04,present,8,8.6,,10,0.6
ATT008153,EMP064,2026-02-05,present,8,8.4,,0,0.4
ATT008154,EMP064,2026-02-06,present,8,8.4,,0,0.4
ATT008155,EMP064,2026-02-09,present,8,8.7,,0,0.7
ATT008156,EMP064,2026-02-10,remote,8,7.3,,0,0
ATT008157,EMP064,2026-02-11,present,8,7.2,,0,0
ATT008158,EMP064,2026-02-12,present,8,7.9,,0,0
ATT008159,EMP064,2026-02-13,present,8,9.0,,0,1.0
ATT008160,EMP064,2026-02-16,present,8,7.1,,0,0
ATT008161,EMP064,2026-02-17,present,8,7.5,,5,0
ATT008162,EMP064,2026-02-18,present,8,8.9,,0,0.9
ATT008163,EMP064,2026-02-19,present,8,7.4,,0,0
ATT008164,EMP064,2026-02-20,remote,8,8.0,,0,0
ATT008165,EMP064,2026-02-23,present,8,7.5,,0,0
ATT008166,EMP064,2026-02-24,present,8,9.3,,0,1.3
ATT008167,EMP064,2026-02-25,present,8,8.5,,0,0.5
ATT008168,EMP064,2026-02-26,present,8,7.1,,0,0
ATT008169,EMP064,2026-02-27,present,8,7.9,,0,0
ATT008170,EMP064,2026-03-02,present,8,9.4,,0,1.4
ATT008171,EMP064,2026-03-03,present,8,9.1,,0,1.1
ATT008172,EMP064,2026-03-04,remote,8,7.2,,0,0
ATT008173,EMP064,2026-03-05,present,8,8.5,,0,0.5
ATT008174,EMP064,2026-03-06,present,8,8.3,,0,0.3
ATT008175,EMP064,2026-03-09,leave,8,0,emergency,0,0
ATT008176,EMP064,2026-03-10,holiday,8,0,,0,0
ATT008177,EMP064,2026-03-11,present,8,7.4,,0,0
ATT008178,EMP064,2026-03-12,present,8,7.3,,0,0
ATT008179,EMP064,2026-03-13,present,8,7.1,,0,0
ATT008180,EMP064,2026-03-16,present,8,8.8,,0,0.8
ATT008181,EMP064,2026-03-17,present,8,7.1,,0,0
ATT008182,EMP064,2026-03-18,present,8,9.1,,0,1.1
ATT008183,EMP064,2026-03-19,present,8,8.8,,0,0.8
ATT008184,EMP064,2026-03-20,present,8,7.4,,0,0
ATT008185,EMP064,2026-03-23,present,8,8.9,,0,0.9
ATT008186,EMP064,2026-03-24,present,8,7.7,,20,0
ATT008187,EMP064,2026-03-25,remote,8,8.6,,0,0.6
ATT008188,EMP064,2026-03-26,present,8,8.3,,0,0.3
ATT008189,EMP064,2026-03-27,remote,8,9.1,,0,1.1
ATT008190,EMP064,2026-03-30,holiday,8,0,,0,0
ATT008191,EMP064,2026-03-31,present,8,7.7,,0,0
ATT008192,EMP064,2026-04-01,remote,8,7.1,,0,0
ATT008193,EMP064,2026-04-02,present,8,9.3,,0,1.3
ATT008194,EMP064,2026-04-03,present,8,7.4,,0,0
ATT008195,EMP064,2026-04-06,present,8,7.4,,5,0
ATT008196,EMP064,2026-04-07,present,8,7.5,,0,0
ATT008197,EMP064,2026-04-08,present,8,8.6,,0,0.6
ATT008198,EMP064,2026-04-09,present,8,9.3,,0,1.3
ATT008199,EMP064,2026-04-10,present,8,7.2,,5,0
ATT008200,EMP064,2026-04-13,present,8,7.6,,0,0
ATT008201,EMP064,2026-04-14,holiday,8,0,,0,0
ATT008202,EMP064,2026-04-15,present,8,7.3,,0,0
ATT008203,EMP064,2026-04-16,present,8,9.3,,0,1.3
ATT008204,EMP064,2026-04-17,present,8,8.5,,0,0.5
ATT008205,EMP064,2026-04-20,present,8,8.1,,0,0.1
ATT008206,EMP064,2026-04-21,remote,8,7.4,,0,0
ATT008207,EMP064,2026-04-22,present,8,8.3,,0,0.3
ATT008208,EMP064,2026-04-23,present,8,9.4,,0,1.4
ATT008209,EMP064,2026-04-24,leave,8,0,personal,0,0
ATT008210,EMP064,2026-04-27,present,8,7.9,,0,0
ATT008211,EMP064,2026-04-28,remote,8,9.2,,0,1.2
ATT008212,EMP064,2026-04-29,present,8,8.7,,0,0.7
ATT008213,EMP064,2026-04-30,present,8,7.4,,0,0
ATT008214,EMP064,2026-05-01,holiday,8,0,,0,0
ATT008215,EMP064,2026-05-04,present,8,8.4,,0,0.4
ATT008216,EMP064,2026-05-05,present,8,8.5,,0,0.5
ATT008217,EMP064,2026-05-06,present,8,8.9,,0,0.9
ATT008218,EMP064,2026-05-07,present,8,8.0,,0,0
ATT008219,EMP064,2026-05-08,half_day,8,3.7,,0,0
ATT008220,EMP064,2026-05-11,present,8,9.4,,0,1.4
ATT008221,EMP064,2026-05-12,present,8,7.4,,0,0
ATT008222,EMP064,2026-05-13,half_day,8,4.4,,0,0
ATT008223,EMP064,2026-05-14,present,8,9.1,,0,1.1
ATT008224,EMP064,2026-05-15,remote,8,8.1,,0,0.1
ATT008225,EMP064,2026-05-18,present,8,7.1,,0,0
ATT008226,EMP064,2026-05-19,remote,8,8.6,,0,0.6
ATT008227,EMP064,2026-05-20,remote,8,9.4,,0,1.4
ATT008228,EMP064,2026-05-21,remote,8,8.4,,0,0.4
ATT008229,EMP064,2026-05-22,present,8,8.7,,0,0.7
ATT008230,EMP064,2026-05-25,present,8,8.0,,0,0
ATT008231,EMP064,2026-05-26,remote,8,8.2,,0,0.2
ATT008232,EMP064,2026-05-27,present,8,7.1,,0,0
ATT008233,EMP064,2026-05-28,remote,8,7.7,,0,0
ATT008234,EMP064,2026-05-29,present,8,7.7,,0,0
ATT008235,EMP064,2026-06-01,remote,8,7.7,,0,0
ATT008236,EMP064,2026-06-02,present,8,8.2,,0,0.2
ATT008237,EMP064,2026-06-03,remote,8,7.9,,0,0
ATT008238,EMP064,2026-06-04,remote,8,9.1,,0,1.1
ATT008239,EMP064,2026-06-05,remote,8,7.5,,0,0
ATT008240,EMP064,2026-06-08,present,8,8.7,,0,0.7
ATT008241,EMP064,2026-06-09,present,8,8.1,,0,0.1
ATT008242,EMP064,2026-06-10,remote,8,8.2,,0,0.2
ATT008243,EMP064,2026-06-11,present,8,7.0,,0,0
ATT008244,EMP064,2026-06-12,remote,8,8.3,,0,0.3
ATT008245,EMP064,2026-06-15,remote,8,7.3,,0,0
ATT008246,EMP064,2026-06-16,present,8,9.0,,0,1.0
ATT008247,EMP064,2026-06-17,holiday,8,0,,0,0
ATT008248,EMP064,2026-06-18,present,8,8.3,,0,0.3
ATT008249,EMP064,2026-06-19,present,8,8.2,,0,0.2
ATT008250,EMP064,2026-06-22,remote,8,9.2,,0,1.2
ATT008251,EMP064,2026-06-23,remote,8,8.6,,0,0.6
ATT008252,EMP064,2026-06-24,present,8,7.2,,0,0
ATT008253,EMP064,2026-06-25,remote,8,8.4,,0,0.4
ATT008254,EMP064,2026-06-26,present,8,7.5,,0,0
ATT008255,EMP064,2026-06-29,present,8,9.1,,0,1.1
ATT008256,EMP064,2026-06-30,present,8,8.6,,0,0.6
ATT008257,EMP065,2026-01-01,present,8,8.3,,0,0.3
ATT008258,EMP065,2026-01-02,present,8,9.2,,0,1.2
ATT008259,EMP065,2026-01-05,present,8,7.5,,0,0
ATT008260,EMP065,2026-01-06,leave,8,0,casual,0,0
ATT008261,EMP065,2026-01-07,present,8,7.5,,0,0
ATT008262,EMP065,2026-01-08,present,8,7.4,,0,0
ATT008263,EMP065,2026-01-09,remote,8,8.9,,0,0.9
ATT008264,EMP065,2026-01-12,present,8,7.1,,0,0
ATT008265,EMP065,2026-01-13,present,8,9.4,,0,1.4
ATT008266,EMP065,2026-01-14,present,8,7.4,,0,0
ATT008267,EMP065,2026-01-15,present,8,8.3,,0,0.3
ATT008268,EMP065,2026-01-16,present,8,7.9,,0,0
ATT008269,EMP065,2026-01-19,remote,8,9.1,,0,1.1
ATT008270,EMP065,2026-01-20,absent,8,0,,0,0
ATT008271,EMP065,2026-01-21,present,8,7.8,,0,0
ATT008272,EMP065,2026-01-22,present,8,9.0,,0,1.0
ATT008273,EMP065,2026-01-23,remote,8,8.3,,0,0.3
ATT008274,EMP065,2026-01-26,holiday,8,0,,0,0
ATT008275,EMP065,2026-01-27,half_day,8,3.5,,0,0
ATT008276,EMP065,2026-01-28,remote,8,8.9,,0,0.9
ATT008277,EMP065,2026-01-29,present,8,7.8,,0,0
ATT008278,EMP065,2026-01-30,present,8,7.2,,0,0
ATT008279,EMP065,2026-02-02,leave,8,0,personal,0,0
ATT008280,EMP065,2026-02-03,present,8,7.3,,0,0
ATT008281,EMP065,2026-02-04,present,8,8.0,,0,0
ATT008282,EMP065,2026-02-05,present,8,8.9,,0,0.9
ATT008283,EMP065,2026-02-06,present,8,8.6,,0,0.6
ATT008284,EMP065,2026-02-09,present,8,7.1,,0,0
ATT008285,EMP065,2026-02-10,remote,8,7.8,,20,0
ATT008286,EMP065,2026-02-11,present,8,7.7,,0,0
ATT008287,EMP065,2026-02-12,present,8,9.5,,0,1.5
ATT008288,EMP065,2026-02-13,present,8,7.0,,0,0
ATT008289,EMP065,2026-02-16,present,8,9.3,,0,1.3
ATT008290,EMP065,2026-02-17,half_day,8,4.2,,0,0
ATT008291,EMP065,2026-02-18,absent,8,0,,0,0
ATT008292,EMP065,2026-02-19,remote,8,7.4,,0,0
ATT008293,EMP065,2026-02-20,remote,8,8.1,,0,0.1
ATT008294,EMP065,2026-02-23,present,8,8.1,,0,0.1
ATT008295,EMP065,2026-02-24,leave,8,0,personal,0,0
ATT008296,EMP065,2026-02-25,remote,8,7.4,,0,0
ATT008297,EMP065,2026-02-26,present,8,9.2,,0,1.2
ATT008298,EMP065,2026-02-27,remote,8,9.4,,0,1.4
ATT008299,EMP065,2026-03-02,present,8,8.4,,0,0.4
ATT008300,EMP065,2026-03-03,remote,8,7.7,,0,0
ATT008301,EMP065,2026-03-04,remote,8,8.1,,0,0.1
ATT008302,EMP065,2026-03-05,absent,8,0,,0,0
ATT008303,EMP065,2026-03-06,remote,8,7.2,,0,0
ATT008304,EMP065,2026-03-09,present,8,7.6,,0,0
ATT008305,EMP065,2026-03-10,holiday,8,0,,0,0
ATT008306,EMP065,2026-03-11,remote,8,9.4,,0,1.4
ATT008307,EMP065,2026-03-12,present,8,9.0,,0,1.0
ATT008308,EMP065,2026-03-13,present,8,9.4,,0,1.4
ATT008309,EMP065,2026-03-16,leave,8,0,casual,0,0
ATT008310,EMP065,2026-03-17,leave,8,0,emergency,0,0
ATT008311,EMP065,2026-03-18,present,8,7.5,,0,0
ATT008312,EMP065,2026-03-19,present,8,9.5,,0,1.5
ATT008313,EMP065,2026-03-20,absent,8,0,,0,0
ATT008314,EMP065,2026-03-23,leave,8,0,casual,0,0
ATT008315,EMP065,2026-03-24,remote,8,9.4,,0,1.4
ATT008316,EMP065,2026-03-25,present,8,8.5,,0,0.5
ATT008317,EMP065,2026-03-26,present,8,7.1,,0,0
ATT008318,EMP065,2026-03-27,leave,8,0,personal,0,0
ATT008319,EMP065,2026-03-30,holiday,8,0,,0,0
ATT008320,EMP065,2026-03-31,leave,8,0,earned,0,0
ATT008321,EMP065,2026-04-01,present,8,7.5,,0,0
ATT008322,EMP065,2026-04-02,remote,8,8.0,,0,0
ATT008323,EMP065,2026-04-03,present,8,8.5,,0,0.5
ATT008324,EMP065,2026-04-06,present,8,7.9,,0,0
ATT008325,EMP065,2026-04-07,leave,8,0,emergency,0,0
ATT008326,EMP065,2026-04-08,leave,8,0,sick,0,0
ATT008327,EMP065,2026-04-09,present,8,9.5,,0,1.5
ATT008328,EMP065,2026-04-10,present,8,9.4,,0,1.4
ATT008329,EMP065,2026-04-13,absent,8,0,,0,0
ATT008330,EMP065,2026-04-14,holiday,8,0,,0,0
ATT008331,EMP065,2026-04-15,absent,8,0,,0,0
ATT008332,EMP065,2026-04-16,present,8,9.0,,0,1.0
ATT008333,EMP065,2026-04-17,remote,8,7.2,,0,0
ATT008334,EMP065,2026-04-20,absent,8,0,,0,0
ATT008335,EMP065,2026-04-21,leave,8,0,personal,0,0
ATT008336,EMP065,2026-04-22,half_day,8,4.0,,0,0
ATT008337,EMP065,2026-04-23,half_day,8,3.5,,0,0
ATT008338,EMP065,2026-04-24,present,8,9.3,,0,1.3
ATT008339,EMP065,2026-04-27,absent,8,0,,0,0
ATT008340,EMP065,2026-04-28,present,8,9.1,,0,1.1
ATT008341,EMP065,2026-04-29,absent,8,0,,0,0
ATT008342,EMP065,2026-04-30,leave,8,0,sick,0,0
ATT008343,EMP065,2026-05-01,holiday,8,0,,0,0
ATT008344,EMP065,2026-05-04,present,8,9.0,,0,1.0
ATT008345,EMP065,2026-05-05,remote,8,7.1,,0,0
ATT008346,EMP065,2026-05-06,absent,8,0,,0,0
ATT008347,EMP065,2026-05-07,present,8,8.3,,0,0.3
ATT008348,EMP065,2026-05-08,absent,8,0,,0,0
ATT008349,EMP065,2026-05-11,remote,8,7.9,,0,0
ATT008350,EMP065,2026-05-12,present,8,8.4,,0,0.4
ATT008351,EMP065,2026-05-13,present,8,8.8,,0,0.8
ATT008352,EMP065,2026-05-14,remote,8,8.9,,0,0.9
ATT008353,EMP065,2026-05-15,present,8,8.9,,0,0.9
ATT008354,EMP065,2026-05-18,leave,8,0,personal,0,0
ATT008355,EMP065,2026-05-19,present,8,8.8,,0,0.8
ATT008356,EMP065,2026-05-20,present,8,7.1,,0,0
ATT008357,EMP065,2026-05-21,present,8,7.9,,0,0
ATT008358,EMP065,2026-05-22,remote,8,7.4,,15,0
ATT008359,EMP065,2026-05-25,remote,8,8.6,,20,0.6
ATT008360,EMP065,2026-05-26,remote,8,8.2,,0,0.2
ATT008361,EMP065,2026-05-27,present,8,8.8,,20,0.8
ATT008362,EMP065,2026-05-28,present,8,7.5,,0,0
ATT008363,EMP065,2026-05-29,present,8,7.8,,0,0
ATT008364,EMP065,2026-06-01,present,8,7.5,,10,0
ATT008365,EMP065,2026-06-02,present,8,8.0,,0,0
ATT008366,EMP065,2026-06-03,remote,8,7.4,,0,0
ATT008367,EMP065,2026-06-04,leave,8,0,earned,0,0
ATT008368,EMP065,2026-06-05,absent,8,0,,0,0
ATT008369,EMP065,2026-06-08,present,8,8.4,,0,0.4
ATT008370,EMP065,2026-06-09,leave,8,0,earned,0,0
ATT008371,EMP065,2026-06-10,present,8,7.6,,0,0
ATT008372,EMP065,2026-06-11,present,8,8.9,,0,0.9
ATT008373,EMP065,2026-06-12,present,8,7.3,,0,0
ATT008374,EMP065,2026-06-15,remote,8,8.7,,0,0.7
ATT008375,EMP065,2026-06-16,remote,8,7.3,,0,0
ATT008376,EMP065,2026-06-17,holiday,8,0,,0,0
ATT008377,EMP065,2026-06-18,present,8,9.1,,15,1.1
ATT008378,EMP065,2026-06-19,half_day,8,4.1,,0,0
ATT008379,EMP065,2026-06-22,present,8,8.4,,0,0.4
ATT008380,EMP065,2026-06-23,present,8,7.9,,0,0
ATT008381,EMP065,2026-06-24,present,8,8.3,,0,0.3
ATT008382,EMP065,2026-06-25,remote,8,7.7,,0,0
ATT008383,EMP065,2026-06-26,present,8,7.9,,0,0
ATT008384,EMP065,2026-06-29,remote,8,7.4,,0,0
ATT008385,EMP065,2026-06-30,present,8,9.3,,0,1.3
ATT008386,EMP066,2026-01-01,present,8,8.5,,0,0.5
ATT008387,EMP066,2026-01-02,remote,8,9.3,,0,1.3
ATT008388,EMP066,2026-01-05,remote,8,9.3,,0,1.3
ATT008389,EMP066,2026-01-06,absent,8,0,,0,0
ATT008390,EMP066,2026-01-07,absent,8,0,,0,0
ATT008391,EMP066,2026-01-08,present,8,7.6,,0,0
ATT008392,EMP066,2026-01-09,present,8,7.3,,0,0
ATT008393,EMP066,2026-01-12,remote,8,7.7,,0,0
ATT008394,EMP066,2026-01-13,present,8,7.2,,0,0
ATT008395,EMP066,2026-01-14,remote,8,8.7,,0,0.7
ATT008396,EMP066,2026-01-15,present,8,8.2,,0,0.2
ATT008397,EMP066,2026-01-16,present,8,8.3,,0,0.3
ATT008398,EMP066,2026-01-19,present,8,9.0,,0,1.0
ATT008399,EMP066,2026-01-20,present,8,7.6,,0,0
ATT008400,EMP066,2026-01-21,present,8,8.1,,0,0.1
ATT008401,EMP066,2026-01-22,present,8,8.5,,0,0.5
ATT008402,EMP066,2026-01-23,leave,8,0,personal,0,0
ATT008403,EMP066,2026-01-26,holiday,8,0,,0,0
ATT008404,EMP066,2026-01-27,remote,8,7.1,,0,0
ATT008405,EMP066,2026-01-28,remote,8,8.0,,0,0
ATT008406,EMP066,2026-01-29,present,8,8.5,,0,0.5
ATT008407,EMP066,2026-01-30,present,8,7.4,,0,0
ATT008408,EMP066,2026-02-02,present,8,8.4,,0,0.4
ATT008409,EMP066,2026-02-03,present,8,8.3,,0,0.3
ATT008410,EMP066,2026-02-04,remote,8,9.3,,0,1.3
ATT008411,EMP066,2026-02-05,remote,8,8.7,,30,0.7
ATT008412,EMP066,2026-02-06,leave,8,0,casual,0,0
ATT008413,EMP066,2026-02-09,remote,8,9.0,,0,1.0
ATT008414,EMP066,2026-02-10,remote,8,7.0,,0,0
ATT008415,EMP066,2026-02-11,remote,8,8.2,,0,0.2
ATT008416,EMP066,2026-02-12,present,8,8.2,,0,0.2
ATT008417,EMP066,2026-02-13,remote,8,7.0,,0,0
ATT008418,EMP066,2026-02-16,present,8,7.7,,0,0
ATT008419,EMP066,2026-02-17,absent,8,0,,0,0
ATT008420,EMP066,2026-02-18,present,8,8.6,,0,0.6
ATT008421,EMP066,2026-02-19,remote,8,9.1,,0,1.1
ATT008422,EMP066,2026-02-20,remote,8,9.0,,5,1.0
ATT008423,EMP066,2026-02-23,present,8,9.1,,0,1.1
ATT008424,EMP066,2026-02-24,present,8,9.3,,0,1.3
ATT008425,EMP066,2026-02-25,half_day,8,4.4,,0,0
ATT008426,EMP066,2026-02-26,remote,8,8.5,,0,0.5
ATT008427,EMP066,2026-02-27,remote,8,8.4,,20,0.4
ATT008428,EMP066,2026-03-02,present,8,8.3,,0,0.3
ATT008429,EMP066,2026-03-03,present,8,7.8,,0,0
ATT008430,EMP066,2026-03-04,present,8,9.5,,0,1.5
ATT008431,EMP066,2026-03-05,present,8,9.4,,0,1.4
ATT008432,EMP066,2026-03-06,remote,8,9.2,,0,1.2
ATT008433,EMP066,2026-03-09,present,8,7.4,,0,0
ATT008434,EMP066,2026-03-10,holiday,8,0,,0,0
ATT008435,EMP066,2026-03-11,present,8,9.1,,0,1.1
ATT008436,EMP066,2026-03-12,present,8,7.9,,0,0
ATT008437,EMP066,2026-03-13,leave,8,0,earned,0,0
ATT008438,EMP066,2026-03-16,present,8,9.2,,0,1.2
ATT008439,EMP066,2026-03-17,remote,8,7.1,,0,0
ATT008440,EMP066,2026-03-18,present,8,7.7,,0,0
ATT008441,EMP066,2026-03-19,leave,8,0,casual,0,0
ATT008442,EMP066,2026-03-20,present,8,7.1,,0,0
ATT008443,EMP066,2026-03-23,present,8,8.5,,0,0.5
ATT008444,EMP066,2026-03-24,present,8,8.8,,0,0.8
ATT008445,EMP066,2026-03-25,present,8,8.6,,0,0.6
ATT008446,EMP066,2026-03-26,present,8,8.5,,0,0.5
ATT008447,EMP066,2026-03-27,leave,8,0,earned,0,0
ATT008448,EMP066,2026-03-30,holiday,8,0,,0,0
ATT008449,EMP066,2026-03-31,present,8,7.5,,10,0
ATT008450,EMP066,2026-04-01,half_day,8,4.2,,0,0
ATT008451,EMP066,2026-04-02,remote,8,9.1,,0,1.1
ATT008452,EMP066,2026-04-03,present,8,8.0,,0,0
ATT008453,EMP066,2026-04-06,remote,8,9.0,,0,1.0
ATT008454,EMP066,2026-04-07,present,8,7.1,,0,0
ATT008455,EMP066,2026-04-08,leave,8,0,personal,0,0
ATT008456,EMP066,2026-04-09,present,8,9.5,,0,1.5
ATT008457,EMP066,2026-04-10,remote,8,9.5,,0,1.5
ATT008458,EMP066,2026-04-13,present,8,7.8,,0,0
ATT008459,EMP066,2026-04-14,holiday,8,0,,0,0
ATT008460,EMP066,2026-04-15,absent,8,0,,0,0
ATT008461,EMP066,2026-04-16,present,8,8.5,,0,0.5
ATT008462,EMP066,2026-04-17,remote,8,9.3,,0,1.3
ATT008463,EMP066,2026-04-20,remote,8,9.2,,0,1.2
ATT008464,EMP066,2026-04-21,remote,8,9.3,,0,1.3
ATT008465,EMP066,2026-04-22,remote,8,8.0,,0,0
ATT008466,EMP066,2026-04-23,remote,8,9.3,,0,1.3
ATT008467,EMP066,2026-04-24,present,8,7.7,,0,0
ATT008468,EMP066,2026-04-27,present,8,8.3,,0,0.3
ATT008469,EMP066,2026-04-28,present,8,9.5,,0,1.5
ATT008470,EMP066,2026-04-29,leave,8,0,casual,0,0
ATT008471,EMP066,2026-04-30,present,8,8.7,,0,0.7
ATT008472,EMP066,2026-05-01,holiday,8,0,,0,0
ATT008473,EMP066,2026-05-04,present,8,7.7,,0,0
ATT008474,EMP066,2026-05-05,present,8,7.6,,0,0
ATT008475,EMP066,2026-05-06,present,8,8.0,,0,0
ATT008476,EMP066,2026-05-07,present,8,9.1,,0,1.1
ATT008477,EMP066,2026-05-08,remote,8,8.8,,0,0.8
ATT008478,EMP066,2026-05-11,leave,8,0,personal,0,0
ATT008479,EMP066,2026-05-12,remote,8,9.2,,10,1.2
ATT008480,EMP066,2026-05-13,absent,8,0,,0,0
ATT008481,EMP066,2026-05-14,present,8,9.5,,0,1.5
ATT008482,EMP066,2026-05-15,leave,8,0,casual,0,0
ATT008483,EMP066,2026-05-18,remote,8,9.1,,0,1.1
ATT008484,EMP066,2026-05-19,remote,8,8.8,,0,0.8
ATT008485,EMP066,2026-05-20,present,8,8.6,,0,0.6
ATT008486,EMP066,2026-05-21,present,8,9.1,,0,1.1
ATT008487,EMP066,2026-05-22,remote,8,7.8,,0,0
ATT008488,EMP066,2026-05-25,remote,8,7.9,,0,0
ATT008489,EMP066,2026-05-26,present,8,8.7,,0,0.7
ATT008490,EMP066,2026-05-27,present,8,7.8,,0,0
ATT008491,EMP066,2026-05-28,absent,8,0,,0,0
ATT008492,EMP066,2026-05-29,absent,8,0,,0,0
ATT008493,EMP066,2026-06-01,remote,8,9.3,,0,1.3
ATT008494,EMP066,2026-06-02,present,8,8.7,,0,0.7
ATT008495,EMP066,2026-06-03,present,8,8.7,,0,0.7
ATT008496,EMP066,2026-06-04,absent,8,0,,0,0
ATT008497,EMP066,2026-06-05,absent,8,0,,0,0
ATT008498,EMP066,2026-06-08,remote,8,7.8,,0,0
ATT008499,EMP066,2026-06-09,present,8,7.3,,0,0
ATT008500,EMP066,2026-06-10,absent,8,0,,0,0
ATT008501,EMP066,2026-06-11,remote,8,8.0,,0,0
ATT008502,EMP066,2026-06-12,leave,8,0,sick,0,0
ATT008503,EMP066,2026-06-15,present,8,7.3,,0,0
ATT008504,EMP066,2026-06-16,present,8,7.5,,0,0
ATT008505,EMP066,2026-06-17,holiday,8,0,,0,0
ATT008506,EMP066,2026-06-18,present,8,8.4,,0,0.4
ATT008507,EMP066,2026-06-19,present,8,9.3,,0,1.3
ATT008508,EMP066,2026-06-22,remote,8,7.9,,0,0
ATT008509,EMP066,2026-06-23,present,8,9.4,,0,1.4
ATT008510,EMP066,2026-06-24,present,8,8.3,,5,0.3
ATT008511,EMP066,2026-06-25,remote,8,8.9,,0,0.9
ATT008512,EMP066,2026-06-26,remote,8,8.1,,0,0.1
ATT008513,EMP066,2026-06-29,present,8,8.4,,0,0.4
ATT008514,EMP066,2026-06-30,remote,8,8.5,,0,0.5
ATT008515,EMP067,2026-01-01,leave,8,0,personal,0,0
ATT008516,EMP067,2026-01-02,present,8,8.6,,0,0.6
ATT008517,EMP067,2026-01-05,present,8,7.0,,0,0
ATT008518,EMP067,2026-01-06,remote,8,7.9,,0,0
ATT008519,EMP067,2026-01-07,present,8,9.4,,0,1.4
ATT008520,EMP067,2026-01-08,present,8,7.2,,0,0
ATT008521,EMP067,2026-01-09,present,8,8.4,,0,0.4
ATT008522,EMP067,2026-01-12,remote,8,8.3,,0,0.3
ATT008523,EMP067,2026-01-13,present,8,7.6,,0,0
ATT008524,EMP067,2026-01-14,present,8,8.7,,0,0.7
ATT008525,EMP067,2026-01-15,present,8,8.5,,0,0.5
ATT008526,EMP067,2026-01-16,remote,8,9.4,,0,1.4
ATT008527,EMP067,2026-01-19,leave,8,0,earned,0,0
ATT008528,EMP067,2026-01-20,remote,8,9.2,,0,1.2
ATT008529,EMP067,2026-01-21,present,8,7.5,,0,0
ATT008530,EMP067,2026-01-22,remote,8,7.4,,0,0
ATT008531,EMP067,2026-01-23,present,8,7.7,,0,0
ATT008532,EMP067,2026-01-26,holiday,8,0,,0,0
ATT008533,EMP067,2026-01-27,present,8,7.9,,0,0
ATT008534,EMP067,2026-01-28,present,8,7.6,,5,0
ATT008535,EMP067,2026-01-29,remote,8,7.4,,0,0
ATT008536,EMP067,2026-01-30,present,8,8.0,,0,0
ATT008537,EMP067,2026-02-02,present,8,7.5,,0,0
ATT008538,EMP067,2026-02-03,present,8,8.5,,0,0.5
ATT008539,EMP067,2026-02-04,present,8,7.7,,0,0
ATT008540,EMP067,2026-02-05,remote,8,7.6,,0,0
ATT008541,EMP067,2026-02-06,present,8,7.4,,0,0
ATT008542,EMP067,2026-02-09,present,8,8.9,,0,0.9
ATT008543,EMP067,2026-02-10,present,8,7.2,,0,0
ATT008544,EMP067,2026-02-11,present,8,7.3,,5,0
ATT008545,EMP067,2026-02-12,absent,8,0,,0,0
ATT008546,EMP067,2026-02-13,present,8,8.0,,0,0
ATT008547,EMP067,2026-02-16,present,8,8.5,,0,0.5
ATT008548,EMP067,2026-02-17,present,8,8.9,,0,0.9
ATT008549,EMP067,2026-02-18,present,8,9.2,,0,1.2
ATT008550,EMP067,2026-02-19,remote,8,9.4,,0,1.4
ATT008551,EMP067,2026-02-20,present,8,7.5,,0,0
ATT008552,EMP067,2026-02-23,remote,8,8.6,,0,0.6
ATT008553,EMP067,2026-02-24,present,8,7.6,,0,0
ATT008554,EMP067,2026-02-25,present,8,7.9,,0,0
ATT008555,EMP067,2026-02-26,present,8,8.2,,0,0.2
ATT008556,EMP067,2026-02-27,remote,8,8.5,,15,0.5
ATT008557,EMP067,2026-03-02,present,8,7.9,,0,0
ATT008558,EMP067,2026-03-03,remote,8,8.9,,0,0.9
ATT008559,EMP067,2026-03-04,remote,8,7.6,,0,0
ATT008560,EMP067,2026-03-05,present,8,7.8,,0,0
ATT008561,EMP067,2026-03-06,remote,8,7.8,,0,0
ATT008562,EMP067,2026-03-09,present,8,7.4,,0,0
ATT008563,EMP067,2026-03-10,holiday,8,0,,0,0
ATT008564,EMP067,2026-03-11,present,8,9.3,,0,1.3
ATT008565,EMP067,2026-03-12,remote,8,8.8,,0,0.8
ATT008566,EMP067,2026-03-13,present,8,7.3,,0,0
ATT008567,EMP067,2026-03-16,present,8,7.4,,0,0
ATT008568,EMP067,2026-03-17,remote,8,9.3,,0,1.3
ATT008569,EMP067,2026-03-18,present,8,8.4,,0,0.4
ATT008570,EMP067,2026-03-19,remote,8,9.0,,0,1.0
ATT008571,EMP067,2026-03-20,remote,8,7.9,,0,0
ATT008572,EMP067,2026-03-23,present,8,7.7,,0,0
ATT008573,EMP067,2026-03-24,remote,8,8.4,,0,0.4
ATT008574,EMP067,2026-03-25,present,8,8.6,,0,0.6
ATT008575,EMP067,2026-03-26,present,8,8.6,,0,0.6
ATT008576,EMP067,2026-03-27,present,8,8.7,,0,0.7
ATT008577,EMP067,2026-03-30,holiday,8,0,,0,0
ATT008578,EMP067,2026-03-31,half_day,8,4.3,,0,0
ATT008579,EMP067,2026-04-01,present,8,9.1,,0,1.1
ATT008580,EMP067,2026-04-02,present,8,8.7,,0,0.7
ATT008581,EMP067,2026-04-03,present,8,8.6,,0,0.6
ATT008582,EMP067,2026-04-06,remote,8,7.6,,0,0
ATT008583,EMP067,2026-04-07,present,8,9.5,,0,1.5
ATT008584,EMP067,2026-04-08,remote,8,8.7,,0,0.7
ATT008585,EMP067,2026-04-09,present,8,7.8,,0,0
ATT008586,EMP067,2026-04-10,present,8,9.4,,0,1.4
ATT008587,EMP067,2026-04-13,remote,8,9.4,,0,1.4
ATT008588,EMP067,2026-04-14,holiday,8,0,,0,0
ATT008589,EMP067,2026-04-15,present,8,7.2,,0,0
ATT008590,EMP067,2026-04-16,remote,8,7.3,,0,0
ATT008591,EMP067,2026-04-17,present,8,7.9,,0,0
ATT008592,EMP067,2026-04-20,remote,8,8.1,,0,0.1
ATT008593,EMP067,2026-04-21,present,8,8.6,,0,0.6
ATT008594,EMP067,2026-04-22,present,8,9.4,,0,1.4
ATT008595,EMP067,2026-04-23,present,8,8.6,,0,0.6
ATT008596,EMP067,2026-04-24,present,8,7.4,,0,0
ATT008597,EMP067,2026-04-27,remote,8,8.4,,0,0.4
ATT008598,EMP067,2026-04-28,present,8,7.9,,0,0
ATT008599,EMP067,2026-04-29,present,8,7.8,,0,0
ATT008600,EMP067,2026-04-30,present,8,9.5,,0,1.5
ATT008601,EMP067,2026-05-01,holiday,8,0,,0,0
ATT008602,EMP067,2026-05-04,remote,8,7.1,,0,0
ATT008603,EMP067,2026-05-05,present,8,7.9,,0,0
ATT008604,EMP067,2026-05-06,remote,8,8.1,,0,0.1
ATT008605,EMP067,2026-05-07,leave,8,0,sick,0,0
ATT008606,EMP067,2026-05-08,remote,8,7.5,,0,0
ATT008607,EMP067,2026-05-11,present,8,7.9,,0,0
ATT008608,EMP067,2026-05-12,remote,8,7.5,,0,0
ATT008609,EMP067,2026-05-13,remote,8,8.2,,0,0.2
ATT008610,EMP067,2026-05-14,remote,8,7.3,,0,0
ATT008611,EMP067,2026-05-15,present,8,8.8,,5,0.8
ATT008612,EMP067,2026-05-18,half_day,8,4.4,,0,0
ATT008613,EMP067,2026-05-19,present,8,7.6,,0,0
ATT008614,EMP067,2026-05-20,present,8,7.4,,0,0
ATT008615,EMP067,2026-05-21,present,8,7.8,,0,0
ATT008616,EMP067,2026-05-22,remote,8,9.0,,10,1.0
ATT008617,EMP067,2026-05-25,present,8,7.1,,0,0
ATT008618,EMP067,2026-05-26,present,8,8.5,,0,0.5
ATT008619,EMP067,2026-05-27,present,8,9.2,,0,1.2
ATT008620,EMP067,2026-05-28,present,8,9.5,,0,1.5
ATT008621,EMP067,2026-05-29,present,8,7.4,,0,0
ATT008622,EMP067,2026-06-01,present,8,9.5,,0,1.5
ATT008623,EMP067,2026-06-02,remote,8,8.2,,0,0.2
ATT008624,EMP067,2026-06-03,present,8,7.7,,0,0
ATT008625,EMP067,2026-06-04,half_day,8,4.4,,0,0
ATT008626,EMP067,2026-06-05,present,8,7.7,,0,0
ATT008627,EMP067,2026-06-08,leave,8,0,earned,0,0
ATT008628,EMP067,2026-06-09,present,8,7.4,,0,0
ATT008629,EMP067,2026-06-10,remote,8,7.7,,0,0
ATT008630,EMP067,2026-06-11,remote,8,8.2,,0,0.2
ATT008631,EMP067,2026-06-12,remote,8,8.2,,0,0.2
ATT008632,EMP067,2026-06-15,present,8,8.0,,0,0
ATT008633,EMP067,2026-06-16,present,8,8.4,,0,0.4
ATT008634,EMP067,2026-06-17,holiday,8,0,,0,0
ATT008635,EMP067,2026-06-18,absent,8,0,,0,0
ATT008636,EMP067,2026-06-19,present,8,9.2,,0,1.2
ATT008637,EMP067,2026-06-22,remote,8,9.5,,0,1.5
ATT008638,EMP067,2026-06-23,remote,8,9.2,,0,1.2
ATT008639,EMP067,2026-06-24,present,8,8.0,,0,0
ATT008640,EMP067,2026-06-25,present,8,7.6,,0,0
ATT008641,EMP067,2026-06-26,present,8,9.4,,0,1.4
ATT008642,EMP067,2026-06-29,remote,8,8.2,,0,0.2
ATT008643,EMP067,2026-06-30,present,8,8.3,,0,0.3
ATT008644,EMP068,2026-01-01,present,8,9.5,,0,1.5
ATT008645,EMP068,2026-01-02,present,8,8.9,,0,0.9
ATT008646,EMP068,2026-01-05,remote,8,9.0,,0,1.0
ATT008647,EMP068,2026-01-06,remote,8,7.4,,0,0
ATT008648,EMP068,2026-01-07,present,8,7.0,,0,0
ATT008649,EMP068,2026-01-08,remote,8,7.8,,0,0
ATT008650,EMP068,2026-01-09,present,8,9.2,,0,1.2
ATT008651,EMP068,2026-01-12,present,8,8.3,,0,0.3
ATT008652,EMP068,2026-01-13,present,8,8.7,,0,0.7
ATT008653,EMP068,2026-01-14,remote,8,7.8,,0,0
ATT008654,EMP068,2026-01-15,present,8,8.6,,0,0.6
ATT008655,EMP068,2026-01-16,remote,8,9.2,,0,1.2
ATT008656,EMP068,2026-01-19,remote,8,7.9,,0,0
ATT008657,EMP068,2026-01-20,remote,8,9.0,,0,1.0
ATT008658,EMP068,2026-01-21,remote,8,8.4,,0,0.4
ATT008659,EMP068,2026-01-22,present,8,7.2,,0,0
ATT008660,EMP068,2026-01-23,present,8,7.4,,0,0
ATT008661,EMP068,2026-01-26,holiday,8,0,,0,0
ATT008662,EMP068,2026-01-27,present,8,9.4,,0,1.4
ATT008663,EMP068,2026-01-28,present,8,7.1,,0,0
ATT008664,EMP068,2026-01-29,present,8,7.0,,0,0
ATT008665,EMP068,2026-01-30,present,8,8.0,,0,0
ATT008666,EMP068,2026-02-02,present,8,7.9,,0,0
ATT008667,EMP068,2026-02-03,present,8,7.7,,0,0
ATT008668,EMP068,2026-02-04,remote,8,7.8,,0,0
ATT008669,EMP068,2026-02-05,present,8,9.4,,0,1.4
ATT008670,EMP068,2026-02-06,present,8,7.7,,0,0
ATT008671,EMP068,2026-02-09,present,8,9.0,,0,1.0
ATT008672,EMP068,2026-02-10,present,8,9.3,,0,1.3
ATT008673,EMP068,2026-02-11,leave,8,0,earned,0,0
ATT008674,EMP068,2026-02-12,present,8,7.5,,0,0
ATT008675,EMP068,2026-02-13,leave,8,0,casual,0,0
ATT008676,EMP068,2026-02-16,present,8,8.9,,0,0.9
ATT008677,EMP068,2026-02-17,half_day,8,4.1,,30,0
ATT008678,EMP068,2026-02-18,remote,8,9.4,,0,1.4
ATT008679,EMP068,2026-02-19,present,8,8.1,,0,0.1
ATT008680,EMP068,2026-02-20,remote,8,8.3,,0,0.3
ATT008681,EMP068,2026-02-23,remote,8,7.7,,0,0
ATT008682,EMP068,2026-02-24,present,8,9.2,,0,1.2
ATT008683,EMP068,2026-02-25,present,8,7.1,,0,0
ATT008684,EMP068,2026-02-26,present,8,9.1,,0,1.1
ATT008685,EMP068,2026-02-27,present,8,8.1,,0,0.1
ATT008686,EMP068,2026-03-02,present,8,8.2,,0,0.2
ATT008687,EMP068,2026-03-03,leave,8,0,sick,0,0
ATT008688,EMP068,2026-03-04,remote,8,7.6,,20,0
ATT008689,EMP068,2026-03-05,present,8,9.1,,30,1.1
ATT008690,EMP068,2026-03-06,remote,8,8.6,,0,0.6
ATT008691,EMP068,2026-03-09,present,8,7.9,,0,0
ATT008692,EMP068,2026-03-10,holiday,8,0,,0,0
ATT008693,EMP068,2026-03-11,present,8,9.4,,0,1.4
ATT008694,EMP068,2026-03-12,half_day,8,3.5,,0,0
ATT008695,EMP068,2026-03-13,present,8,7.6,,0,0
ATT008696,EMP068,2026-03-16,present,8,8.5,,0,0.5
ATT008697,EMP068,2026-03-17,remote,8,7.8,,0,0
ATT008698,EMP068,2026-03-18,remote,8,8.2,,0,0.2
ATT008699,EMP068,2026-03-19,leave,8,0,emergency,0,0
ATT008700,EMP068,2026-03-20,present,8,9.2,,0,1.2
ATT008701,EMP068,2026-03-23,remote,8,7.8,,0,0
ATT008702,EMP068,2026-03-24,leave,8,0,sick,0,0
ATT008703,EMP068,2026-03-25,present,8,9.5,,0,1.5
ATT008704,EMP068,2026-03-26,remote,8,9.3,,0,1.3
ATT008705,EMP068,2026-03-27,absent,8,0,,0,0
ATT008706,EMP068,2026-03-30,holiday,8,0,,0,0
ATT008707,EMP068,2026-03-31,present,8,8.1,,30,0.1
ATT008708,EMP068,2026-04-01,leave,8,0,earned,0,0
ATT008709,EMP068,2026-04-02,leave,8,0,sick,0,0
ATT008710,EMP068,2026-04-03,present,8,7.1,,0,0
ATT008711,EMP068,2026-04-06,present,8,8.8,,0,0.8
ATT008712,EMP068,2026-04-07,present,8,9.2,,0,1.2
ATT008713,EMP068,2026-04-08,remote,8,7.0,,0,0
ATT008714,EMP068,2026-04-09,present,8,8.4,,20,0.4
ATT008715,EMP068,2026-04-10,present,8,8.7,,0,0.7
ATT008716,EMP068,2026-04-13,present,8,7.4,,0,0
ATT008717,EMP068,2026-04-14,holiday,8,0,,0,0
ATT008718,EMP068,2026-04-15,present,8,7.8,,0,0
ATT008719,EMP068,2026-04-16,present,8,8.2,,0,0.2
ATT008720,EMP068,2026-04-17,present,8,9.4,,0,1.4
ATT008721,EMP068,2026-04-20,present,8,7.7,,0,0
ATT008722,EMP068,2026-04-21,remote,8,8.5,,0,0.5
ATT008723,EMP068,2026-04-22,present,8,7.5,,0,0
ATT008724,EMP068,2026-04-23,present,8,8.6,,0,0.6
ATT008725,EMP068,2026-04-24,leave,8,0,personal,0,0
ATT008726,EMP068,2026-04-27,present,8,8.0,,0,0
ATT008727,EMP068,2026-04-28,present,8,7.4,,0,0
ATT008728,EMP068,2026-04-29,present,8,9.3,,0,1.3
ATT008729,EMP068,2026-04-30,present,8,9.2,,0,1.2
ATT008730,EMP068,2026-05-01,holiday,8,0,,0,0
ATT008731,EMP068,2026-05-04,remote,8,7.2,,0,0
ATT008732,EMP068,2026-05-05,remote,8,7.4,,0,0
ATT008733,EMP068,2026-05-06,remote,8,9.0,,20,1.0
ATT008734,EMP068,2026-05-07,remote,8,7.5,,0,0
ATT008735,EMP068,2026-05-08,present,8,7.5,,0,0
ATT008736,EMP068,2026-05-11,present,8,9.3,,0,1.3
ATT008737,EMP068,2026-05-12,remote,8,7.5,,0,0
ATT008738,EMP068,2026-05-13,leave,8,0,earned,0,0
ATT008739,EMP068,2026-05-14,present,8,9.3,,0,1.3
ATT008740,EMP068,2026-05-15,remote,8,9.1,,0,1.1
ATT008741,EMP068,2026-05-18,present,8,7.1,,0,0
ATT008742,EMP068,2026-05-19,absent,8,0,,0,0
ATT008743,EMP068,2026-05-20,leave,8,0,sick,0,0
ATT008744,EMP068,2026-05-21,present,8,9.4,,0,1.4
ATT008745,EMP068,2026-05-22,present,8,7.4,,0,0
ATT008746,EMP068,2026-05-25,present,8,8.6,,0,0.6
ATT008747,EMP068,2026-05-26,present,8,9.2,,0,1.2
ATT008748,EMP068,2026-05-27,present,8,9.3,,0,1.3
ATT008749,EMP068,2026-05-28,present,8,7.0,,0,0
ATT008750,EMP068,2026-05-29,present,8,8.3,,0,0.3
ATT008751,EMP068,2026-06-01,present,8,9.0,,0,1.0
ATT008752,EMP068,2026-06-02,present,8,7.4,,0,0
ATT008753,EMP068,2026-06-03,present,8,9.5,,0,1.5
ATT008754,EMP068,2026-06-04,present,8,9.0,,5,1.0
ATT008755,EMP068,2026-06-05,remote,8,7.9,,0,0
ATT008756,EMP068,2026-06-08,leave,8,0,personal,0,0
ATT008757,EMP068,2026-06-09,present,8,7.5,,0,0
ATT008758,EMP068,2026-06-10,present,8,7.3,,0,0
ATT008759,EMP068,2026-06-11,absent,8,0,,0,0
ATT008760,EMP068,2026-06-12,remote,8,7.5,,0,0
ATT008761,EMP068,2026-06-15,present,8,7.3,,0,0
ATT008762,EMP068,2026-06-16,present,8,7.5,,0,0
ATT008763,EMP068,2026-06-17,holiday,8,0,,0,0
ATT008764,EMP068,2026-06-18,present,8,9.3,,0,1.3
ATT008765,EMP068,2026-06-19,leave,8,0,personal,0,0
ATT008766,EMP068,2026-06-22,remote,8,7.0,,0,0
ATT008767,EMP068,2026-06-23,remote,8,7.7,,0,0
ATT008768,EMP068,2026-06-24,absent,8,0,,0,0
ATT008769,EMP068,2026-06-25,present,8,7.6,,0,0
ATT008770,EMP068,2026-06-26,present,8,7.9,,0,0
ATT008771,EMP068,2026-06-29,present,8,8.2,,0,0.2
ATT008772,EMP068,2026-06-30,present,8,7.8,,0,0
ATT008773,EMP069,2026-01-01,present,8,8.1,,0,0.1
ATT008774,EMP069,2026-01-02,present,8,7.9,,0,0
ATT008775,EMP069,2026-01-05,present,8,7.5,,0,0
ATT008776,EMP069,2026-01-06,present,8,7.7,,0,0
ATT008777,EMP069,2026-01-07,present,8,8.8,,0,0.8
ATT008778,EMP069,2026-01-08,present,8,8.6,,0,0.6
ATT008779,EMP069,2026-01-09,remote,8,8.0,,0,0
ATT008780,EMP069,2026-01-12,present,8,9.5,,15,1.5
ATT008781,EMP069,2026-01-13,present,8,7.1,,0,0
ATT008782,EMP069,2026-01-14,remote,8,9.5,,0,1.5
ATT008783,EMP069,2026-01-15,remote,8,7.2,,0,0
ATT008784,EMP069,2026-01-16,present,8,7.2,,0,0
ATT008785,EMP069,2026-01-19,present,8,7.7,,0,0
ATT008786,EMP069,2026-01-20,present,8,8.7,,0,0.7
ATT008787,EMP069,2026-01-21,remote,8,7.3,,0,0
ATT008788,EMP069,2026-01-22,half_day,8,3.6,,0,0
ATT008789,EMP069,2026-01-23,remote,8,9.3,,0,1.3
ATT008790,EMP069,2026-01-26,holiday,8,0,,0,0
ATT008791,EMP069,2026-01-27,present,8,7.5,,0,0
ATT008792,EMP069,2026-01-28,remote,8,7.5,,0,0
ATT008793,EMP069,2026-01-29,present,8,8.1,,0,0.1
ATT008794,EMP069,2026-01-30,remote,8,7.4,,0,0
ATT008795,EMP069,2026-02-02,present,8,9.4,,0,1.4
ATT008796,EMP069,2026-02-03,remote,8,8.8,,0,0.8
ATT008797,EMP069,2026-02-04,remote,8,8.6,,0,0.6
ATT008798,EMP069,2026-02-05,absent,8,0,,0,0
ATT008799,EMP069,2026-02-06,present,8,8.5,,0,0.5
ATT008800,EMP069,2026-02-09,half_day,8,4.0,,30,0
ATT008801,EMP069,2026-02-10,present,8,8.1,,0,0.1
ATT008802,EMP069,2026-02-11,remote,8,9.2,,10,1.2
ATT008803,EMP069,2026-02-12,remote,8,7.2,,0,0
ATT008804,EMP069,2026-02-13,present,8,9.3,,0,1.3
ATT008805,EMP069,2026-02-16,present,8,8.9,,0,0.9
ATT008806,EMP069,2026-02-17,present,8,7.7,,0,0
ATT008807,EMP069,2026-02-18,remote,8,7.7,,0,0
ATT008808,EMP069,2026-02-19,present,8,7.7,,0,0
ATT008809,EMP069,2026-02-20,remote,8,8.9,,0,0.9
ATT008810,EMP069,2026-02-23,present,8,8.8,,0,0.8
ATT008811,EMP069,2026-02-24,remote,8,8.1,,0,0.1
ATT008812,EMP069,2026-02-25,leave,8,0,sick,0,0
ATT008813,EMP069,2026-02-26,present,8,9.0,,0,1.0
ATT008814,EMP069,2026-02-27,leave,8,0,sick,0,0
ATT008815,EMP069,2026-03-02,present,8,7.3,,0,0
ATT008816,EMP069,2026-03-03,remote,8,7.9,,0,0
ATT008817,EMP069,2026-03-04,remote,8,8.4,,0,0.4
ATT008818,EMP069,2026-03-05,present,8,7.2,,30,0
ATT008819,EMP069,2026-03-06,leave,8,0,casual,0,0
ATT008820,EMP069,2026-03-09,present,8,7.2,,0,0
ATT008821,EMP069,2026-03-10,holiday,8,0,,0,0
ATT008822,EMP069,2026-03-11,present,8,9.4,,0,1.4
ATT008823,EMP069,2026-03-12,present,8,8.2,,15,0.2
ATT008824,EMP069,2026-03-13,present,8,8.1,,0,0.1
ATT008825,EMP069,2026-03-16,present,8,9.1,,0,1.1
ATT008826,EMP069,2026-03-17,present,8,8.5,,0,0.5
ATT008827,EMP069,2026-03-18,present,8,8.7,,0,0.7
ATT008828,EMP069,2026-03-19,remote,8,8.5,,20,0.5
ATT008829,EMP069,2026-03-20,present,8,8.3,,0,0.3
ATT008830,EMP069,2026-03-23,remote,8,7.3,,0,0
ATT008831,EMP069,2026-03-24,remote,8,8.8,,0,0.8
ATT008832,EMP069,2026-03-25,remote,8,7.8,,0,0
ATT008833,EMP069,2026-03-26,leave,8,0,sick,0,0
ATT008834,EMP069,2026-03-27,present,8,9.1,,0,1.1
ATT008835,EMP069,2026-03-30,holiday,8,0,,0,0
ATT008836,EMP069,2026-03-31,remote,8,9.3,,0,1.3
ATT008837,EMP069,2026-04-01,present,8,7.5,,0,0
ATT008838,EMP069,2026-04-02,present,8,8.3,,0,0.3
ATT008839,EMP069,2026-04-03,remote,8,8.5,,0,0.5
ATT008840,EMP069,2026-04-06,leave,8,0,casual,0,0
ATT008841,EMP069,2026-04-07,present,8,7.5,,0,0
ATT008842,EMP069,2026-04-08,present,8,7.3,,0,0
ATT008843,EMP069,2026-04-09,present,8,7.3,,20,0
ATT008844,EMP069,2026-04-10,remote,8,8.3,,0,0.3
ATT008845,EMP069,2026-04-13,present,8,8.8,,0,0.8
ATT008846,EMP069,2026-04-14,holiday,8,0,,0,0
ATT008847,EMP069,2026-04-15,present,8,7.8,,0,0
ATT008848,EMP069,2026-04-16,present,8,7.9,,0,0
ATT008849,EMP069,2026-04-17,remote,8,9.2,,0,1.2
ATT008850,EMP069,2026-04-20,remote,8,7.7,,0,0
ATT008851,EMP069,2026-04-21,present,8,7.8,,0,0
ATT008852,EMP069,2026-04-22,present,8,8.6,,0,0.6
ATT008853,EMP069,2026-04-23,present,8,9.2,,0,1.2
ATT008854,EMP069,2026-04-24,present,8,9.3,,0,1.3
ATT008855,EMP069,2026-04-27,remote,8,7.4,,15,0
ATT008856,EMP069,2026-04-28,present,8,8.6,,10,0.6
ATT008857,EMP069,2026-04-29,remote,8,9.3,,0,1.3
ATT008858,EMP069,2026-04-30,present,8,7.8,,0,0
ATT008859,EMP069,2026-05-01,holiday,8,0,,0,0
ATT008860,EMP069,2026-05-04,present,8,8.7,,0,0.7
ATT008861,EMP069,2026-05-05,present,8,7.9,,0,0
ATT008862,EMP069,2026-05-06,present,8,7.5,,0,0
ATT008863,EMP069,2026-05-07,present,8,8.3,,0,0.3
ATT008864,EMP069,2026-05-08,present,8,8.5,,0,0.5
ATT008865,EMP069,2026-05-11,present,8,7.4,,0,0
ATT008866,EMP069,2026-05-12,remote,8,7.2,,15,0
ATT008867,EMP069,2026-05-13,present,8,8.0,,0,0
ATT008868,EMP069,2026-05-14,present,8,7.4,,0,0
ATT008869,EMP069,2026-05-15,present,8,7.1,,0,0
ATT008870,EMP069,2026-05-18,remote,8,9.3,,20,1.3
ATT008871,EMP069,2026-05-19,remote,8,7.8,,0,0
ATT008872,EMP069,2026-05-20,present,8,9.4,,0,1.4
ATT008873,EMP069,2026-05-21,remote,8,9.4,,0,1.4
ATT008874,EMP069,2026-05-22,present,8,8.1,,0,0.1
ATT008875,EMP069,2026-05-25,present,8,9.1,,0,1.1
ATT008876,EMP069,2026-05-26,present,8,7.6,,30,0
ATT008877,EMP069,2026-05-27,present,8,8.9,,0,0.9
ATT008878,EMP069,2026-05-28,present,8,8.5,,0,0.5
ATT008879,EMP069,2026-05-29,present,8,9.4,,0,1.4
ATT008880,EMP069,2026-06-01,half_day,8,3.8,,0,0
ATT008881,EMP069,2026-06-02,present,8,8.0,,0,0
ATT008882,EMP069,2026-06-03,leave,8,0,sick,0,0
ATT008883,EMP069,2026-06-04,present,8,7.7,,0,0
ATT008884,EMP069,2026-06-05,leave,8,0,personal,0,0
ATT008885,EMP069,2026-06-08,present,8,7.8,,0,0
ATT008886,EMP069,2026-06-09,present,8,7.6,,0,0
ATT008887,EMP069,2026-06-10,present,8,7.8,,0,0
ATT008888,EMP069,2026-06-11,present,8,8.7,,0,0.7
ATT008889,EMP069,2026-06-12,present,8,7.6,,0,0
ATT008890,EMP069,2026-06-15,remote,8,9.0,,0,1.0
ATT008891,EMP069,2026-06-16,present,8,8.8,,0,0.8
ATT008892,EMP069,2026-06-17,holiday,8,0,,0,0
ATT008893,EMP069,2026-06-18,present,8,9.2,,0,1.2
ATT008894,EMP069,2026-06-19,absent,8,0,,0,0
ATT008895,EMP069,2026-06-22,remote,8,8.6,,0,0.6
ATT008896,EMP069,2026-06-23,present,8,8.8,,0,0.8
ATT008897,EMP069,2026-06-24,present,8,7.3,,0,0
ATT008898,EMP069,2026-06-25,present,8,8.6,,0,0.6
ATT008899,EMP069,2026-06-26,leave,8,0,personal,0,0
ATT008900,EMP069,2026-06-29,leave,8,0,earned,0,0
ATT008901,EMP069,2026-06-30,leave,8,0,earned,0,0
ATT008902,EMP070,2026-01-01,present,8,9.0,,30,1.0
ATT008903,EMP070,2026-01-02,present,8,7.3,,0,0
ATT008904,EMP070,2026-01-05,present,8,7.3,,0,0
ATT008905,EMP070,2026-01-06,leave,8,0,earned,0,0
ATT008906,EMP070,2026-01-07,remote,8,7.2,,10,0
ATT008907,EMP070,2026-01-08,remote,8,8.1,,0,0.1
ATT008908,EMP070,2026-01-09,present,8,8.2,,0,0.2
ATT008909,EMP070,2026-01-12,present,8,7.0,,0,0
ATT008910,EMP070,2026-01-13,present,8,7.8,,0,0
ATT008911,EMP070,2026-01-14,half_day,8,4.4,,0,0
ATT008912,EMP070,2026-01-15,present,8,9.0,,0,1.0
ATT008913,EMP070,2026-01-16,present,8,8.2,,0,0.2
ATT008914,EMP070,2026-01-19,present,8,7.9,,5,0
ATT008915,EMP070,2026-01-20,remote,8,7.6,,0,0
ATT008916,EMP070,2026-01-21,present,8,8.6,,0,0.6
ATT008917,EMP070,2026-01-22,remote,8,7.6,,0,0
ATT008918,EMP070,2026-01-23,leave,8,0,personal,0,0
ATT008919,EMP070,2026-01-26,holiday,8,0,,0,0
ATT008920,EMP070,2026-01-27,remote,8,9.3,,0,1.3
ATT008921,EMP070,2026-01-28,present,8,8.3,,0,0.3
ATT008922,EMP070,2026-01-29,present,8,8.6,,0,0.6
ATT008923,EMP070,2026-01-30,present,8,9.1,,0,1.1
ATT008924,EMP070,2026-02-02,remote,8,8.7,,0,0.7
ATT008925,EMP070,2026-02-03,remote,8,8.7,,0,0.7
ATT008926,EMP070,2026-02-04,remote,8,9.4,,20,1.4
ATT008927,EMP070,2026-02-05,leave,8,0,sick,0,0
ATT008928,EMP070,2026-02-06,remote,8,7.8,,0,0
ATT008929,EMP070,2026-02-09,present,8,8.5,,0,0.5
ATT008930,EMP070,2026-02-10,present,8,7.9,,15,0
ATT008931,EMP070,2026-02-11,present,8,7.7,,0,0
ATT008932,EMP070,2026-02-12,remote,8,8.9,,0,0.9
ATT008933,EMP070,2026-02-13,present,8,8.3,,0,0.3
ATT008934,EMP070,2026-02-16,present,8,8.9,,0,0.9
ATT008935,EMP070,2026-02-17,present,8,7.2,,0,0
ATT008936,EMP070,2026-02-18,present,8,8.4,,0,0.4
ATT008937,EMP070,2026-02-19,present,8,9.1,,0,1.1
ATT008938,EMP070,2026-02-20,present,8,9.2,,0,1.2
ATT008939,EMP070,2026-02-23,absent,8,0,,0,0
ATT008940,EMP070,2026-02-24,leave,8,0,earned,0,0
ATT008941,EMP070,2026-02-25,present,8,7.6,,0,0
ATT008942,EMP070,2026-02-26,present,8,9.5,,0,1.5
ATT008943,EMP070,2026-02-27,present,8,8.9,,0,0.9
ATT008944,EMP070,2026-03-02,remote,8,9.2,,0,1.2
ATT008945,EMP070,2026-03-03,present,8,7.1,,0,0
ATT008946,EMP070,2026-03-04,leave,8,0,sick,0,0
ATT008947,EMP070,2026-03-05,present,8,8.5,,0,0.5
ATT008948,EMP070,2026-03-06,present,8,9.4,,0,1.4
ATT008949,EMP070,2026-03-09,present,8,8.1,,0,0.1
ATT008950,EMP070,2026-03-10,holiday,8,0,,0,0
ATT008951,EMP070,2026-03-11,present,8,8.2,,0,0.2
ATT008952,EMP070,2026-03-12,remote,8,7.7,,0,0
ATT008953,EMP070,2026-03-13,leave,8,0,earned,0,0
ATT008954,EMP070,2026-03-16,remote,8,7.2,,0,0
ATT008955,EMP070,2026-03-17,absent,8,0,,0,0
ATT008956,EMP070,2026-03-18,present,8,7.9,,30,0
ATT008957,EMP070,2026-03-19,present,8,9.3,,0,1.3
ATT008958,EMP070,2026-03-20,present,8,8.2,,10,0.2
ATT008959,EMP070,2026-03-23,present,8,8.9,,0,0.9
ATT008960,EMP070,2026-03-24,present,8,8.0,,0,0
ATT008961,EMP070,2026-03-25,present,8,9.3,,0,1.3
ATT008962,EMP070,2026-03-26,present,8,7.2,,0,0
ATT008963,EMP070,2026-03-27,remote,8,7.5,,30,0
ATT008964,EMP070,2026-03-30,holiday,8,0,,0,0
ATT008965,EMP070,2026-03-31,remote,8,7.3,,0,0
ATT008966,EMP070,2026-04-01,half_day,8,4.4,,0,0
ATT008967,EMP070,2026-04-02,absent,8,0,,0,0
ATT008968,EMP070,2026-04-03,present,8,9.3,,0,1.3
ATT008969,EMP070,2026-04-06,present,8,8.4,,0,0.4
ATT008970,EMP070,2026-04-07,present,8,8.1,,0,0.1
ATT008971,EMP070,2026-04-08,present,8,8.4,,0,0.4
ATT008972,EMP070,2026-04-09,present,8,9.4,,0,1.4
ATT008973,EMP070,2026-04-10,present,8,9.4,,0,1.4
ATT008974,EMP070,2026-04-13,present,8,7.6,,0,0
ATT008975,EMP070,2026-04-14,holiday,8,0,,0,0
ATT008976,EMP070,2026-04-15,present,8,8.7,,0,0.7
ATT008977,EMP070,2026-04-16,present,8,8.9,,0,0.9
ATT008978,EMP070,2026-04-17,present,8,8.6,,0,0.6
ATT008979,EMP070,2026-04-20,remote,8,8.2,,20,0.2
ATT008980,EMP070,2026-04-21,half_day,8,4.5,,0,0
ATT008981,EMP070,2026-04-22,present,8,8.0,,0,0
ATT008982,EMP070,2026-04-23,remote,8,7.5,,0,0
ATT008983,EMP070,2026-04-24,remote,8,8.8,,0,0.8
ATT008984,EMP070,2026-04-27,present,8,9.0,,0,1.0
ATT008985,EMP070,2026-04-28,present,8,9.2,,0,1.2
ATT008986,EMP070,2026-04-29,present,8,8.1,,0,0.1
ATT008987,EMP070,2026-04-30,present,8,7.2,,0,0
ATT008988,EMP070,2026-05-01,holiday,8,0,,0,0
ATT008989,EMP070,2026-05-04,present,8,9.2,,0,1.2
ATT008990,EMP070,2026-05-05,present,8,8.9,,0,0.9
ATT008991,EMP070,2026-05-06,half_day,8,4.1,,0,0
ATT008992,EMP070,2026-05-07,half_day,8,3.7,,0,0
ATT008993,EMP070,2026-05-08,present,8,8.8,,0,0.8
ATT008994,EMP070,2026-05-11,half_day,8,4.3,,0,0
ATT008995,EMP070,2026-05-12,leave,8,0,earned,0,0
ATT008996,EMP070,2026-05-13,present,8,9.0,,0,1.0
ATT008997,EMP070,2026-05-14,present,8,9.1,,0,1.1
ATT008998,EMP070,2026-05-15,present,8,8.0,,0,0
ATT008999,EMP070,2026-05-18,present,8,8.6,,0,0.6
ATT009000,EMP070,2026-05-19,remote,8,7.8,,0,0
ATT009001,EMP070,2026-05-20,remote,8,8.4,,0,0.4
ATT009002,EMP070,2026-05-21,present,8,7.8,,0,0
ATT009003,EMP070,2026-05-22,present,8,8.0,,0,0
ATT009004,EMP070,2026-05-25,present,8,8.5,,0,0.5
ATT009005,EMP070,2026-05-26,present,8,9.1,,0,1.1
ATT009006,EMP070,2026-05-27,present,8,7.2,,0,0
ATT009007,EMP070,2026-05-28,present,8,7.8,,0,0
ATT009008,EMP070,2026-05-29,remote,8,8.3,,0,0.3
ATT009009,EMP070,2026-06-01,remote,8,8.1,,0,0.1
ATT009010,EMP070,2026-06-02,present,8,9.1,,0,1.1
ATT009011,EMP070,2026-06-03,present,8,8.6,,0,0.6
ATT009012,EMP070,2026-06-04,present,8,8.3,,0,0.3
ATT009013,EMP070,2026-06-05,present,8,8.5,,30,0.5
ATT009014,EMP070,2026-06-08,present,8,7.8,,0,0
ATT009015,EMP070,2026-06-09,present,8,9.0,,0,1.0
ATT009016,EMP070,2026-06-10,present,8,9.3,,0,1.3
ATT009017,EMP070,2026-06-11,remote,8,8.7,,0,0.7
ATT009018,EMP070,2026-06-12,present,8,7.6,,0,0
ATT009019,EMP070,2026-06-15,present,8,7.3,,10,0
ATT009020,EMP070,2026-06-16,present,8,9.4,,0,1.4
ATT009021,EMP070,2026-06-17,holiday,8,0,,0,0
ATT009022,EMP070,2026-06-18,present,8,7.2,,0,0
ATT009023,EMP070,2026-06-19,remote,8,8.1,,0,0.1
ATT009024,EMP070,2026-06-22,remote,8,9.3,,0,1.3
ATT009025,EMP070,2026-06-23,present,8,8.3,,0,0.3
ATT009026,EMP070,2026-06-24,remote,8,7.0,,0,0
ATT009027,EMP070,2026-06-25,present,8,8.4,,0,0.4
ATT009028,EMP070,2026-06-26,present,8,9.1,,0,1.1
ATT009029,EMP070,2026-06-29,remote,8,7.3,,0,0
ATT009030,EMP070,2026-06-30,leave,8,0,casual,0,0
ATT009031,EMP071,2026-01-01,present,8,8.1,,0,0.1
ATT009032,EMP071,2026-01-02,present,8,9.3,,0,1.3
ATT009033,EMP071,2026-01-05,present,8,7.1,,0,0
ATT009034,EMP071,2026-01-06,present,8,7.0,,0,0
ATT009035,EMP071,2026-01-07,present,8,7.7,,0,0
ATT009036,EMP071,2026-01-08,leave,8,0,casual,0,0
ATT009037,EMP071,2026-01-09,leave,8,0,earned,0,0
ATT009038,EMP071,2026-01-12,remote,8,8.2,,0,0.2
ATT009039,EMP071,2026-01-13,present,8,7.1,,0,0
ATT009040,EMP071,2026-01-14,present,8,7.4,,0,0
ATT009041,EMP071,2026-01-15,present,8,9.4,,0,1.4
ATT009042,EMP071,2026-01-16,present,8,8.2,,0,0.2
ATT009043,EMP071,2026-01-19,present,8,8.2,,0,0.2
ATT009044,EMP071,2026-01-20,leave,8,0,earned,0,0
ATT009045,EMP071,2026-01-21,present,8,9.4,,0,1.4
ATT009046,EMP071,2026-01-22,absent,8,0,,0,0
ATT009047,EMP071,2026-01-23,remote,8,7.1,,0,0
ATT009048,EMP071,2026-01-26,holiday,8,0,,0,0
ATT009049,EMP071,2026-01-27,half_day,8,3.7,,0,0
ATT009050,EMP071,2026-01-28,present,8,7.8,,0,0
ATT009051,EMP071,2026-01-29,remote,8,8.4,,0,0.4
ATT009052,EMP071,2026-01-30,present,8,9.3,,0,1.3
ATT009053,EMP071,2026-02-02,present,8,8.6,,0,0.6
ATT009054,EMP071,2026-02-03,present,8,7.4,,0,0
ATT009055,EMP071,2026-02-04,present,8,7.3,,0,0
ATT009056,EMP071,2026-02-05,remote,8,7.1,,0,0
ATT009057,EMP071,2026-02-06,remote,8,8.6,,0,0.6
ATT009058,EMP071,2026-02-09,remote,8,9.3,,0,1.3
ATT009059,EMP071,2026-02-10,remote,8,9.5,,0,1.5
ATT009060,EMP071,2026-02-11,remote,8,9.1,,0,1.1
ATT009061,EMP071,2026-02-12,present,8,8.6,,0,0.6
ATT009062,EMP071,2026-02-13,present,8,8.6,,0,0.6
ATT009063,EMP071,2026-02-16,remote,8,8.4,,0,0.4
ATT009064,EMP071,2026-02-17,present,8,9.1,,0,1.1
ATT009065,EMP071,2026-02-18,present,8,8.0,,0,0
ATT009066,EMP071,2026-02-19,present,8,8.1,,0,0.1
ATT009067,EMP071,2026-02-20,present,8,7.9,,0,0
ATT009068,EMP071,2026-02-23,present,8,8.8,,0,0.8
ATT009069,EMP071,2026-02-24,remote,8,7.7,,0,0
ATT009070,EMP071,2026-02-25,present,8,8.5,,0,0.5
ATT009071,EMP071,2026-02-26,present,8,8.9,,0,0.9
ATT009072,EMP071,2026-02-27,present,8,9.4,,0,1.4
ATT009073,EMP071,2026-03-02,present,8,8.6,,0,0.6
ATT009074,EMP071,2026-03-03,present,8,8.2,,0,0.2
ATT009075,EMP071,2026-03-04,remote,8,7.0,,30,0
ATT009076,EMP071,2026-03-05,leave,8,0,earned,0,0
ATT009077,EMP071,2026-03-06,present,8,9.5,,0,1.5
ATT009078,EMP071,2026-03-09,present,8,7.6,,0,0
ATT009079,EMP071,2026-03-10,holiday,8,0,,0,0
ATT009080,EMP071,2026-03-11,present,8,8.3,,10,0.3
ATT009081,EMP071,2026-03-12,present,8,7.4,,0,0
ATT009082,EMP071,2026-03-13,absent,8,0,,0,0
ATT009083,EMP071,2026-03-16,present,8,7.3,,0,0
ATT009084,EMP071,2026-03-17,remote,8,7.6,,0,0
ATT009085,EMP071,2026-03-18,present,8,8.6,,0,0.6
ATT009086,EMP071,2026-03-19,remote,8,7.6,,0,0
ATT009087,EMP071,2026-03-20,present,8,7.8,,0,0
ATT009088,EMP071,2026-03-23,present,8,7.7,,0,0
ATT009089,EMP071,2026-03-24,remote,8,7.1,,0,0
ATT009090,EMP071,2026-03-25,present,8,8.0,,0,0
ATT009091,EMP071,2026-03-26,present,8,7.1,,0,0
ATT009092,EMP071,2026-03-27,remote,8,8.7,,0,0.7
ATT009093,EMP071,2026-03-30,holiday,8,0,,0,0
ATT009094,EMP071,2026-03-31,remote,8,7.4,,0,0
ATT009095,EMP071,2026-04-01,present,8,8.0,,0,0
ATT009096,EMP071,2026-04-02,present,8,8.9,,0,0.9
ATT009097,EMP071,2026-04-03,present,8,8.2,,0,0.2
ATT009098,EMP071,2026-04-06,remote,8,9.3,,0,1.3
ATT009099,EMP071,2026-04-07,present,8,8.5,,0,0.5
ATT009100,EMP071,2026-04-08,absent,8,0,,0,0
ATT009101,EMP071,2026-04-09,present,8,8.0,,0,0
ATT009102,EMP071,2026-04-10,present,8,9.4,,0,1.4
ATT009103,EMP071,2026-04-13,present,8,7.1,,0,0
ATT009104,EMP071,2026-04-14,holiday,8,0,,0,0
ATT009105,EMP071,2026-04-15,leave,8,0,emergency,0,0
ATT009106,EMP071,2026-04-16,remote,8,9.3,,0,1.3
ATT009107,EMP071,2026-04-17,absent,8,0,,0,0
ATT009108,EMP071,2026-04-20,present,8,7.0,,0,0
ATT009109,EMP071,2026-04-21,present,8,8.1,,0,0.1
ATT009110,EMP071,2026-04-22,present,8,7.4,,0,0
ATT009111,EMP071,2026-04-23,present,8,8.4,,0,0.4
ATT009112,EMP071,2026-04-24,present,8,7.9,,0,0
ATT009113,EMP071,2026-04-27,present,8,8.0,,0,0
ATT009114,EMP071,2026-04-28,present,8,7.8,,0,0
ATT009115,EMP071,2026-04-29,present,8,7.8,,0,0
ATT009116,EMP071,2026-04-30,present,8,7.5,,0,0
ATT009117,EMP071,2026-05-01,holiday,8,0,,0,0
ATT009118,EMP071,2026-05-04,present,8,7.9,,0,0
ATT009119,EMP071,2026-05-05,remote,8,7.6,,0,0
ATT009120,EMP071,2026-05-06,present,8,7.2,,5,0
ATT009121,EMP071,2026-05-07,present,8,7.3,,0,0
ATT009122,EMP071,2026-05-08,remote,8,9.1,,0,1.1
ATT009123,EMP071,2026-05-11,remote,8,7.8,,0,0
ATT009124,EMP071,2026-05-12,present,8,7.1,,0,0
ATT009125,EMP071,2026-05-13,present,8,7.4,,0,0
ATT009126,EMP071,2026-05-14,present,8,9.5,,0,1.5
ATT009127,EMP071,2026-05-15,remote,8,8.6,,0,0.6
ATT009128,EMP071,2026-05-18,leave,8,0,personal,0,0
ATT009129,EMP071,2026-05-19,absent,8,0,,0,0
ATT009130,EMP071,2026-05-20,present,8,7.5,,0,0
ATT009131,EMP071,2026-05-21,present,8,8.8,,0,0.8
ATT009132,EMP071,2026-05-22,present,8,7.3,,0,0
ATT009133,EMP071,2026-05-25,present,8,9.2,,0,1.2
ATT009134,EMP071,2026-05-26,leave,8,0,casual,0,0
ATT009135,EMP071,2026-05-27,present,8,7.4,,0,0
ATT009136,EMP071,2026-05-28,leave,8,0,casual,0,0
ATT009137,EMP071,2026-05-29,absent,8,0,,0,0
ATT009138,EMP071,2026-06-01,remote,8,7.3,,0,0
ATT009139,EMP071,2026-06-02,remote,8,8.1,,0,0.1
ATT009140,EMP071,2026-06-03,present,8,8.6,,0,0.6
ATT009141,EMP071,2026-06-04,leave,8,0,emergency,0,0
ATT009142,EMP071,2026-06-05,present,8,8.3,,0,0.3
ATT009143,EMP071,2026-06-08,remote,8,7.3,,0,0
ATT009144,EMP071,2026-06-09,present,8,7.0,,5,0
ATT009145,EMP071,2026-06-10,present,8,7.1,,0,0
ATT009146,EMP071,2026-06-11,present,8,9.2,,0,1.2
ATT009147,EMP071,2026-06-12,present,8,7.9,,0,0
ATT009148,EMP071,2026-06-15,present,8,7.8,,0,0
ATT009149,EMP071,2026-06-16,remote,8,8.9,,0,0.9
ATT009150,EMP071,2026-06-17,holiday,8,0,,0,0
ATT009151,EMP071,2026-06-18,half_day,8,4.4,,0,0
ATT009152,EMP071,2026-06-19,remote,8,7.5,,0,0
ATT009153,EMP071,2026-06-22,leave,8,0,earned,0,0
ATT009154,EMP071,2026-06-23,remote,8,8.5,,0,0.5
ATT009155,EMP071,2026-06-24,present,8,8.5,,0,0.5
ATT009156,EMP071,2026-06-25,present,8,7.7,,0,0
ATT009157,EMP071,2026-06-26,present,8,7.6,,0,0
ATT009158,EMP071,2026-06-29,present,8,9.5,,0,1.5
ATT009159,EMP071,2026-06-30,remote,8,8.1,,0,0.1
ATT009160,EMP072,2026-01-01,remote,8,8.4,,20,0.4
ATT009161,EMP072,2026-01-02,remote,8,8.4,,0,0.4
ATT009162,EMP072,2026-01-05,remote,8,8.1,,0,0.1
ATT009163,EMP072,2026-01-06,present,8,8.9,,30,0.9
ATT009164,EMP072,2026-01-07,half_day,8,3.5,,10,0
ATT009165,EMP072,2026-01-08,present,8,8.6,,0,0.6
ATT009166,EMP072,2026-01-09,remote,8,7.8,,0,0
ATT009167,EMP072,2026-01-12,remote,8,7.9,,0,0
ATT009168,EMP072,2026-01-13,remote,8,9.4,,0,1.4
ATT009169,EMP072,2026-01-14,present,8,8.5,,0,0.5
ATT009170,EMP072,2026-01-15,present,8,8.6,,0,0.6
ATT009171,EMP072,2026-01-16,present,8,9.4,,0,1.4
ATT009172,EMP072,2026-01-19,remote,8,8.1,,0,0.1
ATT009173,EMP072,2026-01-20,remote,8,7.7,,0,0
ATT009174,EMP072,2026-01-21,present,8,8.2,,0,0.2
ATT009175,EMP072,2026-01-22,remote,8,8.7,,0,0.7
ATT009176,EMP072,2026-01-23,present,8,9.1,,0,1.1
ATT009177,EMP072,2026-01-26,holiday,8,0,,0,0
ATT009178,EMP072,2026-01-27,present,8,8.1,,0,0.1
ATT009179,EMP072,2026-01-28,remote,8,7.5,,0,0
ATT009180,EMP072,2026-01-29,present,8,8.8,,0,0.8
ATT009181,EMP072,2026-01-30,present,8,7.5,,0,0
ATT009182,EMP072,2026-02-02,present,8,7.1,,0,0
ATT009183,EMP072,2026-02-03,remote,8,8.5,,0,0.5
ATT009184,EMP072,2026-02-04,remote,8,7.3,,0,0
ATT009185,EMP072,2026-02-05,half_day,8,4.3,,0,0
ATT009186,EMP072,2026-02-06,present,8,7.2,,0,0
ATT009187,EMP072,2026-02-09,remote,8,8.7,,0,0.7
ATT009188,EMP072,2026-02-10,present,8,9.4,,0,1.4
ATT009189,EMP072,2026-02-11,remote,8,8.2,,0,0.2
ATT009190,EMP072,2026-02-12,present,8,7.7,,0,0
ATT009191,EMP072,2026-02-13,present,8,8.8,,0,0.8
ATT009192,EMP072,2026-02-16,present,8,7.5,,0,0
ATT009193,EMP072,2026-02-17,remote,8,8.7,,0,0.7
ATT009194,EMP072,2026-02-18,present,8,9.0,,0,1.0
ATT009195,EMP072,2026-02-19,remote,8,8.9,,0,0.9
ATT009196,EMP072,2026-02-20,present,8,8.1,,0,0.1
ATT009197,EMP072,2026-02-23,present,8,7.4,,0,0
ATT009198,EMP072,2026-02-24,present,8,8.3,,0,0.3
ATT009199,EMP072,2026-02-25,present,8,7.7,,0,0
ATT009200,EMP072,2026-02-26,present,8,7.8,,0,0
ATT009201,EMP072,2026-02-27,present,8,8.3,,0,0.3
ATT009202,EMP072,2026-03-02,present,8,9.1,,0,1.1
ATT009203,EMP072,2026-03-03,present,8,8.1,,0,0.1
ATT009204,EMP072,2026-03-04,present,8,7.8,,20,0
ATT009205,EMP072,2026-03-05,present,8,7.8,,0,0
ATT009206,EMP072,2026-03-06,remote,8,9.3,,0,1.3
ATT009207,EMP072,2026-03-09,remote,8,8.2,,0,0.2
ATT009208,EMP072,2026-03-10,holiday,8,0,,0,0
ATT009209,EMP072,2026-03-11,present,8,7.2,,0,0
ATT009210,EMP072,2026-03-12,present,8,8.8,,0,0.8
ATT009211,EMP072,2026-03-13,present,8,7.2,,0,0
ATT009212,EMP072,2026-03-16,present,8,7.3,,0,0
ATT009213,EMP072,2026-03-17,present,8,7.1,,0,0
ATT009214,EMP072,2026-03-18,present,8,9.0,,0,1.0
ATT009215,EMP072,2026-03-19,present,8,8.5,,0,0.5
ATT009216,EMP072,2026-03-20,present,8,9.3,,0,1.3
ATT009217,EMP072,2026-03-23,present,8,7.7,,0,0
ATT009218,EMP072,2026-03-24,remote,8,9.5,,0,1.5
ATT009219,EMP072,2026-03-25,present,8,8.2,,0,0.2
ATT009220,EMP072,2026-03-26,present,8,9.4,,10,1.4
ATT009221,EMP072,2026-03-27,present,8,8.4,,0,0.4
ATT009222,EMP072,2026-03-30,holiday,8,0,,0,0
ATT009223,EMP072,2026-03-31,present,8,7.4,,0,0
ATT009224,EMP072,2026-04-01,present,8,7.6,,0,0
ATT009225,EMP072,2026-04-02,present,8,8.4,,0,0.4
ATT009226,EMP072,2026-04-03,remote,8,9.1,,30,1.1
ATT009227,EMP072,2026-04-06,remote,8,9.0,,0,1.0
ATT009228,EMP072,2026-04-07,present,8,9.2,,0,1.2
ATT009229,EMP072,2026-04-08,present,8,8.2,,0,0.2
ATT009230,EMP072,2026-04-09,present,8,8.0,,20,0
ATT009231,EMP072,2026-04-10,present,8,8.0,,0,0
ATT009232,EMP072,2026-04-13,present,8,7.7,,0,0
ATT009233,EMP072,2026-04-14,holiday,8,0,,0,0
ATT009234,EMP072,2026-04-15,remote,8,9.4,,0,1.4
ATT009235,EMP072,2026-04-16,remote,8,7.6,,0,0
ATT009236,EMP072,2026-04-17,present,8,7.6,,0,0
ATT009237,EMP072,2026-04-20,remote,8,7.3,,0,0
ATT009238,EMP072,2026-04-21,remote,8,8.5,,0,0.5
ATT009239,EMP072,2026-04-22,present,8,8.1,,0,0.1
ATT009240,EMP072,2026-04-23,present,8,7.2,,0,0
ATT009241,EMP072,2026-04-24,remote,8,7.8,,0,0
ATT009242,EMP072,2026-04-27,present,8,8.1,,0,0.1
ATT009243,EMP072,2026-04-28,remote,8,8.0,,0,0
ATT009244,EMP072,2026-04-29,present,8,9.3,,0,1.3
ATT009245,EMP072,2026-04-30,remote,8,8.2,,0,0.2
ATT009246,EMP072,2026-05-01,holiday,8,0,,0,0
ATT009247,EMP072,2026-05-04,present,8,8.2,,0,0.2
ATT009248,EMP072,2026-05-05,present,8,7.4,,0,0
ATT009249,EMP072,2026-05-06,leave,8,0,personal,0,0
ATT009250,EMP072,2026-05-07,present,8,9.3,,0,1.3
ATT009251,EMP072,2026-05-08,present,8,7.3,,0,0
ATT009252,EMP072,2026-05-11,present,8,8.1,,0,0.1
ATT009253,EMP072,2026-05-12,present,8,9.3,,0,1.3
ATT009254,EMP072,2026-05-13,present,8,8.8,,0,0.8
ATT009255,EMP072,2026-05-14,remote,8,8.5,,0,0.5
ATT009256,EMP072,2026-05-15,remote,8,8.1,,0,0.1
ATT009257,EMP072,2026-05-18,present,8,9.3,,0,1.3
ATT009258,EMP072,2026-05-19,present,8,8.9,,0,0.9
ATT009259,EMP072,2026-05-20,present,8,7.8,,0,0
ATT009260,EMP072,2026-05-21,present,8,9.1,,0,1.1
ATT009261,EMP072,2026-05-22,present,8,9.4,,0,1.4
ATT009262,EMP072,2026-05-25,remote,8,7.1,,0,0
ATT009263,EMP072,2026-05-26,present,8,8.9,,0,0.9
ATT009264,EMP072,2026-05-27,present,8,8.6,,0,0.6
ATT009265,EMP072,2026-05-28,remote,8,7.3,,0,0
ATT009266,EMP072,2026-05-29,remote,8,8.1,,0,0.1
ATT009267,EMP072,2026-06-01,remote,8,8.9,,0,0.9
ATT009268,EMP072,2026-06-02,absent,8,0,,0,0
ATT009269,EMP072,2026-06-03,present,8,9.2,,0,1.2
ATT009270,EMP072,2026-06-04,present,8,8.4,,0,0.4
ATT009271,EMP072,2026-06-05,leave,8,0,personal,0,0
ATT009272,EMP072,2026-06-08,present,8,7.2,,0,0
ATT009273,EMP072,2026-06-09,present,8,8.6,,0,0.6
ATT009274,EMP072,2026-06-10,present,8,7.2,,0,0
ATT009275,EMP072,2026-06-11,present,8,8.2,,0,0.2
ATT009276,EMP072,2026-06-12,remote,8,8.3,,0,0.3
ATT009277,EMP072,2026-06-15,present,8,9.0,,0,1.0
ATT009278,EMP072,2026-06-16,present,8,7.8,,0,0
ATT009279,EMP072,2026-06-17,holiday,8,0,,0,0
ATT009280,EMP072,2026-06-18,present,8,8.7,,0,0.7
ATT009281,EMP072,2026-06-19,remote,8,7.6,,0,0
ATT009282,EMP072,2026-06-22,present,8,9.1,,0,1.1
ATT009283,EMP072,2026-06-23,present,8,8.5,,0,0.5
ATT009284,EMP072,2026-06-24,present,8,7.7,,0,0
ATT009285,EMP072,2026-06-25,remote,8,9.4,,0,1.4
ATT009286,EMP072,2026-06-26,present,8,7.1,,0,0
ATT009287,EMP072,2026-06-29,remote,8,8.7,,0,0.7
ATT009288,EMP072,2026-06-30,remote,8,7.2,,0,0
ATT009289,EMP073,2026-01-01,remote,8,7.1,,0,0
ATT009290,EMP073,2026-01-02,leave,8,0,casual,0,0
ATT009291,EMP073,2026-01-05,present,8,8.9,,0,0.9
ATT009292,EMP073,2026-01-06,present,8,9.0,,0,1.0
ATT009293,EMP073,2026-01-07,present,8,7.9,,0,0
ATT009294,EMP073,2026-01-08,remote,8,7.8,,0,0
ATT009295,EMP073,2026-01-09,present,8,8.9,,0,0.9
ATT009296,EMP073,2026-01-12,present,8,8.3,,0,0.3
ATT009297,EMP073,2026-01-13,present,8,9.0,,0,1.0
ATT009298,EMP073,2026-01-14,present,8,8.4,,0,0.4
ATT009299,EMP073,2026-01-15,present,8,8.1,,0,0.1
ATT009300,EMP073,2026-01-16,present,8,9.0,,0,1.0
ATT009301,EMP073,2026-01-19,present,8,7.6,,0,0
ATT009302,EMP073,2026-01-20,present,8,8.7,,0,0.7
ATT009303,EMP073,2026-01-21,remote,8,8.1,,0,0.1
ATT009304,EMP073,2026-01-22,present,8,8.6,,0,0.6
ATT009305,EMP073,2026-01-23,remote,8,7.2,,0,0
ATT009306,EMP073,2026-01-26,holiday,8,0,,0,0
ATT009307,EMP073,2026-01-27,present,8,7.3,,0,0
ATT009308,EMP073,2026-01-28,remote,8,9.2,,0,1.2
ATT009309,EMP073,2026-01-29,remote,8,9.3,,15,1.3
ATT009310,EMP073,2026-01-30,present,8,9.0,,0,1.0
ATT009311,EMP073,2026-02-02,leave,8,0,emergency,0,0
ATT009312,EMP073,2026-02-03,present,8,8.5,,0,0.5
ATT009313,EMP073,2026-02-04,present,8,7.5,,0,0
ATT009314,EMP073,2026-02-05,present,8,7.9,,0,0
ATT009315,EMP073,2026-02-06,remote,8,8.7,,0,0.7
ATT009316,EMP073,2026-02-09,present,8,7.3,,0,0
ATT009317,EMP073,2026-02-10,remote,8,8.8,,0,0.8
ATT009318,EMP073,2026-02-11,present,8,8.3,,0,0.3
ATT009319,EMP073,2026-02-12,leave,8,0,personal,0,0
ATT009320,EMP073,2026-02-13,present,8,7.0,,0,0
ATT009321,EMP073,2026-02-16,present,8,9.1,,0,1.1
ATT009322,EMP073,2026-02-17,leave,8,0,casual,0,0
ATT009323,EMP073,2026-02-18,remote,8,9.4,,0,1.4
ATT009324,EMP073,2026-02-19,remote,8,7.3,,0,0
ATT009325,EMP073,2026-02-20,present,8,9.0,,0,1.0
ATT009326,EMP073,2026-02-23,absent,8,0,,0,0
ATT009327,EMP073,2026-02-24,present,8,9.4,,0,1.4
ATT009328,EMP073,2026-02-25,present,8,7.6,,0,0
ATT009329,EMP073,2026-02-26,present,8,7.2,,0,0
ATT009330,EMP073,2026-02-27,leave,8,0,emergency,0,0
ATT009331,EMP073,2026-03-02,present,8,7.3,,0,0
ATT009332,EMP073,2026-03-03,present,8,8.5,,0,0.5
ATT009333,EMP073,2026-03-04,present,8,8.4,,0,0.4
ATT009334,EMP073,2026-03-05,present,8,7.9,,0,0
ATT009335,EMP073,2026-03-06,remote,8,7.0,,0,0
ATT009336,EMP073,2026-03-09,remote,8,7.1,,0,0
ATT009337,EMP073,2026-03-10,holiday,8,0,,0,0
ATT009338,EMP073,2026-03-11,present,8,9.4,,0,1.4
ATT009339,EMP073,2026-03-12,present,8,9.0,,30,1.0
ATT009340,EMP073,2026-03-13,present,8,9.1,,0,1.1
ATT009341,EMP073,2026-03-16,remote,8,8.3,,0,0.3
ATT009342,EMP073,2026-03-17,remote,8,8.2,,0,0.2
ATT009343,EMP073,2026-03-18,present,8,7.6,,0,0
ATT009344,EMP073,2026-03-19,remote,8,8.8,,0,0.8
ATT009345,EMP073,2026-03-20,remote,8,9.5,,0,1.5
ATT009346,EMP073,2026-03-23,present,8,9.3,,0,1.3
ATT009347,EMP073,2026-03-24,remote,8,7.5,,0,0
ATT009348,EMP073,2026-03-25,remote,8,9.1,,0,1.1
ATT009349,EMP073,2026-03-26,present,8,7.0,,15,0
ATT009350,EMP073,2026-03-27,present,8,8.0,,0,0
ATT009351,EMP073,2026-03-30,holiday,8,0,,0,0
ATT009352,EMP073,2026-03-31,present,8,8.1,,0,0.1
ATT009353,EMP073,2026-04-01,present,8,7.3,,0,0
ATT009354,EMP073,2026-04-02,present,8,8.0,,0,0
ATT009355,EMP073,2026-04-03,present,8,7.7,,0,0
ATT009356,EMP073,2026-04-06,present,8,7.4,,0,0
ATT009357,EMP073,2026-04-07,present,8,7.3,,0,0
ATT009358,EMP073,2026-04-08,present,8,8.3,,0,0.3
ATT009359,EMP073,2026-04-09,present,8,8.8,,0,0.8
ATT009360,EMP073,2026-04-10,leave,8,0,casual,0,0
ATT009361,EMP073,2026-04-13,present,8,7.6,,15,0
ATT009362,EMP073,2026-04-14,holiday,8,0,,0,0
ATT009363,EMP073,2026-04-15,present,8,7.1,,0,0
ATT009364,EMP073,2026-04-16,remote,8,8.5,,0,0.5
ATT009365,EMP073,2026-04-17,present,8,9.5,,0,1.5
ATT009366,EMP073,2026-04-20,leave,8,0,emergency,0,0
ATT009367,EMP073,2026-04-21,remote,8,8.1,,0,0.1
ATT009368,EMP073,2026-04-22,present,8,7.4,,5,0
ATT009369,EMP073,2026-04-23,present,8,8.1,,0,0.1
ATT009370,EMP073,2026-04-24,remote,8,8.2,,0,0.2
ATT009371,EMP073,2026-04-27,present,8,8.6,,0,0.6
ATT009372,EMP073,2026-04-28,leave,8,0,sick,0,0
ATT009373,EMP073,2026-04-29,present,8,7.0,,0,0
ATT009374,EMP073,2026-04-30,present,8,9.2,,0,1.2
ATT009375,EMP073,2026-05-01,holiday,8,0,,0,0
ATT009376,EMP073,2026-05-04,present,8,8.2,,0,0.2
ATT009377,EMP073,2026-05-05,absent,8,0,,0,0
ATT009378,EMP073,2026-05-06,present,8,8.4,,0,0.4
ATT009379,EMP073,2026-05-07,absent,8,0,,0,0
ATT009380,EMP073,2026-05-08,present,8,7.1,,30,0
ATT009381,EMP073,2026-05-11,present,8,9.0,,0,1.0
ATT009382,EMP073,2026-05-12,present,8,8.6,,0,0.6
ATT009383,EMP073,2026-05-13,present,8,8.6,,0,0.6
ATT009384,EMP073,2026-05-14,leave,8,0,sick,0,0
ATT009385,EMP073,2026-05-15,present,8,7.5,,0,0
ATT009386,EMP073,2026-05-18,present,8,9.1,,0,1.1
ATT009387,EMP073,2026-05-19,present,8,8.7,,0,0.7
ATT009388,EMP073,2026-05-20,present,8,9.3,,20,1.3
ATT009389,EMP073,2026-05-21,present,8,8.2,,0,0.2
ATT009390,EMP073,2026-05-22,present,8,8.4,,0,0.4
ATT009391,EMP073,2026-05-25,present,8,8.5,,0,0.5
ATT009392,EMP073,2026-05-26,present,8,8.4,,0,0.4
ATT009393,EMP073,2026-05-27,present,8,8.5,,0,0.5
ATT009394,EMP073,2026-05-28,present,8,9.4,,0,1.4
ATT009395,EMP073,2026-05-29,remote,8,8.9,,0,0.9
ATT009396,EMP073,2026-06-01,remote,8,8.8,,0,0.8
ATT009397,EMP073,2026-06-02,absent,8,0,,0,0
ATT009398,EMP073,2026-06-03,present,8,8.6,,0,0.6
ATT009399,EMP073,2026-06-04,present,8,7.3,,0,0
ATT009400,EMP073,2026-06-05,present,8,7.8,,0,0
ATT009401,EMP073,2026-06-08,present,8,8.2,,0,0.2
ATT009402,EMP073,2026-06-09,present,8,9.4,,0,1.4
ATT009403,EMP073,2026-06-10,present,8,8.7,,0,0.7
ATT009404,EMP073,2026-06-11,remote,8,7.2,,15,0
ATT009405,EMP073,2026-06-12,present,8,8.0,,0,0
ATT009406,EMP073,2026-06-15,present,8,8.1,,0,0.1
ATT009407,EMP073,2026-06-16,present,8,7.4,,0,0
ATT009408,EMP073,2026-06-17,holiday,8,0,,0,0
ATT009409,EMP073,2026-06-18,remote,8,8.6,,0,0.6
ATT009410,EMP073,2026-06-19,present,8,9.1,,0,1.1
ATT009411,EMP073,2026-06-22,absent,8,0,,0,0
ATT009412,EMP073,2026-06-23,remote,8,9.4,,0,1.4
ATT009413,EMP073,2026-06-24,present,8,9.5,,0,1.5
ATT009414,EMP073,2026-06-25,present,8,8.6,,0,0.6
ATT009415,EMP073,2026-06-26,remote,8,8.9,,0,0.9
ATT009416,EMP073,2026-06-29,present,8,7.3,,0,0
ATT009417,EMP073,2026-06-30,present,8,8.0,,0,0
ATT009418,EMP074,2026-01-01,present,8,8.2,,0,0.2
ATT009419,EMP074,2026-01-02,present,8,8.4,,0,0.4
ATT009420,EMP074,2026-01-05,present,8,8.2,,0,0.2
ATT009421,EMP074,2026-01-06,present,8,8.5,,0,0.5
ATT009422,EMP074,2026-01-07,present,8,7.7,,0,0
ATT009423,EMP074,2026-01-08,leave,8,0,emergency,0,0
ATT009424,EMP074,2026-01-09,present,8,7.5,,0,0
ATT009425,EMP074,2026-01-12,present,8,7.3,,30,0
ATT009426,EMP074,2026-01-13,present,8,7.8,,0,0
ATT009427,EMP074,2026-01-14,present,8,9.4,,5,1.4
ATT009428,EMP074,2026-01-15,present,8,9.4,,0,1.4
ATT009429,EMP074,2026-01-16,present,8,8.9,,0,0.9
ATT009430,EMP074,2026-01-19,present,8,7.0,,0,0
ATT009431,EMP074,2026-01-20,present,8,8.6,,0,0.6
ATT009432,EMP074,2026-01-21,present,8,8.2,,0,0.2
ATT009433,EMP074,2026-01-22,present,8,9.3,,0,1.3
ATT009434,EMP074,2026-01-23,present,8,9.0,,0,1.0
ATT009435,EMP074,2026-01-26,holiday,8,0,,0,0
ATT009436,EMP074,2026-01-27,remote,8,8.0,,5,0
ATT009437,EMP074,2026-01-28,present,8,8.0,,0,0
ATT009438,EMP074,2026-01-29,present,8,9.4,,0,1.4
ATT009439,EMP074,2026-01-30,present,8,7.9,,0,0
ATT009440,EMP074,2026-02-02,present,8,8.8,,0,0.8
ATT009441,EMP074,2026-02-03,present,8,8.0,,0,0
ATT009442,EMP074,2026-02-04,present,8,7.0,,0,0
ATT009443,EMP074,2026-02-05,present,8,7.0,,0,0
ATT009444,EMP074,2026-02-06,present,8,7.9,,0,0
ATT009445,EMP074,2026-02-09,remote,8,8.9,,0,0.9
ATT009446,EMP074,2026-02-10,remote,8,9.0,,0,1.0
ATT009447,EMP074,2026-02-11,present,8,8.2,,15,0.2
ATT009448,EMP074,2026-02-12,remote,8,7.7,,0,0
ATT009449,EMP074,2026-02-13,present,8,7.7,,10,0
ATT009450,EMP074,2026-02-16,absent,8,0,,0,0
ATT009451,EMP074,2026-02-17,remote,8,9.2,,0,1.2
ATT009452,EMP074,2026-02-18,present,8,9.3,,0,1.3
ATT009453,EMP074,2026-02-19,present,8,8.8,,0,0.8
ATT009454,EMP074,2026-02-20,present,8,8.6,,0,0.6
ATT009455,EMP074,2026-02-23,present,8,8.8,,0,0.8
ATT009456,EMP074,2026-02-24,present,8,7.2,,5,0
ATT009457,EMP074,2026-02-25,remote,8,8.9,,0,0.9
ATT009458,EMP074,2026-02-26,remote,8,7.5,,0,0
ATT009459,EMP074,2026-02-27,present,8,8.9,,0,0.9
ATT009460,EMP074,2026-03-02,present,8,8.8,,0,0.8
ATT009461,EMP074,2026-03-03,present,8,7.1,,0,0
ATT009462,EMP074,2026-03-04,half_day,8,3.6,,0,0
ATT009463,EMP074,2026-03-05,remote,8,7.1,,0,0
ATT009464,EMP074,2026-03-06,present,8,7.1,,5,0
ATT009465,EMP074,2026-03-09,present,8,9.4,,0,1.4
ATT009466,EMP074,2026-03-10,holiday,8,0,,0,0
ATT009467,EMP074,2026-03-11,half_day,8,4.0,,0,0
ATT009468,EMP074,2026-03-12,remote,8,8.2,,0,0.2
ATT009469,EMP074,2026-03-13,present,8,8.7,,0,0.7
ATT009470,EMP074,2026-03-16,remote,8,8.2,,0,0.2
ATT009471,EMP074,2026-03-17,present,8,7.2,,0,0
ATT009472,EMP074,2026-03-18,present,8,8.6,,0,0.6
ATT009473,EMP074,2026-03-19,present,8,7.1,,0,0
ATT009474,EMP074,2026-03-20,remote,8,8.7,,0,0.7
ATT009475,EMP074,2026-03-23,half_day,8,3.7,,0,0
ATT009476,EMP074,2026-03-24,leave,8,0,sick,0,0
ATT009477,EMP074,2026-03-25,present,8,9.2,,0,1.2
ATT009478,EMP074,2026-03-26,present,8,8.6,,0,0.6
ATT009479,EMP074,2026-03-27,remote,8,8.8,,0,0.8
ATT009480,EMP074,2026-03-30,holiday,8,0,,0,0
ATT009481,EMP074,2026-03-31,remote,8,9.2,,0,1.2
ATT009482,EMP074,2026-04-01,remote,8,8.8,,0,0.8
ATT009483,EMP074,2026-04-02,leave,8,0,casual,0,0
ATT009484,EMP074,2026-04-03,present,8,8.2,,0,0.2
ATT009485,EMP074,2026-04-06,remote,8,7.8,,0,0
ATT009486,EMP074,2026-04-07,present,8,9.5,,30,1.5
ATT009487,EMP074,2026-04-08,remote,8,8.7,,0,0.7
ATT009488,EMP074,2026-04-09,present,8,8.0,,0,0
ATT009489,EMP074,2026-04-10,remote,8,8.5,,0,0.5
ATT009490,EMP074,2026-04-13,present,8,9.2,,0,1.2
ATT009491,EMP074,2026-04-14,holiday,8,0,,0,0
ATT009492,EMP074,2026-04-15,remote,8,8.1,,0,0.1
ATT009493,EMP074,2026-04-16,remote,8,8.5,,0,0.5
ATT009494,EMP074,2026-04-17,present,8,7.5,,0,0
ATT009495,EMP074,2026-04-20,present,8,8.3,,0,0.3
ATT009496,EMP074,2026-04-21,present,8,8.1,,0,0.1
ATT009497,EMP074,2026-04-22,remote,8,8.8,,0,0.8
ATT009498,EMP074,2026-04-23,remote,8,7.8,,0,0
ATT009499,EMP074,2026-04-24,present,8,8.5,,0,0.5
ATT009500,EMP074,2026-04-27,present,8,8.8,,0,0.8
ATT009501,EMP074,2026-04-28,present,8,8.1,,30,0.1
ATT009502,EMP074,2026-04-29,present,8,7.6,,0,0
ATT009503,EMP074,2026-04-30,present,8,8.7,,0,0.7
ATT009504,EMP074,2026-05-01,holiday,8,0,,0,0
ATT009505,EMP074,2026-05-04,present,8,8.3,,0,0.3
ATT009506,EMP074,2026-05-05,present,8,7.9,,0,0
ATT009507,EMP074,2026-05-06,leave,8,0,emergency,0,0
ATT009508,EMP074,2026-05-07,absent,8,0,,0,0
ATT009509,EMP074,2026-05-08,remote,8,9.0,,0,1.0
ATT009510,EMP074,2026-05-11,present,8,8.9,,0,0.9
ATT009511,EMP074,2026-05-12,present,8,8.3,,0,0.3
ATT009512,EMP074,2026-05-13,present,8,8.1,,0,0.1
ATT009513,EMP074,2026-05-14,remote,8,9.3,,0,1.3
ATT009514,EMP074,2026-05-15,present,8,9.4,,0,1.4
ATT009515,EMP074,2026-05-18,present,8,7.8,,30,0
ATT009516,EMP074,2026-05-19,present,8,8.5,,0,0.5
ATT009517,EMP074,2026-05-20,present,8,7.2,,0,0
ATT009518,EMP074,2026-05-21,remote,8,7.3,,30,0
ATT009519,EMP074,2026-05-22,remote,8,8.2,,10,0.2
ATT009520,EMP074,2026-05-25,present,8,7.2,,0,0
ATT009521,EMP074,2026-05-26,present,8,7.1,,15,0
ATT009522,EMP074,2026-05-27,remote,8,8.0,,0,0
ATT009523,EMP074,2026-05-28,present,8,8.7,,0,0.7
ATT009524,EMP074,2026-05-29,present,8,8.2,,0,0.2
ATT009525,EMP074,2026-06-01,present,8,8.5,,0,0.5
ATT009526,EMP074,2026-06-02,present,8,9.2,,0,1.2
ATT009527,EMP074,2026-06-03,present,8,7.8,,5,0
ATT009528,EMP074,2026-06-04,present,8,9.4,,5,1.4
ATT009529,EMP074,2026-06-05,present,8,9.2,,0,1.2
ATT009530,EMP074,2026-06-08,present,8,7.6,,0,0
ATT009531,EMP074,2026-06-09,remote,8,9.3,,0,1.3
ATT009532,EMP074,2026-06-10,remote,8,7.8,,0,0
ATT009533,EMP074,2026-06-11,present,8,8.0,,0,0
ATT009534,EMP074,2026-06-12,absent,8,0,,0,0
ATT009535,EMP074,2026-06-15,present,8,8.0,,0,0
ATT009536,EMP074,2026-06-16,present,8,8.1,,0,0.1
ATT009537,EMP074,2026-06-17,holiday,8,0,,0,0
ATT009538,EMP074,2026-06-18,remote,8,7.6,,0,0
ATT009539,EMP074,2026-06-19,absent,8,0,,0,0
ATT009540,EMP074,2026-06-22,remote,8,7.2,,0,0
ATT009541,EMP074,2026-06-23,remote,8,9.3,,0,1.3
ATT009542,EMP074,2026-06-24,present,8,7.9,,0,0
ATT009543,EMP074,2026-06-25,remote,8,9.0,,0,1.0
ATT009544,EMP074,2026-06-26,present,8,8.3,,0,0.3
ATT009545,EMP074,2026-06-29,present,8,7.7,,0,0
ATT009546,EMP074,2026-06-30,present,8,9.4,,0,1.4
ATT009547,EMP075,2026-01-01,present,8,7.2,,0,0
ATT009548,EMP075,2026-01-02,leave,8,0,casual,0,0
ATT009549,EMP075,2026-01-05,leave,8,0,casual,0,0
ATT009550,EMP075,2026-01-06,remote,8,8.3,,0,0.3
ATT009551,EMP075,2026-01-07,present,8,8.8,,0,0.8
ATT009552,EMP075,2026-01-08,remote,8,8.4,,0,0.4
ATT009553,EMP075,2026-01-09,leave,8,0,casual,0,0
ATT009554,EMP075,2026-01-12,present,8,8.3,,0,0.3
ATT009555,EMP075,2026-01-13,present,8,7.1,,0,0
ATT009556,EMP075,2026-01-14,remote,8,9.1,,0,1.1
ATT009557,EMP075,2026-01-15,present,8,9.3,,30,1.3
ATT009558,EMP075,2026-01-16,remote,8,7.2,,0,0
ATT009559,EMP075,2026-01-19,present,8,9.1,,0,1.1
ATT009560,EMP075,2026-01-20,present,8,8.1,,0,0.1
ATT009561,EMP075,2026-01-21,present,8,7.2,,0,0
ATT009562,EMP075,2026-01-22,half_day,8,4.0,,0,0
ATT009563,EMP075,2026-01-23,present,8,8.1,,0,0.1
ATT009564,EMP075,2026-01-26,holiday,8,0,,0,0
ATT009565,EMP075,2026-01-27,present,8,9.4,,0,1.4
ATT009566,EMP075,2026-01-28,remote,8,9.2,,0,1.2
ATT009567,EMP075,2026-01-29,remote,8,8.2,,15,0.2
ATT009568,EMP075,2026-01-30,present,8,7.1,,0,0
ATT009569,EMP075,2026-02-02,remote,8,9.0,,0,1.0
ATT009570,EMP075,2026-02-03,leave,8,0,emergency,0,0
ATT009571,EMP075,2026-02-04,remote,8,8.8,,0,0.8
ATT009572,EMP075,2026-02-05,remote,8,9.2,,10,1.2
ATT009573,EMP075,2026-02-06,present,8,7.4,,0,0
ATT009574,EMP075,2026-02-09,present,8,8.7,,0,0.7
ATT009575,EMP075,2026-02-10,present,8,8.6,,0,0.6
ATT009576,EMP075,2026-02-11,present,8,8.4,,0,0.4
ATT009577,EMP075,2026-02-12,leave,8,0,earned,0,0
ATT009578,EMP075,2026-02-13,remote,8,8.0,,0,0
ATT009579,EMP075,2026-02-16,leave,8,0,earned,0,0
ATT009580,EMP075,2026-02-17,remote,8,7.4,,5,0
ATT009581,EMP075,2026-02-18,present,8,8.0,,0,0
ATT009582,EMP075,2026-02-19,remote,8,8.9,,0,0.9
ATT009583,EMP075,2026-02-20,present,8,7.7,,0,0
ATT009584,EMP075,2026-02-23,leave,8,0,sick,0,0
ATT009585,EMP075,2026-02-24,present,8,9.3,,0,1.3
ATT009586,EMP075,2026-02-25,remote,8,9.1,,0,1.1
ATT009587,EMP075,2026-02-26,remote,8,8.2,,0,0.2
ATT009588,EMP075,2026-02-27,present,8,8.1,,0,0.1
ATT009589,EMP075,2026-03-02,present,8,9.4,,0,1.4
ATT009590,EMP075,2026-03-03,remote,8,8.6,,0,0.6
ATT009591,EMP075,2026-03-04,present,8,9.3,,0,1.3
ATT009592,EMP075,2026-03-05,present,8,8.1,,0,0.1
ATT009593,EMP075,2026-03-06,present,8,7.4,,30,0
ATT009594,EMP075,2026-03-09,present,8,8.2,,15,0.2
ATT009595,EMP075,2026-03-10,holiday,8,0,,0,0
ATT009596,EMP075,2026-03-11,present,8,8.3,,0,0.3
ATT009597,EMP075,2026-03-12,remote,8,7.1,,0,0
ATT009598,EMP075,2026-03-13,remote,8,7.4,,30,0
ATT009599,EMP075,2026-03-16,remote,8,7.4,,5,0
ATT009600,EMP075,2026-03-17,present,8,8.9,,0,0.9
ATT009601,EMP075,2026-03-18,leave,8,0,earned,0,0
ATT009602,EMP075,2026-03-19,present,8,7.3,,0,0
ATT009603,EMP075,2026-03-20,present,8,8.3,,0,0.3
ATT009604,EMP075,2026-03-23,remote,8,8.9,,15,0.9
ATT009605,EMP075,2026-03-24,leave,8,0,earned,0,0
ATT009606,EMP075,2026-03-25,absent,8,0,,0,0
ATT009607,EMP075,2026-03-26,present,8,8.1,,0,0.1
ATT009608,EMP075,2026-03-27,remote,8,7.2,,0,0
ATT009609,EMP075,2026-03-30,holiday,8,0,,0,0
ATT009610,EMP075,2026-03-31,present,8,9.4,,0,1.4
ATT009611,EMP075,2026-04-01,present,8,8.4,,15,0.4
ATT009612,EMP075,2026-04-02,absent,8,0,,0,0
ATT009613,EMP075,2026-04-03,remote,8,8.1,,0,0.1
ATT009614,EMP075,2026-04-06,present,8,8.4,,0,0.4
ATT009615,EMP075,2026-04-07,remote,8,7.7,,0,0
ATT009616,EMP075,2026-04-08,remote,8,7.5,,0,0
ATT009617,EMP075,2026-04-09,remote,8,7.9,,0,0
ATT009618,EMP075,2026-04-10,absent,8,0,,0,0
ATT009619,EMP075,2026-04-13,present,8,8.9,,0,0.9
ATT009620,EMP075,2026-04-14,holiday,8,0,,0,0
ATT009621,EMP075,2026-04-15,present,8,7.2,,0,0
ATT009622,EMP075,2026-04-16,remote,8,7.6,,0,0
ATT009623,EMP075,2026-04-17,present,8,8.2,,0,0.2
ATT009624,EMP075,2026-04-20,half_day,8,3.8,,0,0
ATT009625,EMP075,2026-04-21,present,8,9.5,,0,1.5
ATT009626,EMP075,2026-04-22,leave,8,0,emergency,0,0
ATT009627,EMP075,2026-04-23,present,8,9.2,,0,1.2
ATT009628,EMP075,2026-04-24,present,8,9.3,,0,1.3
ATT009629,EMP075,2026-04-27,present,8,9.2,,0,1.2
ATT009630,EMP075,2026-04-28,present,8,7.3,,0,0
ATT009631,EMP075,2026-04-29,present,8,9.2,,0,1.2
ATT009632,EMP075,2026-04-30,present,8,7.7,,0,0
ATT009633,EMP075,2026-05-01,holiday,8,0,,0,0
ATT009634,EMP075,2026-05-04,present,8,9.1,,0,1.1
ATT009635,EMP075,2026-05-05,present,8,7.3,,0,0
ATT009636,EMP075,2026-05-06,present,8,9.4,,0,1.4
ATT009637,EMP075,2026-05-07,absent,8,0,,0,0
ATT009638,EMP075,2026-05-08,present,8,7.1,,0,0
ATT009639,EMP075,2026-05-11,present,8,7.2,,0,0
ATT009640,EMP075,2026-05-12,leave,8,0,personal,0,0
ATT009641,EMP075,2026-05-13,remote,8,8.3,,0,0.3
ATT009642,EMP075,2026-05-14,present,8,9.4,,0,1.4
ATT009643,EMP075,2026-05-15,remote,8,8.3,,0,0.3
ATT009644,EMP075,2026-05-18,present,8,8.1,,0,0.1
ATT009645,EMP075,2026-05-19,remote,8,8.3,,0,0.3
ATT009646,EMP075,2026-05-20,present,8,9.4,,0,1.4
ATT009647,EMP075,2026-05-21,remote,8,7.9,,0,0
ATT009648,EMP075,2026-05-22,remote,8,7.2,,0,0
ATT009649,EMP075,2026-05-25,remote,8,7.9,,30,0
ATT009650,EMP075,2026-05-26,remote,8,7.5,,0,0
ATT009651,EMP075,2026-05-27,present,8,8.7,,0,0.7
ATT009652,EMP075,2026-05-28,remote,8,8.7,,0,0.7
ATT009653,EMP075,2026-05-29,leave,8,0,emergency,0,0
ATT009654,EMP075,2026-06-01,remote,8,9.4,,0,1.4
ATT009655,EMP075,2026-06-02,present,8,9.3,,0,1.3
ATT009656,EMP075,2026-06-03,present,8,8.3,,0,0.3
ATT009657,EMP075,2026-06-04,present,8,7.0,,0,0
ATT009658,EMP075,2026-06-05,remote,8,8.1,,0,0.1
ATT009659,EMP075,2026-06-08,present,8,7.9,,0,0
ATT009660,EMP075,2026-06-09,present,8,9.5,,0,1.5
ATT009661,EMP075,2026-06-10,leave,8,0,sick,0,0
ATT009662,EMP075,2026-06-11,absent,8,0,,0,0
ATT009663,EMP075,2026-06-12,present,8,9.3,,0,1.3
ATT009664,EMP075,2026-06-15,present,8,8.9,,0,0.9
ATT009665,EMP075,2026-06-16,present,8,7.1,,0,0
ATT009666,EMP075,2026-06-17,holiday,8,0,,0,0
ATT009667,EMP075,2026-06-18,half_day,8,4.1,,0,0
ATT009668,EMP075,2026-06-19,present,8,9.2,,0,1.2
ATT009669,EMP075,2026-06-22,present,8,8.0,,0,0
ATT009670,EMP075,2026-06-23,remote,8,8.1,,0,0.1
ATT009671,EMP075,2026-06-24,remote,8,7.2,,0,0
ATT009672,EMP075,2026-06-25,present,8,7.6,,0,0
ATT009673,EMP075,2026-06-26,remote,8,9.1,,0,1.1
ATT009674,EMP075,2026-06-29,present,8,8.8,,0,0.8
ATT009675,EMP075,2026-06-30,half_day,8,3.7,,5,0
ATT009676,EMP076,2026-01-01,leave,8,0,casual,0,0
ATT009677,EMP076,2026-01-02,absent,8,0,,0,0
ATT009678,EMP076,2026-01-05,present,8,7.1,,0,0
ATT009679,EMP076,2026-01-06,present,8,7.0,,0,0
ATT009680,EMP076,2026-01-07,present,8,8.2,,0,0.2
ATT009681,EMP076,2026-01-08,remote,8,7.3,,5,0
ATT009682,EMP076,2026-01-09,present,8,7.9,,0,0
ATT009683,EMP076,2026-01-12,present,8,8.7,,0,0.7
ATT009684,EMP076,2026-01-13,remote,8,8.2,,0,0.2
ATT009685,EMP076,2026-01-14,present,8,8.9,,0,0.9
ATT009686,EMP076,2026-01-15,remote,8,8.9,,0,0.9
ATT009687,EMP076,2026-01-16,present,8,7.7,,0,0
ATT009688,EMP076,2026-01-19,present,8,9.1,,15,1.1
ATT009689,EMP076,2026-01-20,present,8,7.4,,0,0
ATT009690,EMP076,2026-01-21,present,8,8.5,,0,0.5
ATT009691,EMP076,2026-01-22,present,8,7.7,,0,0
ATT009692,EMP076,2026-01-23,remote,8,8.6,,0,0.6
ATT009693,EMP076,2026-01-26,holiday,8,0,,0,0
ATT009694,EMP076,2026-01-27,present,8,7.9,,15,0
ATT009695,EMP076,2026-01-28,present,8,8.9,,0,0.9
ATT009696,EMP076,2026-01-29,present,8,8.1,,0,0.1
ATT009697,EMP076,2026-01-30,half_day,8,4.0,,0,0
ATT009698,EMP076,2026-02-02,present,8,7.3,,0,0
ATT009699,EMP076,2026-02-03,present,8,7.1,,0,0
ATT009700,EMP076,2026-02-04,remote,8,9.3,,0,1.3
ATT009701,EMP076,2026-02-05,remote,8,9.0,,0,1.0
ATT009702,EMP076,2026-02-06,remote,8,9.4,,0,1.4
ATT009703,EMP076,2026-02-09,present,8,9.2,,30,1.2
ATT009704,EMP076,2026-02-10,present,8,7.7,,0,0
ATT009705,EMP076,2026-02-11,present,8,8.4,,0,0.4
ATT009706,EMP076,2026-02-12,present,8,8.6,,0,0.6
ATT009707,EMP076,2026-02-13,remote,8,8.9,,0,0.9
ATT009708,EMP076,2026-02-16,present,8,8.7,,0,0.7
ATT009709,EMP076,2026-02-17,present,8,7.0,,0,0
ATT009710,EMP076,2026-02-18,absent,8,0,,0,0
ATT009711,EMP076,2026-02-19,present,8,7.8,,0,0
ATT009712,EMP076,2026-02-20,present,8,7.9,,0,0
ATT009713,EMP076,2026-02-23,present,8,7.1,,0,0
ATT009714,EMP076,2026-02-24,remote,8,7.8,,0,0
ATT009715,EMP076,2026-02-25,remote,8,8.6,,0,0.6
ATT009716,EMP076,2026-02-26,present,8,8.1,,0,0.1
ATT009717,EMP076,2026-02-27,leave,8,0,emergency,0,0
ATT009718,EMP076,2026-03-02,present,8,8.1,,0,0.1
ATT009719,EMP076,2026-03-03,leave,8,0,casual,0,0
ATT009720,EMP076,2026-03-04,present,8,7.3,,0,0
ATT009721,EMP076,2026-03-05,present,8,9.2,,0,1.2
ATT009722,EMP076,2026-03-06,present,8,8.2,,0,0.2
ATT009723,EMP076,2026-03-09,present,8,9.2,,0,1.2
ATT009724,EMP076,2026-03-10,holiday,8,0,,0,0
ATT009725,EMP076,2026-03-11,remote,8,9.2,,0,1.2
ATT009726,EMP076,2026-03-12,present,8,7.8,,0,0
ATT009727,EMP076,2026-03-13,present,8,7.9,,0,0
ATT009728,EMP076,2026-03-16,leave,8,0,earned,0,0
ATT009729,EMP076,2026-03-17,present,8,7.8,,0,0
ATT009730,EMP076,2026-03-18,present,8,7.3,,0,0
ATT009731,EMP076,2026-03-19,remote,8,7.6,,0,0
ATT009732,EMP076,2026-03-20,remote,8,8.5,,0,0.5
ATT009733,EMP076,2026-03-23,present,8,7.8,,0,0
ATT009734,EMP076,2026-03-24,present,8,8.9,,0,0.9
ATT009735,EMP076,2026-03-25,leave,8,0,earned,0,0
ATT009736,EMP076,2026-03-26,present,8,8.4,,0,0.4
ATT009737,EMP076,2026-03-27,present,8,8.8,,0,0.8
ATT009738,EMP076,2026-03-30,holiday,8,0,,0,0
ATT009739,EMP076,2026-03-31,remote,8,7.6,,0,0
ATT009740,EMP076,2026-04-01,present,8,8.4,,0,0.4
ATT009741,EMP076,2026-04-02,absent,8,0,,0,0
ATT009742,EMP076,2026-04-03,leave,8,0,casual,0,0
ATT009743,EMP076,2026-04-06,remote,8,7.2,,0,0
ATT009744,EMP076,2026-04-07,present,8,9.3,,0,1.3
ATT009745,EMP076,2026-04-08,present,8,8.7,,0,0.7
ATT009746,EMP076,2026-04-09,remote,8,7.8,,0,0
ATT009747,EMP076,2026-04-10,present,8,7.2,,0,0
ATT009748,EMP076,2026-04-13,present,8,7.8,,0,0
ATT009749,EMP076,2026-04-14,holiday,8,0,,0,0
ATT009750,EMP076,2026-04-15,remote,8,9.4,,0,1.4
ATT009751,EMP076,2026-04-16,present,8,8.9,,0,0.9
ATT009752,EMP076,2026-04-17,remote,8,9.1,,0,1.1
ATT009753,EMP076,2026-04-20,present,8,8.1,,0,0.1
ATT009754,EMP076,2026-04-21,present,8,7.8,,0,0
ATT009755,EMP076,2026-04-22,present,8,8.9,,0,0.9
ATT009756,EMP076,2026-04-23,present,8,8.0,,0,0
ATT009757,EMP076,2026-04-24,remote,8,9.2,,0,1.2
ATT009758,EMP076,2026-04-27,remote,8,8.8,,15,0.8
ATT009759,EMP076,2026-04-28,present,8,7.3,,0,0
ATT009760,EMP076,2026-04-29,present,8,9.4,,0,1.4
ATT009761,EMP076,2026-04-30,remote,8,7.8,,0,0
ATT009762,EMP076,2026-05-01,holiday,8,0,,0,0
ATT009763,EMP076,2026-05-04,remote,8,8.9,,0,0.9
ATT009764,EMP076,2026-05-05,present,8,9.4,,0,1.4
ATT009765,EMP076,2026-05-06,present,8,7.9,,0,0
ATT009766,EMP076,2026-05-07,remote,8,7.1,,0,0
ATT009767,EMP076,2026-05-08,present,8,9.1,,0,1.1
ATT009768,EMP076,2026-05-11,remote,8,7.6,,0,0
ATT009769,EMP076,2026-05-12,present,8,9.1,,0,1.1
ATT009770,EMP076,2026-05-13,remote,8,8.9,,0,0.9
ATT009771,EMP076,2026-05-14,remote,8,9.5,,0,1.5
ATT009772,EMP076,2026-05-15,present,8,8.0,,0,0
ATT009773,EMP076,2026-05-18,present,8,9.2,,0,1.2
ATT009774,EMP076,2026-05-19,remote,8,7.3,,0,0
ATT009775,EMP076,2026-05-20,present,8,7.4,,0,0
ATT009776,EMP076,2026-05-21,half_day,8,3.8,,0,0
ATT009777,EMP076,2026-05-22,remote,8,8.3,,0,0.3
ATT009778,EMP076,2026-05-25,present,8,7.1,,0,0
ATT009779,EMP076,2026-05-26,remote,8,8.1,,0,0.1
ATT009780,EMP076,2026-05-27,present,8,8.9,,0,0.9
ATT009781,EMP076,2026-05-28,present,8,8.2,,0,0.2
ATT009782,EMP076,2026-05-29,present,8,8.6,,0,0.6
ATT009783,EMP076,2026-06-01,present,8,8.4,,0,0.4
ATT009784,EMP076,2026-06-02,present,8,7.9,,0,0
ATT009785,EMP076,2026-06-03,present,8,8.2,,0,0.2
ATT009786,EMP076,2026-06-04,leave,8,0,casual,0,0
ATT009787,EMP076,2026-06-05,remote,8,7.6,,0,0
ATT009788,EMP076,2026-06-08,present,8,9.3,,0,1.3
ATT009789,EMP076,2026-06-09,present,8,9.4,,0,1.4
ATT009790,EMP076,2026-06-10,present,8,7.1,,0,0
ATT009791,EMP076,2026-06-11,present,8,8.0,,15,0
ATT009792,EMP076,2026-06-12,remote,8,7.7,,0,0
ATT009793,EMP076,2026-06-15,present,8,8.7,,0,0.7
ATT009794,EMP076,2026-06-16,leave,8,0,emergency,0,0
ATT009795,EMP076,2026-06-17,holiday,8,0,,0,0
ATT009796,EMP076,2026-06-18,present,8,9.4,,0,1.4
ATT009797,EMP076,2026-06-19,remote,8,8.1,,0,0.1
ATT009798,EMP076,2026-06-22,present,8,7.8,,0,0
ATT009799,EMP076,2026-06-23,present,8,9.1,,0,1.1
ATT009800,EMP076,2026-06-24,leave,8,0,personal,0,0
ATT009801,EMP076,2026-06-25,remote,8,7.8,,0,0
ATT009802,EMP076,2026-06-26,present,8,7.7,,0,0
ATT009803,EMP076,2026-06-29,remote,8,7.8,,0,0
ATT009804,EMP076,2026-06-30,leave,8,0,earned,0,0
ATT009805,EMP077,2026-01-01,present,8,9.0,,0,1.0
ATT009806,EMP077,2026-01-02,remote,8,7.1,,0,0
ATT009807,EMP077,2026-01-05,present,8,7.1,,30,0
ATT009808,EMP077,2026-01-06,remote,8,9.1,,0,1.1
ATT009809,EMP077,2026-01-07,present,8,8.3,,0,0.3
ATT009810,EMP077,2026-01-08,leave,8,0,personal,0,0
ATT009811,EMP077,2026-01-09,remote,8,8.4,,0,0.4
ATT009812,EMP077,2026-01-12,remote,8,9.3,,5,1.3
ATT009813,EMP077,2026-01-13,remote,8,7.0,,0,0
ATT009814,EMP077,2026-01-14,present,8,7.9,,0,0
ATT009815,EMP077,2026-01-15,present,8,7.2,,0,0
ATT009816,EMP077,2026-01-16,present,8,8.4,,0,0.4
ATT009817,EMP077,2026-01-19,present,8,8.1,,0,0.1
ATT009818,EMP077,2026-01-20,remote,8,7.3,,20,0
ATT009819,EMP077,2026-01-21,remote,8,8.1,,0,0.1
ATT009820,EMP077,2026-01-22,present,8,9.5,,0,1.5
ATT009821,EMP077,2026-01-23,present,8,8.0,,0,0
ATT009822,EMP077,2026-01-26,holiday,8,0,,0,0
ATT009823,EMP077,2026-01-27,present,8,7.1,,0,0
ATT009824,EMP077,2026-01-28,present,8,8.2,,30,0.2
ATT009825,EMP077,2026-01-29,present,8,7.9,,0,0
ATT009826,EMP077,2026-01-30,present,8,7.5,,0,0
ATT009827,EMP077,2026-02-02,present,8,8.1,,0,0.1
ATT009828,EMP077,2026-02-03,remote,8,9.3,,0,1.3
ATT009829,EMP077,2026-02-04,present,8,8.0,,0,0
ATT009830,EMP077,2026-02-05,remote,8,7.2,,0,0
ATT009831,EMP077,2026-02-06,present,8,7.7,,0,0
ATT009832,EMP077,2026-02-09,present,8,8.8,,0,0.8
ATT009833,EMP077,2026-02-10,present,8,8.2,,20,0.2
ATT009834,EMP077,2026-02-11,present,8,8.6,,0,0.6
ATT009835,EMP077,2026-02-12,present,8,9.2,,0,1.2
ATT009836,EMP077,2026-02-13,present,8,8.4,,0,0.4
ATT009837,EMP077,2026-02-16,present,8,9.4,,0,1.4
ATT009838,EMP077,2026-02-17,half_day,8,4.2,,0,0
ATT009839,EMP077,2026-02-18,remote,8,9.1,,0,1.1
ATT009840,EMP077,2026-02-19,remote,8,7.5,,0,0
ATT009841,EMP077,2026-02-20,remote,8,7.2,,0,0
ATT009842,EMP077,2026-02-23,present,8,8.7,,0,0.7
ATT009843,EMP077,2026-02-24,present,8,8.2,,0,0.2
ATT009844,EMP077,2026-02-25,present,8,8.0,,0,0
ATT009845,EMP077,2026-02-26,remote,8,7.8,,0,0
ATT009846,EMP077,2026-02-27,present,8,7.3,,0,0
ATT009847,EMP077,2026-03-02,present,8,7.1,,0,0
ATT009848,EMP077,2026-03-03,present,8,8.2,,0,0.2
ATT009849,EMP077,2026-03-04,remote,8,9.4,,0,1.4
ATT009850,EMP077,2026-03-05,present,8,7.8,,0,0
ATT009851,EMP077,2026-03-06,present,8,9.3,,0,1.3
ATT009852,EMP077,2026-03-09,present,8,9.1,,0,1.1
ATT009853,EMP077,2026-03-10,holiday,8,0,,0,0
ATT009854,EMP077,2026-03-11,remote,8,8.5,,0,0.5
ATT009855,EMP077,2026-03-12,present,8,8.3,,0,0.3
ATT009856,EMP077,2026-03-13,present,8,7.3,,0,0
ATT009857,EMP077,2026-03-16,present,8,8.9,,0,0.9
ATT009858,EMP077,2026-03-17,remote,8,9.1,,0,1.1
ATT009859,EMP077,2026-03-18,remote,8,9.2,,0,1.2
ATT009860,EMP077,2026-03-19,present,8,9.2,,0,1.2
ATT009861,EMP077,2026-03-20,remote,8,9.1,,0,1.1
ATT009862,EMP077,2026-03-23,present,8,8.8,,0,0.8
ATT009863,EMP077,2026-03-24,present,8,9.3,,0,1.3
ATT009864,EMP077,2026-03-25,remote,8,9.1,,0,1.1
ATT009865,EMP077,2026-03-26,present,8,8.8,,0,0.8
ATT009866,EMP077,2026-03-27,remote,8,7.4,,0,0
ATT009867,EMP077,2026-03-30,holiday,8,0,,0,0
ATT009868,EMP077,2026-03-31,present,8,7.2,,0,0
ATT009869,EMP077,2026-04-01,present,8,7.2,,0,0
ATT009870,EMP077,2026-04-02,remote,8,9.0,,0,1.0
ATT009871,EMP077,2026-04-03,present,8,7.1,,0,0
ATT009872,EMP077,2026-04-06,present,8,7.3,,0,0
ATT009873,EMP077,2026-04-07,present,8,7.5,,0,0
ATT009874,EMP077,2026-04-08,present,8,9.3,,0,1.3
ATT009875,EMP077,2026-04-09,present,8,9.2,,0,1.2
ATT009876,EMP077,2026-04-10,half_day,8,4.4,,0,0
ATT009877,EMP077,2026-04-13,present,8,9.4,,0,1.4
ATT009878,EMP077,2026-04-14,holiday,8,0,,0,0
ATT009879,EMP077,2026-04-15,present,8,9.3,,5,1.3
ATT009880,EMP077,2026-04-16,present,8,9.2,,0,1.2
ATT009881,EMP077,2026-04-17,remote,8,8.4,,0,0.4
ATT009882,EMP077,2026-04-20,present,8,7.0,,0,0
ATT009883,EMP077,2026-04-21,present,8,9.2,,0,1.2
ATT009884,EMP077,2026-04-22,remote,8,7.2,,0,0
ATT009885,EMP077,2026-04-23,present,8,7.2,,0,0
ATT009886,EMP077,2026-04-24,remote,8,8.5,,0,0.5
ATT009887,EMP077,2026-04-27,remote,8,7.2,,0,0
ATT009888,EMP077,2026-04-28,present,8,7.6,,20,0
ATT009889,EMP077,2026-04-29,present,8,8.7,,0,0.7
ATT009890,EMP077,2026-04-30,present,8,9.1,,0,1.1
ATT009891,EMP077,2026-05-01,holiday,8,0,,0,0
ATT009892,EMP077,2026-05-04,present,8,7.6,,0,0
ATT009893,EMP077,2026-05-05,remote,8,9.3,,0,1.3
ATT009894,EMP077,2026-05-06,present,8,8.4,,0,0.4
ATT009895,EMP077,2026-05-07,remote,8,9.4,,0,1.4
ATT009896,EMP077,2026-05-08,present,8,8.2,,0,0.2
ATT009897,EMP077,2026-05-11,remote,8,7.0,,0,0
ATT009898,EMP077,2026-05-12,present,8,9.2,,0,1.2
ATT009899,EMP077,2026-05-13,present,8,7.8,,0,0
ATT009900,EMP077,2026-05-14,remote,8,7.2,,0,0
ATT009901,EMP077,2026-05-15,remote,8,9.4,,0,1.4
ATT009902,EMP077,2026-05-18,remote,8,8.3,,0,0.3
ATT009903,EMP077,2026-05-19,present,8,7.6,,0,0
ATT009904,EMP077,2026-05-20,present,8,8.6,,0,0.6
ATT009905,EMP077,2026-05-21,present,8,8.4,,0,0.4
ATT009906,EMP077,2026-05-22,remote,8,7.8,,0,0
ATT009907,EMP077,2026-05-25,present,8,9.5,,10,1.5
ATT009908,EMP077,2026-05-26,present,8,8.8,,0,0.8
ATT009909,EMP077,2026-05-27,present,8,9.3,,0,1.3
ATT009910,EMP077,2026-05-28,present,8,8.1,,0,0.1
ATT009911,EMP077,2026-05-29,present,8,7.6,,0,0
ATT009912,EMP077,2026-06-01,remote,8,9.1,,0,1.1
ATT009913,EMP077,2026-06-02,remote,8,8.1,,0,0.1
ATT009914,EMP077,2026-06-03,present,8,8.4,,0,0.4
ATT009915,EMP077,2026-06-04,present,8,8.4,,0,0.4
ATT009916,EMP077,2026-06-05,present,8,8.8,,0,0.8
ATT009917,EMP077,2026-06-08,remote,8,8.6,,0,0.6
ATT009918,EMP077,2026-06-09,present,8,8.8,,0,0.8
ATT009919,EMP077,2026-06-10,present,8,7.2,,0,0
ATT009920,EMP077,2026-06-11,remote,8,7.3,,0,0
ATT009921,EMP077,2026-06-12,present,8,9.0,,0,1.0
ATT009922,EMP077,2026-06-15,half_day,8,4.4,,0,0
ATT009923,EMP077,2026-06-16,remote,8,8.1,,0,0.1
ATT009924,EMP077,2026-06-17,holiday,8,0,,0,0
ATT009925,EMP077,2026-06-18,present,8,8.7,,0,0.7
ATT009926,EMP077,2026-06-19,present,8,7.9,,0,0
ATT009927,EMP077,2026-06-22,present,8,7.5,,0,0
ATT009928,EMP077,2026-06-23,present,8,7.0,,0,0
ATT009929,EMP077,2026-06-24,present,8,8.8,,0,0.8
ATT009930,EMP077,2026-06-25,present,8,9.1,,0,1.1
ATT009931,EMP077,2026-06-26,present,8,7.5,,0,0
ATT009932,EMP077,2026-06-29,present,8,8.5,,0,0.5
ATT009933,EMP077,2026-06-30,present,8,9.2,,0,1.2
ATT009934,EMP078,2026-01-01,remote,8,7.8,,0,0
ATT009935,EMP078,2026-01-02,present,8,7.9,,0,0
ATT009936,EMP078,2026-01-05,remote,8,8.2,,0,0.2
ATT009937,EMP078,2026-01-06,remote,8,9.3,,0,1.3
ATT009938,EMP078,2026-01-07,present,8,7.2,,0,0
ATT009939,EMP078,2026-01-08,present,8,8.8,,0,0.8
ATT009940,EMP078,2026-01-09,remote,8,8.8,,0,0.8
ATT009941,EMP078,2026-01-12,present,8,7.3,,0,0
ATT009942,EMP078,2026-01-13,present,8,9.0,,0,1.0
ATT009943,EMP078,2026-01-14,present,8,7.2,,0,0
ATT009944,EMP078,2026-01-15,half_day,8,3.6,,0,0
ATT009945,EMP078,2026-01-16,present,8,9.2,,0,1.2
ATT009946,EMP078,2026-01-19,remote,8,8.6,,0,0.6
ATT009947,EMP078,2026-01-20,remote,8,9.2,,0,1.2
ATT009948,EMP078,2026-01-21,present,8,8.7,,0,0.7
ATT009949,EMP078,2026-01-22,present,8,8.4,,0,0.4
ATT009950,EMP078,2026-01-23,present,8,9.3,,0,1.3
ATT009951,EMP078,2026-01-26,holiday,8,0,,0,0
ATT009952,EMP078,2026-01-27,present,8,7.4,,10,0
ATT009953,EMP078,2026-01-28,present,8,7.6,,0,0
ATT009954,EMP078,2026-01-29,remote,8,8.3,,0,0.3
ATT009955,EMP078,2026-01-30,present,8,8.7,,0,0.7
ATT009956,EMP078,2026-02-02,present,8,8.6,,0,0.6
ATT009957,EMP078,2026-02-03,remote,8,9.0,,0,1.0
ATT009958,EMP078,2026-02-04,present,8,7.9,,0,0
ATT009959,EMP078,2026-02-05,remote,8,8.3,,0,0.3
ATT009960,EMP078,2026-02-06,present,8,7.0,,0,0
ATT009961,EMP078,2026-02-09,present,8,8.9,,0,0.9
ATT009962,EMP078,2026-02-10,remote,8,8.5,,0,0.5
ATT009963,EMP078,2026-02-11,leave,8,0,sick,0,0
ATT009964,EMP078,2026-02-12,present,8,7.7,,0,0
ATT009965,EMP078,2026-02-13,present,8,7.3,,0,0
ATT009966,EMP078,2026-02-16,remote,8,7.2,,0,0
ATT009967,EMP078,2026-02-17,remote,8,7.2,,0,0
ATT009968,EMP078,2026-02-18,present,8,9.3,,0,1.3
ATT009969,EMP078,2026-02-19,present,8,9.3,,0,1.3
ATT009970,EMP078,2026-02-20,present,8,7.7,,0,0
ATT009971,EMP078,2026-02-23,present,8,7.6,,0,0
ATT009972,EMP078,2026-02-24,present,8,7.2,,0,0
ATT009973,EMP078,2026-02-25,present,8,8.8,,0,0.8
ATT009974,EMP078,2026-02-26,present,8,9.1,,0,1.1
ATT009975,EMP078,2026-02-27,present,8,7.1,,0,0
ATT009976,EMP078,2026-03-02,remote,8,8.8,,0,0.8
ATT009977,EMP078,2026-03-03,present,8,8.0,,0,0
ATT009978,EMP078,2026-03-04,present,8,9.3,,0,1.3
ATT009979,EMP078,2026-03-05,present,8,8.5,,0,0.5
ATT009980,EMP078,2026-03-06,present,8,7.6,,0,0
ATT009981,EMP078,2026-03-09,remote,8,8.5,,0,0.5
ATT009982,EMP078,2026-03-10,holiday,8,0,,0,0
ATT009983,EMP078,2026-03-11,present,8,7.2,,0,0
ATT009984,EMP078,2026-03-12,present,8,9.2,,0,1.2
ATT009985,EMP078,2026-03-13,present,8,7.6,,0,0
ATT009986,EMP078,2026-03-16,present,8,8.5,,0,0.5
ATT009987,EMP078,2026-03-17,absent,8,0,,0,0
ATT009988,EMP078,2026-03-18,present,8,8.3,,0,0.3
ATT009989,EMP078,2026-03-19,present,8,7.5,,0,0
ATT009990,EMP078,2026-03-20,present,8,9.2,,0,1.2
ATT009991,EMP078,2026-03-23,present,8,7.1,,0,0
ATT009992,EMP078,2026-03-24,remote,8,7.3,,10,0
ATT009993,EMP078,2026-03-25,present,8,9.4,,0,1.4
ATT009994,EMP078,2026-03-26,remote,8,9.0,,0,1.0
ATT009995,EMP078,2026-03-27,present,8,7.9,,0,0
ATT009996,EMP078,2026-03-30,holiday,8,0,,0,0
ATT009997,EMP078,2026-03-31,present,8,8.9,,0,0.9
ATT009998,EMP078,2026-04-01,remote,8,7.6,,0,0
ATT009999,EMP078,2026-04-02,present,8,8.7,,0,0.7
ATT010000,EMP078,2026-04-03,remote,8,7.3,,0,0
ATT010001,EMP078,2026-04-06,present,8,8.1,,0,0.1
ATT010002,EMP078,2026-04-07,present,8,7.2,,0,0
ATT010003,EMP078,2026-04-08,leave,8,0,earned,0,0
ATT010004,EMP078,2026-04-09,leave,8,0,personal,0,0
ATT010005,EMP078,2026-04-10,remote,8,9.1,,0,1.1
ATT010006,EMP078,2026-04-13,remote,8,8.4,,0,0.4
ATT010007,EMP078,2026-04-14,holiday,8,0,,0,0
ATT010008,EMP078,2026-04-15,absent,8,0,,0,0
ATT010009,EMP078,2026-04-16,present,8,9.5,,0,1.5
ATT010010,EMP078,2026-04-17,present,8,7.5,,0,0
ATT010011,EMP078,2026-04-20,present,8,7.8,,0,0
ATT010012,EMP078,2026-04-21,present,8,8.4,,0,0.4
ATT010013,EMP078,2026-04-22,present,8,7.9,,0,0
ATT010014,EMP078,2026-04-23,present,8,8.3,,15,0.3
ATT010015,EMP078,2026-04-24,absent,8,0,,0,0
ATT010016,EMP078,2026-04-27,present,8,7.8,,0,0
ATT010017,EMP078,2026-04-28,leave,8,0,sick,0,0
ATT010018,EMP078,2026-04-29,present,8,7.9,,0,0
ATT010019,EMP078,2026-04-30,present,8,7.9,,0,0
ATT010020,EMP078,2026-05-01,holiday,8,0,,0,0
ATT010021,EMP078,2026-05-04,remote,8,8.7,,0,0.7
ATT010022,EMP078,2026-05-05,present,8,8.8,,0,0.8
ATT010023,EMP078,2026-05-06,present,8,7.0,,0,0
ATT010024,EMP078,2026-05-07,remote,8,8.3,,0,0.3
ATT010025,EMP078,2026-05-08,present,8,9.4,,0,1.4
ATT010026,EMP078,2026-05-11,remote,8,8.9,,0,0.9
ATT010027,EMP078,2026-05-12,present,8,8.9,,0,0.9
ATT010028,EMP078,2026-05-13,leave,8,0,emergency,0,0
ATT010029,EMP078,2026-05-14,present,8,8.5,,0,0.5
ATT010030,EMP078,2026-05-15,present,8,7.3,,0,0
ATT010031,EMP078,2026-05-18,present,8,9.5,,5,1.5
ATT010032,EMP078,2026-05-19,remote,8,8.1,,0,0.1
ATT010033,EMP078,2026-05-20,present,8,8.3,,30,0.3
ATT010034,EMP078,2026-05-21,present,8,9.4,,0,1.4
ATT010035,EMP078,2026-05-22,present,8,7.7,,0,0
ATT010036,EMP078,2026-05-25,present,8,7.8,,0,0
ATT010037,EMP078,2026-05-26,remote,8,7.9,,0,0
ATT010038,EMP078,2026-05-27,remote,8,9.4,,0,1.4
ATT010039,EMP078,2026-05-28,present,8,7.7,,0,0
ATT010040,EMP078,2026-05-29,present,8,7.6,,0,0
ATT010041,EMP078,2026-06-01,present,8,7.8,,0,0
ATT010042,EMP078,2026-06-02,remote,8,8.9,,0,0.9
ATT010043,EMP078,2026-06-03,remote,8,8.1,,0,0.1
ATT010044,EMP078,2026-06-04,present,8,8.3,,0,0.3
ATT010045,EMP078,2026-06-05,half_day,8,4.2,,0,0
ATT010046,EMP078,2026-06-08,present,8,8.8,,0,0.8
ATT010047,EMP078,2026-06-09,present,8,8.4,,0,0.4
ATT010048,EMP078,2026-06-10,remote,8,9.4,,0,1.4
ATT010049,EMP078,2026-06-11,absent,8,0,,0,0
ATT010050,EMP078,2026-06-12,remote,8,8.6,,0,0.6
ATT010051,EMP078,2026-06-15,leave,8,0,earned,0,0
ATT010052,EMP078,2026-06-16,present,8,8.3,,0,0.3
ATT010053,EMP078,2026-06-17,holiday,8,0,,0,0
ATT010054,EMP078,2026-06-18,remote,8,7.7,,0,0
ATT010055,EMP078,2026-06-19,remote,8,8.4,,0,0.4
ATT010056,EMP078,2026-06-22,remote,8,9.3,,0,1.3
ATT010057,EMP078,2026-06-23,remote,8,8.7,,0,0.7
ATT010058,EMP078,2026-06-24,present,8,7.8,,0,0
ATT010059,EMP078,2026-06-25,present,8,9.4,,30,1.4
ATT010060,EMP078,2026-06-26,present,8,8.2,,0,0.2
ATT010061,EMP078,2026-06-29,present,8,8.6,,0,0.6
ATT010062,EMP078,2026-06-30,leave,8,0,earned,0,0
ATT010063,EMP079,2026-01-01,remote,8,7.6,,0,0
ATT010064,EMP079,2026-01-02,present,8,8.2,,0,0.2
ATT010065,EMP079,2026-01-05,present,8,9.3,,30,1.3
ATT010066,EMP079,2026-01-06,remote,8,8.5,,0,0.5
ATT010067,EMP079,2026-01-07,present,8,7.7,,20,0
ATT010068,EMP079,2026-01-08,present,8,9.2,,20,1.2
ATT010069,EMP079,2026-01-09,remote,8,7.3,,0,0
ATT010070,EMP079,2026-01-12,remote,8,7.2,,30,0
ATT010071,EMP079,2026-01-13,remote,8,8.5,,0,0.5
ATT010072,EMP079,2026-01-14,remote,8,8.2,,0,0.2
ATT010073,EMP079,2026-01-15,present,8,7.2,,0,0
ATT010074,EMP079,2026-01-16,present,8,7.7,,0,0
ATT010075,EMP079,2026-01-19,present,8,9.2,,0,1.2
ATT010076,EMP079,2026-01-20,remote,8,7.8,,0,0
ATT010077,EMP079,2026-01-21,present,8,9.1,,0,1.1
ATT010078,EMP079,2026-01-22,remote,8,8.9,,0,0.9
ATT010079,EMP079,2026-01-23,leave,8,0,casual,0,0
ATT010080,EMP079,2026-01-26,holiday,8,0,,0,0
ATT010081,EMP079,2026-01-27,remote,8,7.7,,10,0
ATT010082,EMP079,2026-01-28,present,8,9.4,,0,1.4
ATT010083,EMP079,2026-01-29,present,8,8.9,,0,0.9
ATT010084,EMP079,2026-01-30,present,8,8.3,,0,0.3
ATT010085,EMP079,2026-02-02,present,8,7.0,,0,0
ATT010086,EMP079,2026-02-03,remote,8,8.1,,0,0.1
ATT010087,EMP079,2026-02-04,present,8,7.4,,0,0
ATT010088,EMP079,2026-02-05,present,8,9.5,,0,1.5
ATT010089,EMP079,2026-02-06,absent,8,0,,0,0
ATT010090,EMP079,2026-02-09,remote,8,8.3,,0,0.3
ATT010091,EMP079,2026-02-10,present,8,7.5,,0,0
ATT010092,EMP079,2026-02-11,remote,8,9.5,,0,1.5
ATT010093,EMP079,2026-02-12,present,8,8.8,,0,0.8
ATT010094,EMP079,2026-02-13,present,8,7.4,,0,0
ATT010095,EMP079,2026-02-16,present,8,7.2,,0,0
ATT010096,EMP079,2026-02-17,leave,8,0,sick,0,0
ATT010097,EMP079,2026-02-18,remote,8,8.0,,0,0
ATT010098,EMP079,2026-02-19,present,8,8.6,,20,0.6
ATT010099,EMP079,2026-02-20,present,8,7.7,,0,0
ATT010100,EMP079,2026-02-23,remote,8,9.3,,0,1.3
ATT010101,EMP079,2026-02-24,half_day,8,4.2,,0,0
ATT010102,EMP079,2026-02-25,present,8,8.2,,0,0.2
ATT010103,EMP079,2026-02-26,absent,8,0,,0,0
ATT010104,EMP079,2026-02-27,remote,8,8.7,,0,0.7
ATT010105,EMP079,2026-03-02,present,8,7.8,,0,0
ATT010106,EMP079,2026-03-03,remote,8,8.9,,0,0.9
ATT010107,EMP079,2026-03-04,present,8,8.2,,0,0.2
ATT010108,EMP079,2026-03-05,present,8,7.3,,0,0
ATT010109,EMP079,2026-03-06,half_day,8,3.7,,0,0
ATT010110,EMP079,2026-03-09,present,8,9.3,,0,1.3
ATT010111,EMP079,2026-03-10,holiday,8,0,,0,0
ATT010112,EMP079,2026-03-11,remote,8,7.7,,0,0
ATT010113,EMP079,2026-03-12,remote,8,8.8,,0,0.8
ATT010114,EMP079,2026-03-13,remote,8,9.1,,0,1.1
ATT010115,EMP079,2026-03-16,leave,8,0,casual,0,0
ATT010116,EMP079,2026-03-17,remote,8,8.4,,0,0.4
ATT010117,EMP079,2026-03-18,remote,8,8.2,,0,0.2
ATT010118,EMP079,2026-03-19,present,8,8.3,,0,0.3
ATT010119,EMP079,2026-03-20,present,8,7.6,,0,0
ATT010120,EMP079,2026-03-23,present,8,8.8,,0,0.8
ATT010121,EMP079,2026-03-24,present,8,9.1,,0,1.1
ATT010122,EMP079,2026-03-25,present,8,8.8,,0,0.8
ATT010123,EMP079,2026-03-26,present,8,7.3,,0,0
ATT010124,EMP079,2026-03-27,present,8,9.0,,0,1.0
ATT010125,EMP079,2026-03-30,holiday,8,0,,0,0
ATT010126,EMP079,2026-03-31,present,8,7.6,,0,0
ATT010127,EMP079,2026-04-01,present,8,9.2,,0,1.2
ATT010128,EMP079,2026-04-02,present,8,9.2,,0,1.2
ATT010129,EMP079,2026-04-03,remote,8,8.5,,0,0.5
ATT010130,EMP079,2026-04-06,present,8,7.4,,0,0
ATT010131,EMP079,2026-04-07,remote,8,9.1,,0,1.1
ATT010132,EMP079,2026-04-08,remote,8,8.8,,0,0.8
ATT010133,EMP079,2026-04-09,present,8,7.3,,0,0
ATT010134,EMP079,2026-04-10,leave,8,0,earned,0,0
ATT010135,EMP079,2026-04-13,present,8,7.6,,0,0
ATT010136,EMP079,2026-04-14,holiday,8,0,,0,0
ATT010137,EMP079,2026-04-15,present,8,7.8,,0,0
ATT010138,EMP079,2026-04-16,present,8,8.9,,0,0.9
ATT010139,EMP079,2026-04-17,present,8,8.4,,0,0.4
ATT010140,EMP079,2026-04-20,present,8,8.0,,0,0
ATT010141,EMP079,2026-04-21,remote,8,9.5,,0,1.5
ATT010142,EMP079,2026-04-22,present,8,9.1,,0,1.1
ATT010143,EMP079,2026-04-23,present,8,7.1,,0,0
ATT010144,EMP079,2026-04-24,present,8,7.6,,0,0
ATT010145,EMP079,2026-04-27,present,8,8.6,,0,0.6
ATT010146,EMP079,2026-04-28,remote,8,9.5,,0,1.5
ATT010147,EMP079,2026-04-29,present,8,8.9,,0,0.9
ATT010148,EMP079,2026-04-30,remote,8,7.6,,0,0
ATT010149,EMP079,2026-05-01,holiday,8,0,,0,0
ATT010150,EMP079,2026-05-04,remote,8,7.8,,0,0
ATT010151,EMP079,2026-05-05,remote,8,9.5,,0,1.5
ATT010152,EMP079,2026-05-06,present,8,7.2,,0,0
ATT010153,EMP079,2026-05-07,present,8,8.1,,0,0.1
ATT010154,EMP079,2026-05-08,present,8,9.4,,0,1.4
ATT010155,EMP079,2026-05-11,remote,8,8.6,,0,0.6
ATT010156,EMP079,2026-05-12,remote,8,8.6,,0,0.6
ATT010157,EMP079,2026-05-13,present,8,8.6,,0,0.6
ATT010158,EMP079,2026-05-14,present,8,7.2,,0,0
ATT010159,EMP079,2026-05-15,present,8,9.0,,0,1.0
ATT010160,EMP079,2026-05-18,remote,8,7.2,,0,0
ATT010161,EMP079,2026-05-19,remote,8,8.0,,0,0
ATT010162,EMP079,2026-05-20,present,8,7.8,,0,0
ATT010163,EMP079,2026-05-21,present,8,7.5,,0,0
ATT010164,EMP079,2026-05-22,remote,8,9.5,,10,1.5
ATT010165,EMP079,2026-05-25,present,8,7.3,,20,0
ATT010166,EMP079,2026-05-26,present,8,7.2,,30,0
ATT010167,EMP079,2026-05-27,leave,8,0,emergency,0,0
ATT010168,EMP079,2026-05-28,leave,8,0,emergency,0,0
ATT010169,EMP079,2026-05-29,present,8,9.1,,0,1.1
ATT010170,EMP079,2026-06-01,remote,8,8.2,,0,0.2
ATT010171,EMP079,2026-06-02,present,8,9.0,,0,1.0
ATT010172,EMP079,2026-06-03,present,8,9.1,,0,1.1
ATT010173,EMP079,2026-06-04,present,8,8.6,,0,0.6
ATT010174,EMP079,2026-06-05,present,8,7.1,,0,0
ATT010175,EMP079,2026-06-08,present,8,7.7,,0,0
ATT010176,EMP079,2026-06-09,present,8,7.2,,0,0
ATT010177,EMP079,2026-06-10,present,8,8.9,,0,0.9
ATT010178,EMP079,2026-06-11,remote,8,7.7,,0,0
ATT010179,EMP079,2026-06-12,present,8,8.6,,0,0.6
ATT010180,EMP079,2026-06-15,remote,8,9.3,,0,1.3
ATT010181,EMP079,2026-06-16,present,8,9.5,,0,1.5
ATT010182,EMP079,2026-06-17,holiday,8,0,,0,0
ATT010183,EMP079,2026-06-18,present,8,9.5,,0,1.5
ATT010184,EMP079,2026-06-19,leave,8,0,casual,0,0
ATT010185,EMP079,2026-06-22,half_day,8,3.9,,0,0
ATT010186,EMP079,2026-06-23,leave,8,0,earned,0,0
ATT010187,EMP079,2026-06-24,remote,8,9.0,,0,1.0
ATT010188,EMP079,2026-06-25,remote,8,8.6,,0,0.6
ATT010189,EMP079,2026-06-26,remote,8,7.7,,0,0
ATT010190,EMP079,2026-06-29,leave,8,0,sick,0,0
ATT010191,EMP079,2026-06-30,present,8,9.5,,0,1.5
ATT010192,EMP080,2026-01-01,present,8,8.7,,0,0.7
ATT010193,EMP080,2026-01-02,present,8,8.5,,0,0.5
ATT010194,EMP080,2026-01-05,present,8,7.7,,0,0
ATT010195,EMP080,2026-01-06,leave,8,0,personal,0,0
ATT010196,EMP080,2026-01-07,remote,8,8.1,,20,0.1
ATT010197,EMP080,2026-01-08,remote,8,8.5,,0,0.5
ATT010198,EMP080,2026-01-09,leave,8,0,personal,0,0
ATT010199,EMP080,2026-01-12,present,8,9.5,,0,1.5
ATT010200,EMP080,2026-01-13,leave,8,0,casual,0,0
ATT010201,EMP080,2026-01-14,remote,8,8.6,,0,0.6
ATT010202,EMP080,2026-01-15,present,8,7.3,,0,0
ATT010203,EMP080,2026-01-16,present,8,9.5,,0,1.5
ATT010204,EMP080,2026-01-19,present,8,9.3,,0,1.3
ATT010205,EMP080,2026-01-20,present,8,8.9,,0,0.9
ATT010206,EMP080,2026-01-21,remote,8,7.0,,0,0
ATT010207,EMP080,2026-01-22,half_day,8,4.0,,0,0
ATT010208,EMP080,2026-01-23,present,8,7.4,,0,0
ATT010209,EMP080,2026-01-26,holiday,8,0,,0,0
ATT010210,EMP080,2026-01-27,remote,8,9.5,,0,1.5
ATT010211,EMP080,2026-01-28,leave,8,0,earned,0,0
ATT010212,EMP080,2026-01-29,present,8,7.3,,0,0
ATT010213,EMP080,2026-01-30,present,8,9.0,,0,1.0
ATT010214,EMP080,2026-02-02,present,8,8.2,,0,0.2
ATT010215,EMP080,2026-02-03,present,8,8.1,,0,0.1
ATT010216,EMP080,2026-02-04,remote,8,7.4,,0,0
ATT010217,EMP080,2026-02-05,present,8,9.1,,0,1.1
ATT010218,EMP080,2026-02-06,present,8,9.0,,0,1.0
ATT010219,EMP080,2026-02-09,leave,8,0,personal,0,0
ATT010220,EMP080,2026-02-10,remote,8,8.2,,0,0.2
ATT010221,EMP080,2026-02-11,present,8,9.4,,0,1.4
ATT010222,EMP080,2026-02-12,present,8,7.5,,0,0
ATT010223,EMP080,2026-02-13,present,8,8.4,,0,0.4
ATT010224,EMP080,2026-02-16,remote,8,8.6,,0,0.6
ATT010225,EMP080,2026-02-17,absent,8,0,,0,0
ATT010226,EMP080,2026-02-18,present,8,9.4,,0,1.4
ATT010227,EMP080,2026-02-19,present,8,9.3,,0,1.3
ATT010228,EMP080,2026-02-20,present,8,7.9,,0,0
ATT010229,EMP080,2026-02-23,half_day,8,3.6,,0,0
ATT010230,EMP080,2026-02-24,present,8,9.3,,0,1.3
ATT010231,EMP080,2026-02-25,present,8,9.2,,0,1.2
ATT010232,EMP080,2026-02-26,present,8,8.2,,0,0.2
ATT010233,EMP080,2026-02-27,remote,8,9.3,,0,1.3
ATT010234,EMP080,2026-03-02,present,8,8.7,,0,0.7
ATT010235,EMP080,2026-03-03,leave,8,0,earned,0,0
ATT010236,EMP080,2026-03-04,present,8,9.4,,0,1.4
ATT010237,EMP080,2026-03-05,present,8,7.6,,0,0
ATT010238,EMP080,2026-03-06,leave,8,0,personal,0,0
ATT010239,EMP080,2026-03-09,present,8,8.6,,0,0.6
ATT010240,EMP080,2026-03-10,holiday,8,0,,0,0
ATT010241,EMP080,2026-03-11,present,8,7.7,,0,0
ATT010242,EMP080,2026-03-12,absent,8,0,,0,0
ATT010243,EMP080,2026-03-13,remote,8,7.2,,0,0
ATT010244,EMP080,2026-03-16,remote,8,9.3,,15,1.3
ATT010245,EMP080,2026-03-17,present,8,9.4,,0,1.4
ATT010246,EMP080,2026-03-18,leave,8,0,personal,0,0
ATT010247,EMP080,2026-03-19,absent,8,0,,0,0
ATT010248,EMP080,2026-03-20,present,8,7.9,,0,0
ATT010249,EMP080,2026-03-23,present,8,7.4,,0,0
ATT010250,EMP080,2026-03-24,leave,8,0,sick,0,0
ATT010251,EMP080,2026-03-25,remote,8,9.4,,0,1.4
ATT010252,EMP080,2026-03-26,remote,8,9.4,,0,1.4
ATT010253,EMP080,2026-03-27,leave,8,0,emergency,0,0
ATT010254,EMP080,2026-03-30,holiday,8,0,,0,0
ATT010255,EMP080,2026-03-31,remote,8,8.3,,0,0.3
ATT010256,EMP080,2026-04-01,present,8,8.9,,0,0.9
ATT010257,EMP080,2026-04-02,present,8,8.4,,0,0.4
ATT010258,EMP080,2026-04-03,leave,8,0,personal,0,0
ATT010259,EMP080,2026-04-06,leave,8,0,emergency,0,0
ATT010260,EMP080,2026-04-07,leave,8,0,casual,0,0
ATT010261,EMP080,2026-04-08,absent,8,0,,0,0
ATT010262,EMP080,2026-04-09,present,8,9.5,,0,1.5
ATT010263,EMP080,2026-04-10,present,8,8.8,,0,0.8
ATT010264,EMP080,2026-04-13,present,8,8.2,,30,0.2
ATT010265,EMP080,2026-04-14,holiday,8,0,,0,0
ATT010266,EMP080,2026-04-15,present,8,9.4,,0,1.4
ATT010267,EMP080,2026-04-16,leave,8,0,emergency,0,0
ATT010268,EMP080,2026-04-17,leave,8,0,personal,0,0
ATT010269,EMP080,2026-04-20,remote,8,8.4,,0,0.4
ATT010270,EMP080,2026-04-21,present,8,9.3,,0,1.3
ATT010271,EMP080,2026-04-22,half_day,8,4.5,,0,0
ATT010272,EMP080,2026-04-23,absent,8,0,,0,0
ATT010273,EMP080,2026-04-24,leave,8,0,earned,0,0
ATT010274,EMP080,2026-04-27,present,8,7.0,,5,0
ATT010275,EMP080,2026-04-28,present,8,9.2,,0,1.2
ATT010276,EMP080,2026-04-29,present,8,8.5,,0,0.5
ATT010277,EMP080,2026-04-30,leave,8,0,earned,0,0
ATT010278,EMP080,2026-05-01,holiday,8,0,,0,0
ATT010279,EMP080,2026-05-04,present,8,7.8,,0,0
ATT010280,EMP080,2026-05-05,remote,8,8.4,,0,0.4
ATT010281,EMP080,2026-05-06,present,8,8.7,,0,0.7
ATT010282,EMP080,2026-05-07,present,8,9.2,,0,1.2
ATT010283,EMP080,2026-05-08,leave,8,0,earned,0,0
ATT010284,EMP080,2026-05-11,present,8,7.2,,0,0
ATT010285,EMP080,2026-05-12,present,8,9.5,,0,1.5
ATT010286,EMP080,2026-05-13,absent,8,0,,0,0
ATT010287,EMP080,2026-05-14,present,8,9.1,,0,1.1
ATT010288,EMP080,2026-05-15,present,8,8.7,,0,0.7
ATT010289,EMP080,2026-05-18,remote,8,9.2,,0,1.2
ATT010290,EMP080,2026-05-19,present,8,8.4,,0,0.4
ATT010291,EMP080,2026-05-20,present,8,7.0,,0,0
ATT010292,EMP080,2026-05-21,present,8,9.4,,0,1.4
ATT010293,EMP080,2026-05-22,present,8,8.5,,0,0.5
ATT010294,EMP080,2026-05-25,present,8,8.0,,0,0
ATT010295,EMP080,2026-05-26,present,8,8.1,,0,0.1
ATT010296,EMP080,2026-05-27,remote,8,7.2,,0,0
ATT010297,EMP080,2026-05-28,leave,8,0,emergency,0,0
ATT010298,EMP080,2026-05-29,present,8,8.3,,15,0.3
ATT010299,EMP080,2026-06-01,present,8,7.2,,0,0
ATT010300,EMP080,2026-06-02,present,8,7.7,,0,0
ATT010301,EMP080,2026-06-03,leave,8,0,earned,0,0
ATT010302,EMP080,2026-06-04,present,8,8.6,,0,0.6
ATT010303,EMP080,2026-06-05,present,8,8.8,,0,0.8
ATT010304,EMP080,2026-06-08,present,8,7.3,,0,0
ATT010305,EMP080,2026-06-09,present,8,9.0,,0,1.0
ATT010306,EMP080,2026-06-10,present,8,8.5,,0,0.5
ATT010307,EMP080,2026-06-11,present,8,8.0,,0,0
ATT010308,EMP080,2026-06-12,leave,8,0,personal,0,0
ATT010309,EMP080,2026-06-15,present,8,8.9,,0,0.9
ATT010310,EMP080,2026-06-16,present,8,7.2,,0,0
ATT010311,EMP080,2026-06-17,holiday,8,0,,0,0
ATT010312,EMP080,2026-06-18,present,8,9.4,,0,1.4
ATT010313,EMP080,2026-06-19,present,8,8.5,,0,0.5
ATT010314,EMP080,2026-06-22,remote,8,8.6,,0,0.6
ATT010315,EMP080,2026-06-23,leave,8,0,emergency,0,0
ATT010316,EMP080,2026-06-24,present,8,8.1,,0,0.1
ATT010317,EMP080,2026-06-25,leave,8,0,casual,0,0
ATT010318,EMP080,2026-06-26,remote,8,8.6,,0,0.6
ATT010319,EMP080,2026-06-29,present,8,9.4,,0,1.4
ATT010320,EMP080,2026-06-30,present,8,7.8,,30,0
ATT010321,EMP081,2026-01-01,present,8,7.3,,0,0
ATT010322,EMP081,2026-01-02,present,8,8.9,,0,0.9
ATT010323,EMP081,2026-01-05,present,8,8.0,,0,0
ATT010324,EMP081,2026-01-06,present,8,9.5,,0,1.5
ATT010325,EMP081,2026-01-07,present,8,8.1,,30,0.1
ATT010326,EMP081,2026-01-08,remote,8,9.4,,0,1.4
ATT010327,EMP081,2026-01-09,present,8,9.4,,0,1.4
ATT010328,EMP081,2026-01-12,present,8,7.6,,0,0
ATT010329,EMP081,2026-01-13,present,8,7.3,,0,0
ATT010330,EMP081,2026-01-14,half_day,8,4.5,,0,0
ATT010331,EMP081,2026-01-15,leave,8,0,earned,0,0
ATT010332,EMP081,2026-01-16,leave,8,0,personal,0,0
ATT010333,EMP081,2026-01-19,present,8,8.0,,0,0
ATT010334,EMP081,2026-01-20,present,8,8.1,,0,0.1
ATT010335,EMP081,2026-01-21,present,8,7.5,,0,0
ATT010336,EMP081,2026-01-22,absent,8,0,,0,0
ATT010337,EMP081,2026-01-23,present,8,9.0,,0,1.0
ATT010338,EMP081,2026-01-26,holiday,8,0,,0,0
ATT010339,EMP081,2026-01-27,present,8,8.7,,0,0.7
ATT010340,EMP081,2026-01-28,present,8,8.4,,0,0.4
ATT010341,EMP081,2026-01-29,present,8,8.8,,20,0.8
ATT010342,EMP081,2026-01-30,present,8,7.0,,0,0
ATT010343,EMP081,2026-02-02,present,8,7.5,,0,0
ATT010344,EMP081,2026-02-03,present,8,8.3,,0,0.3
ATT010345,EMP081,2026-02-04,absent,8,0,,0,0
ATT010346,EMP081,2026-02-05,present,8,9.2,,0,1.2
ATT010347,EMP081,2026-02-06,half_day,8,3.5,,0,0
ATT010348,EMP081,2026-02-09,present,8,7.5,,10,0
ATT010349,EMP081,2026-02-10,remote,8,7.7,,0,0
ATT010350,EMP081,2026-02-11,present,8,8.4,,0,0.4
ATT010351,EMP081,2026-02-12,leave,8,0,personal,0,0
ATT010352,EMP081,2026-02-13,present,8,7.3,,0,0
ATT010353,EMP081,2026-02-16,present,8,7.6,,0,0
ATT010354,EMP081,2026-02-17,present,8,9.4,,5,1.4
ATT010355,EMP081,2026-02-18,leave,8,0,personal,0,0
ATT010356,EMP081,2026-02-19,present,8,7.5,,0,0
ATT010357,EMP081,2026-02-20,leave,8,0,personal,0,0
ATT010358,EMP081,2026-02-23,present,8,8.5,,0,0.5
ATT010359,EMP081,2026-02-24,remote,8,9.2,,10,1.2
ATT010360,EMP081,2026-02-25,present,8,7.5,,0,0
ATT010361,EMP081,2026-02-26,present,8,8.1,,5,0.1
ATT010362,EMP081,2026-02-27,present,8,8.5,,0,0.5
ATT010363,EMP081,2026-03-02,remote,8,8.5,,15,0.5
ATT010364,EMP081,2026-03-03,present,8,7.1,,0,0
ATT010365,EMP081,2026-03-04,leave,8,0,sick,0,0
ATT010366,EMP081,2026-03-05,present,8,8.5,,0,0.5
ATT010367,EMP081,2026-03-06,remote,8,8.7,,0,0.7
ATT010368,EMP081,2026-03-09,present,8,7.3,,0,0
ATT010369,EMP081,2026-03-10,holiday,8,0,,0,0
ATT010370,EMP081,2026-03-11,remote,8,7.5,,0,0
ATT010371,EMP081,2026-03-12,present,8,8.3,,20,0.3
ATT010372,EMP081,2026-03-13,leave,8,0,casual,0,0
ATT010373,EMP081,2026-03-16,leave,8,0,emergency,0,0
ATT010374,EMP081,2026-03-17,leave,8,0,earned,0,0
ATT010375,EMP081,2026-03-18,present,8,7.3,,0,0
ATT010376,EMP081,2026-03-19,leave,8,0,personal,0,0
ATT010377,EMP081,2026-03-20,leave,8,0,sick,0,0
ATT010378,EMP081,2026-03-23,absent,8,0,,0,0
ATT010379,EMP081,2026-03-24,present,8,7.7,,0,0
ATT010380,EMP081,2026-03-25,remote,8,7.3,,0,0
ATT010381,EMP081,2026-03-26,present,8,7.9,,0,0
ATT010382,EMP081,2026-03-27,present,8,8.6,,0,0.6
ATT010383,EMP081,2026-03-30,holiday,8,0,,0,0
ATT010384,EMP081,2026-03-31,present,8,7.3,,0,0
ATT010385,EMP081,2026-04-01,leave,8,0,sick,0,0
ATT010386,EMP081,2026-04-02,present,8,7.2,,20,0
ATT010387,EMP081,2026-04-03,remote,8,8.2,,0,0.2
ATT010388,EMP081,2026-04-06,remote,8,7.6,,0,0
ATT010389,EMP081,2026-04-07,absent,8,0,,0,0
ATT010390,EMP081,2026-04-08,present,8,8.7,,0,0.7
ATT010391,EMP081,2026-04-09,remote,8,8.6,,5,0.6
ATT010392,EMP081,2026-04-10,present,8,8.7,,0,0.7
ATT010393,EMP081,2026-04-13,remote,8,7.5,,0,0
ATT010394,EMP081,2026-04-14,holiday,8,0,,0,0
ATT010395,EMP081,2026-04-15,present,8,8.7,,0,0.7
ATT010396,EMP081,2026-04-16,leave,8,0,personal,0,0
ATT010397,EMP081,2026-04-17,present,8,8.8,,15,0.8
ATT010398,EMP081,2026-04-20,remote,8,9.1,,0,1.1
ATT010399,EMP081,2026-04-21,present,8,8.9,,0,0.9
ATT010400,EMP081,2026-04-22,present,8,7.5,,0,0
ATT010401,EMP081,2026-04-23,leave,8,0,personal,0,0
ATT010402,EMP081,2026-04-24,remote,8,7.4,,0,0
ATT010403,EMP081,2026-04-27,leave,8,0,earned,0,0
ATT010404,EMP081,2026-04-28,remote,8,8.4,,0,0.4
ATT010405,EMP081,2026-04-29,present,8,9.0,,0,1.0
ATT010406,EMP081,2026-04-30,present,8,7.5,,0,0
ATT010407,EMP081,2026-05-01,holiday,8,0,,0,0
ATT010408,EMP081,2026-05-04,present,8,8.8,,0,0.8
ATT010409,EMP081,2026-05-05,present,8,7.4,,0,0
ATT010410,EMP081,2026-05-06,remote,8,8.1,,0,0.1
ATT010411,EMP081,2026-05-07,remote,8,8.0,,10,0
ATT010412,EMP081,2026-05-08,present,8,8.7,,5,0.7
ATT010413,EMP081,2026-05-11,present,8,8.3,,0,0.3
ATT010414,EMP081,2026-05-12,remote,8,7.1,,30,0
ATT010415,EMP081,2026-05-13,leave,8,0,emergency,0,0
ATT010416,EMP081,2026-05-14,remote,8,7.5,,0,0
ATT010417,EMP081,2026-05-15,leave,8,0,emergency,0,0
ATT010418,EMP081,2026-05-18,leave,8,0,earned,0,0
ATT010419,EMP081,2026-05-19,leave,8,0,emergency,0,0
ATT010420,EMP081,2026-05-20,remote,8,8.6,,0,0.6
ATT010421,EMP081,2026-05-21,present,8,8.0,,0,0
ATT010422,EMP081,2026-05-22,present,8,7.8,,0,0
ATT010423,EMP081,2026-05-25,present,8,7.0,,0,0
ATT010424,EMP081,2026-05-26,present,8,7.0,,0,0
ATT010425,EMP081,2026-05-27,remote,8,8.5,,0,0.5
ATT010426,EMP081,2026-05-28,present,8,9.1,,0,1.1
ATT010427,EMP081,2026-05-29,present,8,8.0,,0,0
ATT010428,EMP081,2026-06-01,present,8,8.1,,0,0.1
ATT010429,EMP081,2026-06-02,leave,8,0,casual,0,0
ATT010430,EMP081,2026-06-03,present,8,7.2,,0,0
ATT010431,EMP081,2026-06-04,present,8,9.0,,0,1.0
ATT010432,EMP081,2026-06-05,present,8,7.2,,0,0
ATT010433,EMP081,2026-06-08,present,8,8.3,,0,0.3
ATT010434,EMP081,2026-06-09,present,8,7.4,,0,0
ATT010435,EMP081,2026-06-10,present,8,8.9,,0,0.9
ATT010436,EMP081,2026-06-11,present,8,8.3,,0,0.3
ATT010437,EMP081,2026-06-12,half_day,8,4.2,,0,0
ATT010438,EMP081,2026-06-15,remote,8,8.1,,30,0.1
ATT010439,EMP081,2026-06-16,present,8,9.0,,0,1.0
ATT010440,EMP081,2026-06-17,holiday,8,0,,0,0
ATT010441,EMP081,2026-06-18,remote,8,8.6,,0,0.6
ATT010442,EMP081,2026-06-19,present,8,8.0,,0,0
ATT010443,EMP081,2026-06-22,present,8,7.4,,15,0
ATT010444,EMP081,2026-06-23,present,8,8.8,,0,0.8
ATT010445,EMP081,2026-06-24,remote,8,9.1,,0,1.1
ATT010446,EMP081,2026-06-25,present,8,7.5,,0,0
ATT010447,EMP081,2026-06-26,present,8,7.9,,0,0
ATT010448,EMP081,2026-06-29,absent,8,0,,0,0
ATT010449,EMP081,2026-06-30,absent,8,0,,0,0
ATT010450,EMP082,2026-01-01,present,8,8.1,,0,0.1
ATT010451,EMP082,2026-01-02,leave,8,0,sick,0,0
ATT010452,EMP082,2026-01-05,present,8,8.9,,0,0.9
ATT010453,EMP082,2026-01-06,present,8,7.2,,0,0
ATT010454,EMP082,2026-01-07,present,8,7.4,,0,0
ATT010455,EMP082,2026-01-08,present,8,9.4,,0,1.4
ATT010456,EMP082,2026-01-09,remote,8,7.4,,0,0
ATT010457,EMP082,2026-01-12,leave,8,0,emergency,0,0
ATT010458,EMP082,2026-01-13,leave,8,0,emergency,0,0
ATT010459,EMP082,2026-01-14,remote,8,7.4,,0,0
ATT010460,EMP082,2026-01-15,present,8,7.1,,0,0
ATT010461,EMP082,2026-01-16,present,8,8.1,,0,0.1
ATT010462,EMP082,2026-01-19,leave,8,0,personal,0,0
ATT010463,EMP082,2026-01-20,present,8,9.0,,0,1.0
ATT010464,EMP082,2026-01-21,remote,8,7.8,,0,0
ATT010465,EMP082,2026-01-22,remote,8,7.6,,0,0
ATT010466,EMP082,2026-01-23,present,8,7.8,,0,0
ATT010467,EMP082,2026-01-26,holiday,8,0,,0,0
ATT010468,EMP082,2026-01-27,present,8,9.0,,0,1.0
ATT010469,EMP082,2026-01-28,remote,8,7.1,,0,0
ATT010470,EMP082,2026-01-29,present,8,7.3,,0,0
ATT010471,EMP082,2026-01-30,leave,8,0,personal,0,0
ATT010472,EMP082,2026-02-02,present,8,9.0,,0,1.0
ATT010473,EMP082,2026-02-03,present,8,7.2,,0,0
ATT010474,EMP082,2026-02-04,present,8,9.0,,0,1.0
ATT010475,EMP082,2026-02-05,present,8,8.5,,0,0.5
ATT010476,EMP082,2026-02-06,remote,8,9.5,,0,1.5
ATT010477,EMP082,2026-02-09,present,8,9.4,,0,1.4
ATT010478,EMP082,2026-02-10,present,8,8.6,,0,0.6
ATT010479,EMP082,2026-02-11,present,8,8.8,,0,0.8
ATT010480,EMP082,2026-02-12,present,8,7.4,,0,0
ATT010481,EMP082,2026-02-13,leave,8,0,casual,0,0
ATT010482,EMP082,2026-02-16,present,8,7.7,,0,0
ATT010483,EMP082,2026-02-17,remote,8,7.2,,0,0
ATT010484,EMP082,2026-02-18,remote,8,7.6,,0,0
ATT010485,EMP082,2026-02-19,remote,8,8.4,,0,0.4
ATT010486,EMP082,2026-02-20,remote,8,7.8,,0,0
ATT010487,EMP082,2026-02-23,present,8,7.7,,0,0
ATT010488,EMP082,2026-02-24,present,8,8.0,,0,0
ATT010489,EMP082,2026-02-25,present,8,8.2,,0,0.2
ATT010490,EMP082,2026-02-26,remote,8,7.2,,0,0
ATT010491,EMP082,2026-02-27,absent,8,0,,0,0
ATT010492,EMP082,2026-03-02,present,8,8.9,,0,0.9
ATT010493,EMP082,2026-03-03,leave,8,0,personal,0,0
ATT010494,EMP082,2026-03-04,present,8,7.2,,0,0
ATT010495,EMP082,2026-03-05,present,8,7.3,,0,0
ATT010496,EMP082,2026-03-06,present,8,9.4,,0,1.4
ATT010497,EMP082,2026-03-09,present,8,9.1,,0,1.1
ATT010498,EMP082,2026-03-10,holiday,8,0,,0,0
ATT010499,EMP082,2026-03-11,present,8,7.3,,0,0
ATT010500,EMP082,2026-03-12,remote,8,8.2,,0,0.2
ATT010501,EMP082,2026-03-13,present,8,7.2,,0,0
ATT010502,EMP082,2026-03-16,leave,8,0,sick,0,0
ATT010503,EMP082,2026-03-17,leave,8,0,personal,0,0
ATT010504,EMP082,2026-03-18,present,8,7.9,,0,0
ATT010505,EMP082,2026-03-19,remote,8,9.1,,0,1.1
ATT010506,EMP082,2026-03-20,remote,8,7.5,,0,0
ATT010507,EMP082,2026-03-23,remote,8,7.4,,15,0
ATT010508,EMP082,2026-03-24,remote,8,8.2,,0,0.2
ATT010509,EMP082,2026-03-25,remote,8,9.3,,0,1.3
ATT010510,EMP082,2026-03-26,remote,8,7.3,,0,0
ATT010511,EMP082,2026-03-27,present,8,7.4,,0,0
ATT010512,EMP082,2026-03-30,holiday,8,0,,0,0
ATT010513,EMP082,2026-03-31,remote,8,7.6,,0,0
ATT010514,EMP082,2026-04-01,present,8,8.7,,0,0.7
ATT010515,EMP082,2026-04-02,present,8,8.7,,0,0.7
ATT010516,EMP082,2026-04-03,present,8,7.6,,0,0
ATT010517,EMP082,2026-04-06,remote,8,8.6,,0,0.6
ATT010518,EMP082,2026-04-07,present,8,7.7,,0,0
ATT010519,EMP082,2026-04-08,present,8,8.1,,0,0.1
ATT010520,EMP082,2026-04-09,remote,8,8.3,,0,0.3
ATT010521,EMP082,2026-04-10,present,8,8.2,,0,0.2
ATT010522,EMP082,2026-04-13,present,8,8.8,,0,0.8
ATT010523,EMP082,2026-04-14,holiday,8,0,,0,0
ATT010524,EMP082,2026-04-15,present,8,8.9,,30,0.9
ATT010525,EMP082,2026-04-16,leave,8,0,sick,0,0
ATT010526,EMP082,2026-04-17,present,8,9.3,,0,1.3
ATT010527,EMP082,2026-04-20,absent,8,0,,0,0
ATT010528,EMP082,2026-04-21,present,8,8.4,,0,0.4
ATT010529,EMP082,2026-04-22,present,8,9.4,,0,1.4
ATT010530,EMP082,2026-04-23,leave,8,0,sick,0,0
ATT010531,EMP082,2026-04-24,present,8,8.2,,0,0.2
ATT010532,EMP082,2026-04-27,present,8,9.3,,0,1.3
ATT010533,EMP082,2026-04-28,remote,8,7.2,,0,0
ATT010534,EMP082,2026-04-29,present,8,8.1,,0,0.1
ATT010535,EMP082,2026-04-30,leave,8,0,personal,0,0
ATT010536,EMP082,2026-05-01,holiday,8,0,,0,0
ATT010537,EMP082,2026-05-04,absent,8,0,,0,0
ATT010538,EMP082,2026-05-05,remote,8,8.3,,0,0.3
ATT010539,EMP082,2026-05-06,remote,8,9.4,,0,1.4
ATT010540,EMP082,2026-05-07,present,8,8.4,,0,0.4
ATT010541,EMP082,2026-05-08,present,8,8.4,,0,0.4
ATT010542,EMP082,2026-05-11,present,8,7.7,,0,0
ATT010543,EMP082,2026-05-12,leave,8,0,earned,0,0
ATT010544,EMP082,2026-05-13,present,8,9.1,,0,1.1
ATT010545,EMP082,2026-05-14,present,8,8.8,,0,0.8
ATT010546,EMP082,2026-05-15,leave,8,0,sick,0,0
ATT010547,EMP082,2026-05-18,absent,8,0,,0,0
ATT010548,EMP082,2026-05-19,present,8,8.8,,0,0.8
ATT010549,EMP082,2026-05-20,present,8,9.1,,0,1.1
ATT010550,EMP082,2026-05-21,present,8,8.2,,0,0.2
ATT010551,EMP082,2026-05-22,present,8,9.1,,0,1.1
ATT010552,EMP082,2026-05-25,present,8,7.8,,0,0
ATT010553,EMP082,2026-05-26,present,8,8.6,,0,0.6
ATT010554,EMP082,2026-05-27,absent,8,0,,0,0
ATT010555,EMP082,2026-05-28,half_day,8,3.8,,0,0
ATT010556,EMP082,2026-05-29,present,8,7.7,,0,0
ATT010557,EMP082,2026-06-01,present,8,9.1,,0,1.1
ATT010558,EMP082,2026-06-02,present,8,8.6,,0,0.6
ATT010559,EMP082,2026-06-03,remote,8,8.2,,0,0.2
ATT010560,EMP082,2026-06-04,present,8,7.3,,0,0
ATT010561,EMP082,2026-06-05,present,8,9.1,,0,1.1
ATT010562,EMP082,2026-06-08,remote,8,8.8,,0,0.8
ATT010563,EMP082,2026-06-09,remote,8,7.8,,0,0
ATT010564,EMP082,2026-06-10,remote,8,7.9,,0,0
ATT010565,EMP082,2026-06-11,present,8,7.3,,0,0
ATT010566,EMP082,2026-06-12,present,8,7.7,,0,0
ATT010567,EMP082,2026-06-15,present,8,9.2,,0,1.2
ATT010568,EMP082,2026-06-16,remote,8,8.5,,0,0.5
ATT010569,EMP082,2026-06-17,holiday,8,0,,0,0
ATT010570,EMP082,2026-06-18,leave,8,0,earned,0,0
ATT010571,EMP082,2026-06-19,present,8,7.7,,0,0
ATT010572,EMP082,2026-06-22,present,8,9.5,,0,1.5
ATT010573,EMP082,2026-06-23,present,8,8.6,,0,0.6
ATT010574,EMP082,2026-06-24,remote,8,9.1,,0,1.1
ATT010575,EMP082,2026-06-25,present,8,7.2,,0,0
ATT010576,EMP082,2026-06-26,leave,8,0,earned,0,0
ATT010577,EMP082,2026-06-29,remote,8,7.1,,0,0
ATT010578,EMP082,2026-06-30,present,8,8.5,,0,0.5
ATT010579,EMP083,2026-01-01,present,8,8.0,,0,0
ATT010580,EMP083,2026-01-02,half_day,8,4.3,,0,0
ATT010581,EMP083,2026-01-05,leave,8,0,emergency,0,0
ATT010582,EMP083,2026-01-06,leave,8,0,personal,0,0
ATT010583,EMP083,2026-01-07,leave,8,0,personal,0,0
ATT010584,EMP083,2026-01-08,leave,8,0,emergency,0,0
ATT010585,EMP083,2026-01-09,present,8,7.7,,0,0
ATT010586,EMP083,2026-01-12,present,8,8.0,,0,0
ATT010587,EMP083,2026-01-13,leave,8,0,sick,0,0
ATT010588,EMP083,2026-01-14,absent,8,0,,0,0
ATT010589,EMP083,2026-01-15,leave,8,0,sick,0,0
ATT010590,EMP083,2026-01-16,absent,8,0,,0,0
ATT010591,EMP083,2026-01-19,absent,8,0,,0,0
ATT010592,EMP083,2026-01-20,present,8,7.8,,0,0
ATT010593,EMP083,2026-01-21,remote,8,9.3,,0,1.3
ATT010594,EMP083,2026-01-22,remote,8,7.1,,0,0
ATT010595,EMP083,2026-01-23,present,8,8.5,,0,0.5
ATT010596,EMP083,2026-01-26,holiday,8,0,,0,0
ATT010597,EMP083,2026-01-27,leave,8,0,emergency,0,0
ATT010598,EMP083,2026-01-28,present,8,9.0,,0,1.0
ATT010599,EMP083,2026-01-29,absent,8,0,,0,0
ATT010600,EMP083,2026-01-30,present,8,8.9,,0,0.9
ATT010601,EMP083,2026-02-02,present,8,7.8,,0,0
ATT010602,EMP083,2026-02-03,present,8,8.5,,0,0.5
ATT010603,EMP083,2026-02-04,present,8,7.6,,0,0
ATT010604,EMP083,2026-02-05,half_day,8,4.1,,0,0
ATT010605,EMP083,2026-02-06,present,8,9.4,,0,1.4
ATT010606,EMP083,2026-02-09,present,8,9.1,,0,1.1
ATT010607,EMP083,2026-02-10,remote,8,7.1,,0,0
ATT010608,EMP083,2026-02-11,present,8,9.5,,0,1.5
ATT010609,EMP083,2026-02-12,remote,8,8.8,,0,0.8
ATT010610,EMP083,2026-02-13,absent,8,0,,0,0
ATT010611,EMP083,2026-02-16,leave,8,0,sick,0,0
ATT010612,EMP083,2026-02-17,leave,8,0,casual,0,0
ATT010613,EMP083,2026-02-18,present,8,7.4,,0,0
ATT010614,EMP083,2026-02-19,present,8,7.7,,0,0
ATT010615,EMP083,2026-02-20,present,8,7.4,,0,0
ATT010616,EMP083,2026-02-23,leave,8,0,emergency,0,0
ATT010617,EMP083,2026-02-24,leave,8,0,emergency,0,0
ATT010618,EMP083,2026-02-25,half_day,8,4.2,,0,0
ATT010619,EMP083,2026-02-26,remote,8,8.3,,15,0.3
ATT010620,EMP083,2026-02-27,half_day,8,4.1,,0,0
ATT010621,EMP083,2026-03-02,leave,8,0,sick,0,0
ATT010622,EMP083,2026-03-03,present,8,7.5,,0,0
ATT010623,EMP083,2026-03-04,remote,8,9.2,,0,1.2
ATT010624,EMP083,2026-03-05,present,8,9.5,,0,1.5
ATT010625,EMP083,2026-03-06,present,8,7.9,,0,0
ATT010626,EMP083,2026-03-09,leave,8,0,sick,0,0
ATT010627,EMP083,2026-03-10,holiday,8,0,,0,0
ATT010628,EMP083,2026-03-11,leave,8,0,personal,0,0
ATT010629,EMP083,2026-03-12,leave,8,0,personal,0,0
ATT010630,EMP083,2026-03-13,remote,8,9.1,,0,1.1
ATT010631,EMP083,2026-03-16,remote,8,9.4,,0,1.4
ATT010632,EMP083,2026-03-17,present,8,9.4,,0,1.4
ATT010633,EMP083,2026-03-18,present,8,8.5,,0,0.5
ATT010634,EMP083,2026-03-19,leave,8,0,earned,0,0
ATT010635,EMP083,2026-03-20,present,8,8.4,,0,0.4
ATT010636,EMP083,2026-03-23,present,8,7.1,,0,0
ATT010637,EMP083,2026-03-24,leave,8,0,emergency,0,0
ATT010638,EMP083,2026-03-25,present,8,7.2,,0,0
ATT010639,EMP083,2026-03-26,present,8,9.4,,0,1.4
ATT010640,EMP083,2026-03-27,present,8,9.5,,0,1.5
ATT010641,EMP083,2026-03-30,holiday,8,0,,0,0
ATT010642,EMP083,2026-03-31,present,8,7.9,,0,0
ATT010643,EMP083,2026-04-01,absent,8,0,,0,0
ATT010644,EMP083,2026-04-02,remote,8,8.9,,0,0.9
ATT010645,EMP083,2026-04-03,remote,8,8.6,,0,0.6
ATT010646,EMP083,2026-04-06,leave,8,0,emergency,0,0
ATT010647,EMP083,2026-04-07,absent,8,0,,0,0
ATT010648,EMP083,2026-04-08,remote,8,7.6,,0,0
ATT010649,EMP083,2026-04-09,remote,8,9.2,,0,1.2
ATT010650,EMP083,2026-04-10,remote,8,7.5,,0,0
ATT010651,EMP083,2026-04-13,remote,8,8.9,,0,0.9
ATT010652,EMP083,2026-04-14,holiday,8,0,,0,0
ATT010653,EMP083,2026-04-15,remote,8,8.0,,0,0
ATT010654,EMP083,2026-04-16,present,8,7.9,,0,0
ATT010655,EMP083,2026-04-17,remote,8,9.3,,0,1.3
ATT010656,EMP083,2026-04-20,present,8,9.5,,0,1.5
ATT010657,EMP083,2026-04-21,present,8,8.9,,0,0.9
ATT010658,EMP083,2026-04-22,present,8,9.1,,0,1.1
ATT010659,EMP083,2026-04-23,present,8,9.4,,0,1.4
ATT010660,EMP083,2026-04-24,remote,8,7.3,,0,0
ATT010661,EMP083,2026-04-27,absent,8,0,,0,0
ATT010662,EMP083,2026-04-28,present,8,9.4,,0,1.4
ATT010663,EMP083,2026-04-29,remote,8,8.4,,0,0.4
ATT010664,EMP083,2026-04-30,absent,8,0,,0,0
ATT010665,EMP083,2026-05-01,holiday,8,0,,0,0
ATT010666,EMP083,2026-05-04,present,8,8.4,,0,0.4
ATT010667,EMP083,2026-05-05,present,8,8.4,,0,0.4
ATT010668,EMP083,2026-05-06,present,8,8.1,,10,0.1
ATT010669,EMP083,2026-05-07,present,8,9.3,,0,1.3
ATT010670,EMP083,2026-05-08,present,8,8.6,,15,0.6
ATT010671,EMP083,2026-05-11,half_day,8,4.2,,0,0
ATT010672,EMP083,2026-05-12,present,8,7.9,,20,0
ATT010673,EMP083,2026-05-13,remote,8,8.9,,0,0.9
ATT010674,EMP083,2026-05-14,present,8,8.8,,0,0.8
ATT010675,EMP083,2026-05-15,present,8,8.5,,0,0.5
ATT010676,EMP083,2026-05-18,present,8,8.6,,0,0.6
ATT010677,EMP083,2026-05-19,present,8,9.3,,0,1.3
ATT010678,EMP083,2026-05-20,present,8,8.3,,0,0.3
ATT010679,EMP083,2026-05-21,present,8,8.5,,0,0.5
ATT010680,EMP083,2026-05-22,present,8,7.8,,0,0
ATT010681,EMP083,2026-05-25,present,8,8.8,,0,0.8
ATT010682,EMP083,2026-05-26,present,8,9.2,,0,1.2
ATT010683,EMP083,2026-05-27,present,8,7.7,,0,0
ATT010684,EMP083,2026-05-28,present,8,7.5,,0,0
ATT010685,EMP083,2026-05-29,present,8,7.6,,0,0
ATT010686,EMP083,2026-06-01,leave,8,0,casual,0,0
ATT010687,EMP083,2026-06-02,present,8,8.6,,0,0.6
ATT010688,EMP083,2026-06-03,present,8,7.1,,0,0
ATT010689,EMP083,2026-06-04,remote,8,8.6,,0,0.6
ATT010690,EMP083,2026-06-05,present,8,9.2,,0,1.2
ATT010691,EMP083,2026-06-08,absent,8,0,,0,0
ATT010692,EMP083,2026-06-09,present,8,9.0,,0,1.0
ATT010693,EMP083,2026-06-10,remote,8,9.5,,0,1.5
ATT010694,EMP083,2026-06-11,leave,8,0,emergency,0,0
ATT010695,EMP083,2026-06-12,remote,8,7.0,,0,0
ATT010696,EMP083,2026-06-15,present,8,8.2,,0,0.2
ATT010697,EMP083,2026-06-16,leave,8,0,personal,0,0
ATT010698,EMP083,2026-06-17,holiday,8,0,,0,0
ATT010699,EMP083,2026-06-18,leave,8,0,emergency,0,0
ATT010700,EMP083,2026-06-19,leave,8,0,sick,0,0
ATT010701,EMP083,2026-06-22,remote,8,7.0,,0,0
ATT010702,EMP083,2026-06-23,present,8,7.4,,0,0
ATT010703,EMP083,2026-06-24,present,8,8.1,,0,0.1
ATT010704,EMP083,2026-06-25,remote,8,7.1,,0,0
ATT010705,EMP083,2026-06-26,present,8,7.3,,0,0
ATT010706,EMP083,2026-06-29,leave,8,0,casual,0,0
ATT010707,EMP083,2026-06-30,present,8,8.4,,0,0.4
ATT010708,EMP084,2026-01-01,present,8,8.8,,0,0.8
ATT010709,EMP084,2026-01-02,present,8,8.8,,0,0.8
ATT010710,EMP084,2026-01-05,present,8,8.1,,20,0.1
ATT010711,EMP084,2026-01-06,present,8,7.2,,0,0
ATT010712,EMP084,2026-01-07,absent,8,0,,0,0
ATT010713,EMP084,2026-01-08,half_day,8,4.4,,0,0
ATT010714,EMP084,2026-01-09,present,8,7.9,,0,0
ATT010715,EMP084,2026-01-12,present,8,7.3,,15,0
ATT010716,EMP084,2026-01-13,remote,8,7.6,,0,0
ATT010717,EMP084,2026-01-14,present,8,7.3,,0,0
ATT010718,EMP084,2026-01-15,present,8,7.0,,0,0
ATT010719,EMP084,2026-01-16,leave,8,0,personal,0,0
ATT010720,EMP084,2026-01-19,present,8,7.1,,0,0
ATT010721,EMP084,2026-01-20,leave,8,0,personal,0,0
ATT010722,EMP084,2026-01-21,absent,8,0,,0,0
ATT010723,EMP084,2026-01-22,leave,8,0,personal,0,0
ATT010724,EMP084,2026-01-23,present,8,9.3,,0,1.3
ATT010725,EMP084,2026-01-26,holiday,8,0,,0,0
ATT010726,EMP084,2026-01-27,present,8,8.1,,0,0.1
ATT010727,EMP084,2026-01-28,absent,8,0,,0,0
ATT010728,EMP084,2026-01-29,leave,8,0,casual,0,0
ATT010729,EMP084,2026-01-30,present,8,8.3,,0,0.3
ATT010730,EMP084,2026-02-02,present,8,8.4,,0,0.4
ATT010731,EMP084,2026-02-03,present,8,9.4,,0,1.4
ATT010732,EMP084,2026-02-04,remote,8,9.0,,0,1.0
ATT010733,EMP084,2026-02-05,present,8,8.0,,0,0
ATT010734,EMP084,2026-02-06,absent,8,0,,0,0
ATT010735,EMP084,2026-02-09,leave,8,0,casual,0,0
ATT010736,EMP084,2026-02-10,remote,8,8.8,,0,0.8
ATT010737,EMP084,2026-02-11,present,8,8.0,,0,0
ATT010738,EMP084,2026-02-12,present,8,7.3,,0,0
ATT010739,EMP084,2026-02-13,remote,8,7.3,,0,0
ATT010740,EMP084,2026-02-16,present,8,7.5,,0,0
ATT010741,EMP084,2026-02-17,present,8,7.6,,0,0
ATT010742,EMP084,2026-02-18,present,8,8.2,,0,0.2
ATT010743,EMP084,2026-02-19,present,8,8.4,,0,0.4
ATT010744,EMP084,2026-02-20,remote,8,7.5,,0,0
ATT010745,EMP084,2026-02-23,leave,8,0,personal,0,0
ATT010746,EMP084,2026-02-24,leave,8,0,sick,0,0
ATT010747,EMP084,2026-02-25,remote,8,8.1,,0,0.1
ATT010748,EMP084,2026-02-26,absent,8,0,,0,0
ATT010749,EMP084,2026-02-27,present,8,8.7,,10,0.7
ATT010750,EMP084,2026-03-02,present,8,7.4,,15,0
ATT010751,EMP084,2026-03-03,leave,8,0,earned,0,0
ATT010752,EMP084,2026-03-04,absent,8,0,,0,0
ATT010753,EMP084,2026-03-05,leave,8,0,personal,0,0
ATT010754,EMP084,2026-03-06,present,8,8.7,,0,0.7
ATT010755,EMP084,2026-03-09,present,8,8.3,,0,0.3
ATT010756,EMP084,2026-03-10,holiday,8,0,,0,0
ATT010757,EMP084,2026-03-11,present,8,8.6,,0,0.6
ATT010758,EMP084,2026-03-12,remote,8,8.5,,0,0.5
ATT010759,EMP084,2026-03-13,remote,8,8.4,,0,0.4
ATT010760,EMP084,2026-03-16,present,8,9.3,,0,1.3
ATT010761,EMP084,2026-03-17,present,8,7.0,,0,0
ATT010762,EMP084,2026-03-18,remote,8,8.6,,0,0.6
ATT010763,EMP084,2026-03-19,remote,8,7.9,,0,0
ATT010764,EMP084,2026-03-20,leave,8,0,sick,0,0
ATT010765,EMP084,2026-03-23,remote,8,7.8,,0,0
ATT010766,EMP084,2026-03-24,present,8,8.4,,0,0.4
ATT010767,EMP084,2026-03-25,present,8,7.8,,0,0
ATT010768,EMP084,2026-03-26,present,8,8.7,,0,0.7
ATT010769,EMP084,2026-03-27,present,8,7.9,,15,0
ATT010770,EMP084,2026-03-30,holiday,8,0,,0,0
ATT010771,EMP084,2026-03-31,present,8,7.0,,0,0
ATT010772,EMP084,2026-04-01,remote,8,9.4,,0,1.4
ATT010773,EMP084,2026-04-02,present,8,7.5,,0,0
ATT010774,EMP084,2026-04-03,remote,8,8.5,,0,0.5
ATT010775,EMP084,2026-04-06,leave,8,0,sick,0,0
ATT010776,EMP084,2026-04-07,present,8,9.2,,0,1.2
ATT010777,EMP084,2026-04-08,present,8,8.1,,0,0.1
ATT010778,EMP084,2026-04-09,leave,8,0,emergency,0,0
ATT010779,EMP084,2026-04-10,leave,8,0,emergency,0,0
ATT010780,EMP084,2026-04-13,leave,8,0,emergency,0,0
ATT010781,EMP084,2026-04-14,holiday,8,0,,0,0
ATT010782,EMP084,2026-04-15,remote,8,8.6,,0,0.6
ATT010783,EMP084,2026-04-16,absent,8,0,,0,0
ATT010784,EMP084,2026-04-17,present,8,7.1,,0,0
ATT010785,EMP084,2026-04-20,remote,8,8.4,,0,0.4
ATT010786,EMP084,2026-04-21,absent,8,0,,0,0
ATT010787,EMP084,2026-04-22,present,8,8.2,,0,0.2
ATT010788,EMP084,2026-04-23,remote,8,9.3,,0,1.3
ATT010789,EMP084,2026-04-24,present,8,7.1,,0,0
ATT010790,EMP084,2026-04-27,leave,8,0,emergency,0,0
ATT010791,EMP084,2026-04-28,remote,8,9.1,,0,1.1
ATT010792,EMP084,2026-04-29,present,8,8.8,,0,0.8
ATT010793,EMP084,2026-04-30,leave,8,0,emergency,0,0
ATT010794,EMP084,2026-05-01,holiday,8,0,,0,0
ATT010795,EMP084,2026-05-04,present,8,8.5,,0,0.5
ATT010796,EMP084,2026-05-05,remote,8,8.6,,0,0.6
ATT010797,EMP084,2026-05-06,absent,8,0,,0,0
ATT010798,EMP084,2026-05-07,present,8,7.5,,0,0
ATT010799,EMP084,2026-05-08,remote,8,7.7,,0,0
ATT010800,EMP084,2026-05-11,present,8,7.1,,0,0
ATT010801,EMP084,2026-05-12,leave,8,0,emergency,0,0
ATT010802,EMP084,2026-05-13,present,8,8.5,,0,0.5
ATT010803,EMP084,2026-05-14,present,8,7.4,,0,0
ATT010804,EMP084,2026-05-15,absent,8,0,,0,0
ATT010805,EMP084,2026-05-18,remote,8,9.4,,0,1.4
ATT010806,EMP084,2026-05-19,leave,8,0,emergency,0,0
ATT010807,EMP084,2026-05-20,leave,8,0,personal,0,0
ATT010808,EMP084,2026-05-21,present,8,9.1,,0,1.1
ATT010809,EMP084,2026-05-22,present,8,7.1,,0,0
ATT010810,EMP084,2026-05-25,present,8,8.6,,20,0.6
ATT010811,EMP084,2026-05-26,present,8,7.4,,0,0
ATT010812,EMP084,2026-05-27,present,8,9.2,,0,1.2
ATT010813,EMP084,2026-05-28,remote,8,9.1,,0,1.1
ATT010814,EMP084,2026-05-29,leave,8,0,emergency,0,0
ATT010815,EMP084,2026-06-01,remote,8,7.8,,0,0
ATT010816,EMP084,2026-06-02,present,8,8.8,,0,0.8
ATT010817,EMP084,2026-06-03,remote,8,8.0,,0,0
ATT010818,EMP084,2026-06-04,leave,8,0,sick,0,0
ATT010819,EMP084,2026-06-05,present,8,8.7,,0,0.7
ATT010820,EMP084,2026-06-08,present,8,9.1,,0,1.1
ATT010821,EMP084,2026-06-09,leave,8,0,casual,0,0
ATT010822,EMP084,2026-06-10,remote,8,9.5,,0,1.5
ATT010823,EMP084,2026-06-11,present,8,8.4,,0,0.4
ATT010824,EMP084,2026-06-12,remote,8,8.9,,0,0.9
ATT010825,EMP084,2026-06-15,half_day,8,4.3,,0,0
ATT010826,EMP084,2026-06-16,present,8,9.2,,0,1.2
ATT010827,EMP084,2026-06-17,holiday,8,0,,0,0
ATT010828,EMP084,2026-06-18,present,8,7.2,,0,0
ATT010829,EMP084,2026-06-19,present,8,8.6,,0,0.6
ATT010830,EMP084,2026-06-22,leave,8,0,casual,0,0
ATT010831,EMP084,2026-06-23,leave,8,0,casual,0,0
ATT010832,EMP084,2026-06-24,present,8,9.4,,0,1.4
ATT010833,EMP084,2026-06-25,present,8,8.9,,30,0.9
ATT010834,EMP084,2026-06-26,present,8,7.9,,0,0
ATT010835,EMP084,2026-06-29,present,8,9.3,,0,1.3
ATT010836,EMP084,2026-06-30,present,8,8.4,,20,0.4
ATT010837,EMP085,2026-01-01,leave,8,0,emergency,0,0
ATT010838,EMP085,2026-01-02,remote,8,8.0,,0,0
ATT010839,EMP085,2026-01-05,present,8,8.5,,0,0.5
ATT010840,EMP085,2026-01-06,present,8,7.7,,0,0
ATT010841,EMP085,2026-01-07,present,8,8.5,,0,0.5
ATT010842,EMP085,2026-01-08,present,8,9.4,,0,1.4
ATT010843,EMP085,2026-01-09,present,8,7.5,,0,0
ATT010844,EMP085,2026-01-12,present,8,9.0,,0,1.0
ATT010845,EMP085,2026-01-13,present,8,9.3,,0,1.3
ATT010846,EMP085,2026-01-14,present,8,7.2,,0,0
ATT010847,EMP085,2026-01-15,present,8,7.5,,0,0
ATT010848,EMP085,2026-01-16,remote,8,7.0,,0,0
ATT010849,EMP085,2026-01-19,present,8,7.2,,0,0
ATT010850,EMP085,2026-01-20,present,8,7.5,,0,0
ATT010851,EMP085,2026-01-21,present,8,9.4,,0,1.4
ATT010852,EMP085,2026-01-22,present,8,8.1,,0,0.1
ATT010853,EMP085,2026-01-23,present,8,9.5,,0,1.5
ATT010854,EMP085,2026-01-26,holiday,8,0,,0,0
ATT010855,EMP085,2026-01-27,remote,8,8.8,,5,0.8
ATT010856,EMP085,2026-01-28,present,8,9.4,,0,1.4
ATT010857,EMP085,2026-01-29,present,8,9.2,,20,1.2
ATT010858,EMP085,2026-01-30,present,8,7.2,,0,0
ATT010859,EMP085,2026-02-02,remote,8,8.7,,0,0.7
ATT010860,EMP085,2026-02-03,present,8,8.9,,0,0.9
ATT010861,EMP085,2026-02-04,present,8,7.2,,0,0
ATT010862,EMP085,2026-02-05,remote,8,7.4,,0,0
ATT010863,EMP085,2026-02-06,present,8,8.2,,0,0.2
ATT010864,EMP085,2026-02-09,present,8,7.5,,0,0
ATT010865,EMP085,2026-02-10,present,8,9.0,,0,1.0
ATT010866,EMP085,2026-02-11,half_day,8,3.9,,0,0
ATT010867,EMP085,2026-02-12,present,8,8.6,,0,0.6
ATT010868,EMP085,2026-02-13,present,8,8.1,,0,0.1
ATT010869,EMP085,2026-02-16,present,8,9.4,,0,1.4
ATT010870,EMP085,2026-02-17,remote,8,8.3,,0,0.3
ATT010871,EMP085,2026-02-18,present,8,8.3,,0,0.3
ATT010872,EMP085,2026-02-19,remote,8,8.3,,0,0.3
ATT010873,EMP085,2026-02-20,remote,8,9.4,,0,1.4
ATT010874,EMP085,2026-02-23,present,8,9.0,,0,1.0
ATT010875,EMP085,2026-02-24,present,8,7.2,,0,0
ATT010876,EMP085,2026-02-25,present,8,8.5,,0,0.5
ATT010877,EMP085,2026-02-26,remote,8,7.5,,0,0
ATT010878,EMP085,2026-02-27,present,8,8.9,,0,0.9
ATT010879,EMP085,2026-03-02,remote,8,7.4,,0,0
ATT010880,EMP085,2026-03-03,half_day,8,4.2,,0,0
ATT010881,EMP085,2026-03-04,remote,8,8.3,,0,0.3
ATT010882,EMP085,2026-03-05,remote,8,7.9,,0,0
ATT010883,EMP085,2026-03-06,present,8,8.9,,0,0.9
ATT010884,EMP085,2026-03-09,remote,8,7.7,,0,0
ATT010885,EMP085,2026-03-10,holiday,8,0,,0,0
ATT010886,EMP085,2026-03-11,present,8,8.5,,0,0.5
ATT010887,EMP085,2026-03-12,present,8,9.4,,0,1.4
ATT010888,EMP085,2026-03-13,present,8,8.7,,20,0.7
ATT010889,EMP085,2026-03-16,remote,8,9.5,,0,1.5
ATT010890,EMP085,2026-03-17,remote,8,9.1,,0,1.1
ATT010891,EMP085,2026-03-18,remote,8,8.3,,0,0.3
ATT010892,EMP085,2026-03-19,present,8,8.2,,0,0.2
ATT010893,EMP085,2026-03-20,remote,8,9.4,,0,1.4
ATT010894,EMP085,2026-03-23,remote,8,9.4,,30,1.4
ATT010895,EMP085,2026-03-24,present,8,8.7,,30,0.7
ATT010896,EMP085,2026-03-25,present,8,7.1,,0,0
ATT010897,EMP085,2026-03-26,half_day,8,4.2,,0,0
ATT010898,EMP085,2026-03-27,remote,8,8.9,,0,0.9
ATT010899,EMP085,2026-03-30,holiday,8,0,,0,0
ATT010900,EMP085,2026-03-31,present,8,7.5,,0,0
ATT010901,EMP085,2026-04-01,present,8,7.6,,0,0
ATT010902,EMP085,2026-04-02,present,8,9.3,,0,1.3
ATT010903,EMP085,2026-04-03,present,8,9.4,,0,1.4
ATT010904,EMP085,2026-04-06,present,8,9.0,,0,1.0
ATT010905,EMP085,2026-04-07,present,8,7.5,,0,0
ATT010906,EMP085,2026-04-08,present,8,8.6,,0,0.6
ATT010907,EMP085,2026-04-09,present,8,9.5,,0,1.5
ATT010908,EMP085,2026-04-10,absent,8,0,,0,0
ATT010909,EMP085,2026-04-13,remote,8,7.4,,0,0
ATT010910,EMP085,2026-04-14,holiday,8,0,,0,0
ATT010911,EMP085,2026-04-15,present,8,7.1,,0,0
ATT010912,EMP085,2026-04-16,present,8,7.9,,0,0
ATT010913,EMP085,2026-04-17,present,8,9.5,,0,1.5
ATT010914,EMP085,2026-04-20,present,8,9.4,,0,1.4
ATT010915,EMP085,2026-04-21,present,8,8.1,,0,0.1
ATT010916,EMP085,2026-04-22,present,8,7.3,,0,0
ATT010917,EMP085,2026-04-23,remote,8,8.8,,0,0.8
ATT010918,EMP085,2026-04-24,present,8,8.2,,0,0.2
ATT010919,EMP085,2026-04-27,present,8,9.5,,0,1.5
ATT010920,EMP085,2026-04-28,present,8,8.8,,15,0.8
ATT010921,EMP085,2026-04-29,present,8,9.0,,0,1.0
ATT010922,EMP085,2026-04-30,present,8,8.6,,0,0.6
ATT010923,EMP085,2026-05-01,holiday,8,0,,0,0
ATT010924,EMP085,2026-05-04,remote,8,8.3,,0,0.3
ATT010925,EMP085,2026-05-05,half_day,8,4.1,,5,0
ATT010926,EMP085,2026-05-06,present,8,8.6,,0,0.6
ATT010927,EMP085,2026-05-07,present,8,8.7,,0,0.7
ATT010928,EMP085,2026-05-08,remote,8,8.1,,0,0.1
ATT010929,EMP085,2026-05-11,present,8,9.4,,0,1.4
ATT010930,EMP085,2026-05-12,leave,8,0,personal,0,0
ATT010931,EMP085,2026-05-13,present,8,7.4,,0,0
ATT010932,EMP085,2026-05-14,remote,8,8.7,,0,0.7
ATT010933,EMP085,2026-05-15,remote,8,7.4,,0,0
ATT010934,EMP085,2026-05-18,present,8,7.8,,0,0
ATT010935,EMP085,2026-05-19,present,8,9.4,,0,1.4
ATT010936,EMP085,2026-05-20,present,8,7.8,,0,0
ATT010937,EMP085,2026-05-21,present,8,7.0,,0,0
ATT010938,EMP085,2026-05-22,present,8,8.8,,0,0.8
ATT010939,EMP085,2026-05-25,present,8,9.1,,0,1.1
ATT010940,EMP085,2026-05-26,present,8,8.2,,0,0.2
ATT010941,EMP085,2026-05-27,present,8,7.9,,0,0
ATT010942,EMP085,2026-05-28,remote,8,9.3,,0,1.3
ATT010943,EMP085,2026-05-29,present,8,8.6,,0,0.6
ATT010944,EMP085,2026-06-01,present,8,7.8,,0,0
ATT010945,EMP085,2026-06-02,present,8,7.9,,0,0
ATT010946,EMP085,2026-06-03,present,8,7.1,,0,0
ATT010947,EMP085,2026-06-04,remote,8,8.9,,0,0.9
ATT010948,EMP085,2026-06-05,present,8,9.1,,0,1.1
ATT010949,EMP085,2026-06-08,present,8,7.7,,0,0
ATT010950,EMP085,2026-06-09,remote,8,8.6,,0,0.6
ATT010951,EMP085,2026-06-10,remote,8,8.7,,0,0.7
ATT010952,EMP085,2026-06-11,present,8,7.6,,0,0
ATT010953,EMP085,2026-06-12,present,8,8.3,,20,0.3
ATT010954,EMP085,2026-06-15,present,8,7.2,,0,0
ATT010955,EMP085,2026-06-16,present,8,7.4,,0,0
ATT010956,EMP085,2026-06-17,holiday,8,0,,0,0
ATT010957,EMP085,2026-06-18,present,8,7.7,,0,0
ATT010958,EMP085,2026-06-19,present,8,9.3,,0,1.3
ATT010959,EMP085,2026-06-22,present,8,9.4,,0,1.4
ATT010960,EMP085,2026-06-23,present,8,7.1,,0,0
ATT010961,EMP085,2026-06-24,present,8,7.3,,0,0
ATT010962,EMP085,2026-06-25,present,8,9.5,,0,1.5
ATT010963,EMP085,2026-06-26,present,8,7.2,,0,0
ATT010964,EMP085,2026-06-29,remote,8,8.5,,0,0.5
ATT010965,EMP085,2026-06-30,present,8,8.9,,0,0.9
ATT010966,EMP086,2026-01-01,present,8,9.1,,0,1.1
ATT010967,EMP086,2026-01-02,leave,8,0,personal,0,0
ATT010968,EMP086,2026-01-05,present,8,7.5,,0,0
ATT010969,EMP086,2026-01-06,remote,8,7.8,,0,0
ATT010970,EMP086,2026-01-07,absent,8,0,,0,0
ATT010971,EMP086,2026-01-08,present,8,7.2,,0,0
ATT010972,EMP086,2026-01-09,remote,8,7.5,,0,0
ATT010973,EMP086,2026-01-12,present,8,8.0,,0,0
ATT010974,EMP086,2026-01-13,present,8,8.7,,0,0.7
ATT010975,EMP086,2026-01-14,present,8,7.4,,0,0
ATT010976,EMP086,2026-01-15,remote,8,9.1,,0,1.1
ATT010977,EMP086,2026-01-16,leave,8,0,personal,0,0
ATT010978,EMP086,2026-01-19,remote,8,8.8,,0,0.8
ATT010979,EMP086,2026-01-20,present,8,9.0,,0,1.0
ATT010980,EMP086,2026-01-21,present,8,8.0,,0,0
ATT010981,EMP086,2026-01-22,remote,8,7.9,,0,0
ATT010982,EMP086,2026-01-23,present,8,7.9,,0,0
ATT010983,EMP086,2026-01-26,holiday,8,0,,0,0
ATT010984,EMP086,2026-01-27,present,8,9.5,,0,1.5
ATT010985,EMP086,2026-01-28,present,8,8.7,,0,0.7
ATT010986,EMP086,2026-01-29,leave,8,0,casual,0,0
ATT010987,EMP086,2026-01-30,present,8,9.0,,0,1.0
ATT010988,EMP086,2026-02-02,present,8,9.0,,0,1.0
ATT010989,EMP086,2026-02-03,present,8,8.9,,0,0.9
ATT010990,EMP086,2026-02-04,present,8,8.7,,0,0.7
ATT010991,EMP086,2026-02-05,leave,8,0,emergency,0,0
ATT010992,EMP086,2026-02-06,present,8,9.2,,0,1.2
ATT010993,EMP086,2026-02-09,half_day,8,3.6,,0,0
ATT010994,EMP086,2026-02-10,present,8,8.3,,0,0.3
ATT010995,EMP086,2026-02-11,present,8,8.2,,0,0.2
ATT010996,EMP086,2026-02-12,remote,8,7.7,,0,0
ATT010997,EMP086,2026-02-13,remote,8,7.5,,0,0
ATT010998,EMP086,2026-02-16,present,8,8.1,,0,0.1
ATT010999,EMP086,2026-02-17,remote,8,7.3,,0,0
ATT011000,EMP086,2026-02-18,present,8,8.2,,0,0.2
ATT011001,EMP086,2026-02-19,present,8,8.1,,0,0.1
ATT011002,EMP086,2026-02-20,present,8,8.9,,0,0.9
ATT011003,EMP086,2026-02-23,present,8,8.7,,0,0.7
ATT011004,EMP086,2026-02-24,leave,8,0,earned,0,0
ATT011005,EMP086,2026-02-25,remote,8,8.4,,0,0.4
ATT011006,EMP086,2026-02-26,present,8,7.4,,0,0
ATT011007,EMP086,2026-02-27,absent,8,0,,0,0
ATT011008,EMP086,2026-03-02,present,8,9.3,,0,1.3
ATT011009,EMP086,2026-03-03,present,8,7.2,,0,0
ATT011010,EMP086,2026-03-04,present,8,9.3,,0,1.3
ATT011011,EMP086,2026-03-05,present,8,8.3,,0,0.3
ATT011012,EMP086,2026-03-06,leave,8,0,earned,0,0
ATT011013,EMP086,2026-03-09,present,8,7.7,,0,0
ATT011014,EMP086,2026-03-10,holiday,8,0,,0,0
ATT011015,EMP086,2026-03-11,present,8,7.7,,0,0
ATT011016,EMP086,2026-03-12,absent,8,0,,0,0
ATT011017,EMP086,2026-03-13,remote,8,7.4,,0,0
ATT011018,EMP086,2026-03-16,present,8,8.4,,0,0.4
ATT011019,EMP086,2026-03-17,absent,8,0,,0,0
ATT011020,EMP086,2026-03-18,present,8,9.1,,0,1.1
ATT011021,EMP086,2026-03-19,leave,8,0,earned,0,0
ATT011022,EMP086,2026-03-20,present,8,7.6,,0,0
ATT011023,EMP086,2026-03-23,present,8,9.3,,0,1.3
ATT011024,EMP086,2026-03-24,present,8,8.5,,0,0.5
ATT011025,EMP086,2026-03-25,absent,8,0,,0,0
ATT011026,EMP086,2026-03-26,present,8,7.6,,0,0
ATT011027,EMP086,2026-03-27,present,8,7.0,,0,0
ATT011028,EMP086,2026-03-30,holiday,8,0,,0,0
ATT011029,EMP086,2026-03-31,remote,8,8.8,,0,0.8
ATT011030,EMP086,2026-04-01,remote,8,7.8,,0,0
ATT011031,EMP086,2026-04-02,leave,8,0,sick,0,0
ATT011032,EMP086,2026-04-03,leave,8,0,personal,0,0
ATT011033,EMP086,2026-04-06,present,8,7.7,,0,0
ATT011034,EMP086,2026-04-07,present,8,8.1,,0,0.1
ATT011035,EMP086,2026-04-08,leave,8,0,earned,0,0
ATT011036,EMP086,2026-04-09,present,8,8.5,,0,0.5
ATT011037,EMP086,2026-04-10,present,8,7.9,,0,0
ATT011038,EMP086,2026-04-13,present,8,9.2,,0,1.2
ATT011039,EMP086,2026-04-14,holiday,8,0,,0,0
ATT011040,EMP086,2026-04-15,present,8,9.0,,0,1.0
ATT011041,EMP086,2026-04-16,remote,8,9.3,,0,1.3
ATT011042,EMP086,2026-04-17,remote,8,9.2,,0,1.2
ATT011043,EMP086,2026-04-20,present,8,8.4,,0,0.4
ATT011044,EMP086,2026-04-21,present,8,9.4,,0,1.4
ATT011045,EMP086,2026-04-22,leave,8,0,personal,0,0
ATT011046,EMP086,2026-04-23,remote,8,9.1,,0,1.1
ATT011047,EMP086,2026-04-24,present,8,9.4,,0,1.4
ATT011048,EMP086,2026-04-27,leave,8,0,personal,0,0
ATT011049,EMP086,2026-04-28,present,8,7.7,,0,0
ATT011050,EMP086,2026-04-29,remote,8,8.1,,0,0.1
ATT011051,EMP086,2026-04-30,present,8,7.7,,0,0
ATT011052,EMP086,2026-05-01,holiday,8,0,,0,0
ATT011053,EMP086,2026-05-04,remote,8,9.2,,0,1.2
ATT011054,EMP086,2026-05-05,remote,8,8.6,,0,0.6
ATT011055,EMP086,2026-05-06,leave,8,0,casual,0,0
ATT011056,EMP086,2026-05-07,leave,8,0,personal,0,0
ATT011057,EMP086,2026-05-08,present,8,8.0,,0,0
ATT011058,EMP086,2026-05-11,present,8,8.2,,0,0.2
ATT011059,EMP086,2026-05-12,present,8,7.9,,0,0
ATT011060,EMP086,2026-05-13,leave,8,0,earned,0,0
ATT011061,EMP086,2026-05-14,present,8,8.3,,0,0.3
ATT011062,EMP086,2026-05-15,leave,8,0,emergency,0,0
ATT011063,EMP086,2026-05-18,leave,8,0,casual,0,0
ATT011064,EMP086,2026-05-19,remote,8,7.1,,0,0
ATT011065,EMP086,2026-05-20,present,8,9.2,,0,1.2
ATT011066,EMP086,2026-05-21,remote,8,7.2,,20,0
ATT011067,EMP086,2026-05-22,leave,8,0,earned,0,0
ATT011068,EMP086,2026-05-25,present,8,8.0,,0,0
ATT011069,EMP086,2026-05-26,present,8,9.0,,0,1.0
ATT011070,EMP086,2026-05-27,remote,8,7.7,,0,0
ATT011071,EMP086,2026-05-28,absent,8,0,,0,0
ATT011072,EMP086,2026-05-29,present,8,8.5,,30,0.5
ATT011073,EMP086,2026-06-01,present,8,7.2,,0,0
ATT011074,EMP086,2026-06-02,remote,8,8.7,,0,0.7
ATT011075,EMP086,2026-06-03,present,8,8.8,,0,0.8
ATT011076,EMP086,2026-06-04,present,8,8.2,,0,0.2
ATT011077,EMP086,2026-06-05,absent,8,0,,0,0
ATT011078,EMP086,2026-06-08,present,8,7.0,,0,0
ATT011079,EMP086,2026-06-09,half_day,8,3.7,,0,0
ATT011080,EMP086,2026-06-10,present,8,8.8,,0,0.8
ATT011081,EMP086,2026-06-11,leave,8,0,earned,0,0
ATT011082,EMP086,2026-06-12,leave,8,0,personal,0,0
ATT011083,EMP086,2026-06-15,remote,8,8.6,,0,0.6
ATT011084,EMP086,2026-06-16,present,8,9.5,,0,1.5
ATT011085,EMP086,2026-06-17,holiday,8,0,,0,0
ATT011086,EMP086,2026-06-18,present,8,7.5,,0,0
ATT011087,EMP086,2026-06-19,present,8,8.8,,0,0.8
ATT011088,EMP086,2026-06-22,present,8,9.5,,0,1.5
ATT011089,EMP086,2026-06-23,leave,8,0,sick,0,0
ATT011090,EMP086,2026-06-24,leave,8,0,earned,0,0
ATT011091,EMP086,2026-06-25,remote,8,7.4,,0,0
ATT011092,EMP086,2026-06-26,leave,8,0,emergency,0,0
ATT011093,EMP086,2026-06-29,present,8,7.9,,0,0
ATT011094,EMP086,2026-06-30,absent,8,0,,0,0
ATT011095,EMP087,2026-01-01,present,8,7.6,,0,0
ATT011096,EMP087,2026-01-02,half_day,8,4.2,,0,0
ATT011097,EMP087,2026-01-05,present,8,7.4,,0,0
ATT011098,EMP087,2026-01-06,present,8,7.8,,0,0
ATT011099,EMP087,2026-01-07,present,8,8.7,,0,0.7
ATT011100,EMP087,2026-01-08,remote,8,8.0,,0,0
ATT011101,EMP087,2026-01-09,leave,8,0,personal,0,0
ATT011102,EMP087,2026-01-12,present,8,7.2,,0,0
ATT011103,EMP087,2026-01-13,leave,8,0,emergency,0,0
ATT011104,EMP087,2026-01-14,present,8,9.0,,0,1.0
ATT011105,EMP087,2026-01-15,present,8,8.8,,0,0.8
ATT011106,EMP087,2026-01-16,absent,8,0,,0,0
ATT011107,EMP087,2026-01-19,present,8,8.2,,0,0.2
ATT011108,EMP087,2026-01-20,leave,8,0,personal,0,0
ATT011109,EMP087,2026-01-21,present,8,8.8,,0,0.8
ATT011110,EMP087,2026-01-22,leave,8,0,emergency,0,0
ATT011111,EMP087,2026-01-23,present,8,8.6,,0,0.6
ATT011112,EMP087,2026-01-26,holiday,8,0,,0,0
ATT011113,EMP087,2026-01-27,present,8,8.3,,0,0.3
ATT011114,EMP087,2026-01-28,present,8,9.2,,0,1.2
ATT011115,EMP087,2026-01-29,present,8,8.6,,0,0.6
ATT011116,EMP087,2026-01-30,present,8,7.7,,0,0
ATT011117,EMP087,2026-02-02,present,8,9.1,,0,1.1
ATT011118,EMP087,2026-02-03,present,8,7.4,,0,0
ATT011119,EMP087,2026-02-04,present,8,8.9,,0,0.9
ATT011120,EMP087,2026-02-05,present,8,7.5,,0,0
ATT011121,EMP087,2026-02-06,present,8,8.6,,0,0.6
ATT011122,EMP087,2026-02-09,present,8,7.7,,0,0
ATT011123,EMP087,2026-02-10,remote,8,7.3,,0,0
ATT011124,EMP087,2026-02-11,present,8,7.0,,0,0
ATT011125,EMP087,2026-02-12,remote,8,9.4,,0,1.4
ATT011126,EMP087,2026-02-13,remote,8,7.5,,0,0
ATT011127,EMP087,2026-02-16,remote,8,7.9,,0,0
ATT011128,EMP087,2026-02-17,present,8,9.1,,0,1.1
ATT011129,EMP087,2026-02-18,present,8,7.1,,0,0
ATT011130,EMP087,2026-02-19,present,8,8.8,,0,0.8
ATT011131,EMP087,2026-02-20,half_day,8,4.2,,0,0
ATT011132,EMP087,2026-02-23,present,8,9.3,,0,1.3
ATT011133,EMP087,2026-02-24,present,8,7.9,,0,0
ATT011134,EMP087,2026-02-25,present,8,9.1,,0,1.1
ATT011135,EMP087,2026-02-26,present,8,8.5,,0,0.5
ATT011136,EMP087,2026-02-27,half_day,8,4.1,,0,0
ATT011137,EMP087,2026-03-02,leave,8,0,emergency,0,0
ATT011138,EMP087,2026-03-03,leave,8,0,personal,0,0
ATT011139,EMP087,2026-03-04,remote,8,7.4,,0,0
ATT011140,EMP087,2026-03-05,remote,8,7.9,,0,0
ATT011141,EMP087,2026-03-06,half_day,8,3.6,,0,0
ATT011142,EMP087,2026-03-09,remote,8,7.1,,0,0
ATT011143,EMP087,2026-03-10,holiday,8,0,,0,0
ATT011144,EMP087,2026-03-11,present,8,7.6,,0,0
ATT011145,EMP087,2026-03-12,present,8,9.1,,0,1.1
ATT011146,EMP087,2026-03-13,present,8,7.2,,0,0
ATT011147,EMP087,2026-03-16,remote,8,8.9,,0,0.9
ATT011148,EMP087,2026-03-17,present,8,8.7,,0,0.7
ATT011149,EMP087,2026-03-18,remote,8,7.6,,0,0
ATT011150,EMP087,2026-03-19,present,8,8.6,,0,0.6
ATT011151,EMP087,2026-03-20,present,8,8.1,,0,0.1
ATT011152,EMP087,2026-03-23,present,8,7.6,,0,0
ATT011153,EMP087,2026-03-24,half_day,8,3.8,,0,0
ATT011154,EMP087,2026-03-25,present,8,9.0,,0,1.0
ATT011155,EMP087,2026-03-26,present,8,8.3,,0,0.3
ATT011156,EMP087,2026-03-27,remote,8,8.3,,5,0.3
ATT011157,EMP087,2026-03-30,holiday,8,0,,0,0
ATT011158,EMP087,2026-03-31,present,8,7.4,,0,0
ATT011159,EMP087,2026-04-01,remote,8,8.7,,0,0.7
ATT011160,EMP087,2026-04-02,present,8,7.5,,0,0
ATT011161,EMP087,2026-04-03,remote,8,7.1,,10,0
ATT011162,EMP087,2026-04-06,remote,8,8.9,,0,0.9
ATT011163,EMP087,2026-04-07,present,8,7.1,,0,0
ATT011164,EMP087,2026-04-08,present,8,9.0,,0,1.0
ATT011165,EMP087,2026-04-09,leave,8,0,emergency,0,0
ATT011166,EMP087,2026-04-10,present,8,9.0,,0,1.0
ATT011167,EMP087,2026-04-13,half_day,8,4.2,,0,0
ATT011168,EMP087,2026-04-14,holiday,8,0,,0,0
ATT011169,EMP087,2026-04-15,present,8,9.0,,0,1.0
ATT011170,EMP087,2026-04-16,present,8,8.0,,0,0
ATT011171,EMP087,2026-04-17,present,8,9.4,,0,1.4
ATT011172,EMP087,2026-04-20,leave,8,0,sick,0,0
ATT011173,EMP087,2026-04-21,present,8,7.5,,0,0
ATT011174,EMP087,2026-04-22,present,8,8.7,,0,0.7
ATT011175,EMP087,2026-04-23,present,8,8.0,,0,0
ATT011176,EMP087,2026-04-24,present,8,8.3,,0,0.3
ATT011177,EMP087,2026-04-27,present,8,7.5,,0,0
ATT011178,EMP087,2026-04-28,half_day,8,3.7,,0,0
ATT011179,EMP087,2026-04-29,leave,8,0,earned,0,0
ATT011180,EMP087,2026-04-30,present,8,7.8,,0,0
ATT011181,EMP087,2026-05-01,holiday,8,0,,0,0
ATT011182,EMP087,2026-05-04,present,8,7.8,,0,0
ATT011183,EMP087,2026-05-05,present,8,8.0,,10,0
ATT011184,EMP087,2026-05-06,remote,8,8.6,,0,0.6
ATT011185,EMP087,2026-05-07,remote,8,8.7,,0,0.7
ATT011186,EMP087,2026-05-08,remote,8,7.0,,0,0
ATT011187,EMP087,2026-05-11,remote,8,8.8,,0,0.8
ATT011188,EMP087,2026-05-12,remote,8,8.9,,0,0.9
ATT011189,EMP087,2026-05-13,remote,8,7.8,,0,0
ATT011190,EMP087,2026-05-14,present,8,8.2,,0,0.2
ATT011191,EMP087,2026-05-15,present,8,8.9,,0,0.9
ATT011192,EMP087,2026-05-18,present,8,7.9,,0,0
ATT011193,EMP087,2026-05-19,present,8,9.2,,0,1.2
ATT011194,EMP087,2026-05-20,present,8,7.8,,0,0
ATT011195,EMP087,2026-05-21,present,8,9.1,,0,1.1
ATT011196,EMP087,2026-05-22,remote,8,7.8,,0,0
ATT011197,EMP087,2026-05-25,remote,8,7.2,,0,0
ATT011198,EMP087,2026-05-26,present,8,9.5,,0,1.5
ATT011199,EMP087,2026-05-27,present,8,9.0,,0,1.0
ATT011200,EMP087,2026-05-28,present,8,8.4,,0,0.4
ATT011201,EMP087,2026-05-29,present,8,9.5,,0,1.5
ATT011202,EMP087,2026-06-01,present,8,7.8,,0,0
ATT011203,EMP087,2026-06-02,present,8,8.7,,10,0.7
ATT011204,EMP087,2026-06-03,present,8,8.6,,20,0.6
ATT011205,EMP087,2026-06-04,present,8,9.0,,0,1.0
ATT011206,EMP087,2026-06-05,present,8,8.0,,20,0
ATT011207,EMP087,2026-06-08,present,8,9.4,,0,1.4
ATT011208,EMP087,2026-06-09,present,8,8.2,,0,0.2
ATT011209,EMP087,2026-06-10,present,8,8.7,,0,0.7
ATT011210,EMP087,2026-06-11,present,8,7.3,,0,0
ATT011211,EMP087,2026-06-12,present,8,8.4,,0,0.4
ATT011212,EMP087,2026-06-15,present,8,7.9,,0,0
ATT011213,EMP087,2026-06-16,leave,8,0,personal,0,0
ATT011214,EMP087,2026-06-17,holiday,8,0,,0,0
ATT011215,EMP087,2026-06-18,present,8,7.9,,0,0
ATT011216,EMP087,2026-06-19,absent,8,0,,0,0
ATT011217,EMP087,2026-06-22,remote,8,8.0,,0,0
ATT011218,EMP087,2026-06-23,present,8,7.2,,0,0
ATT011219,EMP087,2026-06-24,present,8,8.9,,0,0.9
ATT011220,EMP087,2026-06-25,present,8,7.4,,0,0
ATT011221,EMP087,2026-06-26,remote,8,7.3,,0,0
ATT011222,EMP087,2026-06-29,remote,8,9.1,,0,1.1
ATT011223,EMP087,2026-06-30,remote,8,7.7,,0,0
ATT011224,EMP088,2026-01-01,remote,8,7.7,,0,0
ATT011225,EMP088,2026-01-02,present,8,8.0,,0,0
ATT011226,EMP088,2026-01-05,present,8,9.0,,0,1.0
ATT011227,EMP088,2026-01-06,present,8,8.1,,0,0.1
ATT011228,EMP088,2026-01-07,present,8,8.4,,0,0.4
ATT011229,EMP088,2026-01-08,present,8,7.2,,0,0
ATT011230,EMP088,2026-01-09,remote,8,7.5,,0,0
ATT011231,EMP088,2026-01-12,leave,8,0,earned,0,0
ATT011232,EMP088,2026-01-13,present,8,8.2,,0,0.2
ATT011233,EMP088,2026-01-14,present,8,7.4,,0,0
ATT011234,EMP088,2026-01-15,remote,8,8.8,,0,0.8
ATT011235,EMP088,2026-01-16,present,8,7.8,,0,0
ATT011236,EMP088,2026-01-19,present,8,8.6,,0,0.6
ATT011237,EMP088,2026-01-20,present,8,7.2,,0,0
ATT011238,EMP088,2026-01-21,remote,8,7.8,,0,0
ATT011239,EMP088,2026-01-22,present,8,8.7,,0,0.7
ATT011240,EMP088,2026-01-23,remote,8,8.5,,0,0.5
ATT011241,EMP088,2026-01-26,holiday,8,0,,0,0
ATT011242,EMP088,2026-01-27,present,8,8.0,,20,0
ATT011243,EMP088,2026-01-28,present,8,9.5,,0,1.5
ATT011244,EMP088,2026-01-29,present,8,7.6,,0,0
ATT011245,EMP088,2026-01-30,present,8,7.8,,0,0
ATT011246,EMP088,2026-02-02,present,8,7.6,,0,0
ATT011247,EMP088,2026-02-03,remote,8,7.3,,0,0
ATT011248,EMP088,2026-02-04,present,8,8.8,,0,0.8
ATT011249,EMP088,2026-02-05,present,8,8.8,,0,0.8
ATT011250,EMP088,2026-02-06,present,8,7.3,,0,0
ATT011251,EMP088,2026-02-09,remote,8,7.4,,0,0
ATT011252,EMP088,2026-02-10,present,8,9.5,,0,1.5
ATT011253,EMP088,2026-02-11,present,8,8.6,,0,0.6
ATT011254,EMP088,2026-02-12,present,8,8.2,,0,0.2
ATT011255,EMP088,2026-02-13,present,8,9.1,,0,1.1
ATT011256,EMP088,2026-02-16,present,8,7.2,,0,0
ATT011257,EMP088,2026-02-17,present,8,8.3,,0,0.3
ATT011258,EMP088,2026-02-18,present,8,9.0,,0,1.0
ATT011259,EMP088,2026-02-19,present,8,7.5,,0,0
ATT011260,EMP088,2026-02-20,present,8,7.3,,0,0
ATT011261,EMP088,2026-02-23,present,8,8.1,,0,0.1
ATT011262,EMP088,2026-02-24,present,8,8.7,,0,0.7
ATT011263,EMP088,2026-02-25,present,8,7.3,,0,0
ATT011264,EMP088,2026-02-26,present,8,9.0,,0,1.0
ATT011265,EMP088,2026-02-27,present,8,9.1,,10,1.1
ATT011266,EMP088,2026-03-02,remote,8,8.8,,0,0.8
ATT011267,EMP088,2026-03-03,present,8,7.7,,20,0
ATT011268,EMP088,2026-03-04,present,8,7.5,,0,0
ATT011269,EMP088,2026-03-05,remote,8,8.9,,0,0.9
ATT011270,EMP088,2026-03-06,remote,8,8.5,,0,0.5
ATT011271,EMP088,2026-03-09,leave,8,0,earned,0,0
ATT011272,EMP088,2026-03-10,holiday,8,0,,0,0
ATT011273,EMP088,2026-03-11,remote,8,9.1,,0,1.1
ATT011274,EMP088,2026-03-12,present,8,7.6,,0,0
ATT011275,EMP088,2026-03-13,present,8,8.4,,0,0.4
ATT011276,EMP088,2026-03-16,present,8,9.1,,0,1.1
ATT011277,EMP088,2026-03-17,present,8,7.6,,0,0
ATT011278,EMP088,2026-03-18,present,8,7.6,,0,0
ATT011279,EMP088,2026-03-19,present,8,7.5,,10,0
ATT011280,EMP088,2026-03-20,present,8,7.5,,0,0
ATT011281,EMP088,2026-03-23,remote,8,8.8,,0,0.8
ATT011282,EMP088,2026-03-24,leave,8,0,casual,0,0
ATT011283,EMP088,2026-03-25,leave,8,0,sick,0,0
ATT011284,EMP088,2026-03-26,remote,8,8.7,,0,0.7
ATT011285,EMP088,2026-03-27,present,8,7.8,,0,0
ATT011286,EMP088,2026-03-30,holiday,8,0,,0,0
ATT011287,EMP088,2026-03-31,present,8,8.1,,0,0.1
ATT011288,EMP088,2026-04-01,present,8,7.6,,0,0
ATT011289,EMP088,2026-04-02,remote,8,7.6,,0,0
ATT011290,EMP088,2026-04-03,present,8,9.2,,0,1.2
ATT011291,EMP088,2026-04-06,present,8,7.3,,0,0
ATT011292,EMP088,2026-04-07,remote,8,8.9,,0,0.9
ATT011293,EMP088,2026-04-08,remote,8,7.7,,0,0
ATT011294,EMP088,2026-04-09,remote,8,8.3,,0,0.3
ATT011295,EMP088,2026-04-10,remote,8,8.5,,0,0.5
ATT011296,EMP088,2026-04-13,present,8,8.5,,0,0.5
ATT011297,EMP088,2026-04-14,holiday,8,0,,0,0
ATT011298,EMP088,2026-04-15,half_day,8,4.2,,0,0
ATT011299,EMP088,2026-04-16,remote,8,8.9,,0,0.9
ATT011300,EMP088,2026-04-17,present,8,8.4,,0,0.4
ATT011301,EMP088,2026-04-20,remote,8,7.4,,0,0
ATT011302,EMP088,2026-04-21,present,8,8.8,,0,0.8
ATT011303,EMP088,2026-04-22,present,8,8.4,,0,0.4
ATT011304,EMP088,2026-04-23,remote,8,8.6,,0,0.6
ATT011305,EMP088,2026-04-24,remote,8,8.5,,0,0.5
ATT011306,EMP088,2026-04-27,remote,8,9.5,,0,1.5
ATT011307,EMP088,2026-04-28,present,8,8.6,,0,0.6
ATT011308,EMP088,2026-04-29,present,8,7.9,,10,0
ATT011309,EMP088,2026-04-30,present,8,8.6,,0,0.6
ATT011310,EMP088,2026-05-01,holiday,8,0,,0,0
ATT011311,EMP088,2026-05-04,present,8,8.7,,0,0.7
ATT011312,EMP088,2026-05-05,remote,8,7.6,,0,0
ATT011313,EMP088,2026-05-06,present,8,8.3,,0,0.3
ATT011314,EMP088,2026-05-07,remote,8,9.0,,0,1.0
ATT011315,EMP088,2026-05-08,present,8,7.9,,0,0
ATT011316,EMP088,2026-05-11,present,8,7.5,,0,0
ATT011317,EMP088,2026-05-12,remote,8,9.5,,0,1.5
ATT011318,EMP088,2026-05-13,present,8,8.6,,0,0.6
ATT011319,EMP088,2026-05-14,remote,8,7.9,,0,0
ATT011320,EMP088,2026-05-15,remote,8,7.8,,0,0
ATT011321,EMP088,2026-05-18,present,8,7.2,,0,0
ATT011322,EMP088,2026-05-19,half_day,8,3.6,,0,0
ATT011323,EMP088,2026-05-20,present,8,7.0,,0,0
ATT011324,EMP088,2026-05-21,present,8,7.8,,0,0
ATT011325,EMP088,2026-05-22,remote,8,8.3,,0,0.3
ATT011326,EMP088,2026-05-25,remote,8,9.2,,0,1.2
ATT011327,EMP088,2026-05-26,present,8,8.9,,0,0.9
ATT011328,EMP088,2026-05-27,remote,8,7.2,,0,0
ATT011329,EMP088,2026-05-28,half_day,8,4.2,,0,0
ATT011330,EMP088,2026-05-29,present,8,8.6,,0,0.6
ATT011331,EMP088,2026-06-01,present,8,7.3,,20,0
ATT011332,EMP088,2026-06-02,present,8,7.9,,0,0
ATT011333,EMP088,2026-06-03,present,8,8.9,,0,0.9
ATT011334,EMP088,2026-06-04,half_day,8,4.1,,0,0
ATT011335,EMP088,2026-06-05,present,8,7.5,,0,0
ATT011336,EMP088,2026-06-08,present,8,9.1,,0,1.1
ATT011337,EMP088,2026-06-09,present,8,8.2,,0,0.2
ATT011338,EMP088,2026-06-10,remote,8,8.0,,30,0
ATT011339,EMP088,2026-06-11,present,8,7.5,,0,0
ATT011340,EMP088,2026-06-12,present,8,7.6,,0,0
ATT011341,EMP088,2026-06-15,remote,8,7.9,,0,0
ATT011342,EMP088,2026-06-16,remote,8,7.7,,0,0
ATT011343,EMP088,2026-06-17,holiday,8,0,,0,0
ATT011344,EMP088,2026-06-18,present,8,7.9,,0,0
ATT011345,EMP088,2026-06-19,remote,8,8.8,,0,0.8
ATT011346,EMP088,2026-06-22,remote,8,8.2,,0,0.2
ATT011347,EMP088,2026-06-23,present,8,7.5,,0,0
ATT011348,EMP088,2026-06-24,present,8,7.1,,0,0
ATT011349,EMP088,2026-06-25,present,8,8.1,,0,0.1
ATT011350,EMP088,2026-06-26,present,8,7.4,,10,0
ATT011351,EMP088,2026-06-29,present,8,8.0,,5,0
ATT011352,EMP088,2026-06-30,present,8,7.5,,0,0
ATT011353,EMP089,2026-01-01,present,8,9.5,,0,1.5
ATT011354,EMP089,2026-01-02,leave,8,0,personal,0,0
ATT011355,EMP089,2026-01-05,present,8,8.8,,0,0.8
ATT011356,EMP089,2026-01-06,remote,8,9.1,,0,1.1
ATT011357,EMP089,2026-01-07,remote,8,7.5,,0,0
ATT011358,EMP089,2026-01-08,remote,8,7.0,,0,0
ATT011359,EMP089,2026-01-09,leave,8,0,sick,0,0
ATT011360,EMP089,2026-01-12,present,8,8.8,,0,0.8
ATT011361,EMP089,2026-01-13,present,8,7.1,,0,0
ATT011362,EMP089,2026-01-14,present,8,9.5,,0,1.5
ATT011363,EMP089,2026-01-15,present,8,7.0,,30,0
ATT011364,EMP089,2026-01-16,remote,8,9.0,,0,1.0
ATT011365,EMP089,2026-01-19,remote,8,8.4,,0,0.4
ATT011366,EMP089,2026-01-20,present,8,8.4,,0,0.4
ATT011367,EMP089,2026-01-21,remote,8,7.8,,0,0
ATT011368,EMP089,2026-01-22,leave,8,0,sick,0,0
ATT011369,EMP089,2026-01-23,leave,8,0,personal,0,0
ATT011370,EMP089,2026-01-26,holiday,8,0,,0,0
ATT011371,EMP089,2026-01-27,present,8,9.1,,0,1.1
ATT011372,EMP089,2026-01-28,remote,8,9.4,,0,1.4
ATT011373,EMP089,2026-01-29,present,8,7.7,,0,0
ATT011374,EMP089,2026-01-30,present,8,7.1,,0,0
ATT011375,EMP089,2026-02-02,absent,8,0,,0,0
ATT011376,EMP089,2026-02-03,present,8,9.3,,0,1.3
ATT011377,EMP089,2026-02-04,remote,8,7.5,,0,0
ATT011378,EMP089,2026-02-05,present,8,7.3,,0,0
ATT011379,EMP089,2026-02-06,leave,8,0,casual,0,0
ATT011380,EMP089,2026-02-09,present,8,9.4,,20,1.4
ATT011381,EMP089,2026-02-10,present,8,8.8,,0,0.8
ATT011382,EMP089,2026-02-11,present,8,8.0,,0,0
ATT011383,EMP089,2026-02-12,present,8,7.9,,0,0
ATT011384,EMP089,2026-02-13,present,8,7.7,,0,0
ATT011385,EMP089,2026-02-16,present,8,8.2,,10,0.2
ATT011386,EMP089,2026-02-17,present,8,7.8,,0,0
ATT011387,EMP089,2026-02-18,remote,8,9.4,,0,1.4
ATT011388,EMP089,2026-02-19,remote,8,8.4,,0,0.4
ATT011389,EMP089,2026-02-20,present,8,7.0,,0,0
ATT011390,EMP089,2026-02-23,present,8,8.1,,0,0.1
ATT011391,EMP089,2026-02-24,present,8,9.0,,0,1.0
ATT011392,EMP089,2026-02-25,remote,8,7.1,,0,0
ATT011393,EMP089,2026-02-26,remote,8,9.3,,0,1.3
ATT011394,EMP089,2026-02-27,present,8,9.2,,0,1.2
ATT011395,EMP089,2026-03-02,present,8,8.1,,0,0.1
ATT011396,EMP089,2026-03-03,present,8,9.1,,0,1.1
ATT011397,EMP089,2026-03-04,present,8,7.8,,0,0
ATT011398,EMP089,2026-03-05,leave,8,0,earned,0,0
ATT011399,EMP089,2026-03-06,leave,8,0,emergency,0,0
ATT011400,EMP089,2026-03-09,present,8,8.6,,15,0.6
ATT011401,EMP089,2026-03-10,holiday,8,0,,0,0
ATT011402,EMP089,2026-03-11,present,8,9.0,,0,1.0
ATT011403,EMP089,2026-03-12,present,8,8.6,,0,0.6
ATT011404,EMP089,2026-03-13,remote,8,7.8,,0,0
ATT011405,EMP089,2026-03-16,remote,8,9.2,,0,1.2
ATT011406,EMP089,2026-03-17,present,8,9.3,,0,1.3
ATT011407,EMP089,2026-03-18,remote,8,8.4,,0,0.4
ATT011408,EMP089,2026-03-19,present,8,8.5,,10,0.5
ATT011409,EMP089,2026-03-20,absent,8,0,,0,0
ATT011410,EMP089,2026-03-23,present,8,8.0,,0,0
ATT011411,EMP089,2026-03-24,present,8,9.4,,0,1.4
ATT011412,EMP089,2026-03-25,present,8,7.7,,0,0
ATT011413,EMP089,2026-03-26,present,8,7.8,,0,0
ATT011414,EMP089,2026-03-27,remote,8,7.2,,0,0
ATT011415,EMP089,2026-03-30,holiday,8,0,,0,0
ATT011416,EMP089,2026-03-31,present,8,9.0,,0,1.0
ATT011417,EMP089,2026-04-01,present,8,7.0,,0,0
ATT011418,EMP089,2026-04-02,present,8,9.1,,0,1.1
ATT011419,EMP089,2026-04-03,leave,8,0,sick,0,0
ATT011420,EMP089,2026-04-06,present,8,8.0,,0,0
ATT011421,EMP089,2026-04-07,present,8,7.5,,0,0
ATT011422,EMP089,2026-04-08,leave,8,0,earned,0,0
ATT011423,EMP089,2026-04-09,remote,8,9.3,,0,1.3
ATT011424,EMP089,2026-04-10,half_day,8,4.0,,0,0
ATT011425,EMP089,2026-04-13,remote,8,7.2,,0,0
ATT011426,EMP089,2026-04-14,holiday,8,0,,0,0
ATT011427,EMP089,2026-04-15,present,8,9.2,,0,1.2
ATT011428,EMP089,2026-04-16,remote,8,9.4,,0,1.4
ATT011429,EMP089,2026-04-17,present,8,7.2,,0,0
ATT011430,EMP089,2026-04-20,remote,8,8.2,,0,0.2
ATT011431,EMP089,2026-04-21,remote,8,7.7,,0,0
ATT011432,EMP089,2026-04-22,remote,8,8.8,,20,0.8
ATT011433,EMP089,2026-04-23,present,8,9.5,,0,1.5
ATT011434,EMP089,2026-04-24,absent,8,0,,0,0
ATT011435,EMP089,2026-04-27,present,8,9.0,,0,1.0
ATT011436,EMP089,2026-04-28,remote,8,9.2,,15,1.2
ATT011437,EMP089,2026-04-29,present,8,7.0,,0,0
ATT011438,EMP089,2026-04-30,present,8,8.9,,0,0.9
ATT011439,EMP089,2026-05-01,holiday,8,0,,0,0
ATT011440,EMP089,2026-05-04,remote,8,8.8,,0,0.8
ATT011441,EMP089,2026-05-05,present,8,7.4,,0,0
ATT011442,EMP089,2026-05-06,remote,8,8.8,,0,0.8
ATT011443,EMP089,2026-05-07,present,8,8.1,,0,0.1
ATT011444,EMP089,2026-05-08,present,8,8.9,,0,0.9
ATT011445,EMP089,2026-05-11,present,8,8.9,,0,0.9
ATT011446,EMP089,2026-05-12,present,8,7.5,,0,0
ATT011447,EMP089,2026-05-13,present,8,8.4,,0,0.4
ATT011448,EMP089,2026-05-14,present,8,8.0,,15,0
ATT011449,EMP089,2026-05-15,remote,8,8.7,,0,0.7
ATT011450,EMP089,2026-05-18,leave,8,0,personal,0,0
ATT011451,EMP089,2026-05-19,present,8,8.4,,0,0.4
ATT011452,EMP089,2026-05-20,remote,8,7.4,,0,0
ATT011453,EMP089,2026-05-21,present,8,7.3,,0,0
ATT011454,EMP089,2026-05-22,present,8,8.2,,0,0.2
ATT011455,EMP089,2026-05-25,remote,8,9.0,,0,1.0
ATT011456,EMP089,2026-05-26,present,8,7.5,,0,0
ATT011457,EMP089,2026-05-27,remote,8,9.3,,0,1.3
ATT011458,EMP089,2026-05-28,present,8,8.7,,10,0.7
ATT011459,EMP089,2026-05-29,leave,8,0,sick,0,0
ATT011460,EMP089,2026-06-01,absent,8,0,,0,0
ATT011461,EMP089,2026-06-02,present,8,7.5,,0,0
ATT011462,EMP089,2026-06-03,present,8,7.4,,0,0
ATT011463,EMP089,2026-06-04,present,8,7.2,,0,0
ATT011464,EMP089,2026-06-05,remote,8,7.4,,0,0
ATT011465,EMP089,2026-06-08,present,8,7.7,,0,0
ATT011466,EMP089,2026-06-09,remote,8,8.5,,0,0.5
ATT011467,EMP089,2026-06-10,present,8,7.1,,0,0
ATT011468,EMP089,2026-06-11,present,8,8.8,,0,0.8
ATT011469,EMP089,2026-06-12,present,8,8.4,,0,0.4
ATT011470,EMP089,2026-06-15,leave,8,0,emergency,0,0
ATT011471,EMP089,2026-06-16,remote,8,7.6,,0,0
ATT011472,EMP089,2026-06-17,holiday,8,0,,0,0
ATT011473,EMP089,2026-06-18,present,8,8.8,,10,0.8
ATT011474,EMP089,2026-06-19,present,8,8.5,,0,0.5
ATT011475,EMP089,2026-06-22,present,8,7.2,,0,0
ATT011476,EMP089,2026-06-23,present,8,8.2,,5,0.2
ATT011477,EMP089,2026-06-24,present,8,8.1,,0,0.1
ATT011478,EMP089,2026-06-25,remote,8,8.3,,0,0.3
ATT011479,EMP089,2026-06-26,remote,8,9.0,,0,1.0
ATT011480,EMP089,2026-06-29,present,8,7.7,,0,0
ATT011481,EMP089,2026-06-30,present,8,7.8,,20,0
ATT011482,EMP090,2026-01-01,absent,8,0,,0,0
ATT011483,EMP090,2026-01-02,present,8,8.8,,0,0.8
ATT011484,EMP090,2026-01-05,remote,8,8.0,,0,0
ATT011485,EMP090,2026-01-06,remote,8,9.2,,0,1.2
ATT011486,EMP090,2026-01-07,present,8,9.1,,0,1.1
ATT011487,EMP090,2026-01-08,present,8,9.4,,0,1.4
ATT011488,EMP090,2026-01-09,present,8,8.5,,0,0.5
ATT011489,EMP090,2026-01-12,present,8,9.0,,0,1.0
ATT011490,EMP090,2026-01-13,remote,8,7.8,,0,0
ATT011491,EMP090,2026-01-14,remote,8,8.5,,0,0.5
ATT011492,EMP090,2026-01-15,remote,8,7.7,,0,0
ATT011493,EMP090,2026-01-16,leave,8,0,emergency,0,0
ATT011494,EMP090,2026-01-19,leave,8,0,earned,0,0
ATT011495,EMP090,2026-01-20,present,8,8.6,,0,0.6
ATT011496,EMP090,2026-01-21,present,8,7.2,,15,0
ATT011497,EMP090,2026-01-22,present,8,7.5,,0,0
ATT011498,EMP090,2026-01-23,remote,8,7.5,,0,0
ATT011499,EMP090,2026-01-26,holiday,8,0,,0,0
ATT011500,EMP090,2026-01-27,half_day,8,3.9,,0,0
ATT011501,EMP090,2026-01-28,present,8,9.4,,10,1.4
ATT011502,EMP090,2026-01-29,present,8,8.2,,15,0.2
ATT011503,EMP090,2026-01-30,present,8,9.3,,0,1.3
ATT011504,EMP090,2026-02-02,present,8,7.4,,0,0
ATT011505,EMP090,2026-02-03,remote,8,8.0,,0,0
ATT011506,EMP090,2026-02-04,remote,8,7.8,,0,0
ATT011507,EMP090,2026-02-05,present,8,8.6,,0,0.6
ATT011508,EMP090,2026-02-06,present,8,7.6,,0,0
ATT011509,EMP090,2026-02-09,present,8,9.1,,0,1.1
ATT011510,EMP090,2026-02-10,present,8,7.7,,0,0
ATT011511,EMP090,2026-02-11,remote,8,7.3,,0,0
ATT011512,EMP090,2026-02-12,present,8,8.2,,0,0.2
ATT011513,EMP090,2026-02-13,present,8,8.0,,30,0
ATT011514,EMP090,2026-02-16,present,8,7.2,,20,0
ATT011515,EMP090,2026-02-17,present,8,7.5,,0,0
ATT011516,EMP090,2026-02-18,remote,8,9.0,,0,1.0
ATT011517,EMP090,2026-02-19,remote,8,7.2,,5,0
ATT011518,EMP090,2026-02-20,present,8,9.2,,0,1.2
ATT011519,EMP090,2026-02-23,present,8,9.0,,0,1.0
ATT011520,EMP090,2026-02-24,present,8,8.6,,0,0.6
ATT011521,EMP090,2026-02-25,present,8,8.5,,0,0.5
ATT011522,EMP090,2026-02-26,present,8,7.9,,20,0
ATT011523,EMP090,2026-02-27,present,8,8.8,,5,0.8
ATT011524,EMP090,2026-03-02,present,8,8.4,,0,0.4
ATT011525,EMP090,2026-03-03,remote,8,9.1,,0,1.1
ATT011526,EMP090,2026-03-04,present,8,8.5,,15,0.5
ATT011527,EMP090,2026-03-05,present,8,7.5,,0,0
ATT011528,EMP090,2026-03-06,present,8,8.2,,0,0.2
ATT011529,EMP090,2026-03-09,present,8,8.6,,0,0.6
ATT011530,EMP090,2026-03-10,holiday,8,0,,0,0
ATT011531,EMP090,2026-03-11,leave,8,0,sick,0,0
ATT011532,EMP090,2026-03-12,leave,8,0,sick,0,0
ATT011533,EMP090,2026-03-13,remote,8,8.6,,0,0.6
ATT011534,EMP090,2026-03-16,remote,8,7.2,,0,0
ATT011535,EMP090,2026-03-17,present,8,8.5,,0,0.5
ATT011536,EMP090,2026-03-18,present,8,7.7,,0,0
ATT011537,EMP090,2026-03-19,present,8,8.8,,0,0.8
ATT011538,EMP090,2026-03-20,leave,8,0,earned,0,0
ATT011539,EMP090,2026-03-23,present,8,8.0,,0,0
ATT011540,EMP090,2026-03-24,remote,8,7.8,,0,0
ATT011541,EMP090,2026-03-25,remote,8,7.4,,0,0
ATT011542,EMP090,2026-03-26,present,8,8.7,,20,0.7
ATT011543,EMP090,2026-03-27,remote,8,9.5,,0,1.5
ATT011544,EMP090,2026-03-30,holiday,8,0,,0,0
ATT011545,EMP090,2026-03-31,present,8,7.6,,0,0
ATT011546,EMP090,2026-04-01,present,8,7.0,,0,0
ATT011547,EMP090,2026-04-02,present,8,9.0,,0,1.0
ATT011548,EMP090,2026-04-03,present,8,7.2,,0,0
ATT011549,EMP090,2026-04-06,remote,8,7.0,,0,0
ATT011550,EMP090,2026-04-07,remote,8,7.4,,0,0
ATT011551,EMP090,2026-04-08,present,8,9.4,,0,1.4
ATT011552,EMP090,2026-04-09,present,8,7.7,,0,0
ATT011553,EMP090,2026-04-10,remote,8,8.8,,0,0.8
ATT011554,EMP090,2026-04-13,present,8,7.9,,0,0
ATT011555,EMP090,2026-04-14,holiday,8,0,,0,0
ATT011556,EMP090,2026-04-15,present,8,9.3,,0,1.3
ATT011557,EMP090,2026-04-16,present,8,8.3,,30,0.3
ATT011558,EMP090,2026-04-17,remote,8,8.5,,0,0.5
ATT011559,EMP090,2026-04-20,present,8,9.0,,0,1.0
ATT011560,EMP090,2026-04-21,present,8,7.4,,0,0
ATT011561,EMP090,2026-04-22,present,8,8.5,,0,0.5
ATT011562,EMP090,2026-04-23,present,8,7.8,,0,0
ATT011563,EMP090,2026-04-24,present,8,8.8,,0,0.8
ATT011564,EMP090,2026-04-27,remote,8,7.9,,0,0
ATT011565,EMP090,2026-04-28,present,8,8.5,,0,0.5
ATT011566,EMP090,2026-04-29,present,8,7.4,,0,0
ATT011567,EMP090,2026-04-30,present,8,8.9,,0,0.9
ATT011568,EMP090,2026-05-01,holiday,8,0,,0,0
ATT011569,EMP090,2026-05-04,present,8,7.5,,0,0
ATT011570,EMP090,2026-05-05,present,8,7.2,,20,0
ATT011571,EMP090,2026-05-06,remote,8,7.2,,0,0
ATT011572,EMP090,2026-05-07,leave,8,0,earned,0,0
ATT011573,EMP090,2026-05-08,present,8,7.1,,0,0
ATT011574,EMP090,2026-05-11,present,8,7.8,,10,0
ATT011575,EMP090,2026-05-12,present,8,7.5,,0,0
ATT011576,EMP090,2026-05-13,present,8,9.2,,0,1.2
ATT011577,EMP090,2026-05-14,leave,8,0,earned,0,0
ATT011578,EMP090,2026-05-15,remote,8,9.5,,0,1.5
ATT011579,EMP090,2026-05-18,leave,8,0,sick,0,0
ATT011580,EMP090,2026-05-19,present,8,7.9,,0,0
ATT011581,EMP090,2026-05-20,remote,8,7.6,,0,0
ATT011582,EMP090,2026-05-21,present,8,8.1,,0,0.1
ATT011583,EMP090,2026-05-22,remote,8,8.7,,0,0.7
ATT011584,EMP090,2026-05-25,present,8,7.9,,0,0
ATT011585,EMP090,2026-05-26,present,8,9.4,,0,1.4
ATT011586,EMP090,2026-05-27,remote,8,8.7,,0,0.7
ATT011587,EMP090,2026-05-28,leave,8,0,earned,0,0
ATT011588,EMP090,2026-05-29,remote,8,7.3,,0,0
ATT011589,EMP090,2026-06-01,leave,8,0,casual,0,0
ATT011590,EMP090,2026-06-02,leave,8,0,earned,0,0
ATT011591,EMP090,2026-06-03,present,8,7.6,,0,0
ATT011592,EMP090,2026-06-04,remote,8,7.5,,0,0
ATT011593,EMP090,2026-06-05,remote,8,7.5,,0,0
ATT011594,EMP090,2026-06-08,present,8,8.1,,0,0.1
ATT011595,EMP090,2026-06-09,leave,8,0,emergency,0,0
ATT011596,EMP090,2026-06-10,present,8,7.2,,0,0
ATT011597,EMP090,2026-06-11,remote,8,8.8,,0,0.8
ATT011598,EMP090,2026-06-12,remote,8,7.7,,0,0
ATT011599,EMP090,2026-06-15,present,8,8.0,,0,0
ATT011600,EMP090,2026-06-16,present,8,7.4,,0,0
ATT011601,EMP090,2026-06-17,holiday,8,0,,0,0
ATT011602,EMP090,2026-06-18,present,8,8.7,,0,0.7
ATT011603,EMP090,2026-06-19,present,8,7.9,,0,0
ATT011604,EMP090,2026-06-22,remote,8,9.3,,0,1.3
ATT011605,EMP090,2026-06-23,leave,8,0,earned,0,0
ATT011606,EMP090,2026-06-24,present,8,8.9,,0,0.9
ATT011607,EMP090,2026-06-25,present,8,7.6,,0,0
ATT011608,EMP090,2026-06-26,remote,8,7.7,,0,0
ATT011609,EMP090,2026-06-29,absent,8,0,,0,0
ATT011610,EMP090,2026-06-30,present,8,9.5,,20,1.5
ATT011611,EMP091,2026-01-01,present,8,9.0,,0,1.0
ATT011612,EMP091,2026-01-02,present,8,8.3,,0,0.3
ATT011613,EMP091,2026-01-05,leave,8,0,emergency,0,0
ATT011614,EMP091,2026-01-06,present,8,8.8,,0,0.8
ATT011615,EMP091,2026-01-07,remote,8,7.2,,0,0
ATT011616,EMP091,2026-01-08,leave,8,0,personal,0,0
ATT011617,EMP091,2026-01-09,remote,8,8.2,,0,0.2
ATT011618,EMP091,2026-01-12,present,8,7.3,,0,0
ATT011619,EMP091,2026-01-13,remote,8,7.8,,0,0
ATT011620,EMP091,2026-01-14,leave,8,0,emergency,0,0
ATT011621,EMP091,2026-01-15,present,8,8.3,,0,0.3
ATT011622,EMP091,2026-01-16,present,8,9.1,,0,1.1
ATT011623,EMP091,2026-01-19,absent,8,0,,0,0
ATT011624,EMP091,2026-01-20,present,8,8.8,,0,0.8
ATT011625,EMP091,2026-01-21,present,8,9.3,,0,1.3
ATT011626,EMP091,2026-01-22,present,8,7.9,,0,0
ATT011627,EMP091,2026-01-23,present,8,8.7,,0,0.7
ATT011628,EMP091,2026-01-26,holiday,8,0,,0,0
ATT011629,EMP091,2026-01-27,present,8,9.3,,0,1.3
ATT011630,EMP091,2026-01-28,remote,8,7.4,,0,0
ATT011631,EMP091,2026-01-29,present,8,8.7,,0,0.7
ATT011632,EMP091,2026-01-30,present,8,7.6,,0,0
ATT011633,EMP091,2026-02-02,remote,8,8.2,,0,0.2
ATT011634,EMP091,2026-02-03,present,8,8.7,,0,0.7
ATT011635,EMP091,2026-02-04,present,8,7.9,,0,0
ATT011636,EMP091,2026-02-05,half_day,8,4.4,,0,0
ATT011637,EMP091,2026-02-06,present,8,7.7,,0,0
ATT011638,EMP091,2026-02-09,remote,8,8.3,,0,0.3
ATT011639,EMP091,2026-02-10,present,8,9.5,,0,1.5
ATT011640,EMP091,2026-02-11,absent,8,0,,0,0
ATT011641,EMP091,2026-02-12,present,8,7.1,,0,0
ATT011642,EMP091,2026-02-13,leave,8,0,casual,0,0
ATT011643,EMP091,2026-02-16,half_day,8,4.4,,0,0
ATT011644,EMP091,2026-02-17,present,8,7.8,,0,0
ATT011645,EMP091,2026-02-18,present,8,7.3,,5,0
ATT011646,EMP091,2026-02-19,half_day,8,4.4,,0,0
ATT011647,EMP091,2026-02-20,present,8,7.3,,0,0
ATT011648,EMP091,2026-02-23,remote,8,8.0,,0,0
ATT011649,EMP091,2026-02-24,remote,8,8.9,,0,0.9
ATT011650,EMP091,2026-02-25,present,8,7.7,,5,0
ATT011651,EMP091,2026-02-26,present,8,7.3,,0,0
ATT011652,EMP091,2026-02-27,present,8,8.8,,0,0.8
ATT011653,EMP091,2026-03-02,remote,8,7.8,,0,0
ATT011654,EMP091,2026-03-03,remote,8,8.7,,0,0.7
ATT011655,EMP091,2026-03-04,remote,8,8.3,,30,0.3
ATT011656,EMP091,2026-03-05,present,8,9.2,,0,1.2
ATT011657,EMP091,2026-03-06,present,8,9.2,,0,1.2
ATT011658,EMP091,2026-03-09,leave,8,0,emergency,0,0
ATT011659,EMP091,2026-03-10,holiday,8,0,,0,0
ATT011660,EMP091,2026-03-11,present,8,8.9,,0,0.9
ATT011661,EMP091,2026-03-12,leave,8,0,personal,0,0
ATT011662,EMP091,2026-03-13,remote,8,9.0,,0,1.0
ATT011663,EMP091,2026-03-16,present,8,7.8,,0,0
ATT011664,EMP091,2026-03-17,present,8,7.9,,0,0
ATT011665,EMP091,2026-03-18,present,8,7.4,,0,0
ATT011666,EMP091,2026-03-19,remote,8,7.3,,0,0
ATT011667,EMP091,2026-03-20,present,8,8.2,,0,0.2
ATT011668,EMP091,2026-03-23,present,8,7.9,,0,0
ATT011669,EMP091,2026-03-24,present,8,8.6,,0,0.6
ATT011670,EMP091,2026-03-25,present,8,7.8,,0,0
ATT011671,EMP091,2026-03-26,present,8,8.1,,0,0.1
ATT011672,EMP091,2026-03-27,remote,8,8.5,,10,0.5
ATT011673,EMP091,2026-03-30,holiday,8,0,,0,0
ATT011674,EMP091,2026-03-31,leave,8,0,sick,0,0
ATT011675,EMP091,2026-04-01,present,8,8.5,,0,0.5
ATT011676,EMP091,2026-04-02,leave,8,0,sick,0,0
ATT011677,EMP091,2026-04-03,present,8,7.3,,0,0
ATT011678,EMP091,2026-04-06,present,8,7.4,,0,0
ATT011679,EMP091,2026-04-07,present,8,8.4,,0,0.4
ATT011680,EMP091,2026-04-08,half_day,8,3.8,,0,0
ATT011681,EMP091,2026-04-09,present,8,9.4,,0,1.4
ATT011682,EMP091,2026-04-10,present,8,8.9,,0,0.9
ATT011683,EMP091,2026-04-13,present,8,8.9,,0,0.9
ATT011684,EMP091,2026-04-14,holiday,8,0,,0,0
ATT011685,EMP091,2026-04-15,present,8,8.5,,0,0.5
ATT011686,EMP091,2026-04-16,present,8,7.6,,0,0
ATT011687,EMP091,2026-04-17,present,8,9.1,,20,1.1
ATT011688,EMP091,2026-04-20,present,8,8.6,,0,0.6
ATT011689,EMP091,2026-04-21,present,8,8.2,,0,0.2
ATT011690,EMP091,2026-04-22,present,8,8.2,,0,0.2
ATT011691,EMP091,2026-04-23,present,8,8.9,,0,0.9
ATT011692,EMP091,2026-04-24,present,8,7.6,,0,0
ATT011693,EMP091,2026-04-27,present,8,8.5,,0,0.5
ATT011694,EMP091,2026-04-28,present,8,9.3,,20,1.3
ATT011695,EMP091,2026-04-29,remote,8,9.1,,0,1.1
ATT011696,EMP091,2026-04-30,present,8,9.0,,0,1.0
ATT011697,EMP091,2026-05-01,holiday,8,0,,0,0
ATT011698,EMP091,2026-05-04,remote,8,8.8,,0,0.8
ATT011699,EMP091,2026-05-05,present,8,7.7,,0,0
ATT011700,EMP091,2026-05-06,present,8,9.4,,0,1.4
ATT011701,EMP091,2026-05-07,remote,8,7.6,,10,0
ATT011702,EMP091,2026-05-08,remote,8,7.0,,0,0
ATT011703,EMP091,2026-05-11,present,8,7.3,,0,0
ATT011704,EMP091,2026-05-12,present,8,7.3,,0,0
ATT011705,EMP091,2026-05-13,present,8,7.6,,0,0
ATT011706,EMP091,2026-05-14,present,8,9.0,,0,1.0
ATT011707,EMP091,2026-05-15,leave,8,0,casual,0,0
ATT011708,EMP091,2026-05-18,present,8,7.8,,0,0
ATT011709,EMP091,2026-05-19,present,8,7.0,,0,0
ATT011710,EMP091,2026-05-20,remote,8,9.2,,0,1.2
ATT011711,EMP091,2026-05-21,remote,8,8.4,,0,0.4
ATT011712,EMP091,2026-05-22,present,8,7.5,,0,0
ATT011713,EMP091,2026-05-25,present,8,7.6,,0,0
ATT011714,EMP091,2026-05-26,remote,8,8.8,,0,0.8
ATT011715,EMP091,2026-05-27,leave,8,0,emergency,0,0
ATT011716,EMP091,2026-05-28,present,8,8.6,,15,0.6
ATT011717,EMP091,2026-05-29,remote,8,7.2,,0,0
ATT011718,EMP091,2026-06-01,remote,8,8.0,,0,0
ATT011719,EMP091,2026-06-02,present,8,7.0,,0,0
ATT011720,EMP091,2026-06-03,remote,8,7.9,,0,0
ATT011721,EMP091,2026-06-04,present,8,8.7,,0,0.7
ATT011722,EMP091,2026-06-05,present,8,8.7,,0,0.7
ATT011723,EMP091,2026-06-08,present,8,8.6,,0,0.6
ATT011724,EMP091,2026-06-09,leave,8,0,emergency,0,0
ATT011725,EMP091,2026-06-10,half_day,8,4.1,,0,0
ATT011726,EMP091,2026-06-11,present,8,8.7,,0,0.7
ATT011727,EMP091,2026-06-12,present,8,9.0,,0,1.0
ATT011728,EMP091,2026-06-15,present,8,7.5,,10,0
ATT011729,EMP091,2026-06-16,remote,8,9.3,,0,1.3
ATT011730,EMP091,2026-06-17,holiday,8,0,,0,0
ATT011731,EMP091,2026-06-18,present,8,9.3,,0,1.3
ATT011732,EMP091,2026-06-19,remote,8,7.6,,0,0
ATT011733,EMP091,2026-06-22,present,8,8.3,,0,0.3
ATT011734,EMP091,2026-06-23,present,8,8.2,,0,0.2
ATT011735,EMP091,2026-06-24,present,8,8.6,,0,0.6
ATT011736,EMP091,2026-06-25,remote,8,8.4,,0,0.4
ATT011737,EMP091,2026-06-26,present,8,8.7,,0,0.7
ATT011738,EMP091,2026-06-29,present,8,7.8,,0,0
ATT011739,EMP091,2026-06-30,remote,8,7.5,,0,0
ATT011740,EMP092,2026-01-01,present,8,8.8,,0,0.8
ATT011741,EMP092,2026-01-02,half_day,8,4.0,,0,0
ATT011742,EMP092,2026-01-05,remote,8,8.6,,0,0.6
ATT011743,EMP092,2026-01-06,present,8,8.9,,0,0.9
ATT011744,EMP092,2026-01-07,present,8,8.7,,0,0.7
ATT011745,EMP092,2026-01-08,remote,8,7.4,,0,0
ATT011746,EMP092,2026-01-09,remote,8,8.4,,0,0.4
ATT011747,EMP092,2026-01-12,present,8,7.6,,0,0
ATT011748,EMP092,2026-01-13,present,8,8.6,,0,0.6
ATT011749,EMP092,2026-01-14,remote,8,7.5,,0,0
ATT011750,EMP092,2026-01-15,leave,8,0,earned,0,0
ATT011751,EMP092,2026-01-16,present,8,9.5,,0,1.5
ATT011752,EMP092,2026-01-19,present,8,9.2,,0,1.2
ATT011753,EMP092,2026-01-20,present,8,9.4,,0,1.4
ATT011754,EMP092,2026-01-21,remote,8,8.9,,0,0.9
ATT011755,EMP092,2026-01-22,present,8,7.9,,15,0
ATT011756,EMP092,2026-01-23,present,8,7.1,,0,0
ATT011757,EMP092,2026-01-26,holiday,8,0,,0,0
ATT011758,EMP092,2026-01-27,present,8,8.7,,0,0.7
ATT011759,EMP092,2026-01-28,present,8,8.4,,0,0.4
ATT011760,EMP092,2026-01-29,present,8,8.1,,0,0.1
ATT011761,EMP092,2026-01-30,present,8,7.2,,0,0
ATT011762,EMP092,2026-02-02,remote,8,7.6,,0,0
ATT011763,EMP092,2026-02-03,present,8,7.3,,0,0
ATT011764,EMP092,2026-02-04,absent,8,0,,0,0
ATT011765,EMP092,2026-02-05,present,8,9.1,,0,1.1
ATT011766,EMP092,2026-02-06,present,8,9.3,,0,1.3
ATT011767,EMP092,2026-02-09,present,8,7.4,,0,0
ATT011768,EMP092,2026-02-10,present,8,7.6,,0,0
ATT011769,EMP092,2026-02-11,present,8,9.0,,0,1.0
ATT011770,EMP092,2026-02-12,present,8,9.4,,0,1.4
ATT011771,EMP092,2026-02-13,present,8,9.1,,0,1.1
ATT011772,EMP092,2026-02-16,remote,8,7.3,,0,0
ATT011773,EMP092,2026-02-17,remote,8,8.0,,0,0
ATT011774,EMP092,2026-02-18,present,8,8.8,,0,0.8
ATT011775,EMP092,2026-02-19,present,8,9.5,,5,1.5
ATT011776,EMP092,2026-02-20,present,8,8.5,,0,0.5
ATT011777,EMP092,2026-02-23,present,8,8.0,,15,0
ATT011778,EMP092,2026-02-24,present,8,7.6,,0,0
ATT011779,EMP092,2026-02-25,present,8,7.1,,0,0
ATT011780,EMP092,2026-02-26,present,8,7.7,,0,0
ATT011781,EMP092,2026-02-27,present,8,7.0,,0,0
ATT011782,EMP092,2026-03-02,remote,8,7.5,,0,0
ATT011783,EMP092,2026-03-03,present,8,7.1,,0,0
ATT011784,EMP092,2026-03-04,present,8,7.8,,0,0
ATT011785,EMP092,2026-03-05,present,8,7.6,,0,0
ATT011786,EMP092,2026-03-06,present,8,7.5,,0,0
ATT011787,EMP092,2026-03-09,absent,8,0,,0,0
ATT011788,EMP092,2026-03-10,holiday,8,0,,0,0
ATT011789,EMP092,2026-03-11,present,8,9.1,,0,1.1
ATT011790,EMP092,2026-03-12,present,8,9.2,,0,1.2
ATT011791,EMP092,2026-03-13,present,8,8.2,,0,0.2
ATT011792,EMP092,2026-03-16,present,8,8.1,,0,0.1
ATT011793,EMP092,2026-03-17,remote,8,8.3,,0,0.3
ATT011794,EMP092,2026-03-18,remote,8,7.1,,0,0
ATT011795,EMP092,2026-03-19,absent,8,0,,0,0
ATT011796,EMP092,2026-03-20,present,8,8.9,,0,0.9
ATT011797,EMP092,2026-03-23,present,8,7.9,,0,0
ATT011798,EMP092,2026-03-24,present,8,7.6,,0,0
ATT011799,EMP092,2026-03-25,present,8,7.3,,0,0
ATT011800,EMP092,2026-03-26,present,8,7.4,,0,0
ATT011801,EMP092,2026-03-27,remote,8,9.0,,0,1.0
ATT011802,EMP092,2026-03-30,holiday,8,0,,0,0
ATT011803,EMP092,2026-03-31,present,8,8.9,,0,0.9
ATT011804,EMP092,2026-04-01,present,8,9.5,,0,1.5
ATT011805,EMP092,2026-04-02,present,8,7.1,,0,0
ATT011806,EMP092,2026-04-03,present,8,8.5,,0,0.5
ATT011807,EMP092,2026-04-06,remote,8,7.4,,0,0
ATT011808,EMP092,2026-04-07,remote,8,8.2,,0,0.2
ATT011809,EMP092,2026-04-08,present,8,7.4,,0,0
ATT011810,EMP092,2026-04-09,present,8,8.0,,0,0
ATT011811,EMP092,2026-04-10,present,8,7.4,,0,0
ATT011812,EMP092,2026-04-13,present,8,7.3,,0,0
ATT011813,EMP092,2026-04-14,holiday,8,0,,0,0
ATT011814,EMP092,2026-04-15,present,8,8.1,,0,0.1
ATT011815,EMP092,2026-04-16,remote,8,7.9,,0,0
ATT011816,EMP092,2026-04-17,present,8,8.6,,0,0.6
ATT011817,EMP092,2026-04-20,present,8,8.7,,0,0.7
ATT011818,EMP092,2026-04-21,leave,8,0,sick,0,0
ATT011819,EMP092,2026-04-22,half_day,8,3.9,,0,0
ATT011820,EMP092,2026-04-23,remote,8,8.8,,0,0.8
ATT011821,EMP092,2026-04-24,half_day,8,3.6,,0,0
ATT011822,EMP092,2026-04-27,remote,8,7.6,,10,0
ATT011823,EMP092,2026-04-28,present,8,9.5,,0,1.5
ATT011824,EMP092,2026-04-29,remote,8,8.9,,0,0.9
ATT011825,EMP092,2026-04-30,remote,8,9.4,,0,1.4
ATT011826,EMP092,2026-05-01,holiday,8,0,,0,0
ATT011827,EMP092,2026-05-04,leave,8,0,sick,0,0
ATT011828,EMP092,2026-05-05,present,8,9.0,,0,1.0
ATT011829,EMP092,2026-05-06,remote,8,9.4,,0,1.4
ATT011830,EMP092,2026-05-07,present,8,7.9,,0,0
ATT011831,EMP092,2026-05-08,remote,8,7.2,,0,0
ATT011832,EMP092,2026-05-11,half_day,8,3.7,,0,0
ATT011833,EMP092,2026-05-12,present,8,8.8,,0,0.8
ATT011834,EMP092,2026-05-13,present,8,8.2,,0,0.2
ATT011835,EMP092,2026-05-14,present,8,8.7,,0,0.7
ATT011836,EMP092,2026-05-15,present,8,8.4,,30,0.4
ATT011837,EMP092,2026-05-18,present,8,8.0,,0,0
ATT011838,EMP092,2026-05-19,present,8,9.1,,0,1.1
ATT011839,EMP092,2026-05-20,remote,8,7.2,,0,0
ATT011840,EMP092,2026-05-21,present,8,9.3,,0,1.3
ATT011841,EMP092,2026-05-22,present,8,7.3,,0,0
ATT011842,EMP092,2026-05-25,present,8,9.4,,0,1.4
ATT011843,EMP092,2026-05-26,present,8,9.4,,0,1.4
ATT011844,EMP092,2026-05-27,remote,8,8.8,,0,0.8
ATT011845,EMP092,2026-05-28,present,8,9.3,,0,1.3
ATT011846,EMP092,2026-05-29,present,8,8.8,,0,0.8
ATT011847,EMP092,2026-06-01,remote,8,7.4,,0,0
ATT011848,EMP092,2026-06-02,remote,8,9.5,,0,1.5
ATT011849,EMP092,2026-06-03,remote,8,9.4,,0,1.4
ATT011850,EMP092,2026-06-04,remote,8,8.6,,0,0.6
ATT011851,EMP092,2026-06-05,present,8,8.9,,0,0.9
ATT011852,EMP092,2026-06-08,present,8,9.0,,0,1.0
ATT011853,EMP092,2026-06-09,present,8,8.6,,0,0.6
ATT011854,EMP092,2026-06-10,present,8,9.2,,0,1.2
ATT011855,EMP092,2026-06-11,leave,8,0,personal,0,0
ATT011856,EMP092,2026-06-12,remote,8,7.8,,0,0
ATT011857,EMP092,2026-06-15,present,8,7.3,,0,0
ATT011858,EMP092,2026-06-16,remote,8,7.2,,0,0
ATT011859,EMP092,2026-06-17,holiday,8,0,,0,0
ATT011860,EMP092,2026-06-18,present,8,7.9,,0,0
ATT011861,EMP092,2026-06-19,remote,8,9.4,,0,1.4
ATT011862,EMP092,2026-06-22,remote,8,9.3,,0,1.3
ATT011863,EMP092,2026-06-23,present,8,7.8,,0,0
ATT011864,EMP092,2026-06-24,present,8,7.1,,0,0
ATT011865,EMP092,2026-06-25,remote,8,8.0,,0,0
ATT011866,EMP092,2026-06-26,remote,8,8.9,,0,0.9
ATT011867,EMP092,2026-06-29,present,8,8.4,,0,0.4
ATT011868,EMP092,2026-06-30,remote,8,8.4,,0,0.4
ATT011869,EMP093,2026-01-01,present,8,9.3,,5,1.3
ATT011870,EMP093,2026-01-02,present,8,8.3,,0,0.3
ATT011871,EMP093,2026-01-05,present,8,9.0,,0,1.0
ATT011872,EMP093,2026-01-06,remote,8,7.8,,0,0
ATT011873,EMP093,2026-01-07,present,8,8.7,,0,0.7
ATT011874,EMP093,2026-01-08,present,8,8.5,,30,0.5
ATT011875,EMP093,2026-01-09,present,8,7.4,,0,0
ATT011876,EMP093,2026-01-12,present,8,7.5,,0,0
ATT011877,EMP093,2026-01-13,present,8,8.4,,10,0.4
ATT011878,EMP093,2026-01-14,remote,8,9.4,,0,1.4
ATT011879,EMP093,2026-01-15,present,8,8.1,,0,0.1
ATT011880,EMP093,2026-01-16,present,8,8.2,,0,0.2
ATT011881,EMP093,2026-01-19,present,8,7.9,,0,0
ATT011882,EMP093,2026-01-20,present,8,9.1,,0,1.1
ATT011883,EMP093,2026-01-21,present,8,7.8,,0,0
ATT011884,EMP093,2026-01-22,absent,8,0,,0,0
ATT011885,EMP093,2026-01-23,present,8,8.0,,0,0
ATT011886,EMP093,2026-01-26,holiday,8,0,,0,0
ATT011887,EMP093,2026-01-27,remote,8,9.0,,0,1.0
ATT011888,EMP093,2026-01-28,present,8,7.7,,0,0
ATT011889,EMP093,2026-01-29,present,8,9.0,,0,1.0
ATT011890,EMP093,2026-01-30,remote,8,9.0,,0,1.0
ATT011891,EMP093,2026-02-02,present,8,8.7,,0,0.7
ATT011892,EMP093,2026-02-03,remote,8,9.4,,0,1.4
ATT011893,EMP093,2026-02-04,present,8,9.4,,0,1.4
ATT011894,EMP093,2026-02-05,present,8,8.4,,0,0.4
ATT011895,EMP093,2026-02-06,remote,8,8.7,,0,0.7
ATT011896,EMP093,2026-02-09,remote,8,7.2,,0,0
ATT011897,EMP093,2026-02-10,remote,8,8.9,,0,0.9
ATT011898,EMP093,2026-02-11,remote,8,9.3,,0,1.3
ATT011899,EMP093,2026-02-12,present,8,9.3,,0,1.3
ATT011900,EMP093,2026-02-13,present,8,9.1,,0,1.1
ATT011901,EMP093,2026-02-16,remote,8,8.4,,0,0.4
ATT011902,EMP093,2026-02-17,remote,8,8.3,,0,0.3
ATT011903,EMP093,2026-02-18,present,8,7.1,,0,0
ATT011904,EMP093,2026-02-19,present,8,9.3,,0,1.3
ATT011905,EMP093,2026-02-20,present,8,7.8,,0,0
ATT011906,EMP093,2026-02-23,remote,8,9.3,,0,1.3
ATT011907,EMP093,2026-02-24,remote,8,7.6,,0,0
ATT011908,EMP093,2026-02-25,present,8,8.7,,0,0.7
ATT011909,EMP093,2026-02-26,remote,8,7.9,,0,0
ATT011910,EMP093,2026-02-27,present,8,7.3,,0,0
ATT011911,EMP093,2026-03-02,remote,8,9.3,,0,1.3
ATT011912,EMP093,2026-03-03,present,8,9.1,,0,1.1
ATT011913,EMP093,2026-03-04,present,8,7.2,,0,0
ATT011914,EMP093,2026-03-05,leave,8,0,sick,0,0
ATT011915,EMP093,2026-03-06,remote,8,8.8,,0,0.8
ATT011916,EMP093,2026-03-09,present,8,7.7,,0,0
ATT011917,EMP093,2026-03-10,holiday,8,0,,0,0
ATT011918,EMP093,2026-03-11,remote,8,7.7,,0,0
ATT011919,EMP093,2026-03-12,present,8,7.2,,0,0
ATT011920,EMP093,2026-03-13,present,8,7.9,,30,0
ATT011921,EMP093,2026-03-16,remote,8,8.5,,0,0.5
ATT011922,EMP093,2026-03-17,present,8,8.0,,0,0
ATT011923,EMP093,2026-03-18,present,8,7.2,,0,0
ATT011924,EMP093,2026-03-19,present,8,8.6,,0,0.6
ATT011925,EMP093,2026-03-20,present,8,7.2,,0,0
ATT011926,EMP093,2026-03-23,present,8,8.6,,0,0.6
ATT011927,EMP093,2026-03-24,present,8,8.9,,0,0.9
ATT011928,EMP093,2026-03-25,remote,8,9.2,,0,1.2
ATT011929,EMP093,2026-03-26,remote,8,9.2,,0,1.2
ATT011930,EMP093,2026-03-27,remote,8,8.5,,0,0.5
ATT011931,EMP093,2026-03-30,holiday,8,0,,0,0
ATT011932,EMP093,2026-03-31,leave,8,0,sick,0,0
ATT011933,EMP093,2026-04-01,present,8,8.9,,0,0.9
ATT011934,EMP093,2026-04-02,remote,8,7.6,,0,0
ATT011935,EMP093,2026-04-03,half_day,8,3.8,,0,0
ATT011936,EMP093,2026-04-06,present,8,7.2,,0,0
ATT011937,EMP093,2026-04-07,present,8,7.6,,0,0
ATT011938,EMP093,2026-04-08,present,8,9.3,,0,1.3
ATT011939,EMP093,2026-04-09,present,8,9.3,,0,1.3
ATT011940,EMP093,2026-04-10,remote,8,8.0,,0,0
ATT011941,EMP093,2026-04-13,remote,8,7.4,,0,0
ATT011942,EMP093,2026-04-14,holiday,8,0,,0,0
ATT011943,EMP093,2026-04-15,present,8,8.8,,0,0.8
ATT011944,EMP093,2026-04-16,remote,8,9.0,,15,1.0
ATT011945,EMP093,2026-04-17,present,8,9.2,,0,1.2
ATT011946,EMP093,2026-04-20,remote,8,9.4,,0,1.4
ATT011947,EMP093,2026-04-21,present,8,7.9,,0,0
ATT011948,EMP093,2026-04-22,present,8,7.6,,0,0
ATT011949,EMP093,2026-04-23,present,8,9.2,,0,1.2
ATT011950,EMP093,2026-04-24,remote,8,7.6,,0,0
ATT011951,EMP093,2026-04-27,present,8,7.5,,0,0
ATT011952,EMP093,2026-04-28,present,8,9.3,,0,1.3
ATT011953,EMP093,2026-04-29,present,8,8.2,,0,0.2
ATT011954,EMP093,2026-04-30,present,8,9.3,,0,1.3
ATT011955,EMP093,2026-05-01,holiday,8,0,,0,0
ATT011956,EMP093,2026-05-04,remote,8,9.1,,0,1.1
ATT011957,EMP093,2026-05-05,present,8,9.3,,0,1.3
ATT011958,EMP093,2026-05-06,present,8,8.4,,0,0.4
ATT011959,EMP093,2026-05-07,present,8,9.4,,0,1.4
ATT011960,EMP093,2026-05-08,remote,8,8.6,,0,0.6
ATT011961,EMP093,2026-05-11,present,8,8.9,,30,0.9
ATT011962,EMP093,2026-05-12,remote,8,8.2,,0,0.2
ATT011963,EMP093,2026-05-13,remote,8,8.2,,0,0.2
ATT011964,EMP093,2026-05-14,absent,8,0,,0,0
ATT011965,EMP093,2026-05-15,present,8,7.0,,0,0
ATT011966,EMP093,2026-05-18,remote,8,9.2,,0,1.2
ATT011967,EMP093,2026-05-19,remote,8,7.9,,0,0
ATT011968,EMP093,2026-05-20,present,8,7.8,,0,0
ATT011969,EMP093,2026-05-21,remote,8,8.4,,0,0.4
ATT011970,EMP093,2026-05-22,present,8,7.0,,0,0
ATT011971,EMP093,2026-05-25,present,8,8.7,,0,0.7
ATT011972,EMP093,2026-05-26,remote,8,7.3,,30,0
ATT011973,EMP093,2026-05-27,present,8,9.1,,0,1.1
ATT011974,EMP093,2026-05-28,present,8,7.6,,0,0
ATT011975,EMP093,2026-05-29,remote,8,8.5,,0,0.5
ATT011976,EMP093,2026-06-01,present,8,9.3,,0,1.3
ATT011977,EMP093,2026-06-02,present,8,9.4,,0,1.4
ATT011978,EMP093,2026-06-03,present,8,7.9,,0,0
ATT011979,EMP093,2026-06-04,present,8,8.2,,0,0.2
ATT011980,EMP093,2026-06-05,present,8,7.4,,0,0
ATT011981,EMP093,2026-06-08,present,8,7.9,,0,0
ATT011982,EMP093,2026-06-09,present,8,9.2,,0,1.2
ATT011983,EMP093,2026-06-10,remote,8,8.5,,0,0.5
ATT011984,EMP093,2026-06-11,present,8,9.0,,0,1.0
ATT011985,EMP093,2026-06-12,present,8,8.0,,0,0
ATT011986,EMP093,2026-06-15,half_day,8,4.5,,0,0
ATT011987,EMP093,2026-06-16,present,8,8.0,,0,0
ATT011988,EMP093,2026-06-17,holiday,8,0,,0,0
ATT011989,EMP093,2026-06-18,present,8,7.7,,0,0
ATT011990,EMP093,2026-06-19,remote,8,7.2,,0,0
ATT011991,EMP093,2026-06-22,remote,8,7.0,,0,0
ATT011992,EMP093,2026-06-23,remote,8,7.1,,0,0
ATT011993,EMP093,2026-06-24,present,8,8.5,,0,0.5
ATT011994,EMP093,2026-06-25,present,8,7.3,,20,0
ATT011995,EMP093,2026-06-26,leave,8,0,personal,0,0
ATT011996,EMP093,2026-06-29,present,8,9.0,,0,1.0
ATT011997,EMP093,2026-06-30,present,8,8.5,,0,0.5
ATT011998,EMP094,2026-01-01,present,8,8.7,,0,0.7
ATT011999,EMP094,2026-01-02,remote,8,7.7,,0,0
ATT012000,EMP094,2026-01-05,present,8,7.8,,0,0
ATT012001,EMP094,2026-01-06,present,8,8.8,,0,0.8
ATT012002,EMP094,2026-01-07,present,8,7.7,,0,0
ATT012003,EMP094,2026-01-08,present,8,9.0,,0,1.0
ATT012004,EMP094,2026-01-09,present,8,8.4,,0,0.4
ATT012005,EMP094,2026-01-12,present,8,9.2,,0,1.2
ATT012006,EMP094,2026-01-13,remote,8,9.1,,10,1.1
ATT012007,EMP094,2026-01-14,present,8,8.1,,0,0.1
ATT012008,EMP094,2026-01-15,remote,8,8.7,,0,0.7
ATT012009,EMP094,2026-01-16,remote,8,9.4,,0,1.4
ATT012010,EMP094,2026-01-19,present,8,8.1,,0,0.1
ATT012011,EMP094,2026-01-20,present,8,8.2,,0,0.2
ATT012012,EMP094,2026-01-21,present,8,8.5,,0,0.5
ATT012013,EMP094,2026-01-22,half_day,8,3.7,,0,0
ATT012014,EMP094,2026-01-23,present,8,9.2,,0,1.2
ATT012015,EMP094,2026-01-26,holiday,8,0,,0,0
ATT012016,EMP094,2026-01-27,present,8,8.7,,10,0.7
ATT012017,EMP094,2026-01-28,remote,8,7.6,,0,0
ATT012018,EMP094,2026-01-29,remote,8,7.9,,0,0
ATT012019,EMP094,2026-01-30,present,8,7.3,,0,0
ATT012020,EMP094,2026-02-02,present,8,8.7,,20,0.7
ATT012021,EMP094,2026-02-03,present,8,9.1,,0,1.1
ATT012022,EMP094,2026-02-04,remote,8,7.3,,0,0
ATT012023,EMP094,2026-02-05,present,8,8.3,,0,0.3
ATT012024,EMP094,2026-02-06,half_day,8,4.0,,0,0
ATT012025,EMP094,2026-02-09,remote,8,7.9,,0,0
ATT012026,EMP094,2026-02-10,present,8,7.3,,0,0
ATT012027,EMP094,2026-02-11,present,8,7.2,,0,0
ATT012028,EMP094,2026-02-12,present,8,7.6,,0,0
ATT012029,EMP094,2026-02-13,present,8,7.7,,0,0
ATT012030,EMP094,2026-02-16,remote,8,7.2,,0,0
ATT012031,EMP094,2026-02-17,remote,8,7.8,,0,0
ATT012032,EMP094,2026-02-18,present,8,7.3,,0,0
ATT012033,EMP094,2026-02-19,present,8,7.3,,0,0
ATT012034,EMP094,2026-02-20,present,8,7.8,,0,0
ATT012035,EMP094,2026-02-23,remote,8,8.2,,0,0.2
ATT012036,EMP094,2026-02-24,present,8,9.0,,0,1.0
ATT012037,EMP094,2026-02-25,present,8,8.3,,0,0.3
ATT012038,EMP094,2026-02-26,present,8,9.5,,0,1.5
ATT012039,EMP094,2026-02-27,present,8,8.5,,15,0.5
ATT012040,EMP094,2026-03-02,remote,8,7.4,,0,0
ATT012041,EMP094,2026-03-03,present,8,7.5,,30,0
ATT012042,EMP094,2026-03-04,present,8,8.3,,0,0.3
ATT012043,EMP094,2026-03-05,remote,8,9.3,,0,1.3
ATT012044,EMP094,2026-03-06,present,8,9.1,,0,1.1
ATT012045,EMP094,2026-03-09,present,8,8.2,,0,0.2
ATT012046,EMP094,2026-03-10,holiday,8,0,,0,0
ATT012047,EMP094,2026-03-11,remote,8,8.5,,0,0.5
ATT012048,EMP094,2026-03-12,present,8,8.2,,0,0.2
ATT012049,EMP094,2026-03-13,present,8,8.8,,0,0.8
ATT012050,EMP094,2026-03-16,present,8,7.7,,20,0
ATT012051,EMP094,2026-03-17,remote,8,7.9,,10,0
ATT012052,EMP094,2026-03-18,present,8,7.1,,0,0
ATT012053,EMP094,2026-03-19,present,8,9.0,,0,1.0
ATT012054,EMP094,2026-03-20,present,8,8.0,,0,0
ATT012055,EMP094,2026-03-23,present,8,7.2,,20,0
ATT012056,EMP094,2026-03-24,present,8,7.3,,0,0
ATT012057,EMP094,2026-03-25,present,8,7.4,,0,0
ATT012058,EMP094,2026-03-26,remote,8,8.4,,0,0.4
ATT012059,EMP094,2026-03-27,half_day,8,4.1,,0,0
ATT012060,EMP094,2026-03-30,holiday,8,0,,0,0
ATT012061,EMP094,2026-03-31,present,8,7.6,,0,0
ATT012062,EMP094,2026-04-01,present,8,9.3,,0,1.3
ATT012063,EMP094,2026-04-02,present,8,8.0,,0,0
ATT012064,EMP094,2026-04-03,present,8,9.1,,0,1.1
ATT012065,EMP094,2026-04-06,present,8,8.9,,0,0.9
ATT012066,EMP094,2026-04-07,present,8,7.1,,0,0
ATT012067,EMP094,2026-04-08,remote,8,7.7,,0,0
ATT012068,EMP094,2026-04-09,present,8,9.0,,0,1.0
ATT012069,EMP094,2026-04-10,present,8,7.3,,0,0
ATT012070,EMP094,2026-04-13,remote,8,7.4,,0,0
ATT012071,EMP094,2026-04-14,holiday,8,0,,0,0
ATT012072,EMP094,2026-04-15,remote,8,8.0,,10,0
ATT012073,EMP094,2026-04-16,present,8,9.3,,0,1.3
ATT012074,EMP094,2026-04-17,present,8,7.1,,0,0
ATT012075,EMP094,2026-04-20,remote,8,8.1,,0,0.1
ATT012076,EMP094,2026-04-21,present,8,8.3,,0,0.3
ATT012077,EMP094,2026-04-22,present,8,9.2,,0,1.2
ATT012078,EMP094,2026-04-23,remote,8,8.3,,0,0.3
ATT012079,EMP094,2026-04-24,present,8,9.5,,0,1.5
ATT012080,EMP094,2026-04-27,present,8,8.5,,0,0.5
ATT012081,EMP094,2026-04-28,present,8,9.5,,0,1.5
ATT012082,EMP094,2026-04-29,present,8,8.1,,0,0.1
ATT012083,EMP094,2026-04-30,present,8,7.9,,0,0
ATT012084,EMP094,2026-05-01,holiday,8,0,,0,0
ATT012085,EMP094,2026-05-04,present,8,7.2,,0,0
ATT012086,EMP094,2026-05-05,present,8,7.2,,0,0
ATT012087,EMP094,2026-05-06,remote,8,7.7,,0,0
ATT012088,EMP094,2026-05-07,remote,8,7.1,,0,0
ATT012089,EMP094,2026-05-08,present,8,8.0,,0,0
ATT012090,EMP094,2026-05-11,remote,8,8.4,,0,0.4
ATT012091,EMP094,2026-05-12,present,8,8.5,,0,0.5
ATT012092,EMP094,2026-05-13,present,8,8.5,,0,0.5
ATT012093,EMP094,2026-05-14,present,8,7.4,,0,0
ATT012094,EMP094,2026-05-15,present,8,9.0,,0,1.0
ATT012095,EMP094,2026-05-18,remote,8,8.9,,0,0.9
ATT012096,EMP094,2026-05-19,present,8,8.9,,0,0.9
ATT012097,EMP094,2026-05-20,present,8,7.7,,0,0
ATT012098,EMP094,2026-05-21,present,8,9.5,,0,1.5
ATT012099,EMP094,2026-05-22,remote,8,7.3,,5,0
ATT012100,EMP094,2026-05-25,present,8,7.7,,0,0
ATT012101,EMP094,2026-05-26,remote,8,7.6,,0,0
ATT012102,EMP094,2026-05-27,present,8,8.8,,0,0.8
ATT012103,EMP094,2026-05-28,present,8,7.9,,0,0
ATT012104,EMP094,2026-05-29,present,8,8.0,,0,0
ATT012105,EMP094,2026-06-01,present,8,9.5,,20,1.5
ATT012106,EMP094,2026-06-02,present,8,9.0,,0,1.0
ATT012107,EMP094,2026-06-03,present,8,8.9,,0,0.9
ATT012108,EMP094,2026-06-04,present,8,7.6,,0,0
ATT012109,EMP094,2026-06-05,remote,8,7.5,,0,0
ATT012110,EMP094,2026-06-08,present,8,8.4,,0,0.4
ATT012111,EMP094,2026-06-09,present,8,8.4,,0,0.4
ATT012112,EMP094,2026-06-10,remote,8,7.8,,0,0
ATT012113,EMP094,2026-06-11,present,8,8.7,,0,0.7
ATT012114,EMP094,2026-06-12,remote,8,8.2,,0,0.2
ATT012115,EMP094,2026-06-15,half_day,8,3.9,,0,0
ATT012116,EMP094,2026-06-16,present,8,8.6,,0,0.6
ATT012117,EMP094,2026-06-17,holiday,8,0,,0,0
ATT012118,EMP094,2026-06-18,remote,8,8.8,,0,0.8
ATT012119,EMP094,2026-06-19,present,8,9.2,,0,1.2
ATT012120,EMP094,2026-06-22,remote,8,9.3,,0,1.3
ATT012121,EMP094,2026-06-23,present,8,8.9,,0,0.9
ATT012122,EMP094,2026-06-24,present,8,7.3,,0,0
ATT012123,EMP094,2026-06-25,present,8,7.9,,0,0
ATT012124,EMP094,2026-06-26,present,8,7.7,,0,0
ATT012125,EMP094,2026-06-29,present,8,7.9,,0,0
ATT012126,EMP094,2026-06-30,remote,8,8.7,,0,0.7
ATT012127,EMP095,2026-01-01,present,8,7.2,,0,0
ATT012128,EMP095,2026-01-02,present,8,8.2,,0,0.2
ATT012129,EMP095,2026-01-05,remote,8,8.1,,0,0.1
ATT012130,EMP095,2026-01-06,remote,8,8.8,,0,0.8
ATT012131,EMP095,2026-01-07,present,8,7.5,,10,0
ATT012132,EMP095,2026-01-08,absent,8,0,,0,0
ATT012133,EMP095,2026-01-09,present,8,8.3,,0,0.3
ATT012134,EMP095,2026-01-12,present,8,8.3,,0,0.3
ATT012135,EMP095,2026-01-13,present,8,8.6,,30,0.6
ATT012136,EMP095,2026-01-14,present,8,7.9,,15,0
ATT012137,EMP095,2026-01-15,absent,8,0,,0,0
ATT012138,EMP095,2026-01-16,present,8,9.0,,0,1.0
ATT012139,EMP095,2026-01-19,present,8,9.0,,0,1.0
ATT012140,EMP095,2026-01-20,present,8,9.2,,0,1.2
ATT012141,EMP095,2026-01-21,present,8,8.2,,0,0.2
ATT012142,EMP095,2026-01-22,present,8,7.3,,0,0
ATT012143,EMP095,2026-01-23,present,8,8.6,,0,0.6
ATT012144,EMP095,2026-01-26,holiday,8,0,,0,0
ATT012145,EMP095,2026-01-27,present,8,8.3,,0,0.3
ATT012146,EMP095,2026-01-28,present,8,8.6,,0,0.6
ATT012147,EMP095,2026-01-29,present,8,9.3,,0,1.3
ATT012148,EMP095,2026-01-30,present,8,9.2,,0,1.2
ATT012149,EMP095,2026-02-02,leave,8,0,personal,0,0
ATT012150,EMP095,2026-02-03,present,8,7.7,,0,0
ATT012151,EMP095,2026-02-04,remote,8,7.3,,0,0
ATT012152,EMP095,2026-02-05,remote,8,7.6,,0,0
ATT012153,EMP095,2026-02-06,present,8,9.2,,0,1.2
ATT012154,EMP095,2026-02-09,remote,8,8.1,,0,0.1
ATT012155,EMP095,2026-02-10,present,8,7.5,,0,0
ATT012156,EMP095,2026-02-11,absent,8,0,,0,0
ATT012157,EMP095,2026-02-12,absent,8,0,,0,0
ATT012158,EMP095,2026-02-13,present,8,8.2,,0,0.2
ATT012159,EMP095,2026-02-16,present,8,8.1,,0,0.1
ATT012160,EMP095,2026-02-17,remote,8,7.5,,0,0
ATT012161,EMP095,2026-02-18,present,8,8.6,,0,0.6
ATT012162,EMP095,2026-02-19,present,8,8.9,,0,0.9
ATT012163,EMP095,2026-02-20,remote,8,9.1,,0,1.1
ATT012164,EMP095,2026-02-23,present,8,7.8,,0,0
ATT012165,EMP095,2026-02-24,remote,8,9.2,,0,1.2
ATT012166,EMP095,2026-02-25,present,8,7.5,,0,0
ATT012167,EMP095,2026-02-26,half_day,8,3.9,,0,0
ATT012168,EMP095,2026-02-27,present,8,8.0,,0,0
ATT012169,EMP095,2026-03-02,present,8,9.5,,0,1.5
ATT012170,EMP095,2026-03-03,present,8,7.3,,0,0
ATT012171,EMP095,2026-03-04,present,8,9.4,,0,1.4
ATT012172,EMP095,2026-03-05,present,8,7.3,,0,0
ATT012173,EMP095,2026-03-06,present,8,7.0,,0,0
ATT012174,EMP095,2026-03-09,remote,8,8.5,,0,0.5
ATT012175,EMP095,2026-03-10,holiday,8,0,,0,0
ATT012176,EMP095,2026-03-11,present,8,9.1,,0,1.1
ATT012177,EMP095,2026-03-12,present,8,8.8,,0,0.8
ATT012178,EMP095,2026-03-13,remote,8,9.0,,0,1.0
ATT012179,EMP095,2026-03-16,present,8,8.7,,0,0.7
ATT012180,EMP095,2026-03-17,present,8,7.1,,0,0
ATT012181,EMP095,2026-03-18,present,8,8.8,,0,0.8
ATT012182,EMP095,2026-03-19,present,8,8.5,,0,0.5
ATT012183,EMP095,2026-03-20,remote,8,7.8,,0,0
ATT012184,EMP095,2026-03-23,remote,8,8.4,,0,0.4
ATT012185,EMP095,2026-03-24,remote,8,7.2,,0,0
ATT012186,EMP095,2026-03-25,present,8,8.8,,0,0.8
ATT012187,EMP095,2026-03-26,remote,8,9.0,,0,1.0
ATT012188,EMP095,2026-03-27,remote,8,7.0,,0,0
ATT012189,EMP095,2026-03-30,holiday,8,0,,0,0
ATT012190,EMP095,2026-03-31,present,8,8.0,,0,0
ATT012191,EMP095,2026-04-01,present,8,8.7,,0,0.7
ATT012192,EMP095,2026-04-02,present,8,9.2,,0,1.2
ATT012193,EMP095,2026-04-03,remote,8,7.1,,10,0
ATT012194,EMP095,2026-04-06,present,8,7.2,,0,0
ATT012195,EMP095,2026-04-07,remote,8,8.2,,0,0.2
ATT012196,EMP095,2026-04-08,present,8,7.2,,0,0
ATT012197,EMP095,2026-04-09,present,8,9.3,,0,1.3
ATT012198,EMP095,2026-04-10,remote,8,7.4,,0,0
ATT012199,EMP095,2026-04-13,present,8,7.2,,0,0
ATT012200,EMP095,2026-04-14,holiday,8,0,,0,0
ATT012201,EMP095,2026-04-15,present,8,8.1,,0,0.1
ATT012202,EMP095,2026-04-16,remote,8,9.1,,0,1.1
ATT012203,EMP095,2026-04-17,present,8,8.6,,0,0.6
ATT012204,EMP095,2026-04-20,present,8,9.1,,0,1.1
ATT012205,EMP095,2026-04-21,present,8,8.0,,0,0
ATT012206,EMP095,2026-04-22,present,8,9.4,,0,1.4
ATT012207,EMP095,2026-04-23,present,8,7.6,,0,0
ATT012208,EMP095,2026-04-24,present,8,8.3,,0,0.3
ATT012209,EMP095,2026-04-27,present,8,7.1,,0,0
ATT012210,EMP095,2026-04-28,present,8,7.2,,0,0
ATT012211,EMP095,2026-04-29,present,8,8.2,,0,0.2
ATT012212,EMP095,2026-04-30,present,8,8.8,,0,0.8
ATT012213,EMP095,2026-05-01,holiday,8,0,,0,0
ATT012214,EMP095,2026-05-04,present,8,7.7,,0,0
ATT012215,EMP095,2026-05-05,present,8,9.0,,0,1.0
ATT012216,EMP095,2026-05-06,present,8,9.2,,0,1.2
ATT012217,EMP095,2026-05-07,remote,8,8.1,,0,0.1
ATT012218,EMP095,2026-05-08,present,8,8.2,,0,0.2
ATT012219,EMP095,2026-05-11,present,8,8.6,,0,0.6
ATT012220,EMP095,2026-05-12,remote,8,8.1,,0,0.1
ATT012221,EMP095,2026-05-13,remote,8,9.0,,0,1.0
ATT012222,EMP095,2026-05-14,remote,8,7.2,,0,0
ATT012223,EMP095,2026-05-15,leave,8,0,earned,0,0
ATT012224,EMP095,2026-05-18,present,8,8.1,,0,0.1
ATT012225,EMP095,2026-05-19,remote,8,7.4,,0,0
ATT012226,EMP095,2026-05-20,remote,8,7.1,,0,0
ATT012227,EMP095,2026-05-21,present,8,7.4,,0,0
ATT012228,EMP095,2026-05-22,remote,8,9.1,,0,1.1
ATT012229,EMP095,2026-05-25,present,8,8.9,,0,0.9
ATT012230,EMP095,2026-05-26,present,8,7.1,,0,0
ATT012231,EMP095,2026-05-27,half_day,8,4.4,,0,0
ATT012232,EMP095,2026-05-28,present,8,8.9,,0,0.9
ATT012233,EMP095,2026-05-29,present,8,9.2,,0,1.2
ATT012234,EMP095,2026-06-01,absent,8,0,,0,0
ATT012235,EMP095,2026-06-02,present,8,7.3,,0,0
ATT012236,EMP095,2026-06-03,remote,8,7.0,,0,0
ATT012237,EMP095,2026-06-04,absent,8,0,,0,0
ATT012238,EMP095,2026-06-05,leave,8,0,casual,0,0
ATT012239,EMP095,2026-06-08,present,8,7.9,,0,0
ATT012240,EMP095,2026-06-09,present,8,7.8,,0,0
ATT012241,EMP095,2026-06-10,present,8,8.1,,0,0.1
ATT012242,EMP095,2026-06-11,present,8,9.1,,0,1.1
ATT012243,EMP095,2026-06-12,remote,8,9.3,,0,1.3
ATT012244,EMP095,2026-06-15,absent,8,0,,0,0
ATT012245,EMP095,2026-06-16,leave,8,0,sick,0,0
ATT012246,EMP095,2026-06-17,holiday,8,0,,0,0
ATT012247,EMP095,2026-06-18,present,8,9.3,,0,1.3
ATT012248,EMP095,2026-06-19,present,8,8.7,,0,0.7
ATT012249,EMP095,2026-06-22,present,8,7.4,,0,0
ATT012250,EMP095,2026-06-23,leave,8,0,earned,0,0
ATT012251,EMP095,2026-06-24,remote,8,8.1,,0,0.1
ATT012252,EMP095,2026-06-25,leave,8,0,sick,0,0
ATT012253,EMP095,2026-06-26,half_day,8,4.3,,0,0
ATT012254,EMP095,2026-06-29,present,8,7.2,,0,0
ATT012255,EMP095,2026-06-30,present,8,9.1,,0,1.1
ATT012256,EMP096,2026-01-01,present,8,7.0,,0,0
ATT012257,EMP096,2026-01-02,present,8,7.2,,0,0
ATT012258,EMP096,2026-01-05,leave,8,0,personal,0,0
ATT012259,EMP096,2026-01-06,remote,8,8.5,,30,0.5
ATT012260,EMP096,2026-01-07,present,8,8.0,,0,0
ATT012261,EMP096,2026-01-08,present,8,7.2,,0,0
ATT012262,EMP096,2026-01-09,leave,8,0,personal,0,0
ATT012263,EMP096,2026-01-12,present,8,8.7,,0,0.7
ATT012264,EMP096,2026-01-13,present,8,8.5,,0,0.5
ATT012265,EMP096,2026-01-14,present,8,8.5,,0,0.5
ATT012266,EMP096,2026-01-15,remote,8,7.4,,0,0
ATT012267,EMP096,2026-01-16,present,8,9.1,,0,1.1
ATT012268,EMP096,2026-01-19,remote,8,9.5,,0,1.5
ATT012269,EMP096,2026-01-20,present,8,7.6,,0,0
ATT012270,EMP096,2026-01-21,present,8,8.3,,0,0.3
ATT012271,EMP096,2026-01-22,present,8,8.8,,0,0.8
ATT012272,EMP096,2026-01-23,present,8,9.2,,0,1.2
ATT012273,EMP096,2026-01-26,holiday,8,0,,0,0
ATT012274,EMP096,2026-01-27,present,8,9.4,,0,1.4
ATT012275,EMP096,2026-01-28,remote,8,9.3,,20,1.3
ATT012276,EMP096,2026-01-29,absent,8,0,,0,0
ATT012277,EMP096,2026-01-30,present,8,9.2,,0,1.2
ATT012278,EMP096,2026-02-02,leave,8,0,casual,0,0
ATT012279,EMP096,2026-02-03,remote,8,8.0,,0,0
ATT012280,EMP096,2026-02-04,leave,8,0,personal,0,0
ATT012281,EMP096,2026-02-05,remote,8,8.2,,0,0.2
ATT012282,EMP096,2026-02-06,remote,8,9.4,,0,1.4
ATT012283,EMP096,2026-02-09,remote,8,7.7,,0,0
ATT012284,EMP096,2026-02-10,leave,8,0,sick,0,0
ATT012285,EMP096,2026-02-11,leave,8,0,sick,0,0
ATT012286,EMP096,2026-02-12,present,8,7.7,,0,0
ATT012287,EMP096,2026-02-13,present,8,9.5,,0,1.5
ATT012288,EMP096,2026-02-16,present,8,8.5,,0,0.5
ATT012289,EMP096,2026-02-17,leave,8,0,personal,0,0
ATT012290,EMP096,2026-02-18,present,8,8.4,,20,0.4
ATT012291,EMP096,2026-02-19,present,8,9.0,,0,1.0
ATT012292,EMP096,2026-02-20,remote,8,9.1,,0,1.1
ATT012293,EMP096,2026-02-23,absent,8,0,,0,0
ATT012294,EMP096,2026-02-24,present,8,8.5,,0,0.5
ATT012295,EMP096,2026-02-25,present,8,7.2,,0,0
ATT012296,EMP096,2026-02-26,present,8,8.3,,0,0.3
ATT012297,EMP096,2026-02-27,present,8,8.0,,20,0
ATT012298,EMP096,2026-03-02,remote,8,7.7,,0,0
ATT012299,EMP096,2026-03-03,present,8,9.1,,30,1.1
ATT012300,EMP096,2026-03-04,present,8,7.4,,0,0
ATT012301,EMP096,2026-03-05,remote,8,9.0,,0,1.0
ATT012302,EMP096,2026-03-06,remote,8,9.1,,0,1.1
ATT012303,EMP096,2026-03-09,leave,8,0,personal,0,0
ATT012304,EMP096,2026-03-10,holiday,8,0,,0,0
ATT012305,EMP096,2026-03-11,present,8,9.5,,0,1.5
ATT012306,EMP096,2026-03-12,remote,8,9.4,,0,1.4
ATT012307,EMP096,2026-03-13,remote,8,8.6,,0,0.6
ATT012308,EMP096,2026-03-16,present,8,9.3,,10,1.3
ATT012309,EMP096,2026-03-17,leave,8,0,personal,0,0
ATT012310,EMP096,2026-03-18,present,8,8.0,,0,0
ATT012311,EMP096,2026-03-19,leave,8,0,casual,0,0
ATT012312,EMP096,2026-03-20,leave,8,0,sick,0,0
ATT012313,EMP096,2026-03-23,remote,8,8.7,,0,0.7
ATT012314,EMP096,2026-03-24,remote,8,7.4,,0,0
ATT012315,EMP096,2026-03-25,present,8,8.1,,0,0.1
ATT012316,EMP096,2026-03-26,leave,8,0,personal,0,0
ATT012317,EMP096,2026-03-27,remote,8,9.3,,0,1.3
ATT012318,EMP096,2026-03-30,holiday,8,0,,0,0
ATT012319,EMP096,2026-03-31,present,8,8.2,,0,0.2
ATT012320,EMP096,2026-04-01,present,8,8.5,,0,0.5
ATT012321,EMP096,2026-04-02,leave,8,0,earned,0,0
ATT012322,EMP096,2026-04-03,present,8,7.6,,0,0
ATT012323,EMP096,2026-04-06,remote,8,7.2,,0,0
ATT012324,EMP096,2026-04-07,present,8,8.2,,0,0.2
ATT012325,EMP096,2026-04-08,present,8,9.4,,0,1.4
ATT012326,EMP096,2026-04-09,present,8,8.6,,0,0.6
ATT012327,EMP096,2026-04-10,present,8,7.3,,0,0
ATT012328,EMP096,2026-04-13,remote,8,9.0,,0,1.0
ATT012329,EMP096,2026-04-14,holiday,8,0,,0,0
ATT012330,EMP096,2026-04-15,remote,8,9.2,,0,1.2
ATT012331,EMP096,2026-04-16,remote,8,7.0,,0,0
ATT012332,EMP096,2026-04-17,remote,8,8.7,,0,0.7
ATT012333,EMP096,2026-04-20,present,8,9.2,,0,1.2
ATT012334,EMP096,2026-04-21,present,8,7.0,,0,0
ATT012335,EMP096,2026-04-22,remote,8,9.4,,10,1.4
ATT012336,EMP096,2026-04-23,present,8,8.2,,0,0.2
ATT012337,EMP096,2026-04-24,present,8,8.9,,0,0.9
ATT012338,EMP096,2026-04-27,present,8,8.9,,0,0.9
ATT012339,EMP096,2026-04-28,remote,8,9.3,,0,1.3
ATT012340,EMP096,2026-04-29,remote,8,8.7,,0,0.7
ATT012341,EMP096,2026-04-30,present,8,8.6,,0,0.6
ATT012342,EMP096,2026-05-01,holiday,8,0,,0,0
ATT012343,EMP096,2026-05-04,remote,8,7.5,,10,0
ATT012344,EMP096,2026-05-05,leave,8,0,casual,0,0
ATT012345,EMP096,2026-05-06,leave,8,0,earned,0,0
ATT012346,EMP096,2026-05-07,remote,8,7.7,,0,0
ATT012347,EMP096,2026-05-08,present,8,8.8,,10,0.8
ATT012348,EMP096,2026-05-11,remote,8,8.2,,0,0.2
ATT012349,EMP096,2026-05-12,remote,8,9.2,,0,1.2
ATT012350,EMP096,2026-05-13,remote,8,8.1,,0,0.1
ATT012351,EMP096,2026-05-14,present,8,7.8,,0,0
ATT012352,EMP096,2026-05-15,leave,8,0,emergency,0,0
ATT012353,EMP096,2026-05-18,present,8,7.7,,0,0
ATT012354,EMP096,2026-05-19,present,8,8.3,,0,0.3
ATT012355,EMP096,2026-05-20,leave,8,0,earned,0,0
ATT012356,EMP096,2026-05-21,present,8,9.2,,0,1.2
ATT012357,EMP096,2026-05-22,present,8,7.5,,0,0
ATT012358,EMP096,2026-05-25,present,8,7.2,,0,0
ATT012359,EMP096,2026-05-26,present,8,8.1,,0,0.1
ATT012360,EMP096,2026-05-27,remote,8,8.2,,0,0.2
ATT012361,EMP096,2026-05-28,present,8,7.5,,0,0
ATT012362,EMP096,2026-05-29,present,8,8.2,,0,0.2
ATT012363,EMP096,2026-06-01,present,8,8.6,,0,0.6
ATT012364,EMP096,2026-06-02,present,8,7.8,,0,0
ATT012365,EMP096,2026-06-03,present,8,9.0,,0,1.0
ATT012366,EMP096,2026-06-04,present,8,7.3,,30,0
ATT012367,EMP096,2026-06-05,remote,8,7.2,,0,0
ATT012368,EMP096,2026-06-08,present,8,7.6,,0,0
ATT012369,EMP096,2026-06-09,present,8,7.5,,0,0
ATT012370,EMP096,2026-06-10,present,8,8.3,,0,0.3
ATT012371,EMP096,2026-06-11,leave,8,0,casual,0,0
ATT012372,EMP096,2026-06-12,present,8,9.0,,0,1.0
ATT012373,EMP096,2026-06-15,present,8,9.4,,0,1.4
ATT012374,EMP096,2026-06-16,present,8,7.7,,0,0
ATT012375,EMP096,2026-06-17,holiday,8,0,,0,0
ATT012376,EMP096,2026-06-18,present,8,8.4,,0,0.4
ATT012377,EMP096,2026-06-19,remote,8,8.8,,0,0.8
ATT012378,EMP096,2026-06-22,present,8,7.8,,10,0
ATT012379,EMP096,2026-06-23,present,8,8.9,,0,0.9
ATT012380,EMP096,2026-06-24,present,8,7.6,,0,0
ATT012381,EMP096,2026-06-25,remote,8,7.2,,0,0
ATT012382,EMP096,2026-06-26,remote,8,7.3,,0,0
ATT012383,EMP096,2026-06-29,present,8,8.1,,0,0.1
ATT012384,EMP096,2026-06-30,present,8,8.9,,0,0.9
ATT012385,EMP097,2026-01-01,present,8,8.0,,30,0
ATT012386,EMP097,2026-01-02,leave,8,0,emergency,0,0
ATT012387,EMP097,2026-01-05,remote,8,7.1,,0,0
ATT012388,EMP097,2026-01-06,present,8,8.3,,0,0.3
ATT012389,EMP097,2026-01-07,present,8,9.4,,0,1.4
ATT012390,EMP097,2026-01-08,present,8,7.5,,0,0
ATT012391,EMP097,2026-01-09,present,8,7.7,,0,0
ATT012392,EMP097,2026-01-12,present,8,9.3,,0,1.3
ATT012393,EMP097,2026-01-13,remote,8,8.1,,0,0.1
ATT012394,EMP097,2026-01-14,present,8,7.4,,0,0
ATT012395,EMP097,2026-01-15,present,8,9.2,,0,1.2
ATT012396,EMP097,2026-01-16,remote,8,8.2,,0,0.2
ATT012397,EMP097,2026-01-19,leave,8,0,earned,0,0
ATT012398,EMP097,2026-01-20,remote,8,7.2,,0,0
ATT012399,EMP097,2026-01-21,present,8,7.0,,0,0
ATT012400,EMP097,2026-01-22,present,8,9.2,,0,1.2
ATT012401,EMP097,2026-01-23,remote,8,8.3,,0,0.3
ATT012402,EMP097,2026-01-26,holiday,8,0,,0,0
ATT012403,EMP097,2026-01-27,present,8,7.6,,0,0
ATT012404,EMP097,2026-01-28,present,8,8.6,,20,0.6
ATT012405,EMP097,2026-01-29,present,8,7.6,,0,0
ATT012406,EMP097,2026-01-30,remote,8,7.7,,0,0
ATT012407,EMP097,2026-02-02,present,8,7.0,,0,0
ATT012408,EMP097,2026-02-03,half_day,8,3.9,,0,0
ATT012409,EMP097,2026-02-04,remote,8,7.6,,10,0
ATT012410,EMP097,2026-02-05,present,8,7.8,,0,0
ATT012411,EMP097,2026-02-06,present,8,9.1,,30,1.1
ATT012412,EMP097,2026-02-09,leave,8,0,emergency,0,0
ATT012413,EMP097,2026-02-10,present,8,8.7,,0,0.7
ATT012414,EMP097,2026-02-11,remote,8,8.4,,0,0.4
ATT012415,EMP097,2026-02-12,remote,8,9.5,,0,1.5
ATT012416,EMP097,2026-02-13,present,8,7.9,,0,0
ATT012417,EMP097,2026-02-16,half_day,8,3.7,,0,0
ATT012418,EMP097,2026-02-17,present,8,7.3,,0,0
ATT012419,EMP097,2026-02-18,present,8,9.2,,0,1.2
ATT012420,EMP097,2026-02-19,remote,8,7.5,,0,0
ATT012421,EMP097,2026-02-20,present,8,9.0,,0,1.0
ATT012422,EMP097,2026-02-23,present,8,8.2,,0,0.2
ATT012423,EMP097,2026-02-24,present,8,8.1,,0,0.1
ATT012424,EMP097,2026-02-25,present,8,7.0,,30,0
ATT012425,EMP097,2026-02-26,remote,8,9.2,,0,1.2
ATT012426,EMP097,2026-02-27,remote,8,9.0,,0,1.0
ATT012427,EMP097,2026-03-02,present,8,8.8,,0,0.8
ATT012428,EMP097,2026-03-03,present,8,7.4,,0,0
ATT012429,EMP097,2026-03-04,present,8,8.3,,0,0.3
ATT012430,EMP097,2026-03-05,remote,8,7.1,,0,0
ATT012431,EMP097,2026-03-06,present,8,7.9,,0,0
ATT012432,EMP097,2026-03-09,remote,8,9.2,,0,1.2
ATT012433,EMP097,2026-03-10,holiday,8,0,,0,0
ATT012434,EMP097,2026-03-11,absent,8,0,,0,0
ATT012435,EMP097,2026-03-12,remote,8,8.1,,0,0.1
ATT012436,EMP097,2026-03-13,remote,8,8.5,,0,0.5
ATT012437,EMP097,2026-03-16,remote,8,8.6,,30,0.6
ATT012438,EMP097,2026-03-17,present,8,9.1,,0,1.1
ATT012439,EMP097,2026-03-18,remote,8,8.6,,0,0.6
ATT012440,EMP097,2026-03-19,present,8,9.1,,0,1.1
ATT012441,EMP097,2026-03-20,present,8,9.5,,0,1.5
ATT012442,EMP097,2026-03-23,present,8,9.1,,0,1.1
ATT012443,EMP097,2026-03-24,remote,8,9.1,,0,1.1
ATT012444,EMP097,2026-03-25,leave,8,0,emergency,0,0
ATT012445,EMP097,2026-03-26,present,8,9.1,,0,1.1
ATT012446,EMP097,2026-03-27,present,8,8.5,,0,0.5
ATT012447,EMP097,2026-03-30,holiday,8,0,,0,0
ATT012448,EMP097,2026-03-31,present,8,9.1,,0,1.1
ATT012449,EMP097,2026-04-01,present,8,8.6,,0,0.6
ATT012450,EMP097,2026-04-02,present,8,8.2,,0,0.2
ATT012451,EMP097,2026-04-03,present,8,9.2,,0,1.2
ATT012452,EMP097,2026-04-06,present,8,7.7,,0,0
ATT012453,EMP097,2026-04-07,present,8,7.8,,30,0
ATT012454,EMP097,2026-04-08,present,8,8.5,,0,0.5
ATT012455,EMP097,2026-04-09,present,8,7.9,,0,0
ATT012456,EMP097,2026-04-10,present,8,7.1,,0,0
ATT012457,EMP097,2026-04-13,present,8,9.4,,0,1.4
ATT012458,EMP097,2026-04-14,holiday,8,0,,0,0
ATT012459,EMP097,2026-04-15,present,8,8.6,,0,0.6
ATT012460,EMP097,2026-04-16,present,8,7.7,,0,0
ATT012461,EMP097,2026-04-17,present,8,7.1,,0,0
ATT012462,EMP097,2026-04-20,remote,8,8.3,,0,0.3
ATT012463,EMP097,2026-04-21,remote,8,7.8,,0,0
ATT012464,EMP097,2026-04-22,present,8,8.6,,0,0.6
ATT012465,EMP097,2026-04-23,half_day,8,3.5,,0,0
ATT012466,EMP097,2026-04-24,present,8,7.2,,0,0
ATT012467,EMP097,2026-04-27,remote,8,9.3,,0,1.3
ATT012468,EMP097,2026-04-28,present,8,8.6,,0,0.6
ATT012469,EMP097,2026-04-29,present,8,9.4,,0,1.4
ATT012470,EMP097,2026-04-30,remote,8,7.5,,0,0
ATT012471,EMP097,2026-05-01,holiday,8,0,,0,0
ATT012472,EMP097,2026-05-04,remote,8,7.3,,0,0
ATT012473,EMP097,2026-05-05,present,8,8.0,,0,0
ATT012474,EMP097,2026-05-06,remote,8,9.1,,0,1.1
ATT012475,EMP097,2026-05-07,absent,8,0,,0,0
ATT012476,EMP097,2026-05-08,present,8,8.6,,0,0.6
ATT012477,EMP097,2026-05-11,present,8,8.8,,0,0.8
ATT012478,EMP097,2026-05-12,present,8,7.4,,0,0
ATT012479,EMP097,2026-05-13,present,8,8.8,,0,0.8
ATT012480,EMP097,2026-05-14,remote,8,8.2,,0,0.2
ATT012481,EMP097,2026-05-15,remote,8,8.3,,0,0.3
ATT012482,EMP097,2026-05-18,present,8,8.5,,0,0.5
ATT012483,EMP097,2026-05-19,present,8,8.4,,0,0.4
ATT012484,EMP097,2026-05-20,present,8,9.0,,0,1.0
ATT012485,EMP097,2026-05-21,present,8,8.8,,0,0.8
ATT012486,EMP097,2026-05-22,present,8,8.7,,0,0.7
ATT012487,EMP097,2026-05-25,present,8,8.5,,0,0.5
ATT012488,EMP097,2026-05-26,present,8,9.1,,0,1.1
ATT012489,EMP097,2026-05-27,present,8,7.0,,0,0
ATT012490,EMP097,2026-05-28,present,8,7.2,,0,0
ATT012491,EMP097,2026-05-29,present,8,7.8,,0,0
ATT012492,EMP097,2026-06-01,present,8,9.2,,0,1.2
ATT012493,EMP097,2026-06-02,present,8,7.6,,0,0
ATT012494,EMP097,2026-06-03,remote,8,9.5,,0,1.5
ATT012495,EMP097,2026-06-04,present,8,7.2,,0,0
ATT012496,EMP097,2026-06-05,remote,8,8.1,,0,0.1
ATT012497,EMP097,2026-06-08,remote,8,8.3,,0,0.3
ATT012498,EMP097,2026-06-09,remote,8,8.4,,0,0.4
ATT012499,EMP097,2026-06-10,present,8,7.4,,0,0
ATT012500,EMP097,2026-06-11,present,8,8.6,,0,0.6
ATT012501,EMP097,2026-06-12,leave,8,0,earned,0,0
ATT012502,EMP097,2026-06-15,remote,8,7.9,,0,0
ATT012503,EMP097,2026-06-16,present,8,8.2,,0,0.2
ATT012504,EMP097,2026-06-17,holiday,8,0,,0,0
ATT012505,EMP097,2026-06-18,present,8,8.3,,0,0.3
ATT012506,EMP097,2026-06-19,present,8,9.1,,0,1.1
ATT012507,EMP097,2026-06-22,present,8,7.9,,0,0
ATT012508,EMP097,2026-06-23,present,8,7.1,,0,0
ATT012509,EMP097,2026-06-24,present,8,9.4,,0,1.4
ATT012510,EMP097,2026-06-25,present,8,8.9,,0,0.9
ATT012511,EMP097,2026-06-26,remote,8,8.8,,15,0.8
ATT012512,EMP097,2026-06-29,present,8,9.2,,0,1.2
ATT012513,EMP097,2026-06-30,remote,8,8.5,,0,0.5
ATT012514,EMP098,2026-01-01,leave,8,0,emergency,0,0
ATT012515,EMP098,2026-01-02,absent,8,0,,0,0
ATT012516,EMP098,2026-01-05,present,8,8.5,,0,0.5
ATT012517,EMP098,2026-01-06,present,8,9.3,,0,1.3
ATT012518,EMP098,2026-01-07,present,8,9.3,,0,1.3
ATT012519,EMP098,2026-01-08,present,8,7.2,,0,0
ATT012520,EMP098,2026-01-09,leave,8,0,casual,0,0
ATT012521,EMP098,2026-01-12,present,8,7.8,,20,0
ATT012522,EMP098,2026-01-13,absent,8,0,,0,0
ATT012523,EMP098,2026-01-14,present,8,7.2,,0,0
ATT012524,EMP098,2026-01-15,present,8,7.1,,0,0
ATT012525,EMP098,2026-01-16,remote,8,9.5,,0,1.5
ATT012526,EMP098,2026-01-19,present,8,7.6,,0,0
ATT012527,EMP098,2026-01-20,leave,8,0,sick,0,0
ATT012528,EMP098,2026-01-21,present,8,8.2,,0,0.2
ATT012529,EMP098,2026-01-22,remote,8,8.0,,0,0
ATT012530,EMP098,2026-01-23,present,8,9.0,,0,1.0
ATT012531,EMP098,2026-01-26,holiday,8,0,,0,0
ATT012532,EMP098,2026-01-27,remote,8,8.5,,0,0.5
ATT012533,EMP098,2026-01-28,present,8,8.2,,0,0.2
ATT012534,EMP098,2026-01-29,present,8,9.1,,0,1.1
ATT012535,EMP098,2026-01-30,present,8,8.7,,0,0.7
ATT012536,EMP098,2026-02-02,present,8,7.5,,0,0
ATT012537,EMP098,2026-02-03,leave,8,0,personal,0,0
ATT012538,EMP098,2026-02-04,present,8,8.0,,0,0
ATT012539,EMP098,2026-02-05,present,8,8.4,,0,0.4
ATT012540,EMP098,2026-02-06,present,8,8.2,,0,0.2
ATT012541,EMP098,2026-02-09,absent,8,0,,0,0
ATT012542,EMP098,2026-02-10,present,8,9.2,,0,1.2
ATT012543,EMP098,2026-02-11,present,8,7.6,,0,0
ATT012544,EMP098,2026-02-12,absent,8,0,,0,0
ATT012545,EMP098,2026-02-13,present,8,7.6,,0,0
ATT012546,EMP098,2026-02-16,leave,8,0,earned,0,0
ATT012547,EMP098,2026-02-17,leave,8,0,personal,0,0
ATT012548,EMP098,2026-02-18,leave,8,0,personal,0,0
ATT012549,EMP098,2026-02-19,present,8,7.5,,0,0
ATT012550,EMP098,2026-02-20,remote,8,8.5,,0,0.5
ATT012551,EMP098,2026-02-23,present,8,8.4,,0,0.4
ATT012552,EMP098,2026-02-24,leave,8,0,earned,0,0
ATT012553,EMP098,2026-02-25,present,8,7.2,,0,0
ATT012554,EMP098,2026-02-26,present,8,8.2,,0,0.2
ATT012555,EMP098,2026-02-27,remote,8,8.8,,0,0.8
ATT012556,EMP098,2026-03-02,leave,8,0,emergency,0,0
ATT012557,EMP098,2026-03-03,remote,8,7.4,,0,0
ATT012558,EMP098,2026-03-04,present,8,7.4,,0,0
ATT012559,EMP098,2026-03-05,present,8,7.9,,0,0
ATT012560,EMP098,2026-03-06,remote,8,9.3,,0,1.3
ATT012561,EMP098,2026-03-09,leave,8,0,emergency,0,0
ATT012562,EMP098,2026-03-10,holiday,8,0,,0,0
ATT012563,EMP098,2026-03-11,leave,8,0,casual,0,0
ATT012564,EMP098,2026-03-12,present,8,8.0,,0,0
ATT012565,EMP098,2026-03-13,absent,8,0,,0,0
ATT012566,EMP098,2026-03-16,present,8,8.2,,0,0.2
ATT012567,EMP098,2026-03-17,leave,8,0,personal,0,0
ATT012568,EMP098,2026-03-18,present,8,7.5,,20,0
ATT012569,EMP098,2026-03-19,present,8,9.2,,0,1.2
ATT012570,EMP098,2026-03-20,remote,8,7.5,,0,0
ATT012571,EMP098,2026-03-23,leave,8,0,casual,0,0
ATT012572,EMP098,2026-03-24,leave,8,0,personal,0,0
ATT012573,EMP098,2026-03-25,present,8,8.1,,0,0.1
ATT012574,EMP098,2026-03-26,absent,8,0,,0,0
ATT012575,EMP098,2026-03-27,present,8,8.5,,0,0.5
ATT012576,EMP098,2026-03-30,holiday,8,0,,0,0
ATT012577,EMP098,2026-03-31,remote,8,9.0,,0,1.0
ATT012578,EMP098,2026-04-01,absent,8,0,,0,0
ATT012579,EMP098,2026-04-02,absent,8,0,,0,0
ATT012580,EMP098,2026-04-03,present,8,9.0,,0,1.0
ATT012581,EMP098,2026-04-06,remote,8,8.9,,0,0.9
ATT012582,EMP098,2026-04-07,present,8,8.1,,0,0.1
ATT012583,EMP098,2026-04-08,remote,8,9.0,,0,1.0
ATT012584,EMP098,2026-04-09,present,8,9.5,,0,1.5
ATT012585,EMP098,2026-04-10,remote,8,9.5,,0,1.5
ATT012586,EMP098,2026-04-13,remote,8,7.1,,0,0
ATT012587,EMP098,2026-04-14,holiday,8,0,,0,0
ATT012588,EMP098,2026-04-15,present,8,8.4,,0,0.4
ATT012589,EMP098,2026-04-16,remote,8,9.1,,0,1.1
ATT012590,EMP098,2026-04-17,absent,8,0,,0,0
ATT012591,EMP098,2026-04-20,leave,8,0,casual,0,0
ATT012592,EMP098,2026-04-21,present,8,7.4,,0,0
ATT012593,EMP098,2026-04-22,present,8,9.3,,0,1.3
ATT012594,EMP098,2026-04-23,leave,8,0,personal,0,0
ATT012595,EMP098,2026-04-24,remote,8,7.1,,0,0
ATT012596,EMP098,2026-04-27,present,8,7.5,,0,0
ATT012597,EMP098,2026-04-28,remote,8,8.8,,0,0.8
ATT012598,EMP098,2026-04-29,remote,8,9.4,,0,1.4
ATT012599,EMP098,2026-04-30,remote,8,8.3,,0,0.3
ATT012600,EMP098,2026-05-01,holiday,8,0,,0,0
ATT012601,EMP098,2026-05-04,present,8,7.1,,0,0
ATT012602,EMP098,2026-05-05,absent,8,0,,0,0
ATT012603,EMP098,2026-05-06,leave,8,0,sick,0,0
ATT012604,EMP098,2026-05-07,absent,8,0,,0,0
ATT012605,EMP098,2026-05-08,present,8,9.0,,0,1.0
ATT012606,EMP098,2026-05-11,present,8,7.7,,0,0
ATT012607,EMP098,2026-05-12,present,8,7.7,,0,0
ATT012608,EMP098,2026-05-13,present,8,7.4,,0,0
ATT012609,EMP098,2026-05-14,present,8,8.2,,0,0.2
ATT012610,EMP098,2026-05-15,remote,8,9.1,,0,1.1
ATT012611,EMP098,2026-05-18,present,8,9.2,,0,1.2
ATT012612,EMP098,2026-05-19,remote,8,8.0,,0,0
ATT012613,EMP098,2026-05-20,remote,8,7.3,,0,0
ATT012614,EMP098,2026-05-21,present,8,8.7,,0,0.7
ATT012615,EMP098,2026-05-22,remote,8,8.6,,0,0.6
ATT012616,EMP098,2026-05-25,leave,8,0,earned,0,0
ATT012617,EMP098,2026-05-26,present,8,8.9,,20,0.9
ATT012618,EMP098,2026-05-27,absent,8,0,,0,0
ATT012619,EMP098,2026-05-28,present,8,8.1,,0,0.1
ATT012620,EMP098,2026-05-29,present,8,8.0,,0,0
ATT012621,EMP098,2026-06-01,leave,8,0,personal,0,0
ATT012622,EMP098,2026-06-02,present,8,8.0,,0,0
ATT012623,EMP098,2026-06-03,remote,8,8.9,,0,0.9
ATT012624,EMP098,2026-06-04,leave,8,0,earned,0,0
ATT012625,EMP098,2026-06-05,remote,8,9.4,,0,1.4
ATT012626,EMP098,2026-06-08,present,8,7.7,,0,0
ATT012627,EMP098,2026-06-09,half_day,8,4.0,,0,0
ATT012628,EMP098,2026-06-10,present,8,7.0,,0,0
ATT012629,EMP098,2026-06-11,leave,8,0,earned,0,0
ATT012630,EMP098,2026-06-12,present,8,9.0,,0,1.0
ATT012631,EMP098,2026-06-15,present,8,7.6,,0,0
ATT012632,EMP098,2026-06-16,present,8,8.0,,0,0
ATT012633,EMP098,2026-06-17,holiday,8,0,,0,0
ATT012634,EMP098,2026-06-18,present,8,8.0,,0,0
ATT012635,EMP098,2026-06-19,present,8,7.5,,0,0
ATT012636,EMP098,2026-06-22,leave,8,0,personal,0,0
ATT012637,EMP098,2026-06-23,leave,8,0,emergency,0,0
ATT012638,EMP098,2026-06-24,present,8,7.2,,0,0
ATT012639,EMP098,2026-06-25,remote,8,7.5,,0,0
ATT012640,EMP098,2026-06-26,present,8,7.7,,0,0
ATT012641,EMP098,2026-06-29,leave,8,0,personal,0,0
ATT012642,EMP098,2026-06-30,leave,8,0,emergency,0,0
ATT012643,EMP099,2026-01-01,present,8,9.3,,0,1.3
ATT012644,EMP099,2026-01-02,leave,8,0,casual,0,0
ATT012645,EMP099,2026-01-05,present,8,8.9,,0,0.9
ATT012646,EMP099,2026-01-06,present,8,8.8,,0,0.8
ATT012647,EMP099,2026-01-07,present,8,9.0,,0,1.0
ATT012648,EMP099,2026-01-08,present,8,8.1,,0,0.1
ATT012649,EMP099,2026-01-09,present,8,7.8,,20,0
ATT012650,EMP099,2026-01-12,leave,8,0,emergency,0,0
ATT012651,EMP099,2026-01-13,remote,8,8.0,,0,0
ATT012652,EMP099,2026-01-14,present,8,7.7,,0,0
ATT012653,EMP099,2026-01-15,present,8,8.7,,0,0.7
ATT012654,EMP099,2026-01-16,present,8,9.2,,0,1.2
ATT012655,EMP099,2026-01-19,present,8,9.4,,30,1.4
ATT012656,EMP099,2026-01-20,present,8,8.5,,0,0.5
ATT012657,EMP099,2026-01-21,present,8,7.9,,0,0
ATT012658,EMP099,2026-01-22,present,8,9.1,,0,1.1
ATT012659,EMP099,2026-01-23,present,8,7.6,,0,0
ATT012660,EMP099,2026-01-26,holiday,8,0,,0,0
ATT012661,EMP099,2026-01-27,absent,8,0,,0,0
ATT012662,EMP099,2026-01-28,present,8,8.6,,0,0.6
ATT012663,EMP099,2026-01-29,present,8,9.4,,0,1.4
ATT012664,EMP099,2026-01-30,present,8,8.8,,0,0.8
ATT012665,EMP099,2026-02-02,present,8,8.0,,0,0
ATT012666,EMP099,2026-02-03,half_day,8,4.2,,0,0
ATT012667,EMP099,2026-02-04,present,8,9.2,,0,1.2
ATT012668,EMP099,2026-02-05,present,8,9.3,,0,1.3
ATT012669,EMP099,2026-02-06,present,8,8.2,,0,0.2
ATT012670,EMP099,2026-02-09,remote,8,8.6,,0,0.6
ATT012671,EMP099,2026-02-10,present,8,7.3,,0,0
ATT012672,EMP099,2026-02-11,present,8,8.5,,0,0.5
ATT012673,EMP099,2026-02-12,present,8,9.3,,0,1.3
ATT012674,EMP099,2026-02-13,present,8,7.9,,0,0
ATT012675,EMP099,2026-02-16,remote,8,7.1,,0,0
ATT012676,EMP099,2026-02-17,present,8,9.1,,0,1.1
ATT012677,EMP099,2026-02-18,present,8,8.4,,0,0.4
ATT012678,EMP099,2026-02-19,present,8,8.3,,20,0.3
ATT012679,EMP099,2026-02-20,remote,8,8.0,,0,0
ATT012680,EMP099,2026-02-23,present,8,8.7,,0,0.7
ATT012681,EMP099,2026-02-24,present,8,8.8,,0,0.8
ATT012682,EMP099,2026-02-25,half_day,8,3.5,,30,0
ATT012683,EMP099,2026-02-26,present,8,7.3,,0,0
ATT012684,EMP099,2026-02-27,present,8,8.2,,0,0.2
ATT012685,EMP099,2026-03-02,present,8,7.5,,0,0
ATT012686,EMP099,2026-03-03,present,8,8.4,,0,0.4
ATT012687,EMP099,2026-03-04,remote,8,7.4,,15,0
ATT012688,EMP099,2026-03-05,half_day,8,3.5,,0,0
ATT012689,EMP099,2026-03-06,remote,8,7.3,,0,0
ATT012690,EMP099,2026-03-09,present,8,9.0,,0,1.0
ATT012691,EMP099,2026-03-10,holiday,8,0,,0,0
ATT012692,EMP099,2026-03-11,present,8,8.4,,0,0.4
ATT012693,EMP099,2026-03-12,present,8,8.3,,0,0.3
ATT012694,EMP099,2026-03-13,present,8,9.0,,0,1.0
ATT012695,EMP099,2026-03-16,present,8,7.3,,0,0
ATT012696,EMP099,2026-03-17,present,8,7.3,,0,0
ATT012697,EMP099,2026-03-18,remote,8,7.5,,0,0
ATT012698,EMP099,2026-03-19,present,8,9.0,,0,1.0
ATT012699,EMP099,2026-03-20,remote,8,7.1,,0,0
ATT012700,EMP099,2026-03-23,present,8,8.6,,0,0.6
ATT012701,EMP099,2026-03-24,present,8,8.8,,0,0.8
ATT012702,EMP099,2026-03-25,present,8,8.4,,0,0.4
ATT012703,EMP099,2026-03-26,present,8,7.2,,0,0
ATT012704,EMP099,2026-03-27,present,8,7.7,,0,0
ATT012705,EMP099,2026-03-30,holiday,8,0,,0,0
ATT012706,EMP099,2026-03-31,present,8,7.6,,0,0
ATT012707,EMP099,2026-04-01,remote,8,8.1,,0,0.1
ATT012708,EMP099,2026-04-02,present,8,8.7,,0,0.7
ATT012709,EMP099,2026-04-03,remote,8,9.3,,0,1.3
ATT012710,EMP099,2026-04-06,present,8,8.9,,0,0.9
ATT012711,EMP099,2026-04-07,present,8,7.8,,0,0
ATT012712,EMP099,2026-04-08,remote,8,9.5,,0,1.5
ATT012713,EMP099,2026-04-09,half_day,8,3.6,,0,0
ATT012714,EMP099,2026-04-10,leave,8,0,casual,0,0
ATT012715,EMP099,2026-04-13,present,8,7.9,,0,0
ATT012716,EMP099,2026-04-14,holiday,8,0,,0,0
ATT012717,EMP099,2026-04-15,present,8,7.0,,0,0
ATT012718,EMP099,2026-04-16,present,8,9.4,,0,1.4
ATT012719,EMP099,2026-04-17,present,8,9.4,,30,1.4
ATT012720,EMP099,2026-04-20,present,8,8.8,,0,0.8
ATT012721,EMP099,2026-04-21,present,8,9.4,,0,1.4
ATT012722,EMP099,2026-04-22,present,8,7.1,,0,0
ATT012723,EMP099,2026-04-23,remote,8,9.4,,0,1.4
ATT012724,EMP099,2026-04-24,present,8,8.1,,0,0.1
ATT012725,EMP099,2026-04-27,present,8,8.3,,0,0.3
ATT012726,EMP099,2026-04-28,leave,8,0,casual,0,0
ATT012727,EMP099,2026-04-29,present,8,8.9,,0,0.9
ATT012728,EMP099,2026-04-30,present,8,8.2,,0,0.2
ATT012729,EMP099,2026-05-01,holiday,8,0,,0,0
ATT012730,EMP099,2026-05-04,remote,8,8.4,,0,0.4
ATT012731,EMP099,2026-05-05,present,8,7.6,,5,0
ATT012732,EMP099,2026-05-06,present,8,9.2,,0,1.2
ATT012733,EMP099,2026-05-07,present,8,9.0,,0,1.0
ATT012734,EMP099,2026-05-08,remote,8,7.8,,0,0
ATT012735,EMP099,2026-05-11,absent,8,0,,0,0
ATT012736,EMP099,2026-05-12,remote,8,8.5,,0,0.5
ATT012737,EMP099,2026-05-13,present,8,7.5,,15,0
ATT012738,EMP099,2026-05-14,present,8,8.9,,0,0.9
ATT012739,EMP099,2026-05-15,absent,8,0,,0,0
ATT012740,EMP099,2026-05-18,remote,8,7.5,,0,0
ATT012741,EMP099,2026-05-19,present,8,7.8,,0,0
ATT012742,EMP099,2026-05-20,present,8,7.5,,0,0
ATT012743,EMP099,2026-05-21,present,8,9.1,,0,1.1
ATT012744,EMP099,2026-05-22,remote,8,9.1,,0,1.1
ATT012745,EMP099,2026-05-25,present,8,7.9,,5,0
ATT012746,EMP099,2026-05-26,remote,8,8.7,,0,0.7
ATT012747,EMP099,2026-05-27,present,8,7.1,,0,0
ATT012748,EMP099,2026-05-28,remote,8,8.8,,0,0.8
ATT012749,EMP099,2026-05-29,present,8,7.3,,0,0
ATT012750,EMP099,2026-06-01,leave,8,0,personal,0,0
ATT012751,EMP099,2026-06-02,remote,8,9.0,,0,1.0
ATT012752,EMP099,2026-06-03,remote,8,9.5,,15,1.5
ATT012753,EMP099,2026-06-04,remote,8,8.3,,0,0.3
ATT012754,EMP099,2026-06-05,present,8,7.9,,0,0
ATT012755,EMP099,2026-06-08,present,8,7.6,,5,0
ATT012756,EMP099,2026-06-09,present,8,7.2,,0,0
ATT012757,EMP099,2026-06-10,present,8,8.4,,0,0.4
ATT012758,EMP099,2026-06-11,present,8,7.3,,0,0
ATT012759,EMP099,2026-06-12,present,8,9.1,,0,1.1
ATT012760,EMP099,2026-06-15,remote,8,8.6,,0,0.6
ATT012761,EMP099,2026-06-16,remote,8,7.7,,0,0
ATT012762,EMP099,2026-06-17,holiday,8,0,,0,0
ATT012763,EMP099,2026-06-18,remote,8,7.2,,0,0
ATT012764,EMP099,2026-06-19,present,8,9.3,,0,1.3
ATT012765,EMP099,2026-06-22,remote,8,9.4,,0,1.4
ATT012766,EMP099,2026-06-23,remote,8,8.7,,0,0.7
ATT012767,EMP099,2026-06-24,present,8,7.9,,0,0
ATT012768,EMP099,2026-06-25,present,8,8.6,,0,0.6
ATT012769,EMP099,2026-06-26,present,8,7.2,,0,0
ATT012770,EMP099,2026-06-29,present,8,8.9,,0,0.9
ATT012771,EMP099,2026-06-30,present,8,7.1,,0,0
ATT012772,EMP100,2026-01-01,remote,8,8.3,,0,0.3
ATT012773,EMP100,2026-01-02,present,8,8.0,,0,0
ATT012774,EMP100,2026-01-05,present,8,9.1,,20,1.1
ATT012775,EMP100,2026-01-06,present,8,7.3,,0,0
ATT012776,EMP100,2026-01-07,remote,8,8.1,,0,0.1
ATT012777,EMP100,2026-01-08,present,8,7.6,,0,0
ATT012778,EMP100,2026-01-09,remote,8,7.8,,0,0
ATT012779,EMP100,2026-01-12,leave,8,0,casual,0,0
ATT012780,EMP100,2026-01-13,present,8,8.7,,0,0.7
ATT012781,EMP100,2026-01-14,remote,8,8.2,,0,0.2
ATT012782,EMP100,2026-01-15,present,8,7.6,,0,0
ATT012783,EMP100,2026-01-16,present,8,9.1,,0,1.1
ATT012784,EMP100,2026-01-19,remote,8,7.5,,0,0
ATT012785,EMP100,2026-01-20,present,8,8.3,,0,0.3
ATT012786,EMP100,2026-01-21,present,8,8.2,,0,0.2
ATT012787,EMP100,2026-01-22,present,8,8.1,,0,0.1
ATT012788,EMP100,2026-01-23,present,8,7.4,,0,0
ATT012789,EMP100,2026-01-26,holiday,8,0,,0,0
ATT012790,EMP100,2026-01-27,remote,8,7.1,,0,0
ATT012791,EMP100,2026-01-28,remote,8,8.5,,0,0.5
ATT012792,EMP100,2026-01-29,present,8,7.1,,15,0
ATT012793,EMP100,2026-01-30,present,8,8.7,,0,0.7
ATT012794,EMP100,2026-02-02,leave,8,0,sick,0,0
ATT012795,EMP100,2026-02-03,remote,8,7.3,,0,0
ATT012796,EMP100,2026-02-04,present,8,9.0,,0,1.0
ATT012797,EMP100,2026-02-05,present,8,8.0,,15,0
ATT012798,EMP100,2026-02-06,present,8,7.7,,20,0
ATT012799,EMP100,2026-02-09,present,8,9.3,,0,1.3
ATT012800,EMP100,2026-02-10,present,8,8.4,,0,0.4
ATT012801,EMP100,2026-02-11,remote,8,7.2,,0,0
ATT012802,EMP100,2026-02-12,present,8,9.2,,0,1.2
ATT012803,EMP100,2026-02-13,remote,8,7.1,,0,0
ATT012804,EMP100,2026-02-16,present,8,8.7,,0,0.7
ATT012805,EMP100,2026-02-17,remote,8,8.7,,0,0.7
ATT012806,EMP100,2026-02-18,present,8,7.9,,0,0
ATT012807,EMP100,2026-02-19,present,8,7.6,,0,0
ATT012808,EMP100,2026-02-20,remote,8,9.3,,0,1.3
ATT012809,EMP100,2026-02-23,present,8,7.8,,0,0
ATT012810,EMP100,2026-02-24,remote,8,7.6,,0,0
ATT012811,EMP100,2026-02-25,present,8,7.4,,0,0
ATT012812,EMP100,2026-02-26,present,8,8.9,,0,0.9
ATT012813,EMP100,2026-02-27,remote,8,8.3,,0,0.3
ATT012814,EMP100,2026-03-02,remote,8,7.2,,10,0
ATT012815,EMP100,2026-03-03,present,8,7.3,,0,0
ATT012816,EMP100,2026-03-04,remote,8,7.5,,0,0
ATT012817,EMP100,2026-03-05,remote,8,8.2,,0,0.2
ATT012818,EMP100,2026-03-06,present,8,7.9,,0,0
ATT012819,EMP100,2026-03-09,remote,8,7.0,,0,0
ATT012820,EMP100,2026-03-10,holiday,8,0,,0,0
ATT012821,EMP100,2026-03-11,present,8,8.7,,0,0.7
ATT012822,EMP100,2026-03-12,present,8,9.2,,0,1.2
ATT012823,EMP100,2026-03-13,remote,8,9.0,,0,1.0
ATT012824,EMP100,2026-03-16,remote,8,7.4,,0,0
ATT012825,EMP100,2026-03-17,present,8,8.2,,0,0.2
ATT012826,EMP100,2026-03-18,present,8,9.0,,0,1.0
ATT012827,EMP100,2026-03-19,present,8,8.7,,0,0.7
ATT012828,EMP100,2026-03-20,remote,8,8.8,,0,0.8
ATT012829,EMP100,2026-03-23,present,8,8.5,,0,0.5
ATT012830,EMP100,2026-03-24,leave,8,0,emergency,0,0
ATT012831,EMP100,2026-03-25,present,8,7.9,,0,0
ATT012832,EMP100,2026-03-26,present,8,8.9,,15,0.9
ATT012833,EMP100,2026-03-27,present,8,7.6,,0,0
ATT012834,EMP100,2026-03-30,holiday,8,0,,0,0
ATT012835,EMP100,2026-03-31,present,8,8.9,,0,0.9
ATT012836,EMP100,2026-04-01,remote,8,8.7,,0,0.7
ATT012837,EMP100,2026-04-02,leave,8,0,earned,0,0
ATT012838,EMP100,2026-04-03,remote,8,8.9,,0,0.9
ATT012839,EMP100,2026-04-06,present,8,9.2,,20,1.2
ATT012840,EMP100,2026-04-07,remote,8,8.5,,0,0.5
ATT012841,EMP100,2026-04-08,present,8,8.0,,0,0
ATT012842,EMP100,2026-04-09,present,8,8.1,,0,0.1
ATT012843,EMP100,2026-04-10,absent,8,0,,0,0
ATT012844,EMP100,2026-04-13,absent,8,0,,0,0
ATT012845,EMP100,2026-04-14,holiday,8,0,,0,0
ATT012846,EMP100,2026-04-15,half_day,8,3.6,,0,0
ATT012847,EMP100,2026-04-16,leave,8,0,earned,0,0
ATT012848,EMP100,2026-04-17,present,8,9.1,,0,1.1
ATT012849,EMP100,2026-04-20,remote,8,7.8,,0,0
ATT012850,EMP100,2026-04-21,present,8,9.2,,0,1.2
ATT012851,EMP100,2026-04-22,remote,8,9.3,,0,1.3
ATT012852,EMP100,2026-04-23,leave,8,0,casual,0,0
ATT012853,EMP100,2026-04-24,present,8,8.3,,0,0.3
ATT012854,EMP100,2026-04-27,present,8,8.7,,0,0.7
ATT012855,EMP100,2026-04-28,present,8,9.1,,0,1.1
ATT012856,EMP100,2026-04-29,remote,8,7.9,,0,0
ATT012857,EMP100,2026-04-30,present,8,7.4,,0,0
ATT012858,EMP100,2026-05-01,holiday,8,0,,0,0
ATT012859,EMP100,2026-05-04,present,8,9.2,,0,1.2
ATT012860,EMP100,2026-05-05,present,8,7.8,,0,0
ATT012861,EMP100,2026-05-06,present,8,8.4,,0,0.4
ATT012862,EMP100,2026-05-07,remote,8,8.8,,0,0.8
ATT012863,EMP100,2026-05-08,present,8,7.7,,0,0
ATT012864,EMP100,2026-05-11,remote,8,9.2,,0,1.2
ATT012865,EMP100,2026-05-12,present,8,7.3,,0,0
ATT012866,EMP100,2026-05-13,remote,8,8.8,,0,0.8
ATT012867,EMP100,2026-05-14,present,8,8.1,,0,0.1
ATT012868,EMP100,2026-05-15,present,8,9.5,,0,1.5
ATT012869,EMP100,2026-05-18,present,8,9.0,,0,1.0
ATT012870,EMP100,2026-05-19,present,8,8.7,,0,0.7
ATT012871,EMP100,2026-05-20,present,8,8.9,,0,0.9
ATT012872,EMP100,2026-05-21,remote,8,8.2,,0,0.2
ATT012873,EMP100,2026-05-22,present,8,7.4,,0,0
ATT012874,EMP100,2026-05-25,present,8,9.3,,0,1.3
ATT012875,EMP100,2026-05-26,present,8,8.0,,0,0
ATT012876,EMP100,2026-05-27,present,8,7.6,,0,0
ATT012877,EMP100,2026-05-28,present,8,7.2,,0,0
ATT012878,EMP100,2026-05-29,present,8,7.9,,0,0
ATT012879,EMP100,2026-06-01,present,8,8.3,,0,0.3
ATT012880,EMP100,2026-06-02,leave,8,0,casual,0,0
ATT012881,EMP100,2026-06-03,present,8,9.2,,0,1.2
ATT012882,EMP100,2026-06-04,present,8,7.1,,0,0
ATT012883,EMP100,2026-06-05,present,8,7.6,,0,0
ATT012884,EMP100,2026-06-08,remote,8,9.1,,10,1.1
ATT012885,EMP100,2026-06-09,present,8,8.3,,0,0.3
ATT012886,EMP100,2026-06-10,remote,8,9.0,,0,1.0
ATT012887,EMP100,2026-06-11,present,8,9.1,,0,1.1
ATT012888,EMP100,2026-06-12,present,8,7.4,,0,0
ATT012889,EMP100,2026-06-15,present,8,8.9,,0,0.9
ATT012890,EMP100,2026-06-16,present,8,7.5,,0,0
ATT012891,EMP100,2026-06-17,holiday,8,0,,0,0
ATT012892,EMP100,2026-06-18,present,8,8.0,,0,0
ATT012893,EMP100,2026-06-19,present,8,8.4,,0,0.4
ATT012894,EMP100,2026-06-22,remote,8,8.9,,0,0.9
ATT012895,EMP100,2026-06-23,remote,8,8.5,,0,0.5
ATT012896,EMP100,2026-06-24,absent,8,0,,0,0
ATT012897,EMP100,2026-06-25,present,8,9.0,,0,1.0
ATT012898,EMP100,2026-06-26,remote,8,7.1,,15,0
ATT012899,EMP100,2026-06-29,present,8,7.3,,0,0
ATT012900,EMP100,2026-06-30,present,8,9.5,,0,1.5
